"hfpxzc href","qBF1Pd","MW4etd","UY7F9","W4Efsd","W4Efsd 2","W4Efsd 3","W4Efsd 4","W4Efsd 5","W4Efsd 6","UsdlK","Cw1rxd","R8c4Qb","Jn12ke src","ah5Ghc"
"","","","","","","","","","","","","","",""
"","","","","","","","","","","","","","",""
"https://www.google.com/maps/place/Sandy+Photocopy/data=!4m7!3m6!1s0x2e68e76a08560df9:0x37c4401c655d18eb!8m2!3d-6.8650761!4d107.5928859!16s%2Fg%2F11p187ybgq!19sChIJ-Q1WCGrnaC4R6xhdZRxAxDc?authuser=0&hl=id&rclk=1","Sandy Photocopy","5,0","(203)","Toko Fotokopi","·","4HMV+V3H, Jl. Gegerkalong Girang BLK (Gg Albarkah No.21","Tutup","· Buka Sel pukul 07.00","·","0812-2376-0075","","Rute","https://ssl.gstatic.com/local/servicebusiness/default_user.png",""""
"https://www.google.com/maps/place/Satria+Fotocopy/data=!4m7!3m6!1s0x2e68e6bc318e75f3:0x54365bea9c76d187!8m2!3d-6.8642046!4d107.5911284!16s%2Fg%2F11b61jmvwv!19sChIJ83WOMbzmaC4Rh9F2nOpbNlQ?authuser=0&hl=id&rclk=1","Satria Fotocopy","4,4","(220)","Toko Fotokopi","·","·","Buka 24 jam","","Jl. Gegerkalong Girang No.49","0821-1939-8944","","Rute","https://ssl.gstatic.com/local/servicebusiness/default_user.png","""Baguss dan fasilitas lengkap dengan harga terjangkau 👍👍👍👍👍"""
"https://www.google.com/maps/place/Al+Huda+Copy+Center/data=!4m7!3m6!1s0x2e68e6ba235386df:0x432d2d11cd346b41!8m2!3d-6.858398!4d107.5912147!16s%2Fg%2F11b6glg2vg!19sChIJ34ZTI7rmaC4RQWs0zREtLUM?authuser=0&hl=id&rclk=1","Al Huda Copy Center","4,0","(1)","Toko Fotokopi","·","4HRR+JFW, Jl. Negla","Segera tutup","· 21.00 · Buka Sel pukul 06.00","·","0813-2792-3666","","Rute","",""
"https://www.google.com/maps/place/surya+utama+foto+copy/data=!4m7!3m6!1s0x2e68e6bc3a7e757f:0xe1cf0832dfb03c0!8m2!3d-6.8645754!4d107.5930059!16s%2Fg%2F11ckd6vv9h!19sChIJf3V-OrzmaC4RwAP7LYPwHA4?authuser=0&hl=id&rclk=1","surya utama foto copy","4,1","(57)","Toko Fotokopi","·","·","Tutup","· Buka Sel pukul 06.00","Jl. Gegerkalong Girang No.21","0821-2908-2773","","Rute","https://ssl.gstatic.com/local/servicebusiness/default_user.png","""Lumayan lengkap dan harga nya murah juga meskipun dekat kampus."""
"https://www.google.com/maps/place/Foto+Copy+A-Z-S+DIGITAL+COPIER/data=!4m7!3m6!1s0x2e68e7d286702901:0x877d55b5cf558c04!8m2!3d-6.8641329!4d107.5938941!16s%2Fg%2F11l5l4ft3s!19sChIJASlwhtLnaC4RBIxVz7VVfYc?authuser=0&hl=id&rclk=1","Foto Copy A-Z-S DIGITAL COPIER","5,0","(59)","Toko","·","Jl. Dr. Setiabudi No.207","Tutup","· Buka Sel pukul 06.30","·","0877-2252-7575","","Rute","https://ssl.gstatic.com/local/servicebusiness/default_user.png","""suka di gratisin permen, coklat, banyak bonusss dab termurah"""
"https://www.google.com/maps/place/Fotocopy+Mandiri/data=!4m7!3m6!1s0x2e68e7152915ab85:0x85e4ec986c74cb91!8m2!3d-6.8619531!4d107.5891894!16s%2Fg%2F11l747jr_x!19sChIJhasVKRXnaC4Rkct0bJjs5IU?authuser=0&hl=id&rclk=1","Fotocopy Mandiri","5,0","(2)","Toko Fotokopi","·","Jl. Gegerkalong Girang Gg. Cempaka No.122","Buka","· Tutup pukul 22.00","·","0822-1876-0021","","Rute","",""
"https://www.google.com/maps/place/Sukses+Copy+Center/data=!4m7!3m6!1s0x2e68e69ca231fea7:0x23c74e6518208d3f!8m2!3d-6.876731!4d107.579686!16s%2Fg%2F11b6d000pc!19sChIJp_4xopzmaC4RP40gGGVOxyM?authuser=0&hl=id&rclk=1","Sukses Copy Center","4,7","(49)","Toko Fotokopi","·","Jl. Sarirasa No.10","Buka","· Tutup pukul 22.00","·","(022) 2009149","","Rute","https://ssl.gstatic.com/local/servicebusiness/default_user.png","""Enak, parkirnya kurang besar buat Mobil, saran di renov pak tempatnya"""
"https://www.google.com/maps/place/Metto+Copy+Centre/data=!4m7!3m6!1s0x2e68e6bc98f3555d:0xe5d3d1c36ef5862a!8m2!3d-6.8629153!4d107.5878649!16s%2Fg%2F11b6hwvlb2!19sChIJXVXzmLzmaC4RKob1bsPR0-U?authuser=0&hl=id&rclk=1","Metto Copy Centre","4,5","(2)","Toko Fotokopi","·","Jalan Gegerkalong No.7A","Segera tutup","· 21.00 · Buka Sel pukul 07.00","·","0896-7136-7023","","Rute","",""
"https://www.google.com/maps/place/Lotus+Mandiri+Copy+Center/data=!4m7!3m6!1s0x2e68e6b958089eb5:0xf11c1bca38591bd4!8m2!3d-6.8613511!4d107.5919954!16s%2Fg%2F11f3hc3dn5!19sChIJtZ4IWLnmaC4R1BtZOMobHPE?authuser=0&hl=id&rclk=1","Lotus Mandiri Copy Center","4,2","(5)","Toko Fotokopi","·","Perpus UPI, Jl. M.A. Gazali","Tutup","· Buka Sel pukul 08.00","·","0896-7382-3285","","Rute","https://ssl.gstatic.com/local/servicebusiness/default_user.png","""Tempat luas, enak buat nyantai sambil beresin tugas"""
"https://www.google.com/maps/place/Family+Fotocopy/data=!4m7!3m6!1s0x2e68e6bc70d1fb1d:0x4b8e24977ee870f8!8m2!3d-6.862403!4d107.589861!16s%2Fg%2F11b6hxz4tq!19sChIJHfvRcLzmaC4R-HDofpckjks?authuser=0&hl=id&rclk=1","Family Fotocopy","3,0","(2)","Toko Fotokopi","·","4HQQ+2WQ, Jl. Gegerkalong Girang","Segera tutup","· 21.00 · Buka Sel pukul 07.00","·","0821-1541-0109","","Rute","",""
"https://www.google.com/maps/place/Fa+Digital+Photocopy+%26+Printing/data=!4m7!3m6!1s0x2e68e6bc46d96495:0x80ae5f3494b5e894!8m2!3d-6.8637231!4d107.590292!16s%2Fg%2F11bbwzb70c!19sChIJlWTZRrzmaC4RlOi1lDRfroA?authuser=0&hl=id&rclk=1","Fa Digital Photocopy & Printing","5,0","(4)","Toko Fotokopi","·","Jl. Gegerkalong Girang No.30","Tutup","· Buka Sel pukul 08.00","·","0813-9499-7669","","Rute","https://ssl.gstatic.com/local/servicebusiness/default_user.png","""Terlihat penuh warna dan lengkap."""
"https://www.google.com/maps/place/Raja+Photocopy/data=!4m7!3m6!1s0x2e68e6be8964e6c9:0xabd0e5b0af482b22!8m2!3d-6.8648342!4d107.5938255!16s%2Fg%2F11b6hhk991!19sChIJyeZkib7maC4RIitIr7Dl0Ks?authuser=0&hl=id&rclk=1","Raja Photocopy","5,0","(1)","Toko Fotokopi","·","Jl. Gegerkalong Girang No.4","Segera tutup","· 21.00 · Buka Sel pukul 07.00","·","(022) 92039086","","Rute","",""
"https://www.google.com/maps/place/Prima+Photo+Copy/data=!4m7!3m6!1s0x2e68e6be80e71d05:0x7fbb712b26b2f9e9!8m2!3d-6.8644236!4d107.5922253!16s%2Fg%2F11b60561vn!19sChIJBR3ngL7maC4R6fmyJitxu38?authuser=0&hl=id&rclk=1","Prima Photo Copy","4,9","(14)","Pemasok peralatan percetakan","·","·","Tutup","· Buka Sel pukul 07.00","Jl. Gegerkalong Girang No.29-31","(022) 2013689","","Rute","https://ssl.gstatic.com/local/servicebusiness/default_user.png","""Lengkap dan murah"""
"https://www.google.com/maps/place/ADR+fotocopy/data=!4m7!3m6!1s0x2e68e68e066619e7:0x9aa8956dd2517bb8!8m2!3d-6.8575515!4d107.5939306!16s%2Fg%2F11bbwywk6d!19sChIJ5xlmBo7maC4RuHtR0m2VqJo?authuser=0&hl=id&rclk=1","ADR fotocopy","5,0","(1)","Toko Fotokopi","·","Jl. Sersan Bajuri No.10","Buka","· Tutup pukul 23.00","·","0821-2002-4211","","Rute","",""
"https://www.google.com/maps/place/Fotokopi+Jaya+Abadi/data=!4m7!3m6!1s0x2e68e65388865c6f:0x1727b5d00ae5af84!8m2!3d-6.8920519!4d107.6177354!16s%2Fg%2F11bbwywr4q!19sChIJb1yGiFPmaC4RhK_lCtC1Jxc?authuser=0&hl=id&rclk=1","Fotokopi Jaya Abadi","4,5","(1.242)","Toko Fotokopi","·","·","Buka 24 jam","","Jl. Dipati Ukur No.269","","","Rute","https://ssl.gstatic.com/local/servicebusiness/default_user.png","""Pegawai ramah, kualitas"
"https://www.google.com/maps/place/Pelita+Karya+Fotocopy+%26+Digital+Printing+%2824+Jam%29/data=!4m7!3m6!1s0x2e68e7102f9c5f89:0xd47a75c92fba02a2!8m2!3d-6.8859561!4d107.614857!16s%2Fg%2F11rhvtd7n0!19sChIJiV-cLxDnaC4RogK6L8l1etQ?authuser=0&hl=id&rclk=1","Pelita Karya Fotocopy & Digital Printing (24 Jam)","4,8","(78)","Toko Fotokopi","·","Jl. Dipati Ukur No.122 B","Buka 24 jam","","·","0821-1863-3397","","Rute","https://ssl.gstatic.com/local/servicebusiness/default_user.png","""gercep banget dan bisa diambil via gosend, sangat membantu"""
"https://www.google.com/maps/place/Koko+Fotocopy+%2824+Jam%29/data=!4m7!3m6!1s0x2e68e8dde144e90f:0x90ae6b9d78ebb0a0!8m2!3d-6.8755665!4d107.6060869!16s%2Fg%2F11ggz6v0ny!19sChIJD-lE4d3oaC4RoLDreJ1rrpA?authuser=0&hl=id&rclk=1","Koko Fotocopy (24 Jam)","4,9","(64)","Layanan cetak digital","·","·","Buka 24 jam","","Jl. Bukit Jarian No.44 A","0895-6052-88878","","Rute","https://ssl.gstatic.com/local/servicebusiness/default_user.png","""Fotocopynya bagus bgt, layanannya juga cepat dan pelayanan yg baik bgt!"""
"https://www.google.com/maps/place/Bintang+Fotocopy/data=!4m7!3m6!1s0x2e68e6ba1b90b1d9:0x7d6b9a5e01e3809a!8m2!3d-6.8568637!4d107.5918469!16s%2Fg%2F11c7szy_c3!19sChIJ2bGQG7rmaC4RmoDjAV6aa30?authuser=0&hl=id&rclk=1","Bintang Fotocopy","4,8","(4)","Toko Percetakan","·","Jl. Cilimus","Segera tutup","· 21.00 · Buka Sel pukul 07.00","·","0815-7374-1129","","Rute","https://ssl.gstatic.com/local/servicebusiness/default_user.png","""Jasa"
"https://www.google.com/maps/place/Gaga+Photo+Copy+Jilid+Laminating/data=!4m7!3m6!1s0x2e68e6bc2b882405:0x4040e160109375a8!8m2!3d-6.8643926!4d107.5918437!16s%2Fg%2F11gnr9b_zv!19sChIJBSSIK7zmaC4RqHWTEGDhQEA?authuser=0&hl=id&rclk=1","Gaga Photo Copy Jilid Laminating","5,0","(1)","Toko Fotokopi","·","Jl. Gegerkalong Girang No.35","","","","","","Rute","",""
"https://www.google.com/maps/place/Juwita+Fotocopy/data=!4m7!3m6!1s0x2e68e7e282501ff3:0xe0b81b2efbb9f55f!8m2!3d-6.8671875!4d107.5930548!16s%2Fg%2F11pd871vmv!19sChIJ8x9QguLnaC4RX_W5-y4buOA?authuser=0&hl=id&rclk=1","Juwita Fotocopy","4,0","(2)","Toko Fotokopi","·","Gg. H. Ridho Jl. Dr. Setiabudi No.34","Segera tutup","· 21.00 · Buka Sel pukul 07.00","·","0896-3846-8690","","Rute","",""
"https://www.google.com/maps/place/Photocopy+DAI/data=!4m7!3m6!1s0x2e68e7003de73633:0x7a31401b14874a3a!8m2!3d-6.8654545!4d107.5875011!16s%2Fg%2F11ycxrn3h8!19sChIJMzbnPQDnaC4ROkqHFBtAMXo?authuser=0&hl=id&rclk=1","Photocopy DAI","5,0","(2)","Toko Fotokopi","·","4HMQ+R26","","","","0896-1953-6231","","Rute","https://ssl.gstatic.com/local/servicebusiness/default_user.png","""Insyaallah terus berkembang"""
"https://www.google.com/maps/place/Sinergy+Foto+Copy/data=!4m7!3m6!1s0x2e68e6b8fd82574f:0x606e9034f07ed9d8!8m2!3d-6.8596948!4d107.5948855!16s%2Fg%2F11b6d61kq7!19sChIJT1eC_bjmaC4R2Nl-8DSQbmA?authuser=0&hl=id&rclk=1","Sinergy Foto Copy","4,5","(6)","Toko Fotokopi","·","4HRV+4XC, Jl. Dr. Setiabudi","Tutup","· Buka Sel pukul 07.00","","","","Rute","https://ssl.gstatic.com/local/servicebusiness/default_user.png","""Pokoknya debest cepet pengerjaanya."""
"https://www.google.com/maps/place/Cheqlis+Digital+Copy+Center/data=!4m7!3m6!1s0x2e68e69ca19422c9:0xccb248b412ead002!8m2!3d-6.8765529!4d107.5793012!16s%2Fg%2F11c5s6bh0r!19sChIJySKUoZzmaC4RAtDqErRIssw?authuser=0&hl=id&rclk=1","Cheqlis Digital Copy Center","4,6","(19)","Toko Fotokopi","·","·","Buka","· Tutup pukul 00.00","Jl. Sarirasa No.1 Blok 5","0812-8441-6003","","Rute","https://ssl.gstatic.com/local/servicebusiness/default_user.png","""Lebih murah dan bagus dari"
"https://www.google.com/maps/place/Fotocopy+dan+Print+Online+24+Jam/data=!4m7!3m6!1s0x2e68e7be93368b69:0x98247533747dec53!8m2!3d-6.888566!4d107.594216!16s%2Fg%2F11jnc_89yb!19sChIJaYs2k77naC4RU-x9dDN1JJg?authuser=0&hl=id&rclk=1","Fotocopy dan Print Online 24 Jam","4,9","(28)","Toko Fotokopi","·","Gg. Pak Elas No.11","Buka 24 jam","","·","0812-9685-3619","","Rute","https://ssl.gstatic.com/local/servicebusiness/default_user.png","""admin respon cepat, buka 24 jam, hasil bagus, recommended"""
"https://www.google.com/maps/place/Falaha+Copy+Center/data=!4m7!3m6!1s0x2e68e73aa2001159:0xf434947659abd7f3!8m2!3d-6.8644839!4d107.5915267!16s%2Fg%2F11gtz5d8n3!19sChIJWREAojrnaC4R89erWXaUNPQ?authuser=0&hl=id&rclk=1","Falaha Copy Center","","","Toko Fotokopi","·","Jl. Gegerkalong Tengah No.86","Segera tutup","· 21.00 · Buka Sel pukul 07.00","·","0858-6071-2343","","Rute","",""
"https://www.google.com/maps/place/Alan+Jaya+Photo+Copy/data=!4m7!3m6!1s0x2e68e6bc31c31e85:0xab62f56ede162134!8m2!3d-6.8642299!4d107.591084!16s%2Fg%2F11g6l_mg_n!19sChIJhR7DMbzmaC4RNCEW3m71Yqs?authuser=0&hl=id&rclk=1","Alan Jaya Photo Copy","4,7","(3)","Toko Fotokopi","·","Jl. Gegerkalong Girang No.49","","","","","","Rute","",""
"https://www.google.com/maps/place/PHOTOCOPY+SALUYU/data=!4m7!3m6!1s0x2e68e7d7afa41e51:0xf883f195b2f97eb7!8m2!3d-6.8588252!4d107.5957028!16s%2Fg%2F11lcbxxvmv!19sChIJUR6kr9fnaC4Rt375spXxg_g?authuser=0&hl=id&rclk=1","PHOTOCOPY SALUYU","5,0","(1)","Toko Fotokopi","·","Jl. Sersan Surip No.25/169A","Tutup","· Buka Sel pukul 07.00","·","0813-1027-6313","","Rute","",""
"https://www.google.com/maps/place/Fotocopy+kopma+unpas+setiabudhi/data=!4m7!3m6!1s0x2e68e7016acae923:0x62c185bc1473e897!8m2!3d-6.866156!4d107.5925702!16s%2Fg%2F11j0h9fm_x!19sChIJI-nKagHnaC4Rl-hzFLyFwWI?authuser=0&hl=id&rclk=1","Fotocopy kopma unpas setiabudhi","","","Toko Fotokopi","·","Jl. Dr. Setiabudi No.193","Tutup","· Buka Sel pukul 08.00","·","0857-1983-1750","","Rute","",""
"https://www.google.com/maps/place/Juan+Fotocopy/data=!4m7!3m6!1s0x2e68e79c8ca44833:0xd606458d7e7fcec8!8m2!3d-6.8593231!4d107.5952957!16s%2Fg%2F11hz8h_yh_!19sChIJM0ikjJznaC4RyM5_fo1FBtY?authuser=0&hl=id&rclk=1","Juan Fotocopy","5,0","(3)","Toko Fotokopi","·","Jl. Dr. Setiabudi Ruko Terminal Ledeng No.34","Tutup","· Buka Sel pukul 07.30","·","0812-2049-4494","","Rute","https://ssl.gstatic.com/local/servicebusiness/default_user.png","""Lokasi di Terminal Ledeng, pelayanannya oke."""
"https://www.google.com/maps/place/3R+Photocopy+%26+Stempel+Flash/data=!4m7!3m6!1s0x2e68e7a80dce0d4f:0xac0e8382b0d2b29!8m2!3d-6.8689535!4d107.5882369!16s%2Fg%2F11h41_wd4l!19sChIJTw3ODajnaC4RKSsNKzjowAo?authuser=0&hl=id&rclk=1","3R Photocopy & Stempel Flash","5,0","(2)","Toko Fotokopi","·","Jl. Gegerkalong Hilir No.86","Segera tutup","· 21.00 · Buka Sel pukul 07.00","·","0857-2137-8291","","Rute","https://ssl.gstatic.com/local/servicebusiness/default_user.png","""tempatnya bagus dan nyaman"""
"https://www.google.com/maps/place/Universitas+Pendidikan+Indonesia/data=!4m7!3m6!1s0x2e68e6b943c2c5ff:0xee36226510a79e76!8m2!3d-6.8613013!4d107.5920834!16zL20vMDN0bV96!19sChIJ_8XCQ7nmaC4Rdp6nEGUiNu4?authuser=0&hl=id&rclk=1","Universitas Pendidikan Indonesia","4,7","(4.669)","Universitas Negeri","·","·","Jl. Dr. Setiabudi No.229","Institusi pendidikan sejak tahun 1954","Segera tutup","(022) 2013163","","Situs Web","https://ssl.gstatic.com/local/servicebusiness/default_user.png","""Sejuk, rimbun, bersih, religius dan suasana akademiknya terasa banget"""
"https://www.google.com/maps/place/Cahaya+Abadi+Cabang+Sarijadi+Fotocopy,+Penjilidan+%26+Digital+Printing/data=!4m7!3m6!1s0x2e68e7c7b4d4498d:0xa47b0d5a15764b5f!8m2!3d-6.8765566!4d107.579329!16s%2Fg%2F11tfbs23kd!19sChIJjUnUtMfnaC4RX0t2FVoNe6Q?authuser=0&hl=id&rclk=1","Cahaya Abadi Cabang Sarijadi Fotocopy, Penjilidan & Digital Printing","4,7","(34)","Toko Fotokopi","·","Jl. Sariasih No.2","Buka","· Tutup pukul 00.00","·","0813-2103-2128","","Rute","https://ssl.gstatic.com/local/servicebusiness/default_user.png","""Tempat"
"https://www.google.com/maps/place/Cahaya+Abadi+Fotocopy,+Penjilidan+%26+Digital+Printing/data=!4m7!3m6!1s0x2e68e78b5576e0a5:0x327a9ed4ef1c41b5!8m2!3d-6.886133!4d107.614902!16s%2Fg%2F11gl15d6pd!19sChIJpeB2VYvnaC4RtUEc79SeejI?authuser=0&hl=id&rclk=1","Cahaya Abadi Fotocopy, Penjilidan & Digital Printing","4,7","(362)","Toko Fotokopi","·","·","Buka 24 jam","","Jl. Dipati Ukur No.122D","0823-1919-2336","","Rute","https://ssl.gstatic.com/local/servicebusiness/default_user.png","""Pegawainya ramah, dan hasil"
"https://www.google.com/maps/place/Gugum+Print+Photocopy+dan+Percetakan/data=!4m7!3m6!1s0x2e68e65389126ca5:0xa9e3f5df79758301!8m2!3d-6.8921085!4d107.6176028!16s%2Fg%2F11b60qyl9g!19sChIJpWwSiVPmaC4RAYN1ed_146k?authuser=0&hl=id&rclk=1","Gugum Print Photocopy dan Percetakan","4,5","(212)","Layanan cetak digital","·","·","Buka 24 jam","","Jl. Dipati Ukur No.42/60","0818-0224-7051","","Rute","https://ssl.gstatic.com/local/servicebusiness/default_user.png","""Pelayanan sangat bagus, cepat tanggap dan murah sekali, mantab sekali!"""
"https://www.google.com/maps/place/Gantino+Fotocopy/data=!4m7!3m6!1s0x2e68e6bfaaad6845:0x357f5bdcb9fbbda5!8m2!3d-6.8700442!4d107.5933529!16s%2Fg%2F11r8bwd4w!19sChIJRWitqr_maC4Rpb37udxbfzU?authuser=0&hl=id&rclk=1","Gantino Fotocopy","3,8","(21)","Rumah Makan","·","Jl. Dr. Setiabudi No.139","","","","(022) 82000315","","Rute","","Makan di tempat"
"https://www.google.com/maps/place/Foto+Copy+Anugrah/data=!4m7!3m6!1s0x2e68e6a276b3557f:0x1a90d29707a49960!8m2!3d-6.867178!4d107.582022!16s%2Fg%2F11b6dpfwlz!19sChIJf1WzdqLmaC4RYJmkB5fSkBo?authuser=0&hl=id&rclk=1","Foto Copy Anugrah","5,0","(1)","Toko Fotokopi","·","JL. Ajudan Jendral, No. 251, Sukajadi","","","","(022) 6031568","","Rute","",""
"https://www.google.com/maps/place/Foto+copy+jaya+barokah/data=!4m7!3m6!1s0x2e68e7ebccb1f741:0x90f543327121ad99!8m2!3d-6.8663544!4d107.5917345!16s%2Fg%2F11m_ggc39r!19sChIJQfexzOvnaC4Rma0hcTJD9ZA?authuser=0&hl=id&rclk=1","Foto copy jaya barokah","5,0","(3)","Toko","·","Jl. Gegerkalong Tengah No.50","Buka 24 jam","","·","0857-9419-19108","","Rute","",""
"https://www.google.com/maps/place/Atra+Abadi+Photocopy/data=!4m7!3m6!1s0x2e68e71053840797:0x7fd72fa0ffd43bc8!8m2!3d-6.8818471!4d107.5745908!16s%2Fg%2F11h5sqn_80!19sChIJlweEUxDnaC4RyDvU_6Av138?authuser=0&hl=id&rclk=1","Atra Abadi Photocopy","4,3","(6)","Toko Fotokopi","·","Jl. Perintis No.3-11","Buka","· Tutup pukul 22.00","·","0852-6548-6721","","Rute","",""
"https://www.google.com/maps/place/Lisna+Photo+Copy/data=!4m7!3m6!1s0x2e68e6916b1ecd85:0xc5c88de99b1064ed!8m2!3d-6.8771699!4d107.590717!16s%2Fg%2F1pzwfd3sf!19sChIJhc0ea5HmaC4R7WQQm-mNyMU?authuser=0&hl=id&rclk=1","Lisna Photo Copy","4,0","(6)","Toko Fotokopi","·","Jl. Cipedes Atas No.6","","","","(022) 2016592","","Rute","",""
"https://www.google.com/maps/place/AMANAH+FOTO+COPY/data=!4m7!3m6!1s0x2e68e7002b122667:0x62f033ec8052d32d!8m2!3d-6.8678869!4d107.5920209!16s%2Fg%2F11vzd9k46j!19sChIJZyYSKwDnaC4RLdNSgOwz8GI?authuser=0&hl=id&rclk=1","AMANAH FOTO COPY","","","Toko Percetakan","·","Jl. Gegerkalong Tengah Gg. H. Ridho No.2 No. 24A, RT.07/RW.04","Segera tutup","· 21.00 · Buka Sel pukul 08.00","","","","Rute","",""
"https://www.google.com/maps/place/Mesin+Fotocopy+Bandung+-+Alfatih+Copier+Bandung/data=!4m7!3m6!1s0x2e68e6bfba03b1dd:0x327481e70b1c524f!8m2!3d-6.8654664!4d107.5960159!16s%2Fg%2F11c2ppb1wd!19sChIJ3bEDur_maC4RT1IcC-eBdDI?authuser=0&hl=id&rclk=1","Mesin Fotocopy Bandung - Alfatih Copier Bandung","3,5","(6)","Toko Reparasi Mesin Fotokopi","·","Jl. Kapten Abdul Hamid No.56B, RT.2/RW.06","Buka 24 jam","","·","0812-2438-9980","","Rute","",""
"https://www.google.com/maps/place/Atra+Abadi+Photocopy/data=!4m7!3m6!1s0x2e68e71053840797:0x7fd72fa0ffd43bc8!8m2!3d-6.8818471!4d107.5745908!16s%2Fg%2F11h5sqn_80!19sChIJlweEUxDnaC4RyDvU_6Av138?authuser=0&hl=id&rclk=1","Atra Abadi Photocopy","4,3","(6)","Toko Fotokopi","·","Jl. Perintis No.3-11","Segera tutup","· 22.00 · Buka Sel pukul 08.00","·","0852-6548-6721","","Rute","",""
"https://www.google.com/maps/place/Upi+Fotocopy/data=!4m7!3m6!1s0x2e68e5c844f29639:0x991d3b7e9d5c4c48!8m2!3d-6.900366!4d107.5280531!16s%2Fg%2F11q_46jmnx!19sChIJOZbyRMjlaC4RSExcnX47HZk?authuser=0&hl=id&rclk=1","Upi Fotocopy","4,5","(4)","Toko Percetakan","·","Gg. Sopandi No.40","Tutup","· Buka Sel pukul 06.00","·","0856-4217-7133","","Rute","","Tidak tersedia layanan di tempat"
"https://www.google.com/maps/place/Angkasa+Putra/data=!4m7!3m6!1s0x2e68e65b605ec3ff:0x269efd16c081e8d8!8m2!3d-6.9052965!4d107.604178!16s%2Fg%2F1hc4vmc1d!19sChIJ_8NeYFvmaC4R2OiBwBb9niY?authuser=0&hl=id&rclk=1","Angkasa Putra","4,3","(110)","Layanan cetak digital","·","Jl. Cihampelas No.15","","·","Buka","(022) 4206555","","Situs Web","https://ssl.gstatic.com/local/servicebusiness/default_user.png","""10.000/Lembar
A2 Rp."""
"https://www.google.com/maps/place/Mandiri+Fotocopy/data=!4m7!3m6!1s0x2e68e78aa0323043:0x685a2890821a9433!8m2!3d-6.9069437!4d107.5970154!16s%2Fg%2F11fn6mvc4y!19sChIJQzAyoIrnaC4RM5QagpAoWmg?authuser=0&hl=id&rclk=1","Mandiri Fotocopy","3,9","(42)","Toko Fotokopi","·","3HVW+6RC, Jl. Semar","Segera tutup","· 21.30 · Buka Sel pukul 07.00","","","","Rute","https://ssl.gstatic.com/local/servicebusiness/default_user.png","""dari jaman smp sampe skrg masih pada judes aja, mana mahal"""
"https://www.google.com/maps/place/Rindu+Photocopy+%26+Digital+Printing/data=!4m7!3m6!1s0x2e68e7baee849447:0x88a2fd1c0561a966!8m2!3d-6.8980688!4d107.6352369!16s%2Fg%2F1pzxvjv3s!19sChIJR5SE7rrnaC4RZqlhBRz9oog?authuser=0&hl=id&rclk=1","Rindu Photocopy & Digital Printing","4,4","(281)","Toko Fotokopi","·","Jl. Khp Hasan Mustopa No.26","Segera tutup","· 21.30 · Buka Sel pukul 08.00","·","(022) 86868613","","Rute","https://ssl.gstatic.com/local/servicebusiness/default_user.png","""Rekomedasi  banget buat yang mau"
"https://www.google.com/maps/place/Adrian+Photo+Copy/data=!4m7!3m6!1s0x2e68e6bdfeaaafa7:0x1fd6b65a6c02e6e1!8m2!3d-6.8672161!4d107.5915773!16s%2Fg%2F11csqd2vfs!19sChIJp6-q_r3maC4R4eYCbFq21h8?authuser=0&hl=id&rclk=1","Adrian Photo Copy","","","Toko Fotokopi","·","Jl. Gegerkalong Tengah No.74A","Tutup","· Buka Sel pukul 07.00","·","0853-2472-7374","","Rute","",""
"https://www.google.com/maps/place/PRESIDEN+FOTO+COPY/data=!4m7!3m6!1s0x2e68e70027fe436f:0x10000ab3e6a39fb2!8m2!3d-6.8642123!4d107.5914784!16s%2Fg%2F11whdj1t5v!19sChIJb0P-JwDnaC4Rsp-j5rMKABA?authuser=0&hl=id&rclk=1","PRESIDEN FOTO COPY","4,6","(7)","Toko Buku","·","Jl. Gegerkalong Girang No.25 No.25GegerkalongKec","Segera tutup","· 22.00 · Buka Sel pukul 05.30","","","","Rute","https://ssl.gstatic.com/local/servicebusiness/default_user.png","""Atk lengkap kerja cepat pelayanan ramah harga terjangkau buat mahasiswa"""
"https://www.google.com/maps/place/Delicopy+Fotocopy+Bandung/data=!4m7!3m6!1s0x2e68e638212dad2f:0x17e4ef95bcdf2031!8m2!3d-6.9092305!4d107.6094749!16s%2Fg%2F11b66lh6c7!19sChIJL60tITjmaC4RMSDfvJXv5Bc?authuser=0&hl=id&rclk=1","Delicopy Fotocopy Bandung","4,3","(185)","Toko Fotokopi","·","3JR5+8Q5, Jl. Purnawarman","Tutup","· Buka Sel pukul 08.00","·","0881-5152-680","","Rute","https://ssl.gstatic.com/local/servicebusiness/default_user.png","""Pelayanan nya oke buat yang males antri bisa kirim via wa👍"""
"https://www.google.com/maps/place/Jaya+Barokah+Fotokopi+%26+Print/data=!4m7!3m6!1s0x2e68e65d9279c49f:0xcbaf7088a7d3da54!8m2!3d-6.8939973!4d107.5986588!16s%2Fg%2F11fzb0dngj!19sChIJn8R5kl3maC4RVNrTp4hwr8s?authuser=0&hl=id&rclk=1","Jaya Barokah Fotokopi & Print","4,9","(15)","Toko Fotokopi","·","·","Buka","· Tutup pukul 23.00","Jl. Sederhana No.37","0821-3012-1100","","Rute","https://ssl.gstatic.com/local/servicebusiness/default_user.png","""Sangat memuaskan"""
"https://www.google.com/maps/place/AMANAH+FOTO+COPY/data=!4m7!3m6!1s0x2e68e7002b122667:0x62f033ec8052d32d!8m2!3d-6.8678869!4d107.5920209!16s%2Fg%2F11vzd9k46j!19sChIJZyYSKwDnaC4RLdNSgOwz8GI?authuser=0&hl=id&rclk=1","AMANAH FOTO COPY","","","Toko Percetakan","·","Jl. Gegerkalong Tengah Gg. H. Ridho No.2 No. 24A, RT.07/RW.04","Tutup","· Buka Sel pukul 08.00","","","","Rute","",""
"","","","","","","","","","","","","","",""