"hfpxzc href","qBF1Pd","MW4etd","UY7F9","AJB7ye","AJB7ye 2","W4Efsd","W4Efsd 2","W4Efsd 3","W4Efsd 4","FQ2IWe src","Jn12ke src","ah5Ghc","ah5Ghc 2","ah5Ghc 3","A1zNzb href","J8zHNe","bbPy1","doJOZc","W4Efsd 5","W4Efsd 6"
"","","","","","","","","","","","","","","","","","","","",""
"","","","","","","","","","","","","","","","","","","","",""
"https://www.google.com/maps/place/Se%27Indonesia+-+Setiabudi+%28Dine-In+%26+Delivery%29/data=!4m7!3m6!1s0x2e69f5003b3c30a1:0xbf0cb64aef1f2a17!8m2!3d-6.2103867!4d106.8261511!16s%2Fg%2F11yytf_qjn!19sChIJoTA8OwD1aS4RFyof70q2DL8?authuser=0&hl=id&rclk=1","Se'Indonesia - Setiabudi (Dine-In & Delivery)","4,6","(174)","·","Rp 25–50 rb","Makanan Siap Saji","·","Jl. Taman Setia Budi I No.36, RT.3/RW.2","Buka 24 jam","https://lh3.googleusercontent.com/gps-cs-s/APNQkAH76o0CU0xDIW09XVEayoMfkHyvvXJ_vxMpXyS80e5Q4EBTgMwlZNo5F2r-YlI8LTUYV9gLxnlKeO1iB4pmvSz-JCy3cfO5fBCA3afDAfR712xBEhBQdj9B3nPMIhgIoaxTEb_JjX0W5c8=w92-h92-k-no","https://ssl.gstatic.com/local/servicebusiness/default_user.png","""","Makanan","enak, best value for price""","https://www.google.com/searchviewer/42?cvd=CLw_EicKJeICIjIgEhkiF9LX29IPEQoNL2cvMTF5eXRmX3FqbhgBOgMI8A0%3D&hl=id-ID&gl=id&fo_m=MfohQo559jFvMUOzJVpjPL1YMfZ3bInYwBDuMfaXTPp5KXh-&utm_source=tactile&gei=XKf4ad6DAveXseMPocyGuQ8&ei=XKf4ad6DAveXseMPocyGuQ8&fo_s=OA&opi=79508299&orderType=1&ebb=1&cs=0&foub=mcpp","Pesan online","","","",""
"https://www.google.com/maps/place/Katsunyaka+Setiabudi/data=!4m7!3m6!1s0x2e68e7cca8c35793:0x1fed0705c382402c!8m2!3d-6.8787933!4d107.5987327!16s%2Fg%2F11rwy4y089!19sChIJk1fDqMznaC4RLECCwwUH7R8?authuser=0&hl=id&rclk=1","Katsunyaka Setiabudi","4,8","(2.031)","·","Rp 50–75 rb","Restoran","·","·","Segera tutup","https://lh3.googleusercontent.com/gps-cs-s/APNQkAH8o5LwVSJ4jOzTE9fRisoY9m2QSRqb3EfaZdRza4deY-kO3Uy3592hKeRA8vI-YhSstkLGVf82rn18xvuqfTpe4xwWPreBU3aRiISN_SdN3ZdTnzjRowur25pV_HT0HBg_3jA=w122-h92-k-no","https://ssl.gstatic.com/local/servicebusiness/default_user.png","""makanannya enak harga murah service nya keren""","","","https://www.google.com/searchviewer/42?cvd=CLw_EicKJeICIjIgEhkiF9LX29IPEQoNL2cvMTFyd3k0eTA4ORgBOgMI8A0%3D&hl=id-ID&gl=id&fo_m=MfohQo559jFvMUOzJVpjPL1YMfZ3bInYwBDuMfaXTPp5KXh-&utm_source=tactile&gei=XKf4ad6DAveXseMPocyGuQ8&ei=XKf4ad6DAveXseMPocyGuQ8&fo_s=OA&opi=79508299&orderType=1&ebb=1&cs=0&foub=mcpp","Pesan online","","","Jl. Dr. Setiabudi No.84","· 22.00 · Buka Sel pukul 10.00"
"https://www.google.com/maps/place/South+Kitchen+Setiabudi/data=!4m7!3m6!1s0x2e69f524573dacd7:0x4837ffe36cf83c6a!8m2!3d-6.2097892!4d106.828635!16s%2Fg%2F11qncln2wy!19sChIJ16w9VyT1aS4Rajz4bOP_N0g?authuser=0&hl=id&rclk=1","South Kitchen Setiabudi","4,6","(1.183)","·","Rp 50–75 rb","Restoran","·","Jl. Taman Setia Budi II No.54 3, RT.2/RW.1","Segera tutup","https://lh3.googleusercontent.com/gps-cs-s/APNQkAGQZHJfjy2coSmgOMgVHuyUKo8VwBGHM95dTQn9chsXHXAMQyPMzFGXTPv-wdyBzgg6aesFlif5YHSD5sWDOP8BwBS6HePIUADwoRKQB9K5nZqjX54WDJaN9xscaEbrUFwcPs1C=w163-h92-k-no","https://ssl.gstatic.com/local/servicebusiness/default_user.png","""Makanannya comfy dan affordable, tempatnya enak untuk wfc""","","","https://www.google.com/searchviewer/42?cvd=CLw_EicKJeICIjIgEhkiF9LX29IPEQoNL2cvMTFxbmNsbjJ3eRgBOgMI8A0%3D&hl=id-ID&gl=id&fo_m=MfohQo559jFvMUOzJVpjPL1YMfZ3bInYwBDuMfaXTPp5KXh-&utm_source=tactile&gei=XKf4ad6DAveXseMPocyGuQ8&ei=XKf4ad6DAveXseMPocyGuQ8&fo_s=OA&opi=79508299&orderType=1&ebb=1&cs=0&foub=mcpp","Pesan online","","","","· 22.00 · Buka Sel pukul 10.00"
"https://www.google.com/maps/place/Food+Setiabudi/data=!4m7!3m6!1s0x2e68e78685bb240b:0x50e5e3a50aa51b78!8m2!3d-6.859117!4d107.5953012!16s%2Fg%2F11h6np0gbx!19sChIJCyS7hYbnaC4ReBulCqXj5VA?authuser=0&hl=id&rclk=1","Food Setiabudi","4,7","(45)","·","Rp 1–25.000","Restoran","·","Jl. Dr. Setiabudi","Buka","https://lh3.googleusercontent.com/gps-cs-s/APNQkAFGa8psGURYrsM6rMqJnKTp6jdicarSNVWHwDz-4L7rARkL4E9rlojnpl6PtfrQz2FqpZLCPrEwUKNXqDNcnybags2jGbmHgMjAwwpJGuhU9m_xCPM32_GAXHrw1j30CVWgmfCbwQ=w122-h92-k-no","https://ssl.gstatic.com/local/servicebusiness/default_user.png","""Beli capcay goreng spesial dan mie goreng biasa buat lauk di rumah.""","","","https://www.google.com/searchviewer/42?cvd=CLw_EicKJeICIjIgEhkiF9LX29IPEQoNL2cvMTFoNm5wMGdieBgAOgMI8A0%3D&hl=id-ID&gl=id&fo_m=MfohQo559jFvMUOzJVpjPL1YMfZ3bInYwBDuMfaXTPp5KXh-&utm_source=tactile&gei=XKf4ad6DAveXseMPocyGuQ8&ei=XKf4ad6DAveXseMPocyGuQ8&fo_s=OA&opi=79508299&ebb=1&cs=0&foub=mcpp","Pesan online","","","","· Tutup pukul 00.00"
"https://www.google.com/maps/place/KFC+Setiabudi+Bandung/data=!4m7!3m6!1s0x2e68e695bfd0fc7d:0x4800b72ed6349edf!8m2!3d-6.868261!4d107.5934109!16s%2Fg%2F1tf2hvpz!19sChIJffzQv5XmaC4R35401i63AEg?authuser=0&hl=id&rclk=1","KFC Setiabudi Bandung","4,4","(6.251)","·","Rp 25–50 rb","Makanan Siap Saji","·","Jl. Dr. Setiabudi No.169","Segera tutup","https://lh3.googleusercontent.com/gps-cs-s/APNQkAGRPTb-9MKScVJTTesM6bcx7e8FMOUtobj4Isr8IMSIa-sEAIC1vRTGpV1anrVltezCAMvh5ldI7I8B4-RE5Ul8LNxc8wfQOFV3yG_cDlhSDJbMk8S0X9UxPABjjboV3-CbXLvZ=w122-h92-k-no","https://ssl.gstatic.com/local/servicebusiness/default_user.png","""","Makanan","enak, ayam besar, sebanding dengan harga.""","https://www.google.com/searchviewer/42?cvd=CLw_EiUKI-ICIDIeEhciFdLX29IPDwoLL2cvMXRmMmh2cHoYADoDCPAN&hl=id-ID&gl=id&fo_m=MfohQo559jFvMUOzJVpjPL1YMfZ3bInYwBDuMfaXTPp5KXh-&utm_source=tactile&gei=XKf4ad6DAveXseMPocyGuQ8&ei=XKf4ad6DAveXseMPocyGuQ8&fo_s=OA&opi=79508299&ebb=1&cs=0&foub=mcpp","Pesan online","","","Franchise restoran ayam goreng","· 22.00 · Buka Sel pukul 09.00"
"https://www.google.com/maps/place/Ma%27+Uneh+Setiabudi/data=!4m7!3m6!1s0x2e68e695b821f449:0xef9d7fa201e6352f!8m2!3d-6.8688589!4d107.5933697!16s%2Fg%2F1tfjbz7p!19sChIJSfQhuJXmaC4RLzXmAaJ_ne8?authuser=0&hl=id&rclk=1","Ma' Uneh Setiabudi","4,1","(2.510)","·","$$","Sunda","·","Jl. Dr. Setiabudi No.159","Buka","https://lh3.googleusercontent.com/gps-cs-s/APNQkAG4KZdy6QpD8XiS7jY6zovLK58p1pN5IFCxE4LSt8y7B0xAIDrIq6ggsVsOWsCfwhp4U9lAiE67LPt3v1reDPzEnow9VYxkZwjyR4HVbvcoBbVqZ1ETpCshrkUWv03M-rETndJz=w189-h92-k-no","https://ssl.gstatic.com/local/servicebusiness/default_user.png","""","Makanan","nya enak, untuk harga relatif, menu nya banyak""","","","","","","· Tutup pukul 23.00"
"https://www.google.com/maps/place/McDonald%27s+Setiabudi+Bandung/data=!4m7!3m6!1s0x2e68e731606f3cc7:0xbffa234123b4e360!8m2!3d-6.8785593!4d107.5982304!16s%2Fg%2F11r8hc3l6!19sChIJxzxvYDHnaC4RYOO0I0Ej-r8?authuser=0&hl=id&rclk=1","McDonald's Setiabudi Bandung","4,5","(6.347)","·","Rp 25–50 rb","Makanan Siap Saji","·","·","Buka 24 jam","https://lh3.googleusercontent.com/gps-cs-s/APNQkAHFRD6qxLDgCKmXzsDCQ_bprYPRapcU8uyAkfHx5Wr948ikD4q7Y9hCiWc64GoRxKbnhXBkV_KPSDYeRdADBTItkjAHa22neMzDhW7LzY7CGPvAd8jyLKvTcxMPwTjVnRD92LF-bA=w92-h92-k-no","https://ssl.gstatic.com/local/servicebusiness/default_user.png","""Kentang goreng, nuget, spaghetty, dan ayam gorengnya juga lezat.""","","","https://www.google.com/searchviewer/42?cvd=CLw_EiYKJOICITIfEhgiFtLX29IPEAoML2cvMTFyOGhjM2w2GAE6AwjwDQ%3D%3D&hl=id-ID&gl=id&fo_m=MfohQo559jFvMUOzJVpjPL1YMfZ3bInYwBDuMfaXTPp5KXh-&utm_source=tactile&gei=XKf4ad6DAveXseMPocyGuQ8&ei=XKf4ad6DAveXseMPocyGuQ8&fo_s=OA&opi=79508299&orderType=1&ebb=1&cs=0&foub=mcpp","Pesan online","","","Jl. Dr. Setiabudi No.86-88",""
"https://www.google.com/maps/place/Wingstop+-+Setiabudi+One/data=!4m7!3m6!1s0x2e69f40872f5fc3b:0x99c04891aaccad35!8m2!3d-6.2156637!4d106.8301942!16s%2Fg%2F11f03nnvg3!19sChIJO_z1cgj0aS4RNa3MqpFIwJk?authuser=0&hl=id&rclk=1","Wingstop - Setiabudi One","4,2","(380)","·","Rp 25–50 rb","Sayap Ayam","·","Setiabudi One, Jl. H. R. Rasuna Said No.Kav.62 Lantai Dasar, RT.18/RW.2","Segera tutup","https://lh3.googleusercontent.com/gps-cs-s/APNQkAGzh452LcAAlgFxGxwDIPVzcs3YNi7zpmFgJMPvUOZpsxD0OqeJ-szOKsWH4cRmb_jWM7F_fpxUwRhhegJlonN2Trn4sGErhrwUeiQfdoL6cpHJr11o7zdomTQgWtDU5HBHjzWZ=w80-h142-k-no","https://ssl.gstatic.com/local/servicebusiness/default_user.png","""Makanannya enak semua harganya juga standar, tempatnya bersih dan nyaman.""","","","https://www.google.com/searchviewer/42?cvd=CLw_EicKJeICIjIgEhkiF9LX29IPEQoNL2cvMTFmMDNubnZnMxgAOgMI8A0%3D&hl=id-ID&gl=id&fo_m=MfohQo559jFvMUOzJVpjPL1YMfZ3bInYwBDuMfaXTPp5KXh-&utm_source=tactile&gei=XKf4ad6DAveXseMPocyGuQ8&ei=XKf4ad6DAveXseMPocyGuQ8&fo_s=OA&opi=79508299&ebb=1&cs=0&foub=mcpp","Pesan online","","","","· 22.00 · Buka Sel pukul 10.00"
"https://www.google.com/maps/place/Gyu-Kaku+Setiabudi+One/data=!4m7!3m6!1s0x2e69f5e4f39d3b15:0x7082d5cc564ee6a6!8m2!3d-6.2152394!4d106.8300557!16s%2Fg%2F11h08rhklm!19sChIJFTud8-T1aS4RpuZOVszVgnA?authuser=0&hl=id&rclk=1","Gyu-Kaku Setiabudi One","4,7","(888)","·","Rp 250.000+","Yakiniku","·","·","Segera tutup","https://lh3.googleusercontent.com/gps-cs-s/APNQkAHRMZ_vFGNuqdXj4zsS96kWuZMnusiTbaIV5lSc-2sGGLdizbTvvppgQUAFsbSGj-xsH_2m4XKH4mS4pbjZkUxjByS-ehLSWjbhe2tl1I-w0vskTsvoBseOIV6smqmyWEg4lYEkNw=w80-h106-k-no","https://ssl.gstatic.com/local/servicebusiness/default_user.png","""Menu rekomendasi adalah Unagi nya, buat saya itu enak pake banget!!!""","","","https://www.google.com/searchviewer/42?cvd=CLw_EicKJeICIjIgEhkiF9LX29IPEQoNL2cvMTFoMDhyaGtsbRgBOgMI8A0%3D&hl=id-ID&gl=id&fo_m=MfohQo559jFvMUOzJVpjPL1YMfZ3bInYwBDuMfaXTPp5KXh-&utm_source=tactile&gei=XKf4ad6DAveXseMPocyGuQ8&ei=XKf4ad6DAveXseMPocyGuQ8&fo_s=OA&opi=79508299&orderType=1&ebb=1&cs=0&foub=mcpp","Pesan online","","","Setiabudi One, Jl. H. R. Rasuna Said No.18 Ground Floor, Unit. # B 106, RT.18/RW.2","· 22.00 · Buka Sel pukul 10.00"
"https://www.google.com/maps/place/KFC+%E2%80%A2+Setiabudi+Sukawangi/data=!4m7!3m6!1s0x2e68e7af5a1f2aa7:0x5b5a028ef1d52678!8m2!3d-6.8784674!4d107.5976642!16s%2Fg%2F11jvnyg77_!19sChIJpyofWq_naC4ReCbV8Y4CWls?authuser=0&hl=id&rclk=1","KFC • Setiabudi Sukawangi","4,6","(1.772)","·","Rp 25–50 rb","Makanan Siap Saji","·","·","Buka 24 jam","https://lh3.googleusercontent.com/gps-cs-s/APNQkAELRsi2M0PQL_OMbdJGouQRfReDn63gE-rFpgZnvw-J6heGyIvTUR-kTEren4737BfvXHdmnHR6Ugu2Nt2dmT6puU7RokixrDXM-CEudn3CD2-WO-nL38B5pCZLqyO2HXDVfos=w122-h92-k-no","https://ssl.gstatic.com/local/servicebusiness/default_user.png","""Tempat enak,","makanan","enak,yang penting pelayanannya mantap!""","https://www.google.com/searchviewer/42?cvd=CLw_EicKJeICIjIgEhkiF9LX29IPEQoNL2cvMTFqdm55Zzc3XxgBOgMI8A0%3D&hl=id-ID&gl=id&fo_m=MfohQo559jFvMUOzJVpjPL1YMfZ3bInYwBDuMfaXTPp5KXh-&utm_source=tactile&gei=XKf4ad6DAveXseMPocyGuQ8&ei=XKf4ad6DAveXseMPocyGuQ8&fo_s=OA&opi=79508299&orderType=1&ebb=1&cs=0&foub=mcpp","Pesan online","","","Jl. Sukawangi No.1",""
"https://www.google.com/maps/place/The+People%27s+Cafe+Setiabudi+One/data=!4m7!3m6!1s0x2e69f40879fd66c1:0xe6dfcfed44244aa7!8m2!3d-6.2146504!4d106.8303234!16s%2Fg%2F11cm02jp67!19sChIJwWb9eQj0aS4Rp0okRO3P3-Y?authuser=0&hl=id&rclk=1","The People's Cafe Setiabudi One","4,7","(1.266)","·","Rp 50–75 rb","Restoran","·","Setiabudi One, Ground Floor Jl. H. R. Rasuna Said.Kav X-6 No. 8, RT.18/RW.2","Segera tutup","https://lh3.googleusercontent.com/gps-cs-s/APNQkAFLsllKD0WQMEnEsHI0t5wi3nQIo5a-2CXsPf3A2OULxgA7EHgBsoPIWaakIBsE-iB96W7_CYqn6wEMjYmTverHMSzipk6-A8P4wnSuwOrwhKrcCgNF6trfkXi1Hz3lY0Aw7BlR=w122-h92-k-no","https://ssl.gstatic.com/local/servicebusiness/default_user.png","""Makanannya enak-enak, tempatnya nyaman & staffnya juga fast response""","","","https://www.google.com/searchviewer/42?cvd=CLw_EicKJeICIjIgEhkiF9LX29IPEQoNL2cvMTFjbTAyanA2NxgBOgMI8A0%3D&hl=id-ID&gl=id&fo_m=MfohQo559jFvMUOzJVpjPL1YMfZ3bInYwBDuMfaXTPp5KXh-&utm_source=tactile&gei=XKf4ad6DAveXseMPocyGuQ8&ei=XKf4ad6DAveXseMPocyGuQ8&fo_s=OA&opi=79508299&orderType=1&ebb=1&cs=0&foub=mcpp","Pesan online","","","","· 22.00 · Buka Sel pukul 09.00"
"https://www.google.com/maps/place/Setiabudi+One/data=!4m7!3m6!1s0x2e69f3f70540f90b:0xc88fe50dadb6c64!8m2!3d-6.2151499!4d106.8298937!16s%2Fg%2F11c5btjzbt!19sChIJC_lABffzaS4RZGzb2lD-iAw?authuser=0&hl=id&rclk=1","Setiabudi One","4,6","(9.155)","·","$$","Pusat Perbelanjaan","·","·","Segera tutup","https://lh3.googleusercontent.com/gps-cs-s/APNQkAGkhrwh6PwT5nXBA8jgq-8tWKOlPKaz3pgcLIy0uf5r_rwVL4VSABgCrt4NDgBrc6skvXAVj3JSjOejuMOWoa6Kty9El-FGy3jB0Gm_6_KBKJKueIXNAfIzkqqtZaGHjj72jP0=w122-h92-k-no","https://ssl.gstatic.com/local/servicebusiness/default_user.png","""1 makanannya enak, harga affordable, suasana nyaman""","","","","","","","Jl. H. R. Rasuna Said Blok Kav No.62, RT.18/RW.2","· 22.00 · Buka Sel pukul 10.00"
"https://www.google.com/maps/place/Warung+MJS/data=!4m7!3m6!1s0x2e69f4044e5995a7:0x4c9df8f41001aadb!8m2!3d-6.2087667!4d106.8267063!16s%2Fg%2F1td80pg8!19sChIJp5VZTgT0aS4R26oBEPT4nUw?authuser=0&hl=id&rclk=1","Warung MJS","4,5","(6.296)","·","$$","Jawa","·","·","Segera tutup","https://lh3.googleusercontent.com/gps-cs-s/APNQkAHdLaPiyV6RduPtATdKQJ8C_KkDt0_VoN8ajjEB3-isq-UAXV-tXRoONcqr6eP3GTDtSe_UaT0XSTnwbMQHBCXQQYlL59BQR6fHOeCb4Hh4kH9OWexJ6TEXpYAlCOCA4qtAgtaYgg=w137-h92-k-no","https://ssl.gstatic.com/local/servicebusiness/default_user.png","""Harga makanannya reasonable dgn kualitas rasa yg enak banget.""","","","https://www.google.com/searchviewer/42?cvd=CLw_EiUKI-ICIDIeEhciFdLX29IPDwoLL2cvMXRkODBwZzgYAToDCPAN&hl=id-ID&gl=id&fo_m=MfohQo559jFvMUOzJVpjPL1YMfZ3bInYwBDuMfaXTPp5KXh-&utm_source=tactile&gei=XKf4ad6DAveXseMPocyGuQ8&ei=XKf4ad6DAveXseMPocyGuQ8&fo_s=OA&opi=79508299&orderType=1&ebb=1&cs=0&foub=mcpp","Pesan online","","","Jl. Setia Budi Tengah No.11, RT.1/RW.1","· 21.30 · Buka Sel pukul 11.00"
"https://www.google.com/maps/place/Waroeng+Setiabudhi/data=!4m7!3m6!1s0x2e68e695928db793:0xd677bf48df121009!8m2!3d-6.8677857!4d107.5935721!16s%2Fg%2F11b5zst3_0!19sChIJk7eNkpXmaC4RCRAS30i_d9Y?authuser=0&hl=id&rclk=1","Waroeng Setiabudhi","4,5","(9.428)","·","Rp 25–50 rb","Bakso","·","·","Buka","https://lh3.googleusercontent.com/gps-cs-s/APNQkAG2rLYKKbFB5g69gqW1ZCr5cpxr2BLwDwIMRKdhNGt4aSJ0YgXo1lC_5pXXvazX4fSbzDIYcl41FxKrDXrXi8HKZ02MnTSc7dIDNtrB5T5z1MHJd9IZIqaYNeAt3L9yaGNz8UrJ=w122-h92-k-no","https://ssl.gstatic.com/local/servicebusiness/default_user.png","""Makanannya enak, penyajian surabi lumayan","cepat","yg lama baksonya""","","","","","Jl. Dr. Setiabudi No.175","· Tutup pukul 23.00"
"https://www.google.com/maps/place/Sambal+Lalap+Setiabudhi/data=!4m7!3m6!1s0x2e68e786550120db:0x6d93e5ed4eb1a810!8m2!3d-6.8716071!4d107.5942691!16s%2Fg%2F11gx_whby1!19sChIJ2yABVYbnaC4REKixTu3lk20?authuser=0&hl=id&rclk=1","Sambal Lalap Setiabudhi","4,3","(558)","·","Rp 25–50 rb","Ayam","·","Jl. Dr. Setiabudi Jalan Hegarmanah No.172","Tutup","https://lh3.googleusercontent.com/gps-cs-s/APNQkAHuT58FahPjqFxtuQbZr9qWcV8pcNBmB-DOZYQhbKTOgHtZW5cnLR_yRo6GPybAKg4slLxOdC3Q2NmZ34AdV96y5G1EHgQHbX76rR28s9HNyBXEnOW9jzycXe5_v2JFUNMvvWhD=w194-h92-k-no","https://ssl.gstatic.com/local/servicebusiness/default_user.png","""enak murah bersih adem, gratis es teh manis jumbo jika makan di tempat,""","","","https://www.google.com/searchviewer/42?cvd=CLw_EicKJeICIjIgEhkiF9LX29IPEQoNL2cvMTFneF93aGJ5MRgBOgMI8A0%3D&hl=id-ID&gl=id&fo_m=MfohQo559jFvMUOzJVpjPL1YMfZ3bInYwBDuMfaXTPp5KXh-&utm_source=tactile&gei=XKf4ad6DAveXseMPocyGuQ8&ei=XKf4ad6DAveXseMPocyGuQ8&fo_s=OA&opi=79508299&orderType=1&ebb=1&cs=0&foub=mcpp","Pesan online","","","","· Buka Sel pukul 10.00"
"https://www.google.com/maps/place/Yoshinoya+Setiabudhi/data=!4m7!3m6!1s0x2e68e7c330e31601:0xf84ab5bd8ddd0ecc!8m2!3d-6.8804448!4d107.5986731!16s%2Fg%2F11h4h3283q!19sChIJARbjMMPnaC4RzA7djb21Svg?authuser=0&hl=id&rclk=1","Yoshinoya Setiabudhi","4,3","(677)","·","Rp 50–75 rb","Makanan Siap Saji","·","Jl. Dr. Setiabudi No.49, RW.01","Tutup","https://lh3.googleusercontent.com/gps-cs-s/APNQkAGidO7QRm_hfU6AZAJaiOQpBzaL_LbT_7tHySQb83FiUW5yYBX06105rq4Br9zkqHUcGomkt2QnCaL3FLyWWH90nBxtEJuKmyKTVgpbwA1SSGdrEhs5bs_pCWwV1yRMjM4nMoc0=w122-h92-k-no","https://ssl.gstatic.com/local/servicebusiness/default_user.png","""Tapi makanannya enak,","cepat saji",", bersih dan ramah pelayannya.""","https://www.google.com/searchviewer/42?cvd=CLw_EicKJeICIjIgEhkiF9LX29IPEQoNL2cvMTFoNGgzMjgzcRgBOgMI8A0%3D&hl=id-ID&gl=id&fo_m=MfohQo559jFvMUOzJVpjPL1YMfZ3bInYwBDuMfaXTPp5KXh-&utm_source=tactile&gei=XKf4ad6DAveXseMPocyGuQ8&ei=XKf4ad6DAveXseMPocyGuQ8&fo_s=OA&opi=79508299&orderType=1&ebb=1&cs=0&foub=mcpp","Pesan online","","","","· Buka Sel pukul 10.00"
"https://www.google.com/maps/place/Super+Enjoy+Bandung/data=!4m7!3m6!1s0x2e68e694361b583b:0x7472c4aa628c3cce!8m2!3d-6.8701419!4d107.593356!16s%2Fg%2F11b5zx6r9n!19sChIJO1gbNpTmaC4RzjyMYqrEcnQ?authuser=0&hl=id&rclk=1","Super Enjoy Bandung","4,5","(1.340)","·","Rp 1–25.000","Mi","·","·","Buka 24 jam","https://lh3.googleusercontent.com/gps-cs-s/APNQkAFpRj2cvgD4WhKd3i9hcYP4NyU38wzDfN-O1fmDdAbhnEcshs6dshjwF9KlEYiDIprLC14SdnxbyMyooueOVKv7nel-g7ZJQ1mLKcmztkT7nSrmYXyG5Z0jKHnXSRwipw1nviF_5w=w80-h106-k-no","https://ssl.gstatic.com/local/servicebusiness/default_user.png","""","Makanan","enak, menu beragam, buat nongki santai sendirian paling mantep.""","https://www.google.com/searchviewer/42?cvd=CLw_EicKJeICIjIgEhkiF9LX29IPEQoNL2cvMTFiNXp4NnI5bhgBOgMI8A0%3D&hl=id-ID&gl=id&fo_m=MfohQo559jFvMUOzJVpjPL1YMfZ3bInYwBDuMfaXTPp5KXh-&utm_source=tactile&gei=XKf4ad6DAveXseMPocyGuQ8&ei=XKf4ad6DAveXseMPocyGuQ8&fo_s=OA&opi=79508299&orderType=1&ebb=1&cs=0&foub=mcpp","Pesan online","","","Jl. Dr. Setiabudi No.139A",""
"https://www.google.com/maps/place/Dimsum+Bos+Setiabudi/data=!4m7!3m6!1s0x2e68e7000813599b:0xf1323ce58a2e99dc!8m2!3d-6.8692417!4d107.5936778!16s%2Fg%2F11w9q0rfs_!19sChIJm1kTCADnaC4R3JkuiuU8MvE?authuser=0&hl=id&rclk=1","Dimsum Bos Setiabudi","5,0","(1.000)","·","Rp 25–50 rb","China","·","Jl. Dr. Setiabudi No.186","Segera tutup","https://lh3.googleusercontent.com/gps-cs-s/APNQkAEU3ioHzTFtgSGxltKfNxmP87r-lJkxECtS6RPt9f33kpZ4mtzxOKBC4iqs2QSv2ddOt5egXWuqmSn7oE77iggPvpNWXzKjqkKCpe4jc9X1nw3Mc4BoPCWHG4I8U_SauaCBR-5DJqoC11ty=w80-h106-k-no","https://ssl.gstatic.com/local/servicebusiness/default_user.png","""Tempatnya terbuka dan bersih, dimsumnya enak dan segerr!""","","","https://www.google.com/searchviewer/42?cvd=CLw_EicKJeICIjIgEhkiF9LX29IPEQoNL2cvMTF3OXEwcmZzXxgBOgMI8A0%3D&hl=id-ID&gl=id&fo_m=MfohQo559jFvMUOzJVpjPL1YMfZ3bInYwBDuMfaXTPp5KXh-&utm_source=tactile&gei=XKf4ad6DAveXseMPocyGuQ8&ei=XKf4ad6DAveXseMPocyGuQ8&fo_s=OA&opi=79508299&orderType=1&ebb=1&cs=0&foub=mcpp","Pesan online","","","","· 22.00 · Buka Sel pukul 10.00"
"https://www.google.com/maps/place/Subway+Setiabudi+One/data=!4m7!3m6!1s0x2e69f58228ccfc45:0x122ea2ad6018063e!8m2!3d-6.2155828!4d106.8300323!16s%2Fg%2F11rdn0_1fg!19sChIJRfzMKIL1aS4RPgYYYK2iLhI?authuser=0&hl=id&rclk=1","Subway Setiabudi One","4,4","(713)","·","Rp 50–75 rb","Sandwich","·","Setiabudi One, Jl. H. R. Rasuna Said Ground Floor - B102, RT.18/RW.2","Tutup","https://lh3.googleusercontent.com/gps-cs-s/APNQkAHNuQBrJrn7t4reQIMZgM-9_Qme30pCfERrRgCvImBcsMLcI2YXiqw3ArDTdXaKXIuCXGbyoZGpiDJRgn2hRiVzn4XXwjHIPL5WV3s9bMDWr5W9b24MdRwVcsEaDQrn2wgkxMqJ=w80-h106-k-no","https://ssl.gstatic.com/local/servicebusiness/default_user.png","""Enak tempatnya, roti + sayuran + daging nya juga fresh fresh .. Mantulll""","","","https://www.google.com/searchviewer/42?cvd=CLw_EicKJeICIjIgEhkiF9LX29IPEQoNL2cvMTFyZG4wXzFmZxgBOgMI8A0%3D&hl=id-ID&gl=id&fo_m=MfohQo559jFvMUOzJVpjPL1YMfZ3bInYwBDuMfaXTPp5KXh-&utm_source=tactile&gei=XKf4ad6DAveXseMPocyGuQ8&ei=XKf4ad6DAveXseMPocyGuQ8&fo_s=OA&opi=79508299&orderType=1&ebb=1&cs=0&foub=mcpp","Pesan online","","","Jaringan kedai buat sandwich sendiri","· Buka Sel pukul 09.00"
"https://www.google.com/maps/place/IKI+Bento+Setiabudi/data=!4m7!3m6!1s0x2e69f5ec3ef426d5:0x7765ecbe20af2c4f!8m2!3d-6.2097598!4d106.8267996!16s%2Fg%2F11rgn10kfh!19sChIJ1Sb0Puz1aS4RTyyvIL7sZXc?authuser=0&hl=id&rclk=1","IKI Bento Setiabudi","1,8","(29)","","","Makanan Siap Saji","·","Jl. Taman Setia Budi II No.43, RT.1/RW.2","Buka","https://lh3.googleusercontent.com/gps-cs-s/APNQkAHLjoYQiC7JVadF7dQfIfAesMn6uvIX_d3lmYpA9HeQb8c8RN3c_iFtRl4ElgD9IcttHfR6cAGMBy0skUYJPVbiridmKBazkk_JKXevHXDCpww1BAPaTvnqT-rKL4D_yHo9EQM=w163-h92-k-no","https://ssl.gstatic.com/local/servicebusiness/default_user.png","""","Makanan","nya enak pelayanan nya juga baik dan pada ramah.""","https://www.google.com/searchviewer/42?cvd=CLw_EicKJeICIjIgEhkiF9LX29IPEQoNL2cvMTFyZ24xMGtmaBgAOgMI8A0%3D&hl=id-ID&gl=id&fo_m=MfohQo559jFvMUOzJVpjPL1YMfZ3bInYwBDuMfaXTPp5KXh-&utm_source=tactile&gei=XKf4ad6DAveXseMPocyGuQ8&ei=XKf4ad6DAveXseMPocyGuQ8&fo_s=OA&opi=79508299&ebb=1&cs=0&foub=mcpp","Pesan online","","","","· Tutup pukul 23.00"
"https://www.google.com/maps/place/Kiosk+Foodmarket/data=!4m7!3m6!1s0x2e68e6f480aa0bbb:0xd900ac55c2c499ca!8m2!3d-6.882479!4d107.6009399!16s%2Fg%2F1tlx8p2v!19sChIJuwuqgPTmaC4RypnEwlWsANk?authuser=0&hl=id&rclk=1","Kiosk Foodmarket","4,3","(854)","·","Rp 25–50 rb","Restoran","·","Jl. Dr. Setiabudi No.46","Tutup","https://lh3.googleusercontent.com/gps-cs-s/APNQkAHIghWU1QSCtq0TwaQxm5FZIgiMyFK74wl5jtJQoIo04TSV-MtNKAQkEESL2R-i6nfpKOOfvR_QKtuHM_NJ7T5CLEXSVPbbj_y_QkaN8uF7lVSIqt_d8ST6jgUF9n03nENSa9o=w163-h92-k-no","https://ssl.gstatic.com/local/servicebusiness/default_user.png","""Makanannya biasa aja, minumannya lama banget.. tempatnya sih enak""","","","https://www.google.com/searchviewer/42?cvd=CLw_EiUKI-ICIDIeEhciFdLX29IPDwoLL2cvMXRseDhwMnYYAToDCPAN&hl=id-ID&gl=id&fo_m=MfohQo559jFvMUOzJVpjPL1YMfZ3bInYwBDuMfaXTPp5KXh-&utm_source=tactile&gei=ZKf4aeiJFKrgseMP34XAWQ&ei=ZKf4aeiJFKrgseMP34XAWQ&fo_s=OA&opi=79508299&orderType=1&ebb=1&cs=0&foub=mcpp","Pesan online","","","Pusat jajanan tradisional Bandung","· Buka Sel pukul 09.00"
"https://www.google.com/maps/place/d%27BestO+Chicken+%26+Burger/data=!4m7!3m6!1s0x2e69f406e4db428f:0x20ad669d21a1929d!8m2!3d-6.2139186!4d106.826908!16s%2Fg%2F11c2kgkkkt!19sChIJj0Lb5Ab0aS4RnZKhIZ1mrSA?authuser=0&hl=id&rclk=1","d'BestO Chicken & Burger","4,3","(394)","·","Rp 1–25.000","Makanan Siap Saji","·","·","Buka 24 jam","https://lh3.googleusercontent.com/gps-cs-s/APNQkAFIobR-H0hrjciGiMISJ9pBpRYSLh4rVBEUCveROlvgdenfeh4DAlzQg7AUTuVA9IEF-8MuE5rcJ44ww9uccdUzMsKq5NX6-AA-IDmH2ha8J7jIwtq-utyP_paARYvy6IjwbDr6=w122-h92-k-no","https://ssl.gstatic.com/local/servicebusiness/default_user.png","""Ayam nya enak garing banget toko nya juga bersih pelayanannya juga  bagus""","","","https://www.google.com/searchviewer/42?cvd=CLw_EicKJeICIjIgEhkiF9LX29IPEQoNL2cvMTFjMmtna2trdBgBOgMI8A0%3D&hl=id-ID&gl=id&fo_m=MfohQo559jFvMUOzJVpjPL1YMfZ3bInYwBDuMfaXTPp5KXh-&utm_source=tactile&gei=ZKf4aeiJFKrgseMP34XAWQ&ei=ZKf4aeiJFKrgseMP34XAWQ&fo_s=OA&opi=79508299&orderType=1&ebb=1&cs=0&foub=mcpp","Pesan online","","","Jl. Karbela Timur, RT.2/RW.5",""
"https://www.google.com/maps/place/Spesial+Soto+Boyolali+%28SSB%29+Hj.+Hesti+Widodo,+Setiabudi/data=!4m7!3m6!1s0x2e68e7f33178fe51:0x7e87a7dd39658374!8m2!3d-6.8722225!4d107.5947161!16s%2Fg%2F11qg4t25sb!19sChIJUf54MfPnaC4RdINlOd2nh34?authuser=0&hl=id&rclk=1","Spesial Soto Boyolali (SSB) Hj. Hesti Widodo, Setiabudi","4,5","(792)","·","Rp 25–50 rb","Soto","·","Jl. Dr. Setiabudi No.170F","Tutup","https://lh3.googleusercontent.com/gps-cs-s/APNQkAHzJ97sEmgu33kOJLMVi-K5lSWkUANaSMaOp6iuYpYEfmWpy_eB_X0otTYxNoyr3UZsy5xvqu3C_xc6ItQ7uaCDK4kB99q-xzpUe3Deyg8FBsehsJopWTGaDegfJP7ghp1Mf1UGmQp2WLS0=w80-h106-k-no","https://ssl.gstatic.com/local/servicebusiness/default_user.png","""","Makanan","enak dan murah, gorengannya terbaik, soto ayam dan sapinya enakk""","https://www.google.com/searchviewer/42?cvd=CLw_EicKJeICIjIgEhkiF9LX29IPEQoNL2cvMTFxZzR0MjVzYhgBOgMI8A0%3D&hl=id-ID&gl=id&fo_m=MfohQo559jFvMUOzJVpjPL1YMfZ3bInYwBDuMfaXTPp5KXh-&utm_source=tactile&gei=ZKf4aeiJFKrgseMP34XAWQ&ei=ZKf4aeiJFKrgseMP34XAWQ&fo_s=OA&opi=79508299&orderType=1&ebb=1&cs=0&foub=mcpp","Pesan online","","","","· Buka Sel pukul 06.00"
"https://www.google.com/maps/place/HokBen+Setiabudi+One/data=!4m7!3m6!1s0x2e69f4080ec94e1b:0xed4ab7ceb9fbb50b!8m2!3d-6.2156554!4d106.8300599!16s%2Fg%2F1td8gqm4!19sChIJG07JDgj0aS4RC7X7uc63Su0?authuser=0&hl=id&rclk=1","HokBen Setiabudi One","4,5","(1.652)","·","Rp 25–50 rb","Jepang","·","Setiabudi One, Kuningan, Jl. H. R. Rasuna Said Lt.1 Unit B, RT.18/RW.2","Tutup","https://lh3.googleusercontent.com/gps-cs-s/APNQkAGAhxb6pYHnxN_-yRx1s4HkpLFik6U5qxIYP22jKsLsdRjIB-Q47ig6HSW6pXD0whRr3kxYsTdBGg1_5NH0Zq0l3FAPfkoykscypFaeh2tf_r11VcxAkoh0sLQcVoswLxJVV2tSRg=w163-h92-k-no","https://ssl.gstatic.com/local/servicebusiness/default_user.png","""tempatnya nyaman dan makanannya bersih sesuai ekspektasi""","","","https://www.google.com/searchviewer/42?cvd=CLw_EiUKI-ICIDIeEhciFdLX29IPDwoLL2cvMXRkOGdxbTQYAToDCPAN&hl=id-ID&gl=id&fo_m=MfohQo559jFvMUOzJVpjPL1YMfZ3bInYwBDuMfaXTPp5KXh-&utm_source=tactile&gei=ZKf4aeiJFKrgseMP34XAWQ&ei=ZKf4aeiJFKrgseMP34XAWQ&fo_s=OA&opi=79508299&orderType=1&ebb=1&cs=0&foub=mcpp","Pesan online","","","","· Buka Sel pukul 10.00"
"https://www.google.com/maps/place/Restoran+Sederhana+Setiabudi+Bandung/data=!4m7!3m6!1s0x2e68e6f4627751d5:0x254f481e3b3bee1f!8m2!3d-6.8797083!4d107.5982134!16s%2Fg%2F11ddx50sxs!19sChIJ1VF3YvTmaC4RH-47Ox5ITyU?authuser=0&hl=id&rclk=1","Restoran Sederhana Setiabudi Bandung","4,5","(1.393)","·","Rp 25–50 rb","Padang","·","Jl. Dr. Setiabudi No.55","Segera tutup","https://lh3.googleusercontent.com/gps-cs-s/APNQkAGl1nhWLuLP50NoBhsecLI1K57MJtHfwbfOSPkJbKloh1Y9yDRcTwftwQ1-soFN-AqO8Y4Yyme6zMaAruta97y4WdtFpg_vJJ74hWUopx8zwA0cRF0OzvDAV2ejCHQnSbl9FC72=w163-h92-k-no","https://ssl.gstatic.com/local/servicebusiness/default_user.png","""Makanannya enak semuaa, wajib kesini pokoknya kalau ke bandung 👍🏻""","","","https://www.google.com/searchviewer/42?cvd=CLw_EicKJeICIjIgEhkiF9LX29IPEQoNL2cvMTFkZHg1MHN4cxgBOgMI8A0%3D&hl=id-ID&gl=id&fo_m=MfohQo559jFvMUOzJVpjPL1YMfZ3bInYwBDuMfaXTPp5KXh-&utm_source=tactile&gei=ZKf4aeiJFKrgseMP34XAWQ&ei=ZKf4aeiJFKrgseMP34XAWQ&fo_s=OA&opi=79508299&orderType=1&ebb=1&cs=0&foub=mcpp","Pesan online","","","","· 21.30 · Buka Sel pukul 08.00"
"https://www.google.com/maps/place/Big+Bento/data=!4m7!3m6!1s0x2e69f5e2aed1a2f3:0x3117ef6082978d9f!8m2!3d-6.2128926!4d106.8291916!16s%2Fg%2F11p7816w1_!19sChIJ86LRruL1aS4Rn42XgmDvFzE?authuser=0&hl=id&rclk=1","Big Bento","4,9","(9)","·","Rp 25–50 rb","Makanan Siap Saji","·","Wisma Bakrie, Jl. Setiabudi Selatan Raya, RT.5/RW.5","Segera tutup","https://lh3.googleusercontent.com/gps-cs-s/APNQkAFQ_zuuwHcyNYRTPdvAqYCATN5jdl9Qu1K3FxTEVoJeS-7wS6DxIw9Bxpo5wBDRyXIJmt_8EHzu72NoIcaO_yESang-XwmKD3IxyS2WSeqF-GF7MyCR_Ynvlb-I5atd82lp-ny3=w92-h92-k-no","https://ssl.gstatic.com/local/servicebusiness/default_user.png","""Bento versi kaki lima dengan rasa yg enak dan harga murah...""","","","","","","","","· 22.00 · Buka Sel pukul 10.00"
"https://www.google.com/maps/place/Pecel+Lele+Oma,+Setiabudi/data=!4m7!3m6!1s0x2e69f567b941bbc7:0xa0cd72be698af95a!8m2!3d-6.209382!4d106.8268894!16s%2Fg%2F11n3lyw3l5!19sChIJx7tBuWf1aS4RWvmKab5yzaA?authuser=0&hl=id&rclk=1","Pecel Lele Oma, Setiabudi","4,8","(58)","·","Rp 25–50 rb","Restoran","·","Jl. Setia Budi Tengah No.6, RT.1/RW.1","Segera tutup","https://lh3.googleusercontent.com/gps-cs-s/APNQkAGEihfwSSW7JJzPDHZomQouASkC6hLc5R5oS1mr99IeIRjQxequrCXAMP_P3vZzwcyi7GbciSmqsOyulUunei0Y0PWL8YG41wFnS5bVfmKg0d3wsFKOP6UekPIVOfZzViqW28HK0c-YJpM=w80-h142-k-no","https://ssl.gstatic.com/local/servicebusiness/default_user.png","""makanannya enak banget, sambelnya bisa ambil sepuasnya dan semuanya enak.""","","","https://www.google.com/searchviewer/42?cvd=CLw_EicKJeICIjIgEhkiF9LX29IPEQoNL2cvMTFuM2x5dzNsNRgBOgMI8A0%3D&hl=id-ID&gl=id&fo_m=MfohQo559jFvMUOzJVpjPL1YMfZ3bInYwBDuMfaXTPp5KXh-&utm_source=tactile&gei=ZKf4aeiJFKrgseMP34XAWQ&ei=ZKf4aeiJFKrgseMP34XAWQ&fo_s=OA&opi=79508299&orderType=1&ebb=1&cs=0&foub=mcpp","Pesan online","","","","· 21.30 · Buka Sel pukul 11.45"
"https://www.google.com/maps/place/Pizza+Hut+Restoran/data=!4m7!3m6!1s0x2e68e77190ca175d:0xd437ce8fdce8a541!8m2!3d-6.8750713!4d107.5962093!16s%2Fg%2F11h1g31cqy!19sChIJXRfKkHHnaC4RQaXo3I_ON9Q?authuser=0&hl=id&rclk=1","Pizza Hut Restoran","4,7","(5.073)","·","$$","Pizza","·","·","Buka","https://lh3.googleusercontent.com/gps-cs-s/APNQkAHrUpGZzESAF3486QrRlVY7IwwroHSbOv9npSkKNBXwaozjZFM907Utj7dGq2dgTE1Yo7je7PotAimHmM-P0TxHEPGXwzS8vpKRsJMQlP9X0YJdpnEbZ2CZ_DO72as3Y3XHYzPzAA=w122-h92-k-no","https://ssl.gstatic.com/local/servicebusiness/default_user.png","""Menu baru nya cheesy melty crispy nya enak sekaliiii nambah terussss""","","","https://www.google.com/searchviewer/42?cvd=CLw_EicKJeICIjIgEhkiF9LX29IPEQoNL2cvMTFoMWczMWNxeRgAOgMI8A0%3D&hl=id-ID&gl=id&fo_m=MfohQo559jFvMUOzJVpjPL1YMfZ3bInYwBDuMfaXTPp5KXh-&utm_source=tactile&gei=ZKf4aeiJFKrgseMP34XAWQ&ei=ZKf4aeiJFKrgseMP34XAWQ&fo_s=OA&opi=79508299&ebb=1&cs=0&foub=mcpp","Pesan online","","","Jl. Dr. Setiabudi No.87","· Tutup pukul 23.00"
"https://www.google.com/maps/place/HokBen/data=!4m7!3m6!1s0x2e68e6f2cd9f69d7:0xa603bdd42d09107c!8m2!3d-6.8789235!4d107.5978115!16s%2Fg%2F1tdg0b41!19sChIJ12mfzfLmaC4RfBAJLdS9A6Y?authuser=0&hl=id&rclk=1","HokBen","4,4","(3.296)","·","Rp 50–75 rb","Jepang","·","·","Segera tutup","https://lh3.googleusercontent.com/gps-cs-s/APNQkAEbKcDyyHbceWVE3eIISzlzjvA7SeZ0VvkTo-rPe5dNy1Vrf9qWCNoCHyBFCObvOZORSUHDMkvKQooKI_xcMLPMSPSIhMTxMV1K4DTgSvim5rN-ry89qAJJ9sgVbY66njonxm87=w163-h92-k-no","https://ssl.gstatic.com/local/servicebusiness/default_user.png","""Enak mantap, pelayanan","cepat",", kalau kemalaman sebagian menu habis""","https://www.google.com/searchviewer/42?cvd=CLw_EiUKI-ICIDIeEhciFdLX29IPDwoLL2cvMXRkZzBiNDEYAToDCPAN&hl=id-ID&gl=id&fo_m=MfohQo559jFvMUOzJVpjPL1YMfZ3bInYwBDuMfaXTPp5KXh-&utm_source=tactile&gei=ZKf4aeiJFKrgseMP34XAWQ&ei=ZKf4aeiJFKrgseMP34XAWQ&fo_s=OA&opi=79508299&orderType=1&ebb=1&cs=0&foub=mcpp","Pesan online","","","Jl. Dr. Setiabudi No.61","· 22.00 · Buka Sel pukul 08.00"
"https://www.google.com/maps/place/emado%27s+shawarma+Setiabudi/data=!4m7!3m6!1s0x2e68e7a6219e7129:0x934fed4148af09ef!8m2!3d-6.5407904!4d106.8772571!16s%2Fg%2F11rgdqm5bc!19sChIJKXGeIabnaC4R7wmvSEHtT5M?authuser=0&hl=id&rclk=1","emado's shawarma Setiabudi","4,3","(346)","·","Rp 25–50 rb","Timur Tengah","·","Near Rumah Makan Mauneh, Jl. Dr. Setiabudi No.194","Segera tutup","https://lh3.googleusercontent.com/gps-cs-s/APNQkAG9fMqC6CD9MQCgJvFroS0OQRFjoXrpbAuigHzmHkHZ10-NNUa4di21SpDgFJJLGrYSfqWsB1PDU9Ax_ZlfWBkQ0yaJVSwZ2aypaJsn1NRb_Hgez22I-NZbE_NjwtYTqsPkVFVo=w122-h92-k-no","https://ssl.gstatic.com/local/servicebusiness/default_user.png","""Enak banget, juicy ayamnya, bumbu rempah nya meresap sampe ke tulang.""","","","","","","","","· 22.00 · Buka Sel pukul 09.00"
"https://www.google.com/maps/place/The+Grand+Duck+King+Signatures/data=!4m7!3m6!1s0x2e69f408774b5c45:0xf69945f2901b6938!8m2!3d-6.2151499!4d106.8298937!16s%2Fg%2F11r8r44j8!19sChIJRVxLdwj0aS4ROGkbkPJFmfY?authuser=0&hl=id&rclk=1","The Grand Duck King Signatures","4,5","(1.206)","·","Rp 250.000+","China","·","·","Segera tutup","https://lh3.googleusercontent.com/gps-cs-s/APNQkAEr7w3sy5L4R3NN6yz7LVPukRpGe0PuoTRa7H66EeGnkfOFl3vvwHnLn1hf3OeP-bAHqSZYpqddD_TRnNILcwrC9YgH-tzn4ULRzsgEjJDjd5cZH3aW9fQuxODSFL71EvnhM0SqvA=w189-h92-k-no","https://ssl.gstatic.com/local/servicebusiness/default_user.png","""Tempat bersih dan","makanan","enak, serta pelayanan cukup baik.""","https://www.google.com/maps/reserve/v/dine/c/wIraz7EhtOk?source=pa&opi=79508299&hl=id-ID&gei=ZKf4aeiJFKrgseMP34XAWQ&sourceurl=https://www.google.com/search?tbm%3Dmap%26authuser%3D0%26hl%3Did%26gl%3Did%26pb%3D!4m12!1m3!1d32101.69620679413!2d107.5781110033169!3d-6.874453839512756!2m3!1f0!2f0!3f0!3m2!1i1440!2i778!4f13.1!7i20!8i20!10b1!12m26!1m5!18b1!30b1!31m1!1b1!34e1!2m4!5m1!6e2!20e3!39b1!10b1!12b1!13b1!16b1!17m1!3e1!20m4!5e2!6b1!8b1!14b1!46m1!1b0!96b1!99b1!19m4!2m3!1i360!2i120!4i8!20m65!2m2!1i203!2i100!3m2!2i4!5b1!6m6!1m2!1i86!2i86!1m2!1i408!2i240!7m33!1m3!1e1!2b0!3e3!1m3!1e2!2b1!3e2!1m3!1e2!2b0!3e3!1m3!1e8!2b0!3e3!1m3!1e10!2b0!3e3!1m3!1e10!2b1!3e2!1m3!1e10!2b0!3e4!1m3!1e9!2b1!3e2!2b1!9b0!15m16!1m7!1m2!1m1!1e2!2m2!1i195!2i195!3i20!1m7!1m2!1m1!1e2!2m2!1i195!2i195!3i20!22m5!1sOpP4acWsFKTRwcsPtLufsQk:19198!2s1i:0,t:246204,p:OpP4acWsFKTRwcsPtLufsQk:19198!7e81!12e22!17sOpP4acWsFKTRwcsPtLufsQk:19199!24m109!1m27!13m9!2b1!3b1!4b1!6i1!8b1!9b1!14b1!20b1!25b1!18m16!3b1!4b1!5b1!6b1!9b1!13b1!14b1!17b1!20b1!21b1!22b1!32b1!33m1!1b1!34b1!36e2!10m1!8e3!11m1!3e1!17b1!20m2!1e3!1e6!24b1!25b1!26b1!27b1!29b1!30m1!2b1!36b1!37b1!39m3!2m2!2i1!3i1!43b1!52b1!54m1!1b1!55b1!56m1!1b1!61m2!1m1!1e1!65m5!3m4!1m3!1m2!1i224!2i298!72m22!1m8!2b1!5b1!7b1!12m4!1b1!2b1!4m1!1e1!4b1!8m10!1m6!4m1!1e1!4m1!1e3!4m1!1e4!3sother_user_google_review_posts__and__hotel_and_vr_partner_review_posts!6m1!1e1!9b1!89b1!90m2!1m1!1e2!98m3!1b1!2b1!3b1!103b1!113b1!114m3!1b1!2m1!1b1!117b1!122m1!1b1!126b1!127b1!128m1!1b0!26m4!2m3!1i80!2i92!4i8!30m28!1m6!1m2!1i0!2i0!2m2!1i530!2i778!1m6!1m2!1i1390!2i0!2m2!1i1440!2i778!1m6!1m2!1i0!2i0!2m2!1i1440!2i20!1m6!1m2!1i0!2i758!2m2!1i1440!2i778!34m19!2b1!3b1!4b1!6b1!8m6!1b1!3b1!4b1!5b1!6b1!7b1!9b1!12b1!14b1!20b1!23b1!25b1!26b1!31b1!37m1!1e81!42b1!46m1!1e9!47m0!49m10!3b1!6m2!1b1!2b1!7m2!1e3!2b1!8b1!9b1!10e2!50m352!1m347!2m7!1u3!4sBuka%2Bsekarang!5e1!9s0ahUKEwjeodC95p-UAxX3S2wGHSGmIfcQ_KkBCBEoAg!10m2!3m1!1e1!2m7!1u5!4sIndonesia!5e1!9s0ahUKEwjeodC95p-UAxX3S2wGHSGmIfcQ_KkBCBIoAw!10m2!5m1!1sgcid:indonesian_restaurant!2m7!1u5!4sRestoran%2BJepang!5e1!9s0ahUKEwjeodC95p-UAxX3S2wGHSGmIfcQ_KkBCBMoBA!10m2!5m1!1sgcid:japanese_restaurant!2m7!1u2!4sRating%2Btertinggi!5e1!9s0ahUKEwjeodC95p-UAxX3S2wGHSGmIfcQ_KkBCBQoBQ!10m2!2m1!1e1!2m7!1u1!4sMurah!5e1!9s0ahUKEwjeodC95p-UAxX3S2wGHSGmIfcQ_KkBCBUoBg!10m2!1m1!1e1!2m7!1u1!4sKelas%2Batas!5e1!9s0ahUKEwjeodC95p-UAxX3S2wGHSGmIfcQ_KkBCBYoBw!10m2!1m1!1e2!2m11!1u62!2e1!4s!5e3!9s0ahUKEwjeodC95p-UAxX3S2wGHSGmIfcQ_KkBCBcoCA!10m5!64m4!2m3!1i1!2i25000!3sIDR!2m11!1u62!2e1!4s!5e3!9s0ahUKEwjeodC95p-UAxX3S2wGHSGmIfcQ_KkBCBgoCQ!10m5!64m4!2m3!1i25000!2i50000!3sIDR!2m11!1u62!2e1!4s!5e3!9s0ahUKEwjeodC95p-UAxX3S2wGHSGmIfcQ_KkBCBkoCg!10m5!64m4!2m3!1i50000!2i75000!3sIDR!2m11!1u62!2e1!4s!5e3!9s0ahUKEwjeodC95p-UAxX3S2wGHSGmIfcQ_KkBCBooCw!10m5!64m4!2m3!1i75000!2i100000!3sIDR!2m11!1u62!2e1!4s!5e3!9s0ahUKEwjeodC95p-UAxX3S2wGHSGmIfcQ_KkBCBsoDA!10m5!64m4!2m3!1i100000!2i125000!3sIDR!2m11!1u62!2e1!4s!5e3!9s0ahUKEwjeodC95p-UAxX3S2wGHSGmIfcQ_KkBCBwoDQ!10m5!64m4!2m3!1i125000!2i150000!3sIDR!2m11!1u62!2e1!4s!5e3!9s0ahUKEwjeodC95p-UAxX3S2wGHSGmIfcQ_KkBCB0oDg!10m5!64m4!2m3!1i150000!2i175000!3sIDR!2m11!1u62!2e1!4s!5e3!9s0ahUKEwjeodC95p-UAxX3S2wGHSGmIfcQ_KkBCB4oDw!10m5!64m4!2m3!1i175000!2i200000!3sIDR!2m11!1u62!2e1!4s!5e3!9s0ahUKEwjeodC95p-UAxX3S2wGHSGmIfcQ_KkBCB8oEA!10m5!64m4!2m3!1i200000!2i225000!3sIDR!2m11!1u62!2e1!4s!5e3!9s0ahUKEwjeodC95p-UAxX3S2wGHSGmIfcQ_KkBCCAoEQ!10m5!64m4!2m3!1i225000!2i250000!3sIDR!2m10!1u62!2e1!4s!5e3!9s0ahUKEwjeodC95p-UAxX3S2wGHSGmIfcQ_KkBCCEoEg!10m4!64m3!2m2!1i250000!3sIDR!3m88!1u62!2m7!1m5!64m4!2m3!1i1!2i25000!3sIDR!2s!2m7!1m5!64m4!2m3!1i25000!2i50000!3sIDR!2s!2m7!1m5!64m4!2m3!1i50000!2i75000!3sIDR!2s!2m7!1m5!64m4!2m3!1i75000!2i100000!3sIDR!2s!2m7!1m5!64m4!2m3!1i100000!2i125000!3sIDR!2s!2m7!1m5!64m4!2m3!1i125000!2i150000!3sIDR!2s!2m7!1m5!64m4!2m3!1i150000!2i175000!3sIDR!2s!2m7!1m5!64m4!2m3!1i175000!2i200000!3sIDR!2s!2m7!1m5!64m4!2m3!1i200000!2i225000!3sIDR!2s!2m7!1m5!64m4!2m3!1i225000!2i250000!3sIDR!2s!2m6!1m4!64m3!2m2!1i250000!3sIDR!2s!3m1!1u2!3m1!1u3!3m73!1u5!2m7!1m2!5m1!1sgcid:chinese_restaurant!2sRestoran%2BChina!3m2!2m1!1shttps://ssl.gstatic.com/local/refinements/cuisineicons/chinese.png!2m7!1m2!5m1!1sgcid:indian_restaurant!2sRestoran%2BIndia!3m2!2m1!1shttps://ssl.gstatic.com/local/refinements/cuisineicons/indian.png!2m7!1m2!5m1!1sgcid:indonesian_restaurant!2sIndonesia!3m2!2m1!1shttps://ssl.gstatic.com/local/refinements/cuisineicons/restaurant.png!2m7!1m2!5m1!1sgcid:italian_restaurant!2sItalia!3m2!2m1!1shttps://ssl.gstatic.com/local/refinements/cuisineicons/italian.png!2m7!1m2!5m1!1sgcid:japanese_restaurant!2sRestoran%2BJepang!3m2!2m1!1shttps://ssl.gstatic.com/local/refinements/cuisineicons/japanese.png!2m7!1m2!5m1!1sgcid:korean_restaurant!2sKorea!3m2!2m1!1shttps://ssl.gstatic.com/local/refinements/cuisineicons/restaurant.png!2m7!1m2!5m1!1sgcid:pizza_restaurant!2sPizza!3m2!2m1!1shttps://ssl.gstatic.com/local/refinements/cuisineicons/pizza.png!2m7!1m2!5m1!1sgcid:seafood_restaurant!2sHidangan%2BLaut!3m2!2m1!1shttps://ssl.gstatic.com/local/refinements/cuisineicons/seafood.png!2m7!1m2!5m1!1sgcid:sushi_restaurant!2sSushi!3m2!2m1!1shttps://ssl.gstatic.com/local/refinements/cuisineicons/sushi.png!4BIAEqAklE!2e2!3m2!1b1!3b1!59BQ2dBd0Fn!67m5!7b1!10b1!14b1!15m1!1b0!69i777!77b1%26q%3Dmakanan%2Bsiap%2Bsaji%2Bdi%2Bsetiabudi%26ech%3D228%26psi%3DOpP4acWsFKTRwcsPtLufsQk.1777898300643.1","Reservasi tempat","","","Kuningan, Jl. H. R. Rasuna Said No.Kav 62, RT.18/RW.2","· 21.30 · Buka Sel pukul 11.00"
"https://www.google.com/maps/place/Sop+iga+Dipatiukur+cabang+setiabudi+gerlong,+jl+setiabudi+107b+bandung,+dalam+foodcourt+nya/data=!4m7!3m6!1s0x2e68e70c5d6f2577:0xd079a0e832a52bdf!8m2!3d-6.8710935!4d107.5935734!16s%2Fg%2F11pz2x1w15!19sChIJdyVvXQznaC4R3yulMuigedA?authuser=0&hl=id&rclk=1","Sop iga Dipatiukur cabang setiabudi gerlong, jl setiabudi 107b bandung, dalam foodcourt nya","4,3","(4)","","","Restoran","·","·","Tutup","https://lh3.googleusercontent.com/gps-cs-s/APNQkAE4oi2Ao1aHCy6a4PgTmG3HRPpFys_BqIRWVVsAE7pIC-CGpf56ZpA1D68dUn2cLcCF2gS3NlV-zjQTwsLj3MJDA2zthE2KOIQK-Q3pK-66gkxR8Omw8aDmbhvOw8ie5UF-5I_D3g=w80-h142-k-no","","Makan di tempat","Drive-through","Antar tanpa bertemu","","","","","Samping aneka motor setiabudi foodcourt, Jl. Dr. Setiabudi No.107b","· Buka Sel pukul 09.00"
"https://www.google.com/maps/place/Rahayu+Kuliner+%28+Street+Food+Court+%29/data=!4m7!3m6!1s0x2e69f34e9614b973:0x86d1a0e0c82c9eed!8m2!3d-6.2194213!4d106.8300636!16s%2Fg%2F11h1f19b03!19sChIJc7kUlk7zaS4R7Z4syOCg0YY?authuser=0&hl=id&rclk=1","Rahayu Kuliner ( Street Food Court )","4,4","(527)","·","Rp 25–50 rb","Pujasera","·","6, Jl. Denpasar No.7, RT.6/RW.7","Buka 24 jam","https://lh3.googleusercontent.com/gps-cs-s/APNQkAEkoteFkIMB6Ih67oS0CY3VcO8A5s9IHSvehvffvun7EkfoSER11Kl-upTDsbfta7aqwhn29_qhCSeqlqb-fV4LL-eKRioH-7GSlMdBHWAYdBm33Rvy6utVPmotBy8z608Ybzqs=w163-h92-k-no","https://ssl.gstatic.com/local/servicebusiness/default_user.png","""Banyak pilihan makan dan enak enak, ada live musicnya juga.""","","","","","","","",""
"https://www.google.com/maps/place/Mochikin+Korean+Krispy+Chicken/data=!4m7!3m6!1s0x2e68e57c47e92f91:0xc9b1ee33e75bb169!8m2!3d-6.8689871!4d107.5934313!16s%2Fg%2F11pclkb4_h!19sChIJkS_pR3zlaC4RabFb5zPusck?authuser=0&hl=id&rclk=1","Mochikin Korean Krispy Chicken","4,5","(92)","·","Rp 25–50 rb","Makanan Siap Saji","·","Jl. Dr. Setiabudi No.159","Tutup","https://lh3.googleusercontent.com/gps-cs-s/APNQkAGgXQxiRh3iNpC2-08i_uWuywjdXMILEcJKPvZksrlNuwK2nAr0t7B8mzvGP6svg5cCeMfX45y6M6rDdA1xubqmUaxn7rh6wVcuYPYQOBVNb3FaIFnZWudrHaxoWCQZaix797Aarw=w92-h92-k-no","https://ssl.gstatic.com/local/servicebusiness/default_user.png","""Tempat nyaman, pelayanan","cepat",", harga pas, rasa enak👌""","https://www.google.com/searchviewer/42?cvd=CLw_EicKJeICIjIgEhkiF9LX29IPEQoNL2cvMTFwY2xrYjRfaBgBOgMI8A0%3D&hl=id-ID&gl=id&fo_m=MfohQo559jFvMUOzJVpjPL1YMfZ3bInYwBDuMfaXTPp5KXh-&utm_source=tactile&gei=ZKf4aeiJFKrgseMP34XAWQ&ei=ZKf4aeiJFKrgseMP34XAWQ&fo_s=OA&opi=79508299&orderType=1&ebb=1&cs=0&foub=mcpp","Pesan online","","","","· Buka Sel pukul 08.00"
"https://www.google.com/maps/place/Ufo+Burger+Setiabudi/data=!4m7!3m6!1s0x2e69f545b8329399:0xc7f9a59c793c774e!8m2!3d-6.2142285!4d106.8256041!16s%2Fg%2F11t0019jg1!19sChIJmZMyuEX1aS4RTnc8eZyl-cc?authuser=0&hl=id&rclk=1","Ufo Burger Setiabudi","5,0","(2)","","","Makanan Siap Saji","·","Jl. Perintis No.19, RT.18/RW.2","Segera tutup","https://lh3.googleusercontent.com/gps-cs-s/APNQkAHUuFVjkCvkJJLDKbnOxzmohftX5_ChNDtmCX9HaORUnDMXEXkxaEix_bqqBi0BV0cH-v5eg80lLt-VwcMNRbYR-NNsAbnnBXsoR-wN1gaVpSYCRJnkal8NMs-NM9x4j4Au_RkCnQ=w96-h92-k-no","","Makan di tempat","Drive-through","Antar tanpa bertemu","","","","","","· 22.00 · Buka Sel pukul 10.00"
"https://www.google.com/maps/place/Ampera+Rumah+Makan/data=!4m7!3m6!1s0x2e68e6be233599f3:0x98285b28a89fe45d!8m2!3d-6.8594992!4d107.5949157!16s%2Fg%2F1hm1wcqc9!19sChIJ85k1I77maC4RXeSfqChbKJg?authuser=0&hl=id&rclk=1","Ampera Rumah Makan","4,1","(377)","·","Rp 25–50 rb","Sunda","·","·","Segera tutup","https://lh3.googleusercontent.com/gps-cs-s/APNQkAGqI5Kjpv4ixhQR9iTWL3ycW6j0D2-lwIems2FrT_cKLUkS5Us38VI8Gmc7Tglgme0yOsh7DxqBoLzDSGR39MlBR6kPJMtywDCXCe1laDl53WQ79qzlA08RXCI7-cPrOvir2E_9=w122-h92-k-no","https://ssl.gstatic.com/local/servicebusiness/default_user.png","""Makanannya enak, tempatnya bersih, kamar mandi juga bersih.""","","","","","","","JL. Doktor Setiabudi, No. 286 RT. 01 RW. 03, Ledeng Cidadap, Bandung","· 22.00 · Buka Sel pukul 07.00"
"https://www.google.com/maps/place/Rumah+Makan+Salero/data=!4m7!3m6!1s0x2e69f35fc681601f:0x9d560aa798378117!8m2!3d-6.2156544!4d106.8220146!16s%2Fg%2F11f08j38ts!19sChIJH2CBxl_zaS4RF4E3mKcKVp0?authuser=0&hl=id&rclk=1","Rumah Makan Salero","4,5","(264)","·","Rp 25–50 rb","Padang","·","·","Buka","https://lh3.googleusercontent.com/gps-cs-s/APNQkAErLt_uLPGfLqPJ4XeOzaIVfLSJNaMakxoZTWmeyliwnOCUcRDnomoAAIFXBiPlwOXoL2H-TxmUnaYKket3UM5uFszU1ZJ762cIKXCWEe_3YwoTbdlMR9aMSaE_imUF5DObcgSp=w122-h92-k-no","https://ssl.gstatic.com/local/servicebusiness/default_user.png","""Gulai tunjangnya mantap, ikan bakarnya enak, semuanya lezat.""","","","https://www.google.com/searchviewer/42?cvd=CLw_EicKJeICIjIgEhkiF9LX29IPEQoNL2cvMTFmMDhqMzh0cxgBOgMI8A0%3D&hl=id-ID&gl=id&fo_m=MfohQo559jFvMUOzJVpjPL1YMfZ3bInYwBDuMfaXTPp5KXh-&utm_source=tactile&gei=ZKf4aeiJFKrgseMP34XAWQ&ei=ZKf4aeiJFKrgseMP34XAWQ&fo_s=OA&opi=79508299&orderType=1&ebb=1&cs=0&foub=mcpp","Pesan online","","","Jl. Komando Raya No.16, RT.8/RW.3","· Tutup pukul 22.10"
"https://www.google.com/maps/place/KFC+Plaza+Kuningan/data=!4m7!3m6!1s0x2e69f3f733bd3153:0xed9fe69ae94e1741!8m2!3d-6.2216764!4d106.8327277!16s%2Fg%2F1tcwzb7s!19sChIJUzG9M_fzaS4RQRdO6Zrmn-0?authuser=0&hl=id&rclk=1","KFC Plaza Kuningan","4,1","(837)","·","Rp 25–50 rb","Makanan Siap Saji","·","Jalan H.R Rasuna Said KaV.C22 Jakarta 12940 Indonesia (Unit UG 63, 2, RT.2/RW.5","Buka","https://lh3.googleusercontent.com/gps-cs-s/APNQkAHfX00_Auug9h_ZMedlqf8zUtJtXT2CzWBWP8wdRu1-LQzSfd7ljCwJqVPNIDsReE3V3HzBEI4oIaNP-6hWxWV4CqaQmvmfsV3yiyi1OUPUpetn1GjuB5Xn-ao86DmsOHM24bPLEw=w137-h92-k-no","https://ssl.gstatic.com/local/servicebusiness/default_user.png","""Tempatnya enak, makanannya lezat, cuma hrs tabah ngantrinya yaa""","","","https://www.google.com/searchviewer/42?cvd=CLw_EiUKI-ICIDIeEhciFdLX29IPDwoLL2cvMXRjd3piN3MYAToDCPAN&hl=id-ID&gl=id&fo_m=MfohQo559jFvMUOzJVpjPL1YMfZ3bInYwBDuMfaXTPp5KXh-&utm_source=tactile&gei=ZKf4aeiJFKrgseMP34XAWQ&ei=ZKf4aeiJFKrgseMP34XAWQ&fo_s=OA&opi=79508299&orderType=1&ebb=1&cs=0&foub=mcpp","Pesan online","","","Franchise restoran ayam goreng","· Tutup pukul 23.00"
"https://www.google.com/maps/place/Siomay+Batagor+45/data=!4m7!3m6!1s0x2e69f51887a0f287:0xbd47325e53b70ad9!8m2!3d-6.2094478!4d106.8263524!16s%2Fg%2F11v13d654_!19sChIJh_Kghxj1aS4R2Qq3U14yR70?authuser=0&hl=id&rclk=1","Siomay Batagor 45","4,9","(15)","·","Rp 1–25.000","Makanan Siap Saji","·","Kuningan, Jl. Taman Setia Budi II No.6, RT.1/RW.1","Buka","https://lh3.googleusercontent.com/gps-cs-s/APNQkAEql7UmJgr3jojQaZCGJPNLu-5y3wyeObaPproJjMDQfR9magywggKwocBSMqFvJvi-BHAu08J6rBWI7OO-O_YiF0M5cJ5k_0bKJRcwtBtgXoMtfuzW5t01I6Sfn73p60TTgJcfZA=w163-h92-k-no","https://ssl.gstatic.com/local/servicebusiness/default_user.png","""Siomay nya enak tempatnya bersih, harganya rekomend dan ramah di kantong""","","","https://www.google.com/searchviewer/42?cvd=CLw_EicKJeICIjIgEhkiF9LX29IPEQoNL2cvMTF2MTNkNjU0XxgBOgMI8A0%3D&hl=id-ID&gl=id&fo_m=MfohQo559jFvMUOzJVpjPL1YMfZ3bInYwBDuMfaXTPp5KXh-&utm_source=tactile&gei=ZKf4aeiJFKrgseMP34XAWQ&ei=ZKf4aeiJFKrgseMP34XAWQ&fo_s=OA&opi=79508299&orderType=1&ebb=1&cs=0&foub=mcpp","Pesan online","","","","· Tutup pukul 23.30"
"https://www.google.com/maps/place/KFC+Pasaraya+Manggarai/data=!4m7!3m6!1s0x2e69f473d64e6f89:0x681ceab8b26bd4c3!8m2!3d-6.2091295!4d106.8468909!16s%2Fg%2F1tf92f6q!19sChIJiW9O1nP0aS4Rw9RrsrjqHGg?authuser=0&hl=id&rclk=1","KFC Pasaraya Manggarai","4,2","(892)","·","Rp 25–50 rb","Makanan Siap Saji","·","Jl. Sultan Agung, RT.2/RW.8","Segera tutup","https://lh3.googleusercontent.com/gps-cs-s/APNQkAGoTFvCpWZs4nUkU23zX2_lbYQ1BTJKjEFn5cZrBhanLxt4oD9HPUJ1jsj_2eaiqm4-68t_ZGy-nM-u6FXxxiXt8eg0vWex6eGffeO9jBVmdMuyforsmtRiZR9qN-SWZwyidss=w124-h92-k-no","https://ssl.gstatic.com/local/servicebusiness/default_user.png","""tapi porsi makan oriental donnya enak, ayamnya banyak sekali.""","","","https://www.google.com/searchviewer/42?cvd=CLw_EiUKI-ICIDIeEhciFdLX29IPDwoLL2cvMXRmOTJmNnEYAToDCPAN&hl=id-ID&gl=id&fo_m=MfohQo559jFvMUOzJVpjPL1YMfZ3bInYwBDuMfaXTPp5KXh-&utm_source=tactile&gei=ZKf4aeiJFKrgseMP34XAWQ&ei=ZKf4aeiJFKrgseMP34XAWQ&fo_s=OA&opi=79508299&orderType=1&ebb=1&cs=0&foub=mcpp","Pesan online","","","Franchise restoran ayam goreng","· 22.00 · Buka Sel pukul 10.00"