"hfpxzc href","qBF1Pd","MW4etd","UY7F9","AJB7ye","AJB7ye 2","W4Efsd","W4Efsd 2","W4Efsd 3","W4Efsd 4","W4Efsd 5","FQ2IWe src","Jn12ke src","ah5Ghc","A1zNzb href","J8zHNe","bbPy1","doJOZc","W4Efsd 6"
"","","","","","","","","","","","","","","","","","",""
"","","","","","","","","","","","","","","","","","",""
"https://www.google.com/maps/place/Raindear+Coffee+%26+Kitchen+Bogor/data=!4m7!3m6!1s0x2e69c5bd055d17b7:0xa76052fb24e986b6!8m2!3d-6.6034326!4d106.8102516!16s%2Fg%2F11h7cqvl4c!19sChIJtxddBb3FaS4RtobpJPtSYKc?authuser=0&hl=id&rclk=1","Raindear Coffee & Kitchen Bogor","4,8","(8.342)","·","$$","Kedai Kopi","·","Jl. Bina Marga No.7, RT.04/RW.11","Buka","· Tutup pukul 22.00","https://lh3.googleusercontent.com/gps-cs-s/APNQkAG5zlxG89m0fOQB6llPol2abZpadL5btT2PeB_oCxACRjw7ERQqr5jNiMM7Wh9MgT8Wa394Orl9HV77XN3-W44NH26K6T8X8xvV6va1afRbwKBzxLdmJbPdXkXB-IiFfAYRuPQ=w122-h92-k-no","https://ssl.gstatic.com/local/servicebusiness/default_user.png","""Good food, chill vibes, and super cozy.""","https://www.google.com/searchviewer/42?cvd=CLw_EicKJeICIjIgEhkiF9LX29IPEQoNL2cvMTFoN2Nxdmw0YxgBOgMI8A0%3D&hl=id-ID&gl=id&fo_m=MfohQo559jFvMUOzJVpjPL1YMfZ3bInYwBDuMfaXTPp5KXh-&utm_source=tactile&gei=eaD4aZbLD77RwcsPwMai8Q4&ei=eaD4aZbLD77RwcsPwMai8Q4&fo_s=OA&opi=79508299&orderType=1&ebb=1&cs=0&foub=mcpp","Pesan online","","",""
"https://www.google.com/maps/place/Lorong+Temu+Coffee+%26+Eatery/data=!4m7!3m6!1s0x2e69c5004fbdc1ad:0x8be9ac109d2c24c1!8m2!3d-6.5702616!4d106.8034132!16s%2Fg%2F11vrky0416!19sChIJrcG9TwDFaS4RwSQsnRCs6Ys?authuser=0&hl=id&rclk=1","Lorong Temu Coffee & Eatery","4,9","(1.313)","·","Rp 25–50 rb","Kedai Kopi","·","Jl. Bangau No.22, RT.06/RW.04","Buka","· Tutup pukul 23.00","https://lh3.googleusercontent.com/gps-cs-s/APNQkAG8ZGk-OBGQ1whgBleRacX35jDQvbimxT8yKnyfETu2LVIXJA7MI0ErlDdXdqVQvustQp-npVGTxH2rMDuQbr3jAXweMxQaKMi8seFv6kv2r7QwcSa9MTwbR5TiAQg9hdPnOoSpvKVE3g3w=w80-h106-k-no","https://ssl.gstatic.com/local/servicebusiness/default_user.png","""Tempatnya nyaman dan pelayanannya ramah
Matcha lattenya enak banget""","","","","",""
"https://www.google.com/maps/place/HAGU+Coffee+%26+Space/data=!4m7!3m6!1s0x2e69c53d5208fc01:0x1b63a9420478855a!8m2!3d-6.5915131!4d106.8080215!16s%2Fg%2F11rtd2crjx!19sChIJAfwIUj3FaS4RWoV4BEKpYxs?authuser=0&hl=id&rclk=1","HAGU Coffee & Space","4,6","(1.241)","·","Rp 25–50 rb","Kedai Kopi","·","Jl. Sancang. 22 A RT 003/007, RT.03/RW.07","Buka","· Tutup pukul 23.00","https://lh3.googleusercontent.com/gps-cs-s/APNQkAH-tmp97UBklk02m9CV9k6J2K-_KbmOOInzTlOiod8cDh3WT9hDEmo5pMk2DUXUNNu5cohFiKd7Rg_9yocMxHhXOsy5m8QJMSgF8IEKQFs63crBQZ3hjD1K1Kro6eOAndVFZlkjCA=w80-h100-k-no","https://ssl.gstatic.com/local/servicebusiness/default_user.png","""Tempatnya enak buat ngobrol, kopinya enak..
Pelayanan best""","https://www.google.com/searchviewer/42?cvd=CLw_EicKJeICIjIgEhkiF9LX29IPEQoNL2cvMTFydGQyY3JqeBgAOgMI8A0%3D&hl=id-ID&gl=id&fo_m=MfohQo559jFvMUOzJVpjPL1YMfZ3bInYwBDuMfaXTPp5KXh-&utm_source=tactile&gei=eaD4aZbLD77RwcsPwMai8Q4&ei=eaD4aZbLD77RwcsPwMai8Q4&fo_s=OA&opi=79508299&ebb=1&cs=0&foub=mcpp","Pesan online","","",""
"https://www.google.com/maps/place/Raindear+Coffee+House/data=!4m7!3m6!1s0x2e69c5d641777bc7:0xe6b1945e1caecb6d!8m2!3d-6.606715!4d106.8099159!16s%2Fg%2F11rx3g26pm!19sChIJx3t3QdbFaS4RbcuuHF6UseY?authuser=0&hl=id&rclk=1","Raindear Coffee House","4,9","(3.314)","","","Kedai Kopi","·","Jl. Kantor. Pos No.6, RT.04/RW.11","Buka","· Tutup pukul 22.00","https://lh3.googleusercontent.com/gps-cs-s/APNQkAEQJva5314LsA1NyL-mXHhizCFYCDQpioj1hk3hePkBzkL3vbysFynyoGuKX78s2QPQkyDPB3s-DEvucQPm9rXqs95_lwvBxVJ28ThEkBO_WSQFrJgyi50JbWPnn_SXK9Ec5F5_=w122-h92-k-no","https://ssl.gstatic.com/local/servicebusiness/default_user.png","""Suasana cozy, pelayannya helpful, rasa kopi dan matchanya mantap.""","https://www.google.com/searchviewer/42?cvd=CLw_EicKJeICIjIgEhkiF9LX29IPEQoNL2cvMTFyeDNnMjZwbRgBOgMI8A0%3D&hl=id-ID&gl=id&fo_m=MfohQo559jFvMUOzJVpjPL1YMfZ3bInYwBDuMfaXTPp5KXh-&utm_source=tactile&gei=eaD4aZbLD77RwcsPwMai8Q4&ei=eaD4aZbLD77RwcsPwMai8Q4&fo_s=OA&opi=79508299&orderType=1&ebb=1&cs=0&foub=mcpp","Pesan online","","",""
"https://www.google.com/maps/place/Sequoia+Coffee+And+Space/data=!4m7!3m6!1s0x2e69c5c8b5bf58d1:0xd34ac83e36a3bf3a!8m2!3d-6.5843881!4d106.8058121!16s%2Fg%2F11r_q3zd0x!19sChIJ0Vi_tcjFaS4ROr-jNj7IStM?authuser=0&hl=id&rclk=1","Sequoia Coffee And Space","4,4","(609)","·","Rp 25–50 rb","Kedai Kopi","·","Jl. Raya Pajajaran No.49, RT.04/RW.111","Buka","· Tutup pukul 23.00","https://lh3.googleusercontent.com/gps-cs-s/APNQkAEVgI3NbktkzvSpCxzhSltYidW1kU9Ln-kqfir6UJJuD4qXvkInP-WifYcTKOSwgwK2tP8DUsMMnOcvNsO0iMX8_6y4qPHBCu5x6mumMZZVpGvcYRH2LVGiR3-UraTkobn68CJd=w80-h100-k-no","https://ssl.gstatic.com/local/servicebusiness/default_user.png","""Untuk rasa kopinya enak dan untuk makanannya juga enak.""","","","","",""
"https://www.google.com/maps/place/Roofpark+Cafe+%26+Restaurant+Bogor/data=!4m7!3m6!1s0x2e69c5cd99abed77:0xc199d9303a51c1d6!8m2!3d-6.589329!4d106.80515!16s%2Fg%2F11c2mzx_ds!19sChIJd-2rmc3FaS4R1sFROjDZmcE?authuser=0&hl=id&rclk=1","Roofpark Cafe & Restaurant Bogor","4,5","(3.433)","·","$$","Kafe","·","·","Buka","· Tutup pukul 22.00","https://lh3.googleusercontent.com/gps-cs-s/APNQkAF4u5wgdF0sJj7kLeLI459hD4RIlrRrwxuPhRLIWQQWdkIl2iYUgF3-6ma00PvlJKGMyJP5mzYJ8J7am3XJJnSJYs1NQ3QYkXcsLl6ngSzyo3jyKAf3g23VW0mxy3PDV9v-ST6m=w138-h92-k-no","https://ssl.gstatic.com/local/servicebusiness/default_user.png","""Minuman ny coba jus dan paket kopi+croissant.""","","","","","RAJA FO Bogor, Jl. Raya Pajajaran No.3 Lt.3, RT.02/RW.04"
"https://www.google.com/maps/place/Third+Wave+Coffee+Co+Indonesia/data=!4m7!3m6!1s0x2e69c5c5293059b1:0x84015caeca01df5f!8m2!3d-6.5993439!4d106.8056651!16s%2Fg%2F11g9w5bbr_!19sChIJsVkwKcXFaS4RX98Byq5cAYQ?authuser=0&hl=id&rclk=1","Third Wave Coffee Co Indonesia","4,6","(1.952)","·","Rp 25–50 rb","Kedai Kopi","·","·","Buka","· Tutup pukul 22.00","https://lh3.googleusercontent.com/gps-cs-s/APNQkAGRCecji-5Bb-9pN5_gbP-8tlIHoq0E1u6iX-WQ36KBgYp7Sq3srtTFY3jUd_pmZ2yxusKRq04TZ9M6pIPiL923loLKlUSIV4mxPqktBjFMdQSTgJENxwNFSjzrjmDs_4vWegMu=w122-h92-k-no","https://ssl.gstatic.com/local/servicebusiness/default_user.png","""Cozy place, nice service, nice","https://www.google.com/searchviewer/42?cvd=CLw_EicKJeICIjIgEhkiF9LX29IPEQoNL2cvMTFnOXc1YmJyXxgBOgMI8A0%3D&hl=id-ID&gl=id&fo_m=MfohQo559jFvMUOzJVpjPL1YMfZ3bInYwBDuMfaXTPp5KXh-&utm_source=tactile&gei=eaD4aZbLD77RwcsPwMai8Q4&ei=eaD4aZbLD77RwcsPwMai8Q4&fo_s=OA&opi=79508299&orderType=1&ebb=1&cs=0&foub=mcpp","Pesan online","","","Jl. Prof. DR. H. Andi Hakim Nasoetion No.1, RT.02/RW.05"
"https://www.google.com/maps/place/Maraca+Books+And+Coffee/data=!4m7!3m6!1s0x2e69c5ce8c1e2a17:0x7a3efefd03c4b109!8m2!3d-6.5932014!4d106.8030081!16s%2Fg%2F11clsc5kn7!19sChIJFyoejM7FaS4RCbHEA_3-Pno?authuser=0&hl=id&rclk=1","Maraca Books And Coffee","4,7","(872)","·","Rp 25–50 rb","Kafe","·","·","Buka","· Tutup pukul 22.00","https://lh3.googleusercontent.com/gps-cs-s/APNQkAGiFVkd6QU_RAt38kZVWGqkmGwCqUOHA2mi9NK8fh0qECn2e-8w4PcfiJ9cTExgjthZZne3ppOWqGlMtAnYT2iRpxfF9mYB2hQhkWnXXv3a_mYO6KDNJz6QYtUqpW0X88TzhErP7A=w122-h92-k-no","https://ssl.gstatic.com/local/servicebusiness/default_user.png","""","https://www.google.com/searchviewer/42?cvd=CLw_EicKJeICIjIgEhkiF9LX29IPEQoNL2cvMTFjbHNjNWtuNxgBOgMI8A0%3D&hl=id-ID&gl=id&fo_m=MfohQo559jFvMUOzJVpjPL1YMfZ3bInYwBDuMfaXTPp5KXh-&utm_source=tactile&gei=eaD4aZbLD77RwcsPwMai8Q4&ei=eaD4aZbLD77RwcsPwMai8Q4&fo_s=OA&opi=79508299&orderType=1&ebb=1&cs=0&foub=mcpp","Pesan online","","","Jl. Jalak Harupat No.9a, RT.05/RW.04"
"https://www.google.com/maps/place/Agreya+Coffee+Bogor/data=!4m7!3m6!1s0x2e69c5cf6fe1be11:0xe627bc0163f8be31!8m2!3d-6.5924597!4d106.816228!16s%2Fg%2F11tgd4hmx3!19sChIJEb7hb8_FaS4RMb74YwG8J-Y?authuser=0&hl=id&rclk=1","Agreya Coffee Bogor","4,8","(4.435)","·","$$","Restoran","·","Jl. Kol. Enjo Martadisastra Jl. Kol. Ahmad Syam No.45 E, RT.04/RW.10","Buka","· Tutup pukul 01.00","https://lh3.googleusercontent.com/gps-cs-s/APNQkAFanOUGn4iyk3UJt05qEH91feVf2zj_8eCgEcH1-zS_atUl2PisAJ8hNocE2c61N5TiAzUgztxcRnNNHzP4mPiSfTaYu5u7-SnV9ssOo3sDYSi_E-aDrHPKctg3TtVEgPP0LWNv=w122-h92-k-no","https://ssl.gstatic.com/local/servicebusiness/default_user.png","""makanannya dan kopinya mantap mantap, tempatnya cozy, servicenya 10/10🫶🏻""","","","","",""
"https://www.google.com/maps/place/IMAH+NINI+COFFEE+%26+VINTAGE/data=!4m7!3m6!1s0x2e69c5d209c29499:0x1ab9677449ae78a6!8m2!3d-6.590997!4d106.806387!16s%2Fg%2F11cjj7kfvy!19sChIJmZTCCdLFaS4RpniuSXRnuRo?authuser=0&hl=id&rclk=1","IMAH NINI COFFEE & VINTAGE","4,5","(1.095)","·","Rp 50–75 rb","Kafe","·","Jl. Sancang No.7, RT.02/RW.06","Buka","· Tutup pukul 22.00","https://lh3.googleusercontent.com/gps-cs-s/APNQkAG7RT5JGPex5ZYEkrCJY-blW1uuO2cO3KOyJno9-5wJgNsLlnQURdt3kihIV5i4FmfbWpPkTFpeEWzCprV6e44g_XSQGvmn71VSTTkPhjBP5r6_sssvh9zYuMY-fu7ULRT6U2xG=w138-h92-k-no","https://ssl.gstatic.com/local/servicebusiness/default_user.png","""Pizza meat loversnya enak, wifinya kenceng sama kopinya terjangkau.""","","","","",""
"https://www.google.com/maps/place/Circuloo+Coffee+%26+Cat/data=!4m7!3m6!1s0x2e69c51897442657:0xcacecbaf5b681d1b!8m2!3d-6.5737157!4d106.7966119!16s%2Fg%2F11smv70nv6!19sChIJVyZElxjFaS4RGx1oW6_Lzso?authuser=0&hl=id&rclk=1","Circuloo Coffee & Cat","4,8","(1.580)","·","Rp 25–50 rb","Kedai Kopi","·","Jl. Pemuda No.24, RT.04/RW.02","Buka","· Tutup pukul 22.00","https://lh3.googleusercontent.com/gps-cs-s/APNQkAEZ56kISnEAHqh4rZcub5mk1dgNB4jD85xpExwcmzOvuShL7rm-ituyPdgqfow9-0yZdVYcmFl-XenF51ESURH-rcA1IjGl9RNfUOVGvMuLHda6HmRD5wJGYAKiJqX19J0--qEM=w122-h92-k-no","https://ssl.gstatic.com/local/servicebusiness/default_user.png","""Aesthetic caffe, enak banget buat nongki sambil ngeejain tugas""","https://www.google.com/searchviewer/42?cvd=CLw_EicKJeICIjIgEhkiF9LX29IPEQoNL2cvMTFzbXY3MG52NhgBOgMI8A0%3D&hl=id-ID&gl=id&fo_m=MfohQo559jFvMUOzJVpjPL1YMfZ3bInYwBDuMfaXTPp5KXh-&utm_source=tactile&gei=eaD4aZbLD77RwcsPwMai8Q4&ei=eaD4aZbLD77RwcsPwMai8Q4&fo_s=OA&opi=79508299&orderType=1&ebb=1&cs=0&foub=mcpp","Pesan online","","",""
"https://www.google.com/maps/place/Crove+coffee/data=!4m7!3m6!1s0x2e69c7004f990571:0xae392b0a6e245bf2!8m2!3d-6.6080662!4d106.8191664!16s%2Fg%2F11vp_4yt5f!19sChIJcQWZTwDHaS4R8lskbgorOa4?authuser=0&hl=id&rclk=1","Crove coffee","4,8","(379)","·","Rp 50–75 rb","Kedai Kopi","·","·","Buka","· Tutup pukul 22.00","https://lh3.googleusercontent.com/gps-cs-s/APNQkAHbleb0QLqm_rtNwZtjkxtnD1xkjR7H74i-DYNRpZJDEWIYTzhBLD5_Zjco-1HLbapWItA8qgVPn6KGgx1r_6rB5r0-DzGbx5iInUBainJ6B39iyg5SQfhLVE0nMiHWwNjYOmsKZnhd1Vh9=w163-h92-k-no","https://ssl.gstatic.com/local/servicebusiness/default_user.png","""Minuman nyoba matcha latte, aman & sesuai standar matcha latte.""","https://www.google.com/searchviewer/42?cvd=CLw_EicKJeICIjIgEhkiF9LX29IPEQoNL2cvMTF2cF80eXQ1ZhgBOgMI8A0%3D&hl=id-ID&gl=id&fo_m=MfohQo559jFvMUOzJVpjPL1YMfZ3bInYwBDuMfaXTPp5KXh-&utm_source=tactile&gei=eaD4aZbLD77RwcsPwMai8Q4&ei=eaD4aZbLD77RwcsPwMai8Q4&fo_s=OA&opi=79508299&orderType=1&ebb=1&cs=0&foub=mcpp","Pesan online","","","Jln Kol H Achmad Syam No.003/014, RT.03/RW.14"
"https://www.google.com/maps/place/Warung+Kopi+Nako/data=!4m7!3m6!1s0x2e69c5e0d8cfb4c7:0x9207fc3f0a71eea6!8m2!3d-6.6096108!4d106.8130039!16s%2Fg%2F11ggr7q8tc!19sChIJx7TP2ODFaS4Rpu5xCj_8B5I?authuser=0&hl=id&rclk=1","Warung Kopi Nako","4,6","(8.556)","·","Rp 25–50 rb","Kedai Kopi","·","·","Buka","· Tutup pukul 00.00","https://lh3.googleusercontent.com/gps-cs-s/APNQkAGJsq4AnXevIClKu73UwEmf0NtaRVRnlk7UxJquDtn-24Zf0olTFGS6VcJ7GJamq25WiG8UMcXv-ov24Xs7sBx1N7GbQZbESCFX3SITWjWlGN8amBVPop9lKEOs-X83KcXEZvaS=w149-h92-k-no","https://ssl.gstatic.com/local/servicebusiness/default_user.png","""Tempatnya bersih dan nyaman banget, rasa kopinya juga ciri khas top👍""","https://www.google.com/searchviewer/42?cvd=CLw_EicKJeICIjIgEhkiF9LX29IPEQoNL2cvMTFnZ3I3cTh0YxgAOgMI8A0%3D&hl=id-ID&gl=id&fo_m=MfohQo559jFvMUOzJVpjPL1YMfZ3bInYwBDuMfaXTPp5KXh-&utm_source=tactile&gei=eaD4aZbLD77RwcsPwMai8Q4&ei=eaD4aZbLD77RwcsPwMai8Q4&fo_s=OA&opi=79508299&ebb=1&cs=0&foub=mcpp","Pesan online","","","Jl. Pajajaran Indah V No.7, RT.01/RW.11"
"https://www.google.com/maps/place/et+al+coffee/data=!4m7!3m6!1s0x2e69c5d2fef90deb:0xb54bb7bac8447e53!8m2!3d-6.5721018!4d106.7982632!16s%2Fg%2F11h41875kp!19sChIJ6w35_tLFaS4RU35EyLq3S7U?authuser=0&hl=id&rclk=1","et al coffee","4,8","(1.721)","·","Rp 25–50 rb","Kedai Kopi","·","Jl. Waliwis No.7, RT.02/RW.06","Buka","· Tutup pukul 22.00","https://lh3.googleusercontent.com/gps-cs-s/APNQkAEqW-3jYz6sUB_W_I0OT8hY9E-fc-jr2rmbpFmnso7B35dhta7wm0gD8v7P3X-O7XCYFT4rbTGvUiD944tCgCM_cH8ifEWlQjAe3LKbesypw6XQtGsgJPyBKfO4QIumwUAuMJEB=w122-h92-k-no","https://ssl.gstatic.com/local/servicebusiness/default_user.png","""comfy banget untuk ngobrol, ambience, dan","https://www.google.com/searchviewer/42?cvd=CLw_EicKJeICIjIgEhkiF9LX29IPEQoNL2cvMTFoNDE4NzVrcBgBOgMI8A0%3D&hl=id-ID&gl=id&fo_m=MfohQo559jFvMUOzJVpjPL1YMfZ3bInYwBDuMfaXTPp5KXh-&utm_source=tactile&gei=eaD4aZbLD77RwcsPwMai8Q4&ei=eaD4aZbLD77RwcsPwMai8Q4&fo_s=OA&opi=79508299&orderType=1&ebb=1&cs=0&foub=mcpp","Pesan online","","",""
"https://www.google.com/maps/place/KOBA+Coffee.id/data=!4m7!3m6!1s0x2e69c51e4b6fde1b:0x61ded53eead48692!8m2!3d-6.6007363!4d106.7922251!16s%2Fg%2F11hzsldwlp!19sChIJG95vSx7FaS4RkobU6j7V3mE?authuser=0&hl=id&rclk=1","KOBA Coffee.id","4,6","(1.257)","·","Rp 50–75 rb","Kedai Kopi","·","·","Buka","· Tutup pukul 22.00","https://lh3.googleusercontent.com/gps-cs-s/APNQkAFFJgQFDuxIBffMqYm1Lecg82V61bgvKndTZk7x8XPMIUDgmp8Xz2hUyJa4qeb30DV5BS8bbR-hEc0WDD9MrIw4tanxHFgd9VNKmrTnDP6-gjyPDD8wV5ACFGb6IbGVqF7qXBw4=w80-h106-k-no","https://ssl.gstatic.com/local/servicebusiness/default_user.png","""tempatnya enak, kopi dan makannya enak banget 😊""","https://www.google.com/searchviewer/42?cvd=CLw_EicKJeICIjIgEhkiF9LX29IPEQoNL2cvMTFoenNsZHdscBgAOgMI8A0%3D&hl=id-ID&gl=id&fo_m=MfohQo559jFvMUOzJVpjPL1YMfZ3bInYwBDuMfaXTPp5KXh-&utm_source=tactile&gei=eaD4aZbLD77RwcsPwMai8Q4&ei=eaD4aZbLD77RwcsPwMai8Q4&fo_s=OA&opi=79508299&ebb=1&cs=0&foub=mcpp","Pesan online","","","Jl. Paledang No.41, RT.01/RW.02"
"https://www.google.com/maps/place/Two+Stories+Resto+%26+Lounge+-+Bogor+Selatan/data=!4m7!3m6!1s0x2e69c5e0dbd120ed:0xb53786d0ad760802!8m2!3d-6.6180993!4d106.8344606!16s%2Fg%2F11b7y791r_!19sChIJ7SDR2-DFaS4RAgh2rdCGN7U?authuser=0&hl=id&rclk=1","Two Stories Resto & Lounge - Bogor Selatan","4,5","(4.987)","·","$$","Restoran","·","Jl. Sukaraja - Katulampa","Buka","· Tutup pukul 02.00","https://lh3.googleusercontent.com/gps-cs-s/APNQkAGKSrzkbVCmezXxkWCcO0osq7ZOGofCcq_KiaWasaHgeTZWW9NHzPM_XQOzrPsAYWbsX-5x1gy1vk6EZtC3WK_BuMrwrQUmh8yz7zsp6DBkkrgvLBLR5CmoaQZMMuA-6i2VtI8=w122-h92-k-no","https://ssl.gstatic.com/local/servicebusiness/default_user.png","""Minumnya matcha latte, dessertnya pesen kitkat blanket.""","https://www.google.com/searchviewer/42?cvd=CLw_EicKJeICIjIgEhkiF9LX29IPEQoNL2cvMTFiN3k3OTFyXxgAOgMI8A0%3D&hl=id-ID&gl=id&fo_m=MfohQo559jFvMUOzJVpjPL1YMfZ3bInYwBDuMfaXTPp5KXh-&utm_source=tactile&gei=eaD4aZbLD77RwcsPwMai8Q4&ei=eaD4aZbLD77RwcsPwMai8Q4&fo_s=OA&opi=79508299&ebb=1&cs=0&foub=mcpp","Pesan online","","","Resto, pencuci mulut & makanan global"
"https://www.google.com/maps/place/Tsuin+Bogor+Raya+at+Padi+Space/data=!4m7!3m6!1s0x2e69c594b227714d:0x4986dff7cbbf2445!8m2!3d-6.5976351!4d106.8189419!16s%2Fg%2F11qq3kfmf5!19sChIJTXEnspTFaS4RRSS_y_ffhkk?authuser=0&hl=id&rclk=1","Tsuin Bogor Raya at Padi Space","4,7","(526)","·","Rp 50–75 rb","Kafe","·","Jl. Kp. Sawah No.2, RT.01/RW.07","Buka","· Tutup pukul 23.00","https://lh3.googleusercontent.com/gps-cs-s/APNQkAEUyzPX9yKUnbXoOC4MmVT_E04gW-P2AVDYfBCAEAkknuIsbhgWhE-sqoFXJwEln_bdmke1o7xa0PLo15Jr2gRT9hCZJbQs4QSomW20mjVCYjcmj-Eev_Yd_02wjoHMaNKg012b3fkAeny1=w80-h106-k-no","https://ssl.gstatic.com/local/servicebusiness/default_user.png","""Saya coba hot cappuccino dan iced chocolate, lumayan enak.""","","","","",""
"https://www.google.com/maps/place/HATI+COFFEE+AND+KITCHEN,+BOGOR/data=!4m7!3m6!1s0x2e69c53592b66e7b:0x1de05765bcda743f!8m2!3d-6.5738467!4d106.8175206!16s%2Fg%2F11wqh04zp_!19sChIJe262kjXFaS4RP3TavGVX4B0?authuser=0&hl=id&rclk=1","HATI COFFEE AND KITCHEN, BOGOR","4,9","(1.205)","·","Rp 25–50 rb","Kafe","·","Jl. Achmad Adnawijaya No.4, RT.04/RW.13","Buka","· Tutup pukul 00.00","https://lh3.googleusercontent.com/gps-cs-s/APNQkAG3_UgY_Wo5RH8UYmw7bFxq3PyPTzLcY1R6wo_yjqP6vzz810_dcFE5lS4l_WEF8rIDl6kxttGxoHl2gPZL74zEKeZqWfzIFoN8fLOp6d-KLQBnt8Q2wcYO5j3D4KVUHPIofSbK=w80-h141-k-no","https://ssl.gstatic.com/local/servicebusiness/default_user.png","""Tempatnya adem, WiFi-nya kenceng, kopi dan makanannya enak.""","https://www.google.com/searchviewer/42?cvd=CLw_EicKJeICIjIgEhkiF9LX29IPEQoNL2cvMTF3cWgwNHpwXxgBOgMI8A0%3D&hl=id-ID&gl=id&fo_m=MfohQo559jFvMUOzJVpjPL1YMfZ3bInYwBDuMfaXTPp5KXh-&utm_source=tactile&gei=eaD4aZbLD77RwcsPwMai8Q4&ei=eaD4aZbLD77RwcsPwMai8Q4&fo_s=OA&opi=79508299&orderType=1&ebb=1&cs=0&foub=mcpp","Pesan online","","",""
"https://www.google.com/maps/place/Koersi+Sky+Cafe/data=!4m7!3m6!1s0x2e69c5b132f60293:0x433e53494e531416!8m2!3d-6.5979646!4d106.8088923!16s%2Fg%2F11jq02lfdz!19sChIJkwL2MrHFaS4RFhRTTklTPkM?authuser=0&hl=id&rclk=1","Koersi Sky Cafe","4,8","(651)","","","Kafe","·","CR25+RH6, Jl. Malabar, RT.01/RW.01","Buka","· Tutup pukul 23.00","https://lh3.googleusercontent.com/gps-cs-s/APNQkAELp-Atodxa7N_S_JnNmzE8E32ad3nIbC-eCliYN1okEVIqVlpiuhOZArVGuQaZIAZPpaNN59FmTxQ5yLf5ch3hWO17FPm-pHd3PTJSW9iK2VqYnauKrXn5N3E8-XQP0-Gt8ryksQ=w80-h106-k-no","https://ssl.gstatic.com/local/servicebusiness/default_user.png","""Coffeenya enak sekali, staffnya ramah :)""","","","","",""
"https://www.google.com/maps/place/The+Gade+Coffee+%26+Gold+Bogor/data=!4m7!3m6!1s0x2e69c5b702e25859:0x94875b7694fb26b2!8m2!3d-6.584385!4d106.7878394!16s%2Fg%2F11g2wt7g_v!19sChIJWVjiArfFaS4Rsib7lHZbh5Q?authuser=0&hl=id&rclk=1","The Gade Coffee & Gold Bogor","4,8","(716)","·","Rp 25–50 rb","Kafe","·","Jalan Merdeka No.156 RT.1/RW.5, RT.01/RW.05","Buka","· Tutup pukul 22.00","https://lh3.googleusercontent.com/gps-cs-s/APNQkAF43IWpoFGAvXzil9pqq6CRKXMvyOldnFxwLxBY28JbCwZoTJyf9Sza_MjUR-tDNAZczHeeG8s0JwdYGNeDg0tIswHfhRTPN6UCCmibhgM700cLzIiPmZ91OITmUUquWpYLusUYCA=w122-h92-k-no","https://ssl.gstatic.com/local/servicebusiness/default_user.png","""Barista nya ramah, helpfull, minuman dan makanan nya.""","","","","",""
"https://www.google.com/maps/place/Awal+Mula+Coffee/data=!4m7!3m6!1s0x2e69c5dc48dd1d1f:0x2915970b5758ac1f!8m2!3d-6.6043804!4d106.8102878!16s%2Fg%2F11ggc28kw0!19sChIJHx3dSNzFaS4RH6xYVwuXFSk?authuser=0&hl=id&rclk=1","Awal Mula Coffee","4,6","(1.411)","·","Rp 25–50 rb","Kedai Kopi","·","·","Buka","· Tutup pukul 22.00","https://lh3.googleusercontent.com/gps-cs-s/APNQkAEQJohK9ccN1UFQfM_tzn_pFx5JfyIzDmbFxyKzQHpO9W-bJNTfiv0euEnKvLt2LOy06JyZ5dXcxVx6XIFRyJ97nQFtkbEnuH_cA7Zd92EGoX6l2SonZgjOyqNvS_l6G75ZqOgoaA=w122-h92-k-no","https://ssl.gstatic.com/local/servicebusiness/default_user.png","""Good ambiance, good","","","","","Jl. Binamarga II No.5A, RT.04/RW.11"
"https://www.google.com/maps/place/HAFA+Coffee+%26+Kitchen/data=!4m7!3m6!1s0x2e69c7010fcd4da3:0x870740fa1a2dc345!8m2!3d-6.5744574!4d106.8178475!16s%2Fg%2F11fkwd2d6f!19sChIJo03NDwHHaS4RRcMtGvpAB4c?authuser=0&hl=id&rclk=1","HAFA Coffee & Kitchen","4,7","(2.087)","·","$$","Kafe","·","Jl. Pandu Raya No.3 blok G2, RT.01/RW.13","Buka","· Tutup pukul 23.00","https://lh3.googleusercontent.com/gps-cs-s/APNQkAFsgUornl6xlv5yQj4vkmLf7aklXAtl_saYOvxQ_-_-SBgtIRUutppt9YV4RJYaqpPlh1GAiG75mL9DnEdMY1sX2r2fkVHaZAIwwKQJtrkKenyIkc3l56Q5yVuWcAWYm5ifhuN-=w122-h92-k-no","https://ssl.gstatic.com/local/servicebusiness/default_user.png","""Enak nih matcha latte, kopi, dan makanannya 😄""","https://www.google.com/searchviewer/42?cvd=CLw_EicKJeICIjIgEhkiF9LX29IPEQoNL2cvMTFma3dkMmQ2ZhgBOgMI8A0%3D&hl=id-ID&gl=id&fo_m=MfohQo559jFvMUOzJVpjPL1YMfZ3bInYwBDuMfaXTPp5KXh-&utm_source=tactile&gei=gqD4acX0Bd7KseMPmZ7liA8&ei=gqD4acX0Bd7KseMPmZ7liA8&fo_s=OA&opi=79508299&orderType=1&ebb=1&cs=0&foub=mcpp","Pesan online","","",""
"https://www.google.com/maps/place/Hofland+Cafe+and+Resto+Bogor/data=!4m7!3m6!1s0x2e69c5949f42b963:0x448505b8cf25c1cd!8m2!3d-6.5690879!4d106.8048275!16s%2Fg%2F11jn4vcmr1!19sChIJY7lCn5TFaS4RzcElz7gFhUQ?authuser=0&hl=id&rclk=1","Hofland Cafe and Resto Bogor","4,6","(397)","·","Rp 50–75 rb","Kafe","·","Jl. A. Yani No.2, RT.01/RW.05","Buka","· Tutup pukul 22.00","https://lh3.googleusercontent.com/gps-cs-s/APNQkAG_41HbfuYew8qS7Q7gSRR5nT2wjJECPBtSxKIQI1WGP8NEdmOfwxj8LN6l2TcWvw0NsQVDlAPIHieghHdVv_benmxcganR4h3VCl-XvpashqhVWmtlp1Mjarmo3uE8gFRbxzPY4A=w122-h92-k-no","https://ssl.gstatic.com/local/servicebusiness/default_user.png","""Suasana santai untuk menikmati secangkir kopi.""","https://www.google.com/searchviewer/42?cvd=CLw_EicKJeICIjIgEhkiF9LX29IPEQoNL2cvMTFqbjR2Y21yMRgAOgMI8A0%3D&hl=id-ID&gl=id&fo_m=MfohQo559jFvMUOzJVpjPL1YMfZ3bInYwBDuMfaXTPp5KXh-&utm_source=tactile&gei=gqD4acX0Bd7KseMPmZ7liA8&ei=gqD4acX0Bd7KseMPmZ7liA8&fo_s=OA&opi=79508299&ebb=1&cs=0&foub=mcpp","Pesan online","","",""
"https://www.google.com/maps/place/Anami+Coffee/data=!4m7!3m6!1s0x2e69c5a66136c5ed:0x42e0364a9e3179d9!8m2!3d-6.575703!4d106.8000686!16s%2Fg%2F11rwqrqkjz!19sChIJ7cU2YabFaS4R2Xkxnko24EI?authuser=0&hl=id&rclk=1","Anami Coffee","4,6","(632)","·","Rp 25–50 rb","Kedai Kopi","·","·","Buka","· Tutup pukul 23.30","https://lh3.googleusercontent.com/gps-cs-s/APNQkAFzNzyUwCvqd11exN-fq-B6WVgflZ2IAQCvC8EDtSQ-HDNKPEy_TKBrbKUHpRURxJRq2aP312SEXx5_BoV5UTAoTPeyHeWIqVSoMfwVGvWnUJrXD_gpCxPLU02EwwWoP21qgcP8=w122-h92-k-no","https://ssl.gstatic.com/local/servicebusiness/default_user.png","""makanannya enak, kopinya juga enak, toilet lumayan bersih.""","https://www.google.com/searchviewer/42?cvd=CLw_EicKJeICIjIgEhkiF9LX29IPEQoNL2cvMTFyd3FycWtqehgBOgMI8A0%3D&hl=id-ID&gl=id&fo_m=MfohQo559jFvMUOzJVpjPL1YMfZ3bInYwBDuMfaXTPp5KXh-&utm_source=tactile&gei=gqD4acX0Bd7KseMPmZ7liA8&ei=gqD4acX0Bd7KseMPmZ7liA8&fo_s=OA&opi=79508299&orderType=1&ebb=1&cs=0&foub=mcpp","Pesan online","","","Jl. A. Yani No.15"
"https://www.google.com/maps/place/Kemenady+Coffee+and+Co-Working+Space/data=!4m7!3m6!1s0x2e69c5ca06803437:0x7f94786edcdce3a4!8m2!3d-6.5917014!4d106.7960417!16s%2Fg%2F11c2r682n5!19sChIJNzSABsrFaS4RpOPc3G54lH8?authuser=0&hl=id&rclk=1","Kemenady Coffee and Co-Working Space","4,5","(1.080)","·","Rp 25–50 rb","Kedai Kopi","·","·","Buka","· Tutup pukul 22.00","https://lh3.googleusercontent.com/gps-cs-s/APNQkAF6iGve-a3LVge9sv5r-UHvx8ipxnvZb-_8HdvgXKW1P3TPiZeH_ilfjVwCphklCgZm8TXkjFtN26UzWcXtmzMTX2LNt4CecDrRVi8ioJCicsi99gP_C-jhAJUWoppYLuZZ51bo6Q=w122-h92-k-no","https://ssl.gstatic.com/local/servicebusiness/default_user.png","""Tempat nongkrong bareng teman ngopi""","https://www.google.com/searchviewer/42?cvd=CLw_EicKJeICIjIgEhkiF9LX29IPEQoNL2cvMTFjMnI2ODJuNRgBOgMI8A0%3D&hl=id-ID&gl=id&fo_m=MfohQo559jFvMUOzJVpjPL1YMfZ3bInYwBDuMfaXTPp5KXh-&utm_source=tactile&gei=gqD4acX0Bd7KseMPmZ7liA8&ei=gqD4acX0Bd7KseMPmZ7liA8&fo_s=OA&opi=79508299&orderType=1&ebb=1&cs=0&foub=mcpp","Pesan online","","","Jl. Pengadilan No.23B, RT.05/RW.03"
"https://www.google.com/maps/place/Verdant+Coffee+%26+Eatery/data=!4m7!3m6!1s0x2e69c5eafb9f59a7:0xd86395b540a78a86!8m2!3d-6.5675328!4d106.8083937!16s%2Fg%2F11tnfh4vq8!19sChIJp1mf--rFaS4RhoqnQLWVY9g?authuser=0&hl=id&rclk=1","Verdant Coffee & Eatery","4,7","(604)","·","Rp 25–50 rb","Kedai Kopi","·","Jl. Pangkalan Raya 1 No.18, RT.05/RW.02","Segera tutup","· 21.00 · Buka Sel pukul 09.00","https://lh3.googleusercontent.com/gps-cs-s/APNQkAGsonWNZQiO3Rh35gxbWww3cdUnJ2jUybzj2QpebMzP3qo3CPUV9SJFz7xyIGp0N517eUkDohQXhQJQywLeBiN65sV81uyJTmDdWYM_s_v054Y-n1pBFRJH1Yk5nB6aBe1DC1s5=w80-h106-k-no","https://ssl.gstatic.com/local/servicebusiness/default_user.png","""Tempatnya baguss, makanannya enak, kopi arennya juga enak.""","","","","",""
"https://www.google.com/maps/place/CIL+SPACE+%28Ex+Cilroom%29/data=!4m7!3m6!1s0x2e69c5c6acab11a9:0x427e3b13c2f46ecd!8m2!3d-6.6201457!4d106.8166666!16s%2Fg%2F11fmp270xx!19sChIJqRGrrMbFaS4RzW70whM7fkI?authuser=0&hl=id&rclk=1","CIL SPACE (Ex Cilroom)","4,7","(903)","·","Rp 25–50 rb","Kedai Kopi","·","·","Buka","· Tutup pukul 22.00","https://lh3.googleusercontent.com/gps-cs-s/APNQkAGvxiDUZ0_vwzMb7K987-X3Fjs5T-XX0n2oFYW95gbb_P-s-CJsyrIzk0_ycF2KWrbOReeEM1cjwRAPaZgoiAQfJ5FhtABV2dW0wMpJMrI__C_u9G0P3Y1iTJQwtWc-2-5n44RD=w122-h92-k-no","https://ssl.gstatic.com/local/servicebusiness/default_user.png","""kopinya enak, ambiencenya enak buat wfc, adem juga""","","","","","Jl. Raya Pajajaran No.11, RT.04/RW.01"
"https://www.google.com/maps/place/EveryThey+Coffee+and+Plant/data=!4m7!3m6!1s0x2e69c560b2e248e3:0x2583b299263ef7ce!8m2!3d-6.5801637!4d106.7509668!16s%2Fg%2F11smttcy3z!19sChIJ40jismDFaS4Rzvc-JpmygyU?authuser=0&hl=id&rclk=1","EveryThey Coffee and Plant","4,7","(872)","·","Rp 25–50 rb","Kedai Kopi","·","·","Buka","· Tutup pukul 00.00","https://lh3.googleusercontent.com/gps-cs-s/APNQkAEyuC_XYVIYZE4bLTnRgBwhXlUp_XwABQdxV6SbvjcUFSqq6kyLEJJqbelQvj-Y-uvl7G9C59GpRpKLc43m31XYsHQO5ThZUVVFCLtzNOFW_ylq99so94GecKqV4NdZ57Y6-rth=w122-h92-k-no","https://ssl.gstatic.com/local/servicebusiness/default_user.png","""Saya kesini pesan hot vanilla latte, rasanya enak, manisnya pas.""","https://www.google.com/searchviewer/42?cvd=CLw_EicKJeICIjIgEhkiF9LX29IPEQoNL2cvMTFzbXR0Y3kzehgBOgMI8A0%3D&hl=id-ID&gl=id&fo_m=MfohQo559jFvMUOzJVpjPL1YMfZ3bInYwBDuMfaXTPp5KXh-&utm_source=tactile&gei=gqD4acX0Bd7KseMPmZ7liA8&ei=gqD4acX0Bd7KseMPmZ7liA8&fo_s=OA&opi=79508299&orderType=1&ebb=1&cs=0&foub=mcpp","Pesan online","","","CQ92+WFJ, Jl. Sawah Baru No.85"
"https://www.google.com/maps/place/shu+coffee/data=!4m7!3m6!1s0x2e69c582160de719:0x4f753371f143b08a!8m2!3d-6.5920881!4d106.7880895!16s%2Fg%2F11sr0wdhk6!19sChIJGecNFoLFaS4RirBD8XEzdU8?authuser=0&hl=id&rclk=1","shu coffee","4,7","(292)","·","Rp 25–50 rb","Kedai Kopi","·","Jl. Merdeka No.78, RT.01/RW.02","Buka","· Tutup pukul 22.00","https://lh3.googleusercontent.com/gps-cs-s/APNQkAGVdbjfrqggmZFH7YXl5Bp1gJ_T3SXLd0b8v-cdXCKKEQa9dArZnysEu_BQTCe6LhDi0_cDO2Q3Be9TJI9_kiR3qH6ufrRqmq4pa1Cohi_sjryCpUhM5Awo8pCLijSZabs-6gR8-xMkN4Vb=w122-h92-k-no","https://ssl.gstatic.com/local/servicebusiness/default_user.png","""Nyobain latte sama smoke beef croissant nya enak bangettt.""","https://www.google.com/searchviewer/42?cvd=CLw_EicKJeICIjIgEhkiF9LX29IPEQoNL2cvMTFzcjB3ZGhrNhgBOgMI8A0%3D&hl=id-ID&gl=id&fo_m=MfohQo559jFvMUOzJVpjPL1YMfZ3bInYwBDuMfaXTPp5KXh-&utm_source=tactile&gei=gqD4acX0Bd7KseMPmZ7liA8&ei=gqD4acX0Bd7KseMPmZ7liA8&fo_s=OA&opi=79508299&orderType=1&ebb=1&cs=0&foub=mcpp","Pesan online","","",""
"https://www.google.com/maps/place/KOPI+TUGOH/data=!4m7!3m6!1s0x2e69c5fd67f95d3f:0x48c02356afb9a70c!8m2!3d-6.5887213!4d106.8046859!16s%2Fg%2F11k0sm8_h5!19sChIJP135Z_3FaS4RDKe5r1YjwEg?authuser=0&hl=id&rclk=1","KOPI TUGOH","4,7","(3.590)","·","$$","Kedai Kopi","·","·","Buka","· Tutup pukul 22.00","https://lh3.googleusercontent.com/gps-cs-s/APNQkAGBevrcD4F8JbFLoQBdY-95zZDuUyc3QrJfPbIR38t5haI8b1mgsF54hiChy1Zu9RKgk4_M0hIqTNkDiLEo9eR_eQai9CWSjBbfHJ9hrqT5cL1JrZWlIh7XylXZTSmQEnFoOqxx=w122-h92-k-no","https://ssl.gstatic.com/local/servicebusiness/default_user.png","""kopi milenials nya enak bgt creamy, mba pute pelayanannya best""","https://www.google.com/searchviewer/42?cvd=CLw_EicKJeICIjIgEhkiF9LX29IPEQoNL2cvMTFrMHNtOF9oNRgBOgMI8A0%3D&hl=id-ID&gl=id&fo_m=MfohQo559jFvMUOzJVpjPL1YMfZ3bInYwBDuMfaXTPp5KXh-&utm_source=tactile&gei=gqD4acX0Bd7KseMPmZ7liA8&ei=gqD4acX0Bd7KseMPmZ7liA8&fo_s=OA&opi=79508299&orderType=1&ebb=1&cs=0&foub=mcpp","Pesan online","","","Jl. Raya Pajajaran No.2, RT.02/RW.04"
"https://www.google.com/maps/place/Baked+%26+Brewed+Coffee+and+Kitchen/data=!4m7!3m6!1s0x2e69c5d56ded4ebb:0xe61c6623e8de56fe!8m2!3d-6.5921575!4d106.8022838!16s%2Fg%2F11cm0gzq19!19sChIJu07tbdXFaS4R_lbe6CNmHOY?authuser=0&hl=id&rclk=1","Baked & Brewed Coffee and Kitchen","4,6","(1.956)","·","Rp 50–75 rb","Kedai Kopi","·","·","Buka","· Tutup pukul 22.00","https://lh3.googleusercontent.com/gps-cs-s/APNQkAETWgO1fiZpP9pWk1P62IKmHHGYaK_MiyTbKKfPV4MX3tGxdspgIJTt2b1wd80AvY81G4AgdH266lj6ow4GO-opaZr_0r8fi2N_DYXkgbdzMua4LWmKOaHiNMxYeXkgQlSN4A_T=w138-h92-k-no","https://ssl.gstatic.com/local/servicebusiness/default_user.png","""","https://www.google.com/searchviewer/42?cvd=CLw_EicKJeICIjIgEhkiF9LX29IPEQoNL2cvMTFjbTBnenExORgBOgMI8A0%3D&hl=id-ID&gl=id&fo_m=MfohQo559jFvMUOzJVpjPL1YMfZ3bInYwBDuMfaXTPp5KXh-&utm_source=tactile&gei=gqD4acX0Bd7KseMPmZ7liA8&ei=gqD4acX0Bd7KseMPmZ7liA8&fo_s=OA&opi=79508299&orderType=1&ebb=1&cs=0&foub=mcpp","Pesan online","","","Jl. Salak No.6, RT.05/RW.04"
"https://www.google.com/maps/place/Sisi+Barat+Coffee+River+View/data=!4m7!3m6!1s0x2e69c567ce03a79b:0xf1344e22be05e6c2!8m2!3d-6.5624997!4d106.7442055!16s%2Fg%2F11n0tx32v8!19sChIJm6cDzmfFaS4RwuYFviJONPE?authuser=0&hl=id&rclk=1","Sisi Barat Coffee River View","4,5","(811)","·","Rp 25–50 rb","Kedai Kopi","·","Jl. Batu Hulung, RT.02/RW.02","Buka","· Tutup pukul 22.00","https://lh3.googleusercontent.com/gps-cs-s/APNQkAEDJaf8ZvN0Zp0m5EoBjWdU4hY8Jeqm1v3aFNjqdgqeZRVTGzCBCnagL4PzYftxThuB3gxysuxdkpYey1AlmfScJfJyFFFed1KEYqfQ9-_JYojkYxH21Whdivj9Q-2cUQm_ZtM9cA=w138-h92-k-no","https://ssl.gstatic.com/local/servicebusiness/default_user.png","""Makanan dan kopi enak ,cuma kasir cowo yg sekarang suka melirik2 gitu ya?""","","","","",""
"https://www.google.com/maps/place/Rumah+Seduh+Coffee+and+Kitchen/data=!4m7!3m6!1s0x2e69c5d6a908bdf9:0xfdf82d4354e02ebc!8m2!3d-6.5913578!4d106.8074248!16s%2Fg%2F11dzdttr1m!19sChIJ-b0IqdbFaS4RvC7gVEMt-P0?authuser=0&hl=id&rclk=1","Rumah Seduh Coffee and Kitchen","4,6","(1.223)","·","Rp 25–50 rb","Kafe","·","·","Buka","· Tutup pukul 22.00","https://lh3.googleusercontent.com/gps-cs-s/APNQkAGYRLkPi4P72RV5-75RIwyyYpFKoP9sktrb-y65dtmUsxHyfV0H6VGEc1chas4sHOA82SlW_vpSH5cnd4r3AahGrnRyUkVLl7EmP92d5NYANOYL3m6xvsih2N_jXD5dreCDLH80=w122-h92-k-no","https://ssl.gstatic.com/local/servicebusiness/default_user.png","""Matcha latte, shrimp bruchettanya bintang 5👏🏻""","https://www.google.com/searchviewer/42?cvd=CLw_EicKJeICIjIgEhkiF9LX29IPEQoNL2cvMTFkemR0dHIxbRgBOgMI8A0%3D&hl=id-ID&gl=id&fo_m=MfohQo559jFvMUOzJVpjPL1YMfZ3bInYwBDuMfaXTPp5KXh-&utm_source=tactile&gei=gqD4acX0Bd7KseMPmZ7liA8&ei=gqD4acX0Bd7KseMPmZ7liA8&fo_s=OA&opi=79508299&orderType=1&ebb=1&cs=0&foub=mcpp","Pesan online","","","Jl. Sancang No.16, RT.03/RW.07"
"https://www.google.com/maps/place/The+Coffee+Companion+Coffee+Roaster/data=!4m7!3m6!1s0x2e69c5d53ec0be2f:0x9bbef66de3ab552d!8m2!3d-6.5824469!4d106.811316!16s%2Fg%2F11d_pwc4bq!19sChIJL77APtXFaS4RLVWr4232vps?authuser=0&hl=id&rclk=1","The Coffee Companion Coffee Roaster","4,7","(900)","·","Rp 25–50 rb","Kedai Kopi","·","Jl. Artzimar I No.16B, RT.03/RW.10","Buka","· Tutup pukul 22.00","https://lh3.googleusercontent.com/gps-cs-s/APNQkAHB6y8LYdG3EckdjXbzkg_OFJ0WBn6Vg79N0dHlo4F0G847hoAcj1Q3i4-oXetEjpgnBx-a7n6GXeYQU-sBBpUwE-ti2HYgeG-LVkknBlCOzkIAwjwom5XQtWjmZE6o69c4HhOI=w122-h92-k-no","https://ssl.gstatic.com/local/servicebusiness/default_user.png","""tempatnya enak untuk ngopi lama lama sambil kerja dan nongkrong""","https://www.google.com/searchviewer/42?cvd=CLw_EicKJeICIjIgEhkiF9LX29IPEQoNL2cvMTFkX3B3YzRicRgBOgMI8A0%3D&hl=id-ID&gl=id&fo_m=MfohQo559jFvMUOzJVpjPL1YMfZ3bInYwBDuMfaXTPp5KXh-&utm_source=tactile&gei=gqD4acX0Bd7KseMPmZ7liA8&ei=gqD4acX0Bd7KseMPmZ7liA8&fo_s=OA&opi=79508299&orderType=1&ebb=1&cs=0&foub=mcpp","Pesan online","","",""
"https://www.google.com/maps/place/Penalama+Coffee+Surya+Kencana/data=!4m7!3m6!1s0x2e69c56284543adf:0xa4a17d018e03a497!8m2!3d-6.6065945!4d106.8013582!16s%2Fg%2F11s435rtb3!19sChIJ3zpUhGLFaS4Rl6QDjgF9oaQ?authuser=0&hl=id&rclk=1","Penalama Coffee Surya Kencana","4,7","(898)","·","Rp 25–50 rb","Kedai Kopi","·","Jl. Suryakencana No.131, RT.01/RW.06","Buka","· Tutup pukul 22.00","https://lh3.googleusercontent.com/gps-cs-s/APNQkAFNEdFcHT8Atjrr3TGjyweKFpTxchhTL0LijzeM2EdZetllBqaeNJSx9LYBZRgUDZdmSPqK7GPDxJUzSNty9MklyBmdKDcygXaJKZ5yHeW4qH0mZfNwLSak3v0GYVigSZ52VBRE=w122-h92-k-no","https://ssl.gstatic.com/local/servicebusiness/default_user.png","""Kue tiramisu dan tempatnya oke banget...""","https://www.google.com/searchviewer/42?cvd=CLw_EicKJeICIjIgEhkiF9LX29IPEQoNL2cvMTFzNDM1cnRiMxgBOgMI8A0%3D&hl=id-ID&gl=id&fo_m=MfohQo559jFvMUOzJVpjPL1YMfZ3bInYwBDuMfaXTPp5KXh-&utm_source=tactile&gei=gqD4acX0Bd7KseMPmZ7liA8&ei=gqD4acX0Bd7KseMPmZ7liA8&fo_s=OA&opi=79508299&orderType=1&ebb=1&cs=0&foub=mcpp","Pesan online","","",""
"https://www.google.com/maps/place/Teras+Aloha+Coffee+Bogor/data=!4m7!3m6!1s0x2e69c5520a6ae485:0x4efce32e57c57fca!8m2!3d-6.5897227!4d106.7888693!16s%2Fg%2F11fkqjdl2j!19sChIJheRqClLFaS4Ryn_FVy7j_E4?authuser=0&hl=id&rclk=1","Teras Aloha Coffee Bogor","4,5","(306)","·","Rp 25–50 rb","Kedai Kopi","·","Jl. Ciwaringin 1 No.7, RT.02/RW.03","Buka","· Tutup pukul 22.00","https://lh3.googleusercontent.com/gps-cs-s/APNQkAEpPdAEobOHOysChIIK_NdqM9E-4gEkyWhv_t9XuhfQNy9ZxvDmk0wrkAN4P_BcVvy9ZZJlSuNcwqT9D2ZZidg7vMUyAFh2QGdbbE3FyKw0zdes6HYWY6c-oyWJWODCOgVZleYQ2Q=w163-h92-k-no","https://ssl.gstatic.com/local/servicebusiness/default_user.png","""Nyaman dah kalo nongkrong disini, kopinya juga enak""","","","","",""
"https://www.google.com/maps/place/Gerimis+Coffee+and+Space/data=!4m7!3m6!1s0x2e69c5b4a55de4c3:0x24116b972bb0f55f!8m2!3d-6.5857031!4d106.7894962!16s%2Fg%2F11hcrxtzt2!19sChIJw-RdpbTFaS4RX_WwK5drESQ?authuser=0&hl=id&rclk=1","Gerimis Coffee and Space","4,7","(434)","·","Rp 25–50 rb","Kedai Kopi","·","·","Segera tutup","· 21.00 · Buka Sel pukul 10.00","https://lh3.googleusercontent.com/gps-cs-s/APNQkAF4-xciHjIy4ze0OqaeLDIvUuiqjr_GsAG1IYe5JFrrsmE95IBAa_HA0Td3Y8xMChv5ur-Ug038jyfin4-bXRLZapoiukHjaSuOBxY9mNqjf8qwYV1Gd23w9xfbyH1Md7Ll_J63=w92-h92-k-no","https://ssl.gstatic.com/local/servicebusiness/default_user.png","""Menu kopi nya banyak, tempat nya chill banget, pelayanan nya juga ramah""","","","","","Jl. Ciwaringin No.63, RT.02/RW.04"
"https://www.google.com/maps/place/COFFEERIGHT+-+A.+YANI+BOGOR/data=!4m7!3m6!1s0x2e69c53a5859bc51:0xb3125d7d1fcd8010!8m2!3d-6.5745878!4d106.8010168!16s%2Fg%2F11t8bsrttl!19sChIJUbxZWDrFaS4REIDNH31dErM?authuser=0&hl=id&rclk=1","COFFEERIGHT - A. YANI BOGOR","4,6","(368)","·","Rp 25–50 rb","Kedai Kopi","·","Jl. A. Yani No.29A, RT.03/RW.02","Buka","· Tutup pukul 22.00","https://lh3.googleusercontent.com/gps-cs-s/APNQkAF8T68a_Ui1KBNeWOsY_2vcrDUq6FGVG8ECyaYgI4ymfsxMKC9YC2RyYHsdJiZJVrzOugdKUX1gMr2iCPFlTt1YDFOrkTaQuZ_ezqvLzU1VESjZxBZ69ygCBtHLBURrjgl2mDIQNQ=w122-h92-k-no","https://ssl.gstatic.com/local/servicebusiness/default_user.png","""enakk tempatnya, good service dan kopinya enakk""","","","","",""
"https://www.google.com/maps/place/FOUR+CORNERS+-+Coffee+Shop+Bogor/data=!4m7!3m6!1s0x2e69c5e7bd65a53f:0x2b7130985b1e0ce5!8m2!3d-6.5892521!4d106.7853718!16s%2Fg%2F11rvjtxtzp!19sChIJP6VlvefFaS4R5QweW5gwcSs?authuser=0&hl=id&rclk=1","FOUR CORNERS - Coffee Shop Bogor","4,8","(265)","·","Rp 25–50 rb","Kedai Kopi","·","Jl. DR. Sumeru No.44, RT.03/RW.02","Buka","· Tutup pukul 22.00","https://lh3.googleusercontent.com/gps-cs-s/APNQkAE3PXE0mSgYQYVeqIoJw98IpUsW6MfjH1xFX7zdAD2aueTuyV5tCLnNRtpSS5d4mexPgwMhl7GfK8Tt2VMjHToFlmZO7romLpAnjX3tYjjO2Blanf0luwMm8TWGkUqkwnluISGA=w163-h92-k-no","https://ssl.gstatic.com/local/servicebusiness/default_user.png","""Tempat nya asik buat nongkrong, vanilla latte nya enakk ,suka Bangett""","","","","",""
"https://www.google.com/maps/place/Bogor+coffee+center/data=!4m7!3m6!1s0x2e69c52765e5c79f:0xfbfb5d8501e69797!8m2!3d-6.6063109!4d106.8012063!16s%2Fg%2F11ltz6pvn2!19sChIJn8flZSfFaS4Rl5fmAYVd-_s?authuser=0&hl=id&rclk=1","Bogor coffee center","4,9","(367)","·","Rp 25–50 rb","Kedai Kopi","·","Jl. Suryakencana No.115, RT.01/RW.06","Buka","· Tutup pukul 22.00","https://lh3.googleusercontent.com/gps-cs-s/APNQkAEcjvIC3YTXzC4_AYFD1crVwX4EnTpnOEfhChMDiu9Yld00_k9TlsL4qQf6yseRVpFxde7WXY1AmslHpTaknwAIWtg-81i7ul97Nkrikme5cL7ZVr2sb7E-rv_15RV-4UhT_WZgZlQvAWg=w122-h92-k-no","https://ssl.gstatic.com/local/servicebusiness/default_user.png","""Tempat bersih nyaman,","","","","",""