"hfpxzc href","qBF1Pd","MW4etd","UY7F9","AJB7ye","AJB7ye 2","W4Efsd","W4Efsd 2","W4Efsd 3","W4Efsd 4","W4Efsd 5","FQ2IWe src","Jn12ke src","ah5Ghc","doJOZc","W4Efsd 6","A1zNzb href","J8zHNe","bbPy1"
"","","","","","","","","","","","","","","","","","",""
"","","","","","","","","","","","","","","","","","",""
"https://www.google.com/maps/place/Bento+Kopi+IPB+Bogor/data=!4m7!3m6!1s0x2e69c5c88b402ff5:0x43ade40a92fb81a3!8m2!3d-6.567586!4d106.735084!16s%2Fg%2F11vdrk8y23!19sChIJ9S9Ai8jFaS4Ro4H7kgrkrUM?authuser=0&hl=id&rclk=1","Bento Kopi IPB Bogor","4,7","(1.182)","·","Rp 25–50 rb","Kedai Kopi","·","CPMP+32G","Buka","· Tutup pukul 01.00","https://lh3.googleusercontent.com/gps-cs-s/APNQkAFdihNw2L1WyllqtY3Gfg7Ew6NWSst3NaRwcj3BZm3sejtIS76-PnQ7JqzMB3n1xUz3dvWVoNS65y3O-oXglGmqJk_X8GOvZINudfwBP_oxkZ2CJMESRFM43VwM-kkSbigB57hC=w163-h92-k-no","https://ssl.gstatic.com/local/servicebusiness/default_user.png","""Makanannya enak, harga reasonable buat kualitas juaraa""","","","","",""
"https://www.google.com/maps/place/DISISIKOPI/data=!4m7!3m6!1s0x2e69c57af8b1eae3:0x93c646def74bc275!8m2!3d-6.5586638!4d106.733575!16s%2Fg%2F11x8jhtx3l!19sChIJ4-qx-HrFaS4RdcJL995GxpM?authuser=0&hl=id&rclk=1","DISISIKOPI","4,9","(25)","","","Kedai Kopi","·","kampus dalem IPB, Jl. Babakan Tengah No.99, RT.02/RW.08","Buka","· Tutup pukul 00.00","https://lh3.googleusercontent.com/gps-cs-s/APNQkAEuh1EQo22s1gKLuvkMRmTCZNFqwEEm1au4gr1ToGcwiU77wlRQtsUSwVA6JabHOkKlSGhIn5JMD1a_F0lgvSDtCHIl9wjVif8L1R0fH_WkD2-WwFer0hv0fGWgs6yKLfvcyZ8=w122-h92-k-no","https://ssl.gstatic.com/local/servicebusiness/default_user.png","""Kopinya enak rekomendasi banget pokonya!!""","","","","",""
"https://www.google.com/maps/place/RUMAH+KOPI+RANIN/data=!4m7!3m6!1s0x2e69c42e9c93be1b:0xed6315457426851d!8m2!3d-6.5510705!4d106.7323557!16s%2Fg%2F11b76mcg98!19sChIJG76TnC7EaS4RHYUmdEUVY-0?authuser=0&hl=id&rclk=1","RUMAH KOPI RANIN","4,6","(3.363)","·","Rp 50–75 rb","Kedai Kopi","·","·","Tutup","· Buka Sel pukul 10.00","https://lh3.googleusercontent.com/gps-cs-s/APNQkAG-q9HXV9dZnrZLNEQltBIHL7ma6Oh1xGHBSaHGpA6Jl_-RBD9rQCbVJUX30JbvaZQlT92Wg7EcWLMFJhIZWNoIToa7yvdu9CQqk4ZOMo0_om2RP_eIpZYzWR9mxzMRv3VLhuV58g=w122-h92-k-no","https://ssl.gstatic.com/local/servicebusiness/default_user.png","""Harga kopi dan makanan mayan pricey sih, rasanya masih masuk di lidah.""","","Jl. Alternatif IPB Desa","","",""
"https://www.google.com/maps/place/KOPI+SANGER+IPB/data=!4m7!3m6!1s0x2e69c500623beb3b:0x49ea3b775aed9d1c!8m2!3d-6.558714!4d106.731953!16s%2Fg%2F11xh47nnpz!19sChIJO-s7YgDFaS4RHJ3tWnc76kk?authuser=0&hl=id&rclk=1","KOPI SANGER IPB","4,6","(133)","","","Kedai Kopi","·","Jl. Babakan Tengah No.12","Buka","· Tutup pukul 22.00","https://lh3.googleusercontent.com/gps-cs-s/APNQkAHTlNEejRbvwYcPyQfTIh00m2TcrGPSiMzTIDN6n9F98MeMzRdsUF8LlnMlnnYNr0PmEBCSxuNSVLpOftxRY9DOLeVFBERUgmGC1aZ2J9AIkrX38og5cb38ZVyxsfuXRkOaMBTB0qK9jt3u=w185-h92-k-no","https://ssl.gstatic.com/local/servicebusiness/default_user.png","""Kopi enak dan mantabb""","","","","",""
"https://www.google.com/maps/place/TOMORO+COFFEE+-+IPB+Dramaga/data=!4m7!3m6!1s0x2e69c59e25e619cd:0xfc2294b22d014f9!8m2!3d-6.5603277!4d106.731812!16s%2Fg%2F11svjsll7w!19sChIJzRnmJZ7FaS4R-RTQIkspwg8?authuser=0&hl=id&rclk=1","TOMORO COFFEE - IPB Dramaga","4,8","(357)","·","Rp 25–50 rb","Kedai Kopi","·","CPQJ+VP7, Jl. Babakan Raya","Buka","· Tutup pukul 23.00","https://lh3.googleusercontent.com/gps-cs-s/APNQkAHoWvO_RSiDOB1dxhQWvfwmJW8QVvdSencl-z10os8Lzz2vlcEXnB45_QrTTzFwAvfAYbhtY_S1dfVO7Hg7zH8ne8AAARcchGV8gs-9jVll58Q1s7GeM_uOPXm2_SSiwzLQZbcMPQ=w80-h106-k-no","https://ssl.gstatic.com/local/servicebusiness/default_user.png","""cozy place, bersih, pelayanan baik, baristanya asik diajak ngobrol.""","","","https://www.google.com/searchviewer/42?cvd=CLw_EicKJeICIjIgEhkiF9LX29IPEQoNL2cvMTFzdmpzbGw3dxgBOgMI8A0%3D&hl=id-ID&gl=id&fo_m=MfohQo559jFvMUOzJVpjPL1YMfZ3bInYwBDuMfaXTPp5KXh-&utm_source=tactile&gei=KKH4aYPDCNOX4-EPqa7P6QY&ei=KKH4aYPDCNOX4-EPqa7P6QY&fo_s=OA&opi=79508299&orderType=1&ebb=1&cs=0&foub=mcpp","Pesan online",""
"https://www.google.com/maps/place/Tepi+Danau+Cafe+and+Resto/data=!4m7!3m6!1s0x2e69c389e8f3f2b9:0x6f2fdd721f83f41!8m2!3d-6.545988!4d106.731647!16s%2Fg%2F11h2j7hffq!19sChIJufLz6InDaS4RQT_4Idf98gY?authuser=0&hl=id&rclk=1","Tepi Danau Cafe and Resto","4,3","(2.977)","·","Rp 25–50 rb","Kedai Kopi","·","","Tutup","· Buka Sel pukul 11.00","https://lh3.googleusercontent.com/gps-cs-s/APNQkAG3e-xvZZKWTV9UAPxitS3W_HbQvf6oodVdvIcZkUEnl6zF4Hl989FXsAQ595PqoP2jz_cVNa18ub8rCFKerY_YY8c7i8SfX2v9kqIi7OygRoCKOOyRnpZvHp7Oq0qFS8Ra3SQ=w80-h106-k-no","https://ssl.gstatic.com/local/servicebusiness/default_user.png","""Makanan nya enak enak harga terjangkau, tempat nya nyamn""","","","https://www.google.com/searchviewer/42?cvd=CLw_EicKJeICIjIgEhkiF9LX29IPEQoNL2cvMTFoMmo3aGZmcRgAOgMI8A0%3D&hl=id-ID&gl=id&fo_m=MfohQo559jFvMUOzJVpjPL1YMfZ3bInYwBDuMfaXTPp5KXh-&utm_source=tactile&gei=KKH4aYPDCNOX4-EPqa7P6QY&ei=KKH4aYPDCNOX4-EPqa7P6QY&fo_s=OA&opi=79508299&ebb=1&cs=0&foub=mcpp","Pesan online",""
"https://www.google.com/maps/place/Kopicentrum+Gedung+Alumni+IPB/data=!4m7!3m6!1s0x2e69c5b00efb42f7:0x403fc07d6f34e60f!8m2!3d-6.602597!4d106.8060551!16s%2Fg%2F11t8lp3sqh!19sChIJ90L7DrDFaS4RD-Y0b33AP0A?authuser=0&hl=id&rclk=1","Kopicentrum Gedung Alumni IPB","4,5","(117)","·","Rp 25–50 rb","Kedai Kopi","·","Jalan Padjajaran, Pabuaran, RT.04/RW.05","Buka","· Tutup pukul 22.00","https://lh3.googleusercontent.com/gps-cs-s/APNQkAGPm04k2TiEbaO3sBbQXbojksjC3VHfSyCZ5W6iSBW9zx3AuRdT6jmaqXqC3oCeRTouQeFmTRjBJ6MQVaoKPYIzSR5Bh7ocz24igjPQdyhUdd2SLLI02zNLsHHgjp0o5WfzEnTA8Q=w80-h92-k-no","https://ssl.gstatic.com/local/servicebusiness/default_user.png","""Makanan dan minumannya cukup bervariasi, dengan harga terjangkau.""","","","https://www.google.com/searchviewer/42?cvd=CLw_EicKJeICIjIgEhkiF9LX29IPEQoNL2cvMTF0OGxwM3NxaBgBOgMI8A0%3D&hl=id-ID&gl=id&fo_m=MfohQo559jFvMUOzJVpjPL1YMfZ3bInYwBDuMfaXTPp5KXh-&utm_source=tactile&gei=KKH4aYPDCNOX4-EPqa7P6QY&ei=KKH4aYPDCNOX4-EPqa7P6QY&fo_s=OA&opi=79508299&orderType=1&ebb=1&cs=0&foub=mcpp","Pesan online",""
"https://www.google.com/maps/place/Kedai+Kuweis/data=!4m7!3m6!1s0x2e69c5ed75feefb1:0xb2838020f391df78!8m2!3d-6.5793904!4d106.742344!16s%2Fg%2F11wn8d8mst!19sChIJse_-de3FaS4ReN-R8yCAg7I?authuser=0&hl=id&rclk=1","Kedai Kuweis","5,0","(98)","·","Rp 1–25.000","Kedai Kopi","·","Ruko Masjid Al Hafy, Jl. Lkr. Dramaga, RT.04/RW.02","Segera tutup","· 21.00 · Buka Sel pukul 10.00","https://lh3.googleusercontent.com/gps-cs-s/APNQkAET4AYL7TLCWq5ZUQy6F2w9lZSwW9d48e8VNVDTMIihf5E6qGgT3AJdhfac2kN-B0AHLhz8Biwfcbm0wnxI6Umhwc4aUW-BwQn-qn6mA3yPyJgVdBUcpDtMAkWJTuBD2-2l2LsE=w80-h142-k-no","https://ssl.gstatic.com/local/servicebusiness/default_user.png","""Menunya enak-enak, harganya juga affordable buat kantong pelahar""","","","","",""
"https://www.google.com/maps/place/Sangra+Coffee/data=!4m7!3m6!1s0x2e69c5e781f6a5c3:0x3bac3e6db5f5eb4f!8m2!3d-6.6009953!4d106.8058105!16s%2Fg%2F1ptywqq9b!19sChIJw6X2gefFaS4RT-v1tW0-rDs?authuser=0&hl=id&rclk=1","Sangra Coffee","4,5","(1.061)","·","Rp 50–75 rb","Kedai Kopi","·","Kampus IPB, Jl. Raya Pajajaran No.1, RT.02/RW.05","Segera tutup","· 21.00 · Buka Sel pukul 09.00","https://lh3.googleusercontent.com/gps-cs-s/APNQkAEpvCHHbKnAA0_dHIzQudrTrw6ewxCdAcK-brRMU4Aj25IQhr66kNp7Jy07jR-9ZU8lScOvtmqAyzqy77n0josf_DKobL76nzuqPgxOfCWpoTXd7fkPUpI6hs812fDFhGWyxvbrdA=w163-h92-k-no","https://ssl.gstatic.com/local/servicebusiness/default_user.png","""Makanan beraneka ragam dan enak enak dengan harga yang reasonable.""","","Kafe santai dengan meja outdoor","","",""
"https://www.google.com/maps/place/Botani+Kopi+Nusantara/data=!4m7!3m6!1s0x2e69c5d6f34ebc25:0x277d37385498bb6a!8m2!3d-6.5597107!4d106.7250427!16s%2Fg%2F11h3ngz207!19sChIJJbxO89bFaS4RaruYVDg3fSc?authuser=0&hl=id&rclk=1","Botani Kopi Nusantara","4,6","(116)","·","Rp 1–25.000","Kedai Kopi","·","Gedung Andi Hakim Nasution Jalan Institut Pertanian","Tutup","· Buka Sel pukul 08.00","https://lh3.googleusercontent.com/gps-cs-s/APNQkAEbWP2FFe5OBY7qDEh-VfdhUXaHNI038DUJVZiWM0wLJrpbD0FMaEMkwfL2F-iLsF4QANO5Sfaw1O6G22nQZdxtJfIAAcP5qXlwUSCY_0qlMzHGZCcsDQgK4guumEYp22hbERc=w80-h106-k-no","https://ssl.gstatic.com/local/servicebusiness/default_user.png","""Coba menu baru yg Blue Sky Latte, lebih enak panas-panas.""","","","","",""
"https://www.google.com/maps/place/Evlogia+Coffee+%26+Space/data=!4m7!3m6!1s0x2e69c51cfbc0d62b:0xe89a3fab17723a13!8m2!3d-6.5702377!4d106.7356884!16s%2Fg%2F11rkbqg1jj!19sChIJK9bA-xzFaS4REzpyF6s_mug?authuser=0&hl=id&rclk=1","Evlogia Coffee & Space","4,5","(96)","·","Rp 25–50 rb","Kedai Kopi","·","Jalan Lingkar","Buka","· Tutup pukul 01.00","https://lh3.googleusercontent.com/gps-cs-s/APNQkAHjsjp8HeZPk0VQIuKGePJ6BOrAAi7dlYbASDhUI5J9zvhNJEUCaRBCfCCunb_nRgTt49DH81VMdHtlujCmfa0QhL6ddw9vLSgbO3lT0hYdLQ9IZWFkHdnEx3tEzO2qGw5HhpANVsQ0LmNW=w163-h92-k-no","https://ssl.gstatic.com/local/servicebusiness/default_user.png","""Tempatnya nyaman
Kopinya enak
Makanannya enak
Harga terjangkau""","","","https://www.google.com/searchviewer/42?cvd=CLw_EicKJeICIjIgEhkiF9LX29IPEQoNL2cvMTFya2JxZzFqahgBOgMI8A0%3D&hl=id-ID&gl=id&fo_m=MfohQo559jFvMUOzJVpjPL1YMfZ3bInYwBDuMfaXTPp5KXh-&utm_source=tactile&gei=KKH4aYPDCNOX4-EPqa7P6QY&ei=KKH4aYPDCNOX4-EPqa7P6QY&fo_s=OA&opi=79508299&orderType=1&ebb=1&cs=0&foub=mcpp","Pesan online",""
"https://www.google.com/maps/place/Empatdua+Kopi+FEM+IPB/data=!4m7!3m6!1s0x2e69dbbb274b654d:0x9fc90d46e18aa642!8m2!3d-6.5594175!4d106.7231784!16s%2Fg%2F11md9l3t6g!19sChIJTWVLJ7vbaS4RQqaK4UYNyZ8?authuser=0&hl=id&rclk=1","Empatdua Kopi FEM IPB","5,0","(31)","","","Kedai Kopi","·","Kampus IPB, Jl. Agatis","Tutup","· Buka Sel pukul 08.00","https://lh3.googleusercontent.com/gps-cs-s/APNQkAECd5Z8yW4Pe3KGYerIn3pQ8KC_vqkH3a-t_nBqg2Lv5lwcO-zglBid0PuOo3hGHIN7fZ_ZRqpUdClQlvltNW8mt2cOO-_JUWWbNOvbHuMk1g7HG5wA0NC6nBLH_w5dvX5N2HoUsExVL2aQ=w163-h92-k-no","https://ssl.gstatic.com/local/servicebusiness/default_user.png","""Makan dan minum nya enak enak bgt, banyak variasi menu nya""","","","","",""
"https://www.google.com/maps/place/Kopi+Oey+Bogor/data=!4m7!3m6!1s0x2e69c5c34ddffc5f:0x5847993037eb73c9!8m2!3d-6.6025458!4d106.8061615!16s%2Fg%2F11b6d7r6vs!19sChIJX_zfTcPFaS4RyXPrNzCZR1g?authuser=0&hl=id&rclk=1","Kopi Oey Bogor","4,4","(350)","·","Rp 50–75 rb","Kedai Kopi","·","Gedung Himpunan Alumni IPB, Jl. Cidangiang No.1, RT.04/RW.05","Buka","· Tutup pukul 23.00","https://lh3.googleusercontent.com/gps-cs-s/APNQkAF47WdE4N9x_VZ-6bUbVj8g_CB5wKKYoGYSEN5xy089u4B0bnVnpfuOi4nZlWpviZcAjm09_pcKv_LsST6AEluOS1A3XMS6LVzQMNDRMfXcDnQd-lOd9KqmTDDXWoEMTtM97J9g=w122-h92-k-no","https://ssl.gstatic.com/local/servicebusiness/default_user.png","""Makan nya enak and kopi nya jga mantap sesuai dng harganya""","","","https://www.google.com/searchviewer/42?cvd=CLw_EicKJeICIjIgEhkiF9LX29IPEQoNL2cvMTFiNmQ3cjZ2cxgBOgMI8A0%3D&hl=id-ID&gl=id&fo_m=MfohQo559jFvMUOzJVpjPL1YMfZ3bInYwBDuMfaXTPp5KXh-&utm_source=tactile&gei=KKH4aYPDCNOX4-EPqa7P6QY&ei=KKH4aYPDCNOX4-EPqa7P6QY&fo_s=OA&opi=79508299&orderType=1&ebb=1&cs=0&foub=mcpp","Pesan online",""
"https://www.google.com/maps/place/SOKA/data=!4m7!3m6!1s0x2e69c5beeeeb4e19:0xab3e2352371f59f6!8m2!3d-6.5580404!4d106.7373906!16s%2Fg%2F11xst3khfh!19sChIJGU7r7r7FaS4R9lkfN1IjPqs?authuser=0&hl=id&rclk=1","SOKA","4,9","(21)","·","Rp 1–25.000","Kedai Kopi","·","Samping Warbal, Belebak IPB Dramaga, Jl. Balebak 3 No.Rt 3, RT.01/RW.06","Buka","· Tutup pukul 00.00","https://lh3.googleusercontent.com/gps-cs-s/APNQkAGb2ynCZ-jFVHjyKL1aO--xmy_BUrBztbhXBwS4Wiw822Cf_FFje9PI6tvuUSLSKiDZvmRXiTHVAsdOa-03jGLoQgKRc5xXiU0oNzJpb8pO7giqtrq9lJ5Ai2ICSypXst8lzFqGA4ArTjw-=w80-h142-k-no","https://ssl.gstatic.com/local/servicebusiness/default_user.png","""Kaldu kuah sop iga sapinya juga terasa banget, mana harganya murah.""","","","","",""
"https://www.google.com/maps/place/Janji+Jiwa/data=!4m7!3m6!1s0x2e69c5e480575fff:0xaadea8a978b779a6!8m2!3d-6.5613759!4d106.7303556!16s%2Fg%2F11hgjg0xzk!19sChIJ_19XgOTFaS4Rpnm3eKmo3qo?authuser=0&hl=id&rclk=1","Janji Jiwa","4,6","(209)","·","Rp 25–50 rb","Kedai Kopi","·","CPQJ+C4X","Tutup","· Buka Sel pukul 10.00","https://lh3.googleusercontent.com/gps-cs-s/APNQkAGmuH1cbwB-zfD5QvhlhIKKe47NpufETCzzkCiX_GwI1FkwQDGtEU1a6j5zZSN7aVzBIHGyVXzItb_g6lceqjCKTtMmnlcmDvW3C4HdNDqLF-y_5tG5ddtw76-iZfimAp3Pq5uqwA=w122-h92-k-no","https://ssl.gstatic.com/local/servicebusiness/default_user.png","""kopi enak toast enak ,nyaman pelayanan mantap pollll""","","","","",""
"https://www.google.com/maps/place/RUMAH+MATOA+Coffee+%26+Kitchen/data=!4m7!3m6!1s0x2e69c52542252307:0xc699b9caeee01ef8!8m2!3d-6.5543721!4d106.7416419!16s%2Fg%2F11j0sqdln9!19sChIJByMlQiXFaS4R-B7g7sq5mcY?authuser=0&hl=id&rclk=1","RUMAH MATOA Coffee & Kitchen","4,8","(507)","·","Rp 50–75 rb","Kedai Kopi","·","·","Tutup","· Buka Sel pukul 09.00","https://lh3.googleusercontent.com/gps-cs-s/APNQkAG-w51OOxcTg7tkGY2pCwzFR7VrUzZ6hEr_ldHUU2-zAPPNB6JM1vyrhrlJy0R628qMi9cXfMN3eq7ka__vHB-M8cFOTbFiwjPAx0Tqn-46_eFE30nRCzDxhZOO42wWrXYhq7-3=w163-h92-k-no","https://ssl.gstatic.com/local/servicebusiness/default_user.png","""Makanan dan minumannya juga enak, harga standar kafe dan cukup worth it""","","Alternative IPB - Samping BMKG, Jl. Cilubang Mekar, RT.01/RW.08","","",""
"https://www.google.com/maps/place/Warung+Kopi+Nako/data=!4m7!3m6!1s0x2e69c5e0d8cfb4c7:0x9207fc3f0a71eea6!8m2!3d-6.6096108!4d106.8130039!16s%2Fg%2F11ggr7q8tc!19sChIJx7TP2ODFaS4Rpu5xCj_8B5I?authuser=0&hl=id&rclk=1","Warung Kopi Nako","4,6","(8.556)","·","Rp 25–50 rb","Kedai Kopi","·","·","Buka","· Tutup pukul 00.00","https://lh3.googleusercontent.com/gps-cs-s/APNQkAHRXGAypD6hwjZ2guYQce_R75eCgSV4l_Qz3pQMJ3n6edPdJTuKvIknw_mu3KqFHfDtgJ-ZvCco8wYAKOHNSO2NMmlYxrC2735IirUi1GmJJRJjogdccCclsmoyAgUNmKdYP8kESw=w138-h92-k-no","https://ssl.gstatic.com/local/servicebusiness/default_user.png","""Makanan enak, banyak variasi, kopinya juga, ambience nya mantap""","","Jl. Pajajaran Indah V No.7, RT.01/RW.11","https://www.google.com/searchviewer/42?cvd=CLw_EicKJeICIjIgEhkiF9LX29IPEQoNL2cvMTFnZ3I3cTh0YxgAOgMI8A0%3D&hl=id-ID&gl=id&fo_m=MfohQo559jFvMUOzJVpjPL1YMfZ3bInYwBDuMfaXTPp5KXh-&utm_source=tactile&gei=KKH4aYPDCNOX4-EPqa7P6QY&ei=KKH4aYPDCNOX4-EPqa7P6QY&fo_s=OA&opi=79508299&ebb=1&cs=0&foub=mcpp","Pesan online",""
"https://www.google.com/maps/place/Kedai+Kopi+Nu+Sae+Dramaga/data=!4m7!3m6!1s0x2e69c53b0552155d:0xf58c50632aaf571a!8m2!3d-6.5717737!4d106.7401006!16s%2Fg%2F11fr2nw0f2!19sChIJXRVSBTvFaS4RGlevKmNQjPU?authuser=0&hl=id&rclk=1","Kedai Kopi Nu Sae Dramaga","4,7","(64)","·","Rp 25–50 rb","Kedai Kopi","·","CPHR+72X, Jl. Raya Dramaga, RT.01/RW.06","Buka","· Tutup pukul 22.00","https://lh3.googleusercontent.com/gps-cs-s/APNQkAFt_QMzK7LSfTl1-T8bzIWg7Gc_w4beCGv0J35nfJgc1jEJYH-SxlP9nLD2__N1uVkqiJNzdNiWwI5KeeldvTdd8hfhpYnOHs8oqxgUkUbTw4xFcj9Ya8Q72JMGjroufqt0aSs4=w122-h92-k-no","https://ssl.gstatic.com/local/servicebusiness/default_user.png","""Kopinya enak, terasa pas buat saya yg suka kopi dengan taste pahit.""","","","https://www.google.com/searchviewer/42?cvd=CLw_EicKJeICIjIgEhkiF9LX29IPEQoNL2cvMTFmcjJudzBmMhgBOgMI8A0%3D&hl=id-ID&gl=id&fo_m=MfohQo559jFvMUOzJVpjPL1YMfZ3bInYwBDuMfaXTPp5KXh-&utm_source=tactile&gei=KKH4aYPDCNOX4-EPqa7P6QY&ei=KKH4aYPDCNOX4-EPqa7P6QY&fo_s=OA&opi=79508299&orderType=1&ebb=1&cs=0&foub=mcpp","Pesan online",""
"https://www.google.com/maps/place/Genus+Coffee+%26+Boutique/data=!4m7!3m6!1s0x2e69c52940856c0d:0x487d22e2073feec4!8m2!3d-6.5611108!4d106.7494972!16s%2Fg%2F11scn63mr5!19sChIJDWyFQCnFaS4RxO4_B-IifUg?authuser=0&hl=id&rclk=1","Genus Coffee & Boutique","4,8","(763)","·","Rp 25–50 rb","Kedai Kopi","·","Jl. Raya Cifor No.8, RT.01/RW.05","Buka","· Tutup pukul 23.00","https://lh3.googleusercontent.com/gps-cs-s/APNQkAHpYFZhz9L9DmVFR9LmnPHSjzXKIp3ayW3ikMg3umv2T5-XvDDg2goiVlT7b3XiI9hIOd1QCJS2BblmGf7pIA3B41NlorKpEDBIXI-HcKoCRlduK20jCnZlPMLr9jWuoGxKnic5Y7JNlyE=w80-h142-k-no","https://ssl.gstatic.com/local/servicebusiness/default_user.png","""Makanan dan minuman nya enak-enak harga affordable, tempatnya nyaman.""","","","https://www.google.com/searchviewer/42?cvd=CLw_EicKJeICIjIgEhkiF9LX29IPEQoNL2cvMTFzY242M21yNRgBOgMI8A0%3D&hl=id-ID&gl=id&fo_m=MfohQo559jFvMUOzJVpjPL1YMfZ3bInYwBDuMfaXTPp5KXh-&utm_source=tactile&gei=KKH4aYPDCNOX4-EPqa7P6QY&ei=KKH4aYPDCNOX4-EPqa7P6QY&fo_s=OA&opi=79508299&orderType=1&ebb=1&cs=0&foub=mcpp","Pesan online",""
"https://www.google.com/maps/place/Sembrani+Coffee+%26+Space/data=!4m7!3m6!1s0x2e69c590b118c105:0x185a6d052f4df71d!8m2!3d-6.558146!4d106.738182!16s%2Fg%2F11t2tzzfgk!19sChIJBcEYsZDFaS4RHfdNLwVtWhg?authuser=0&hl=id&rclk=1","Sembrani Coffee & Space","5,0","(21)","","","Kedai Kopi","·","Jl. Babakan Lb. No.81, RT.03/RW.05","Buka","· Tutup pukul 23.00","https://lh3.googleusercontent.com/gps-cs-s/APNQkAEScuz6oroxLdZpm7yDR0E9nPdehD-R3wZDNt_qqeSe1zitC6kuoWvSFB7lMSGuo-VtyoHK5rgpvENKMuE6WNVsLE07h1vqNbX2Ho12xqBsZS9_Aauorbe-Ic2pspMqJwk68FLWIw=w80-h106-k-no","https://ssl.gstatic.com/local/servicebusiness/default_user.png","""Tempat pas nih buat nongki""","","","","",""
"https://www.google.com/maps/place/Sisi+Barat+Coffee+River+View/data=!4m7!3m6!1s0x2e69c567ce03a79b:0xf1344e22be05e6c2!8m2!3d-6.5624997!4d106.7442055!16s%2Fg%2F11n0tx32v8!19sChIJm6cDzmfFaS4RwuYFviJONPE?authuser=0&hl=id&rclk=1","Sisi Barat Coffee River View","4,5","(811)","·","Rp 25–50 rb","Kedai Kopi","·","Jl. Batu Hulung, RT.02/RW.02","Buka","· Tutup pukul 22.00","https://lh3.googleusercontent.com/gps-cs-s/APNQkAFJp65liA0ikjUWGA3s5jebn9fj2VkrDy1CtTj1NXQsSHN8FhrcptM3Z3fAiNgS4YKLtgM0B_KWTB46xv4YE3-ZB0seNYDNV-_nSyT4JkYVKqdwyp8vZYWQcV6ZsEVt92Cg6ZKU=w122-h92-k-no","https://ssl.gstatic.com/local/servicebusiness/default_user.png","""Tempatnya enak banget,makanan nya juga enak,pelayanannya ramah banget""","","","","",""
"https://www.google.com/maps/place/Yellow+Corner+IPB/data=!4m7!3m6!1s0x2e69c4b1a891da37:0x8212bcccfc6e3b1c!8m2!3d-6.5608919!4d106.7316265!16s%2Fg%2F11c5_p_2ml!19sChIJN9qRqLHEaS4RHDtu_My8EoI?authuser=0&hl=id&rclk=1","Yellow Corner IPB","4,3","(123)","·","Rp 1–25.000","Restoran","·","·","Tutup","· Buka Sel pukul 07.00","https://lh3.googleusercontent.com/gps-cs-s/APNQkAGOl7KAPwRSU6GZQhP3K-O1lIA-YMy5TA1lUVJoUOOUQ67aNFN3vzyLh4MiL7lrC6WHqL08yLSFyYVcqgV7OAMEqoGUCcUu7L8PMPQJIcx4pfj0Q63QNST3WDkpauF0OQss4EGZ=w122-h92-k-no","https://ssl.gstatic.com/local/servicebusiness/default_user.png","""Makanan di","","Jl. Babakan Raya No.158","","",""
"https://www.google.com/maps/place/Kedai+Bubun/data=!4m7!3m6!1s0x2e69c4de3fcd0085:0xc71436970ea04296!8m2!3d-6.5851209!4d106.745632!16s%2Fg%2F11g6xs1hpp!19sChIJhQDNP97EaS4RlkKgDpc2FMc?authuser=0&hl=id&rclk=1","Kedai Bubun","4,5","(125)","","","Restoran","·","Jl. Raya Ciherang No.5","Segera tutup","· 21.30 · Buka Sel pukul 11.00","https://lh3.googleusercontent.com/gps-cs-s/APNQkAGApQEs6l4ZarKD3FKNYkSktdfMbk905QoFb20BWaeE_SKBl3gbKziewcDtwUARDzHlxHrWfJyKw9ZYdKrGk_A5QIGcz0SxeWpHoeeMjJo0OP6IOGw7EsPGws5NLYpJyk6Swj-Z=w164-h92-k-no","https://ssl.gstatic.com/local/servicebusiness/default_user.png","""Ayam bakarnya enak n harga murah""","","","","",""
"https://www.google.com/maps/place/Kedai+Air/data=!4m7!3m6!1s0x2e69c52406e3fb3b:0xc3db8d8eb9f8dff8!8m2!3d-6.5656065!4d106.7319404!16s%2Fg%2F11j0c5v4_q!19sChIJO_vjBiTFaS4R-N_4uY6N28M?authuser=0&hl=id&rclk=1","Kedai Air","4,6","(65)","","","Restoran","·","·","Tutup","· Buka Sel pukul 14.00","https://lh3.googleusercontent.com/gps-cs-s/APNQkAE349xjaB-iV3-oM9YlbOSInOtydpXWk2TcA5FfGKOdMu56BfGjrW1acLxpq5-VZxe494fE1AP4yTqjtC2Kww6ydfeAQjz5mFkS1mg-eTubrQ0_kERUfEImwU8c-GsqJy2i8BK1=w168-h92-k-no","https://ssl.gstatic.com/local/servicebusiness/default_user.png","""Menu juga inovatif.""","","Jl. Lkr. Perwira","","",""
"https://www.google.com/maps/place/Esposa/data=!4m7!3m6!1s0x2e69c5ef416b4f01:0xf4c6f8c700eab6aa!8m2!3d-6.5499814!4d106.7376434!16s%2Fg%2F11sprvnfpp!19sChIJAU9rQe_FaS4RqrbqAMf4xvQ?authuser=0&hl=id&rclk=1","Esposa","4,7","(1.165)","·","Rp 25–50 rb","Kedai Kopi","·","Jl. Cilubang Mekar No.03/08","Segera tutup","· 21.00 · Buka Sel pukul 09.00","https://lh3.googleusercontent.com/gps-cs-s/APNQkAGlAPFOXnfGwqYp2ra1QNzkSCb4Qu3EeQ_1oMYm4cPB4vJ9ZqBpS9xWUO08qkPlkE1Sr2TQQ5QwylP5ihzjC3X3wiCOeEdevjOTzj9mEoxcGJseqXyX1jK-BKRNLk2I2Nztr7ErYg=w122-h92-k-no","https://ssl.gstatic.com/local/servicebusiness/default_user.png","""Ambiencenya enak banget, harga terjangkau, rasa makanan so-so.""","","","","",""
"https://www.google.com/maps/place/Kedai+Kita/data=!4m7!3m6!1s0x2e69c5cc57d59837:0x1701aafca849fbec!8m2!3d-6.5901385!4d106.8028126!16s%2Fg%2F11b6tfqkx_!19sChIJN5jVV8zFaS4R7PtJqPyqARc?authuser=0&hl=id&rclk=1","Kedai Kita","4,5","(13.700)","·","Rp 50–75 rb","Sesuai untuk keluarga","·","·","Buka","· Tutup pukul 22.00","https://lh3.googleusercontent.com/gps-cs-s/APNQkAEVoLGwymi9q_ew6RLDPFiTAF22ye2pFw45wfJjYzKZJPqCSaMyN6pXAeb2ivbkhGNTv1J7Yhl-9g0T3PtQ38qcUZqKXgjv68t51guBda2F8kogqhOtNKg3uu7EIr43YmvwlVg=w122-h92-k-no","https://ssl.gstatic.com/local/servicebusiness/default_user.png","""Makanan enak dengan porsi kenyang, harga affordable.""","","Jl. Pangrango No.21, RT.03/RW.04","https://www.google.com/searchviewer/42?cvd=CLw_EicKJeICIjIgEhkiF9LX29IPEQoNL2cvMTFiNnRmcWt4XxgAOgMI8A0%3D&hl=id-ID&gl=id&fo_m=MfohQo559jFvMUOzJVpjPL1YMfZ3bInYwBDuMfaXTPp5KXh-&utm_source=tactile&gei=MaH4aYfCEpWo4-EPit-9kA0&ei=MaH4aYfCEpWo4-EPit-9kA0&fo_s=OA&opi=79508299&ebb=1&cs=0&foub=mcpp","Pesan online",""
"https://www.google.com/maps/place/Seraya+Pastry+%26+Coffee/data=!4m7!3m6!1s0x2e69c51262ed68f1:0xb9f731aa49bb8df3!8m2!3d-6.5973831!4d106.8103809!16s%2Fg%2F11tdgkjw2q!19sChIJ8WjtYhLFaS4R8427Saox97k?authuser=0&hl=id&rclk=1","Seraya Pastry & Coffee","4,8","(137)","·","Rp 50–75 rb","Kedai Kopi","·","Komplek KPP IPB 3, Jl. Danau Tondano No.III Blok H/8, RT.05/RW.08","Buka","· Tutup pukul 22.00","https://lh3.googleusercontent.com/gps-cs-s/APNQkAHLt2WailEcmsr7kSK7noY2ycjFHPhdpZP3Ie8qQzP7ommuztx51eyOLajOq_csWRIGbX2q0QbiFUDoVcqYZT7NlfmjDo5d7Y-M66nqTome6TNXh_dYR31YhHFuyYA8XrbszeTG=w80-h100-k-no","https://ssl.gstatic.com/local/servicebusiness/default_user.png","""Makanan nya juga enak2 bgtttt dan harganya msh sangat affordable.""","","","https://www.google.com/searchviewer/42?cvd=CLw_EicKJeICIjIgEhkiF9LX29IPEQoNL2cvMTF0ZGdrancycRgBOgMI8A0%3D&hl=id-ID&gl=id&fo_m=MfohQo559jFvMUOzJVpjPL1YMfZ3bInYwBDuMfaXTPp5KXh-&utm_source=tactile&gei=MaH4aYfCEpWo4-EPit-9kA0&ei=MaH4aYfCEpWo4-EPit-9kA0&fo_s=OA&opi=79508299&orderType=1&ebb=1&cs=0&foub=mcpp","Pesan online",""
"https://www.google.com/maps/place/Jelly+Potter+Kampus+IPB+Dramaga/data=!4m7!3m6!1s0x2e69c567789fea0b:0x2b6c6a86c0165fc1!8m2!3d-6.5615454!4d106.7307615!16s%2Fg%2F11h4d6tj98!19sChIJC-qfeGfFaS4RwV8WwIZqbCs?authuser=0&hl=id&rclk=1","Jelly Potter Kampus IPB Dramaga","4,7","(89)","","","Kafe","·","Jl. Babakan Tengah No.25, RT.2/RW.08","Segera tutup","· 21.00 · Buka Sel pukul 09.00","https://lh3.googleusercontent.com/gps-cs-s/APNQkAHAhRtYf4ml8YwkXeabmlg0QERlANjP3sAfNasNiUA2bV6iGtVDkowjlLs2WVXJvs3mMkzrFx9FgemKr-p1AXgH__jN7QepeuojhfT6iOAGvEkMeQ2N0Fni9o7JDcDQz4i3ZYBf=w122-h92-k-no","","Makan di tempat","","","","",""
"https://www.google.com/maps/place/IPB+Merchandise+Store+%7C+Official+Merchandise+%26+Attribute+of+IPB+University+%7C+Custome+Sovenir/data=!4m7!3m6!1s0x2e69c5e1ad374e75:0x251c15c93c26176b!8m2!3d-6.5598356!4d106.7313661!16s%2Fg%2F11j4n_1ygv!19sChIJdU43reHFaS4RaxcmPMkVHCU?authuser=0&hl=id&rclk=1","IPB Merchandise Store | Official Merchandise & Attribute of IPB University | Custome Sovenir","4,7","(28)","","","Toko Pakaian","","","Segera tutup","· 21.00 · Buka Sel pukul 08.00","https://lh3.googleusercontent.com/gps-cs-s/APNQkAEOA8hsrXSIfbH6ggeMxdQzKXST5vzhLq4fUe_0HenPR9ypPT7ZAmHd8HefhZkfRAc4GP_CjciOhuLvFIub_WLAw_FRVgrr3PqxF66qw5fitoRGn68AFu2yCGgM2YXZ2XyG6YqU=w122-h92-k-no","https://ssl.gstatic.com/local/servicebusiness/default_user.png","""Tempatnya bagus, bersih, dan nyaman.""","","","","",""
"https://www.google.com/maps/place/Dakara+Coffee+-+Cafe+%26+Resto/data=!4m7!3m6!1s0x2e69c507e76d4cdf:0xf7f044b4e1475698!8m2!3d-6.5698609!4d106.7355194!16s%2Fg%2F11fqz8gjm3!19sChIJ30xt5wfFaS4RmFZH4bRE8Pc?authuser=0&hl=id&rclk=1","Dakara Coffee - Cafe & Resto","4,5","(680)","·","Rp 25–50 rb","Kafe","·","·","Buka","· Tutup pukul 23.30","https://lh3.googleusercontent.com/gps-cs-s/APNQkAHCry8lrPRrDEGFe_OjLaLdUTXvxP7lOKWCUg5JJ5fi3fLPlPvNSoV1QN-oJNBsdtgcbz29E3mgZnrzMqw_21wCT32bJG6k7jtLSJKSSZs9C6aAp-7OaUycMr4JDmtKLjF3IzKn=w122-h92-k-no","https://ssl.gstatic.com/local/servicebusiness/default_user.png","""Super cozy, fasilitas wifi & mushola yg nyaman, waiter/waitress yg ramah""","","Jl. Lingkar Baru laladon Dramaga IPB Bogor No. 9","https://www.google.com/searchviewer/42?cvd=CLw_EicKJeICIjIgEhkiF9LX29IPEQoNL2cvMTFmcXo4Z2ptMxgBOgMI8A0%3D&hl=id-ID&gl=id&fo_m=MfohQo559jFvMUOzJVpjPL1YMfZ3bInYwBDuMfaXTPp5KXh-&utm_source=tactile&gei=MaH4aYfCEpWo4-EPit-9kA0&ei=MaH4aYfCEpWo4-EPit-9kA0&fo_s=OA&opi=79508299&orderType=1&ebb=1&cs=0&foub=mcpp","Pesan online",""
"https://www.google.com/maps/place/Kedai+Syzami/data=!4m7!3m6!1s0x2e69c520b0688349:0xb6876ab094014ae8!8m2!3d-6.5609599!4d106.7357579!16s%2Fg%2F11rwm0cz1m!19sChIJSYNosCDFaS4R6EoBlLBqh7Y?authuser=0&hl=id&rclk=1","Kedai Syzami","4,9","(10)","","","Brunch","·","Jl. Babakan Lio No.34, RT.01/RW.09","Segera tutup","· 21.00 · Buka Sel pukul 09.30","https://lh3.googleusercontent.com/gps-cs-s/APNQkAEHjwLjBw1iubT1dwD9l-wn4cKPLiesBu2aITIolGzm84jZmVrvu5WFzVbnAL4YNQ1aVCmxBXzQAbVCRB-h5wWtFhow1GeaRNzkdGuwRRf76XoUp8YZMtoAiz1xybBxhYeELKm1=w80-h106-k-no","https://ssl.gstatic.com/local/servicebusiness/default_user.png","""Makanan enak dan murah.""","","","","",""
"https://www.google.com/maps/place/Futura+Space+%26+Coffee/data=!4m7!3m6!1s0x2e69c591c1e0b779:0xee746d4813f5a5cf!8m2!3d-6.5679983!4d106.746367!16s%2Fg%2F11spn23725!19sChIJebfgwZHFaS4Rz6X1E0htdO4?authuser=0&hl=id&rclk=1","Futura Space & Coffee","4,3","(132)","·","Rp 25–50 rb","Kedai Kopi","·","Jl. Batu Hulung, RT.02/RW.01","Tutup","· Buka Sel pukul 16.00","https://lh3.googleusercontent.com/gps-cs-s/APNQkAHE0VGBs4sZaWR9IYqJqdU4E5r3N-aQ4fRJLLNUFJ1QgpL9lcYB5WQjr8amua6Dg6iWSuktNha6vTi7ZqXKZlxpakG9afHHKHD3exUP4uKOxAXNygWO3vi7zgTZ0DSUSyBtprTaEA=w80-h100-k-no","https://ssl.gstatic.com/local/servicebusiness/default_user.png","""Steak enak, cofee enak, tempat cozy, recomended sangat""","","","https://www.google.com/searchviewer/42?cvd=CLw_EicKJeICIjIgEhkiF9LX29IPEQoNL2cvMTFzcG4yMzcyNRgBOgMI8A0%3D&hl=id-ID&gl=id&fo_m=MfohQo559jFvMUOzJVpjPL1YMfZ3bInYwBDuMfaXTPp5KXh-&utm_source=tactile&gei=MaH4aYfCEpWo4-EPit-9kA0&ei=MaH4aYfCEpWo4-EPit-9kA0&fo_s=OA&opi=79508299&orderType=1&ebb=1&cs=0&foub=mcpp","Pesan online",""
"https://www.google.com/maps/place/arasbumi./data=!4m7!3m6!1s0x2e69c518be7d6201:0x60087798905e86df!8m2!3d-6.59339!4d106.810217!16s%2Fg%2F11r6rn8lkf!19sChIJAWJ9vhjFaS4R34ZekJh3CGA?authuser=0&hl=id&rclk=1","arasbumi.","4,8","(87)","","","Kedai Kopi","·","·","Buka","· Tutup pukul 00.00","https://lh3.googleusercontent.com/gps-cs-s/APNQkAFSg0uZTgBXMl1nZMcFV3XZUnC2GAm7LuloaCggGEyx93YkLNlaJsJ6B29X0HS_kPB3QpgbvpMTQvKwIV4QtoeFEZFH0Ae8znacTturpj-csO9JjrJxru0K_3ijgOSjj0547gk3nA=w80-h142-k-no","https://ssl.gstatic.com/local/servicebusiness/default_user.png","""Sayang sudah lama tutup""","","Jl. Bogor Baru C12 No.8, RT.05/RW.09","","",""
"https://www.google.com/maps/place/Kemenady+Coffee+and+Co-Working+Space/data=!4m7!3m6!1s0x2e69c5ca06803437:0x7f94786edcdce3a4!8m2!3d-6.5917014!4d106.7960417!16s%2Fg%2F11c2r682n5!19sChIJNzSABsrFaS4RpOPc3G54lH8?authuser=0&hl=id&rclk=1","Kemenady Coffee and Co-Working Space","4,5","(1.080)","·","Rp 25–50 rb","Kedai Kopi","·","·","Buka","· Tutup pukul 22.00","https://lh3.googleusercontent.com/gps-cs-s/APNQkAF6iGve-a3LVge9sv5r-UHvx8ipxnvZb-_8HdvgXKW1P3TPiZeH_ilfjVwCphklCgZm8TXkjFtN26UzWcXtmzMTX2LNt4CecDrRVi8ioJCicsi99gP_C-jhAJUWoppYLuZZ51bo6Q=w122-h92-k-no","https://ssl.gstatic.com/local/servicebusiness/default_user.png","""Tempat nyaman, menu kumplit makanan minuman dan terjangkau""","","Jl. Pengadilan No.23B, RT.05/RW.03","https://www.google.com/searchviewer/42?cvd=CLw_EicKJeICIjIgEhkiF9LX29IPEQoNL2cvMTFjMnI2ODJuNRgBOgMI8A0%3D&hl=id-ID&gl=id&fo_m=MfohQo559jFvMUOzJVpjPL1YMfZ3bInYwBDuMfaXTPp5KXh-&utm_source=tactile&gei=MaH4aYfCEpWo4-EPit-9kA0&ei=MaH4aYfCEpWo4-EPit-9kA0&fo_s=OA&opi=79508299&orderType=1&ebb=1&cs=0&foub=mcpp","Pesan online",""
"https://www.google.com/maps/place/Raindear+Coffee+%26+Kitchen+Bogor/data=!4m7!3m6!1s0x2e69c5bd055d17b7:0xa76052fb24e986b6!8m2!3d-6.6034326!4d106.8102516!16s%2Fg%2F11h7cqvl4c!19sChIJtxddBb3FaS4RtobpJPtSYKc?authuser=0&hl=id&rclk=1","Raindear Coffee & Kitchen Bogor","4,8","(8.342)","·","$$","Kedai Kopi","·","Jl. Bina Marga No.7, RT.04/RW.11","Buka","· Tutup pukul 22.00","https://lh3.googleusercontent.com/gps-cs-s/APNQkAF4NRghH5qmov6n6vdAkmq2ahZ69qaPHMqZCBdN9G9azifrkllIqWmJ--s7VKHqF6Fr8Qpy9GBXhqRVemegRviav7vLd6HsKHAJZAsj2WWMYYkTcSwXT9f8qSHPhWxXF2gK-8WdfA=w122-h92-k-no","https://ssl.gstatic.com/local/servicebusiness/default_user.png","""Makananya enakkkk ayam cabe ijonya juara chiken grill nya enakkkkkk""","","","https://www.google.com/searchviewer/42?cvd=CLw_EicKJeICIjIgEhkiF9LX29IPEQoNL2cvMTFoN2Nxdmw0YxgBOgMI8A0%3D&hl=id-ID&gl=id&fo_m=MfohQo559jFvMUOzJVpjPL1YMfZ3bInYwBDuMfaXTPp5KXh-&utm_source=tactile&gei=MaH4aYfCEpWo4-EPit-9kA0&ei=MaH4aYfCEpWo4-EPit-9kA0&fo_s=OA&opi=79508299&orderType=1&ebb=1&cs=0&foub=mcpp","Pesan online",""
"https://www.google.com/maps/place/Kedai+Es+Teh+Jaya+Abadi/data=!4m7!3m6!1s0x2e69c5c6a3daa55b:0xb3e4d5b76a65ee8a!8m2!3d-6.5928759!4d106.7879989!16s%2Fg%2F11t2sbzg1q!19sChIJW6Xao8bFaS4Riu5larfV5LM?authuser=0&hl=id&rclk=1","Kedai Es Teh Jaya Abadi","4,7","(1.334)","·","Rp 1–25.000","Kedai Teh Tradisional","·","·","Segera tutup","· 21.30 · Buka Sel pukul 09.00","https://lh3.googleusercontent.com/gps-cs-s/APNQkAGRytlN_7s5Yol8LXw4XGBwumkwyw9Uw7OVRh84GBK2rGL9T2swigGqYmZDP01Ekz6YzlwTwwETEkG1IfklG8TNm1p3K17oOZVINjyiey2iTxd6td62tZbEQD74RPrycqZ8WU8=w80-h142-k-no","https://ssl.gstatic.com/local/servicebusiness/default_user.png","""","","Jl. Merdeka No.30, RT.01/RW.02","","",""
"https://www.google.com/maps/place/Kedai+Malaka/data=!4m7!3m6!1s0x2e69c5004485dc5d:0xad11dfdd7e517fa5!8m2!3d-6.5722398!4d106.7422035!16s%2Fg%2F11yjkglht9!19sChIJXdyFRADFaS4RpX9Rft3fEa0?authuser=0&hl=id&rclk=1","Kedai Malaka","4,6","(101)","·","Rp 25–50 rb","Sesuai untuk keluarga","·","Jl. Raya Dramaga No.1, RT.03/RW.02","Buka","· Tutup pukul 02.00","https://lh3.googleusercontent.com/gps-cs-s/APNQkAF2d7zvGR6R5bWORxHBMnpfBdqmrraUir7RRgnYRyaItZGZVRc2fIlhLANQ2YRXTXRHPFFdDrdadCxfSb24XjG5mmq3Q4bUsQkAJv2_bMtuAvol8wA3WY8Lg_7zBXBlwuvR-JiieJUhaXzm=w122-h92-k-no","https://ssl.gstatic.com/local/servicebusiness/default_user.png","""Enak makanan di","","","https://www.google.com/searchviewer/42?cvd=CLw_EicKJeICIjIgEhkiF9LX29IPEQoNL2cvMTF5amtnbGh0ORgBOgMI8A0%3D&hl=id-ID&gl=id&fo_m=MfohQo559jFvMUOzJVpjPL1YMfZ3bInYwBDuMfaXTPp5KXh-&utm_source=tactile&gei=MaH4aYfCEpWo4-EPit-9kA0&ei=MaH4aYfCEpWo4-EPit-9kA0&fo_s=OA&opi=79508299&orderType=1&ebb=1&cs=0&foub=mcpp","Pesan online",""
"https://www.google.com/maps/place/Raindear+Coffee+House/data=!4m7!3m6!1s0x2e69c5d641777bc7:0xe6b1945e1caecb6d!8m2!3d-6.606715!4d106.8099159!16s%2Fg%2F11rx3g26pm!19sChIJx3t3QdbFaS4RbcuuHF6UseY?authuser=0&hl=id&rclk=1","Raindear Coffee House","4,9","(3.314)","","","Kedai Kopi","·","Jl. Kantor. Pos No.6, RT.04/RW.11","Buka","· Tutup pukul 22.00","https://lh3.googleusercontent.com/gps-cs-s/APNQkAHM3qC8JfFHjhXZXwUkbfUZxS4BEi0spzgoxgsBtg_8EvQWb6eA799bbX4hILa7qo_zH4lTFpmOZ-wMUV50B9urO52n0itzX-M82_9mJ9T0KZGhPtqvTrs6L6eENEiI_Vg3AULj=w122-h92-k-no","https://ssl.gstatic.com/local/servicebusiness/default_user.png","""Makanannya enak, porsinya pas, harganya affordable 👍🏻""","","","https://www.google.com/searchviewer/42?cvd=CLw_EicKJeICIjIgEhkiF9LX29IPEQoNL2cvMTFyeDNnMjZwbRgBOgMI8A0%3D&hl=id-ID&gl=id&fo_m=MfohQo559jFvMUOzJVpjPL1YMfZ3bInYwBDuMfaXTPp5KXh-&utm_source=tactile&gei=MaH4aYfCEpWo4-EPit-9kA0&ei=MaH4aYfCEpWo4-EPit-9kA0&fo_s=OA&opi=79508299&orderType=1&ebb=1&cs=0&foub=mcpp","Pesan online",""
"https://www.google.com/maps/place/Sambal+Bakar+Indonesia,+Dramaga+IPB+Bogor/data=!4m7!3m6!1s0x2e69c5e97275540d:0xd698de6311d8275b!8m2!3d-6.5699742!4d106.7392594!16s%2Fg%2F11vc6wvs8b!19sChIJDVR1cunFaS4RWyfYEWPemNY?authuser=0&hl=id&rclk=1","Sambal Bakar Indonesia, Dramaga IPB Bogor","4,9","(11.603)","·","Rp 25–50 rb","Indonesia","·","Jl. Raya Cibungbulang - Bogor No.41, RT.01/RW.01","Buka","· Tutup pukul 00.00","https://lh3.googleusercontent.com/gps-cs-s/APNQkAGxyjCL8lal6jwHOlnqUm2Rw7IsT4Jrs9-fpI4PiLBE-EIKZI93FFvRH9bD7wZTxUdnyFaLBDuAInjVbLFjvH474EN5rG3WHBoeY5lp-KRWdvh8PuHsg8OiqdNKwf3Jkj56h6rs=w80-h106-k-no","https://ssl.gstatic.com/local/servicebusiness/default_user.png","""Makananya enak mantap, tempatnya bersih dan fast service 👍🏼👍🏼""","","","https://www.google.com/searchviewer/42?cvd=CLw_EicKJeICIjIgEhkiF9LX29IPEQoNL2cvMTF2YzZ3dnM4YhgBOgMI8A0%3D&hl=id-ID&gl=id&fo_m=MfohQo559jFvMUOzJVpjPL1YMfZ3bInYwBDuMfaXTPp5KXh-&utm_source=tactile&gei=MaH4aYfCEpWo4-EPit-9kA0&ei=MaH4aYfCEpWo4-EPit-9kA0&fo_s=OA&opi=79508299&orderType=1&ebb=1&cs=0&foub=mcpp","Pesan online",""
"https://www.google.com/maps/place/KOLONI+Food+%26+Space/data=!4m7!3m6!1s0x2e69c50b91dce40f:0x8ea4fba7d9468962!8m2!3d-6.5541926!4d106.7486066!16s%2Fg%2F11s5w47xhp!19sChIJD-TckQvFaS4RYolG2af7pI4?authuser=0&hl=id&rclk=1","KOLONI Food & Space","4,3","(269)","·","Rp 25–50 rb","Kedai Kopi","·","CPWX+8CH, RT.01/RW.03","Tutup","· Buka Sel pukul 09.00","https://lh3.googleusercontent.com/gps-cs-s/APNQkAG8k-1mS-Vk89F_z5F84t3UculIPMZsDIw88SQXJ7GMetPGSCRsiFBMciY-npYdonhk7c8PV9ALexpLRcj_zuWieOd7korPS6Yx1rdHnyt5t6vVXHu41yLqunGJ8bun2jOz6jkN=w80-h106-k-no","https://ssl.gstatic.com/local/servicebusiness/default_user.png","""Enak makananya harga terjangkau lokasi adem pinggir danau..""","","","","",""
"https://www.google.com/maps/place/Kedai+Family+1+Dramaga/data=!4m7!3m6!1s0x2e69c500040f9217:0x31d69474709028b9!8m2!3d-6.5683103!4d106.7312311!16s%2Fg%2F11ml25jdpf!19sChIJF5IPBADFaS4RuSiQcHSU1jE?authuser=0&hl=id&rclk=1","Kedai Family 1 Dramaga","4,0","(4)","","","Indonesia","·","Jl. Cibeureum Situ Leutik No.23","","","https://streetviewpixels-pa.googleapis.com/v1/thumbnail?panoid=gi7ac0-v7TpmXpI6aW5GIw&cb_client=search.gws-prod.gps&w=80&h=92&yaw=270.84503&pitch=0&thumbfov=100","https://ssl.gstatic.com/local/servicebusiness/default_user.png","""Enak rasanya""","","","","",""
"https://www.google.com/maps/place/Kedai+Ahlun/data=!4m7!3m6!1s0x2e69c5440d757aa9:0x36a1ab4f0af6930b!8m2!3d-6.5596405!4d106.7333756!16s%2Fg%2F11nng6bf8t!19sChIJqXp1DUTFaS4RC5P2Ck-roTY?authuser=0&hl=id&rclk=1","Kedai Ahlun","5,0","(3)","","","Kedai Kopi","·","Jl. Babakan Tengah","Tutup","· Buka Sel pukul 11.00","https://lh3.googleusercontent.com/gps-cs-s/APNQkAGDfncjRXDoYklRCo3n-DVqdCZzHw7srBgw34GMFetDs7mgkeSsTEtLAGY_osoaSKM6uZ3tu_7wzeKdl6WTbnfqzXNS5og-dFa1tRNBqeF8REN5Y3H19_1zVq2AegT0lp2XQ3EX2A=w120-h92-k-no","https://ssl.gstatic.com/local/servicebusiness/default_user.png","""Udah berkali-kali pesan gofood di sini.""","","","https://www.google.com/searchviewer/42?cvd=CLw_EicKJeICIjIgEhkiF9LX29IPEQoNL2cvMTFubmc2YmY4dBgBOgMI8A0%3D&hl=id-ID&gl=id&fo_m=MfohQo559jFvMUOzJVpjPL1YMfZ3bInYwBDuMfaXTPp5KXh-&utm_source=tactile&gei=OqH4abWlCqSX4-EP-svi6Q8&ei=OqH4abWlCqSX4-EP-svi6Q8&fo_s=OA&opi=79508299&orderType=1&ebb=1&cs=0&foub=mcpp","Pesan online",""
"https://www.google.com/maps/place/BreadCast+-+PAU/data=!4m7!3m6!1s0x2e69c5d50bbc844d:0x9fda5e903c0be555!8m2!3d-6.5584304!4d106.7271043!16s%2Fg%2F11fn823qvv!19sChIJTYS8C9XFaS4RVeULPJBe2p8?authuser=0&hl=id&rclk=1","BreadCast - PAU","4,7","(251)","·","Rp 1–25.000","Toko Roti","","","Tutup","· Buka Sel pukul 08.00","https://lh3.googleusercontent.com/gps-cs-s/APNQkAGa-ViwDb4HgJ5-SdRaIJz7Yk0qSG9fYJpZpyg7w3JrKkjM_wWLg1sR1TVNI5CrIcM2_N67ax7HDHLaR68hJB-INZ5HNmhMNfQhWeM-hLlBjmfqCxBb1qyc5PeN1aGborC5ikk=w122-h92-k-no","https://ssl.gstatic.com/local/servicebusiness/default_user.png","""Botani Bakery merupakan","","","","",""
"https://www.google.com/maps/place/Kedai+Aruna/data=!4m7!3m6!1s0x2e69c55e88051433:0xab488fd9148b5493!8m2!3d-6.5732226!4d106.8016248!16s%2Fg%2F11l1yfnb3s!19sChIJMxQFiF7FaS4Rk1SLFNmPSKs?authuser=0&hl=id&rclk=1","Kedai Aruna","4,9","(44)","·","Rp 25–50 rb","Kedai Kopi","·","Jl. Walet, RT.01/RW.02","Buka","· Tutup pukul 22.00","https://lh3.googleusercontent.com/gps-cs-s/APNQkAF8O8PHCMpsJgl15laQcNN9KfdGil-MUOoC2RZVgKyCHMJncfFctXYKRPeysx_dsOWaDiHUKPVeXYZTZp9028L7IKXwaAZjAkAbiKPt7TrspDb3NcPxldL7KDzQ1psWPpdfUeg=w92-h92-k-no","https://ssl.gstatic.com/local/servicebusiness/default_user.png","""Menu beragam dengan harga terjangkau, tentunya enakkkk.""","","","","",""
"https://www.google.com/maps/place/Kedai+Kita/data=!4m7!3m6!1s0x2e69c5dd8d8c7db9:0x1f0b8c02eec03e19!8m2!3d-6.6065627!4d106.8103217!16s%2Fg%2F11b7ztv96f!19sChIJuX2Mjd3FaS4RGT7A7gKMCx8?authuser=0&hl=id&rclk=1","Kedai Kita","4,5","(5.667)","·","Rp 50–75 rb","Pizza","·","·","Buka","· Tutup pukul 22.00","https://lh3.googleusercontent.com/gps-cs-s/APNQkAFxG2f_hWY2sXkKjGlTQy6GXgxT15qKwYeBjm_p1JGm8FRo3LTSUAlR5_pfBQOpIqSia93RiR0AMkEPq7qfoEe-RJ91wymv_eToTHc-jY_HNC9b923A0v1JglvaT8MXrFAB2TPMPw=w122-h92-k-no","https://ssl.gstatic.com/local/servicebusiness/default_user.png","""Masakan enak, tempat bagus bersih, harga lumayan, 1org rata2 100an""","","Jl. Kantor. Pos No.3, RT.04/RW.11","https://www.google.com/searchviewer/42?cvd=CLw_EicKJeICIjIgEhkiF9LX29IPEQoNL2cvMTFiN3p0djk2ZhgBOgMI8A0%3D&hl=id-ID&gl=id&fo_m=MfohQo559jFvMUOzJVpjPL1YMfZ3bInYwBDuMfaXTPp5KXh-&utm_source=tactile&gei=OqH4abWlCqSX4-EP-svi6Q8&ei=OqH4abWlCqSX4-EP-svi6Q8&fo_s=OA&opi=79508299&orderType=1&ebb=1&cs=0&foub=mcpp","Pesan online",""
"https://www.google.com/maps/place/Labirin+Coffee/data=!4m7!3m6!1s0x2e69c5c4b2ab8a39:0xf189f50bc4f26b9e!8m2!3d-6.6024662!4d106.8062751!16s%2Fg%2F11cjhznm5w!19sChIJOYqrssTFaS4RnmvyxAv1ifE?authuser=0&hl=id&rclk=1","Labirin Coffee","4,6","(372)","·","Rp 50–75 rb","Kedai Kopi","·","·","Buka","· Tutup pukul 22.00","https://lh4.googleusercontent.com/RibWbB1AyHdUAqg3G_DP_IfOSgt7pKjWQ02-AwHueADPTkwdANq5MgulPTZqB9II=w163-h92-k-no","https://ssl.gstatic.com/local/servicebusiness/default_user.png","""Kopinya enak, lebih baik tempatnya tambahin  penerangan biar lebih nyaman""","","Gd. Alumni IPB Ruang 110b, Jl. Raya Pajajaran No.54, RT.04/RW.05","","",""
"https://www.google.com/maps/place/IPB+Shop+Official/data=!4m7!3m6!1s0x2e69c5e6337aaf29:0x6f567a8acc8ee7d4!8m2!3d-6.559435!4d106.7313622!16s%2Fg%2F11l6hqrb71!19sChIJKa96M-bFaS4R1OeOzIp6Vm8?authuser=0&hl=id&rclk=1","IPB Shop Official","5,0","(5)","","","Pasar","·","Jl. Lkr. Dramaga","Tutup","· Buka Sel pukul 08.00","https://lh3.googleusercontent.com/gps-cs-s/APNQkAG5G7UQZ91xY9eLAyCoGkshlN7XBy4rTkBqRlw1_IFGdMD065wk7oh-oIZEFJKWz7KpsL7RlIn7zK2eeFn5dC69UroPxwgrpiMLTafmRYKCdYF40KradpKBKO8GgLp0Zrp3NHRa2XdOs-Bx=w122-h92-k-no","https://ssl.gstatic.com/local/servicebusiness/default_user.png","""Wah udh ada e-commerce nya 🥳🥳""","","","","",""
"https://www.google.com/maps/place/Mahataman+Coffee/data=!4m7!3m6!1s0x2e69c4ae7b198585:0x2bbc5b0dcc886d19!8m2!3d-6.5563685!4d106.7304073!16s%2Fg%2F11bz0wz4vx!19sChIJhYUZe67EaS4RGW2IzA1bvCs?authuser=0&hl=id&rclk=1","Mahataman Coffee","4,6","(202)","·","Rp 1–25.000","Kedai Kopi","·","·","Tutup","· Buka Sel pukul 08.00","https://lh3.googleusercontent.com/gps-cs-s/APNQkAHtfyB5u_qUCwDR9zToTDNBcpP6UF3AjEG19HabXH5rqLX6lXgUi3B8R7eG34GYzHWrBkcjx9IWV4AaaQFusQhFIibHZvDauXYpDE_Wejn0bUIlWsNY6uSIdl5AGVH3EDQYYHGzkw=w122-h92-k-no","https://ssl.gstatic.com/local/servicebusiness/default_user.png","""kopinya enak, makanannya mantap""","","Jl. Ulin","","",""
"https://www.google.com/maps/place/Kedai+Steak+Nusantara+-+Bogor/data=!4m7!3m6!1s0x2e69c500384eea77:0xe821d5ee65b95608!8m2!3d-6.5705867!4d106.7560668!16s%2Fg%2F11x2hn0k8x!19sChIJd-pOOADFaS4RCFa5Ze7VIeg?authuser=0&hl=id&rclk=1","Kedai Steak Nusantara - Bogor","4,9","(1.232)","","","Restoran","·","Jl. KH. R. Abdullah Bin Nuh No.4, RT.07/RW.07","Segera tutup","· 21.30 · Buka Sel pukul 08.00","https://lh3.googleusercontent.com/gps-cs-s/APNQkAEZw5xDp9ZFYppib9u7TXPhMSxRvHhLiXTTiTbC-36sZ-f8XmwrWPpEabf9SI6xiIcw_VEE0YMsML9xFr7Xpnkm9yiunbZZRHsKxbDWw2M-U1jXE9K2HspeLxE4N-oOKkm-unML9JUgnmGf=w80-h106-k-no","https://ssl.gstatic.com/local/servicebusiness/default_user.png","""Suasananya enak buat kumpul, steaknya juga enak, harganya affordable""","","","https://www.google.com/searchviewer/42?cvd=CLw_EicKJeICIjIgEhkiF9LX29IPEQoNL2cvMTF4MmhuMGs4eBgBOgMI8A0%3D&hl=id-ID&gl=id&fo_m=MfohQo559jFvMUOzJVpjPL1YMfZ3bInYwBDuMfaXTPp5KXh-&utm_source=tactile&gei=OqH4abWlCqSX4-EP-svi6Q8&ei=OqH4abWlCqSX4-EP-svi6Q8&fo_s=OA&opi=79508299&orderType=1&ebb=1&cs=0&foub=mcpp","Pesan online",""
"https://www.google.com/maps/place/Cafe+Taman+Dramaga/data=!4m7!3m6!1s0x2e69c5e943360ca1:0x835e09ace959dc4e!8m2!3d-6.5698718!4d106.7391027!16s%2Fg%2F11qfn6mv_q!19sChIJoQw2Q-nFaS4RTtxZ6awJXoM?authuser=0&hl=id&rclk=1","Cafe Taman Dramaga","4,0","(193)","·","Rp 25–50 rb","Perpaduan","·","Jl. Raya Dramaga No.Km 7, RT.03/RW.1RT01","Buka","· Tutup pukul 23.30","https://lh3.googleusercontent.com/gps-cs-s/APNQkAFLSdgZ9VC3HfmiRJrtWDJqhRhyg0u9YYrlz0R_OdwvVe-vzsUORm-v0wXal29D4xy7GBW1ZYbHbI-yaB_kuf6rtLkEQcgbSxNXf_S_pwg-kelR0oUAzKyZPAMLGdP_LRIXkhddNg=w163-h92-k-no","https://ssl.gstatic.com/local/servicebusiness/default_user.png","""Buka bersama dengan teman kelompok sekalian bimbingan tugas.""","","","","",""
"https://www.google.com/maps/place/Botani+Mart+IPB/data=!4m7!3m6!1s0x2e69c54a9982a89f:0xcdaa3ccfc271f01d!8m2!3d-6.5647308!4d106.7350418!16s%2Fg%2F11c5_1pq_c!19sChIJn6iCmUrFaS4RHfBxws88qs0?authuser=0&hl=id&rclk=1","Botani Mart IPB","4,6","(1.055)","","","Pusat Perbelanjaan","·","CPPJ+VX8, Jl. Raya Dramaga","Tutup","· Buka Sel pukul 08.00","https://lh3.googleusercontent.com/gps-cs-s/APNQkAFwL7QVGjqyVg0jaq61sfpuggMwO_99N-jo5TnNM62dbLGqj7yYZpbSSqwYULQFt7oRI5bP7MSdRqti9Emtv81J0GjCKZ_So4uFdD--bZjDwQnV410q_ZT3n9eLO6o48t4f3LM=w164-h92-k-no","https://ssl.gstatic.com/local/servicebusiness/default_user.png","""Banyak pilihan tanaman, harga terjangkau, pelayanan bagus""","","","","",""
"https://www.google.com/maps/place/Kebun+Merdesa+-+Kopi+%26+Ruang+Kolaborasi/data=!4m7!3m6!1s0x2e69c3d6d38ba7c3:0xe53cc2a7af791e36!8m2!3d-6.5479379!4d106.7314771!16s%2Fg%2F11scc6qhdd!19sChIJw6eL09bDaS4RNh55r6fCPOU?authuser=0&hl=id&rclk=1","Kebun Merdesa - Kopi & Ruang Kolaborasi","4,8","(52)","·","Rp 25–50 rb","Kedai Kopi","·","FP2J+RHH, Jl. Carang Pulang","Buka","· Tutup pukul 23.00","https://lh3.googleusercontent.com/gps-cs-s/APNQkAFoNOmeQ89tURZUVnUA-10qNudmrqqulMEY_VXB7vzon14To5MJJKnNFDU3nzT_gO_zBTxpEV0NlkQ3RrO59cpQsKsqmV0OqKeGBlR5CAag-u3tYDY8A3GLhgSVLeOyhxvqTiQe=w122-h92-k-no","https://ssl.gstatic.com/local/servicebusiness/default_user.png","""Rekomen banget mie nyemek sama menu nasi goreng/ayam bakarnya.""","","","","",""
"https://www.google.com/maps/place/Kedai+Sapa+Remaja/data=!4m7!3m6!1s0x2e69c5729d8aa499:0x1c78ac62e895c3e5!8m2!3d-6.5910777!4d106.7867858!16s%2Fg%2F11jrqjl94d!19sChIJmaSKnXLFaS4R5cOV6GKseBw?authuser=0&hl=id&rclk=1","Kedai Sapa Remaja","4,9","(66)","·","Rp 25–50 rb","Kedai Kopi","·","Jl. DR. Sumeru No.12, RT.03/RW.04","Buka","· Tutup pukul 23.00","https://lh3.googleusercontent.com/gps-cs-s/APNQkAHKkWUI3ihbuGVwFaJIuhylJDPEjcDv8fN6B67tm4kxVoTkjV6LaoUwDlAkIXHfbj_XDuZwJu3RAc8sw-uP_Xq-4Py0G1K-H4pLUwuaLIBtgawtco5rLSC9oUKhwssJQX1chUmL=w163-h92-k-no","https://ssl.gstatic.com/local/servicebusiness/default_user.png","""Apalagi cireng ayam nya rekomended sama harga2 minuman nya worth it lah.""","","","https://www.google.com/searchviewer/42?cvd=CLw_EicKJeICIjIgEhkiF9LX29IPEQoNL2cvMTFqcnFqbDk0ZBgBOgMI8A0%3D&hl=id-ID&gl=id&fo_m=MfohQo559jFvMUOzJVpjPL1YMfZ3bInYwBDuMfaXTPp5KXh-&utm_source=tactile&gei=OqH4abWlCqSX4-EP-svi6Q8&ei=OqH4abWlCqSX4-EP-svi6Q8&fo_s=OA&opi=79508299&orderType=1&ebb=1&cs=0&foub=mcpp","Pesan online",""
"https://www.google.com/maps/place/Foodies+Corner/data=!4m7!3m6!1s0x2e69c5001e507cf3:0x2985897939db9219!8m2!3d-6.5589467!4d106.7344439!16s%2Fg%2F11w3l3lfxc!19sChIJ83xQHgDFaS4RGZLbOXmJhSk?authuser=0&hl=id&rclk=1","Foodies Corner","4,6","(39)","·","Rp 1–25.000","Restoran","·","Kampus IPB, Jl. Babakan Tengah No.103-111","Tutup","· Buka Sel pukul 11.00","https://lh3.googleusercontent.com/gps-cs-s/APNQkAGDirVvqOiGRVw8-ePHlHdfHXPqrJPgq8yKyEfSSsbXwgtu11nXCrB_MJoWC66kKlNrvO6L3Ui3rglJ3sQhNoU-7vUp6Bwo-IurFHqWmraxL3vQyP3PFlcIYIaf2itndFjokf4=w80-h106-k-no","https://ssl.gstatic.com/local/servicebusiness/default_user.png","""Seblaknya enak harga per topingnya murah², sumpah recommend bgt sii""","","","","",""
"https://www.google.com/maps/place/Warung+PANGLARIS/data=!4m7!3m6!1s0x2e69c575215f101f:0x8e0724082fb58ac9!8m2!3d-6.5891891!4d106.8088603!16s%2Fg%2F11vxy42ps4!19sChIJHxBfIXXFaS4RyYq1LwgkB44?authuser=0&hl=id&rclk=1","Warung PANGLARIS","5,0","(65)","·","Rp 1–25.000","Kedai Kopi","·","Jl. Lodaya II No.6, RT.02/RW.02","Buka","· Tutup pukul 23.00","https://lh3.googleusercontent.com/gps-cs-s/APNQkAFvzu4y7IDmsV7qmq707z5Y1Yl0_fa3Bohp70e7BMf7d4aKDsErBztwjQiPs5KF-4SFBxhXZ2gRP92OaFqU9FxccogBJq9yRC54cvCTNTLNT4bXle_69Bd4eIhLyFnlUqIy9jqTZA=w80-h106-k-no","https://ssl.gstatic.com/local/servicebusiness/default_user.png","""Makanannya enak tchuy, abang abangny jg enak diajak ngobrol""","","","https://www.google.com/searchviewer/42?cvd=CLw_EicKJeICIjIgEhkiF9LX29IPEQoNL2cvMTF2eHk0MnBzNBgAOgMI8A0%3D&hl=id-ID&gl=id&fo_m=MfohQo559jFvMUOzJVpjPL1YMfZ3bInYwBDuMfaXTPp5KXh-&utm_source=tactile&gei=OqH4abWlCqSX4-EP-svi6Q8&ei=OqH4abWlCqSX4-EP-svi6Q8&fo_s=OA&opi=79508299&ebb=1&cs=0&foub=mcpp","Pesan online",""
"https://www.google.com/maps/place/Kedai+Kita+Babakan+Sari+V/data=!4m7!3m6!1s0x2e69c42cb18b2a3b:0x4a882b670c5d4060!8m2!3d-6.5863499!4d106.8111096!16s%2Fg%2F11d_ylk25k!19sChIJOyqLsSzEaS4RYEBdDGcriEo?authuser=0&hl=id&rclk=1","Kedai Kita Babakan Sari V","4,6","(29)","","","Kafe","·","CR76+FC9, RT.05/RW.02","Tutup","· Buka Sel pukul 05.00","https://streetviewpixels-pa.googleapis.com/v1/thumbnail?panoid=ROKf1yiltq2v9Oymrde2cw&cb_client=search.gws-prod.gps&w=80&h=92&yaw=221.92957&pitch=0&thumbfov=100","https://ssl.gstatic.com/local/servicebusiness/default_user.png","""Makan enakkk""","","","","",""
"https://www.google.com/maps/place/Kedai+Kopi/data=!4m7!3m6!1s0x2e69c4c19d0dc2c5:0x9e967e74b8a7a9b7!8m2!3d-6.5728978!4d106.7455691!16s%2Fg%2F11f3wlfv85!19sChIJxcINncHEaS4Rt6mnuHR-lp4?authuser=0&hl=id&rclk=1","Kedai Kopi","4,0","(10)","","","Kedai Kopi","·","Jln Raya Dramaga km No.7, RT.01/RW.03","Buka","· Tutup pukul 03.00","https://lh3.googleusercontent.com/gps-cs-s/APNQkAGmGlzPKerG8Vj_QCmF5WaJH1bVWJhtSGT1X_HmgK0MOmdAx7A6Xfb6Nv08mVnGDlEU7hcdHksxfelhDDLbDXxCJd6ez_nV1OKMJX9ewjk9NoOea-KMsrNFRwImc79d230UuCs2=w163-h92-k-no","","Makan di tempat","","","","",""
"https://www.google.com/maps/place/Kedai+Kopi+Handoko/data=!4m7!3m6!1s0x2e69c7e7a91ace57:0x49c19f197b83c8fa!8m2!3d-6.5996647!4d106.8178428!16s%2Fg%2F11mbq23qwx!19sChIJV84aqefHaS4R-siDexmfwUk?authuser=0&hl=id&rclk=1","Kedai Kopi Handoko","4,7","(742)","·","Rp 25–50 rb","Kedai Kopi","·","Jl. Kolonel Martadisastra Jl. Kol. Ahmad Syam, RT.01/RW.09","Buka","· Tutup pukul 00.00","https://lh3.googleusercontent.com/gps-cs-s/APNQkAFhJMyCoXGOXIhuxLEd34_WyaPkH0Cctjrzv2AKUyKZLWACySl0nqXqpgRD70xCaPIwIwjld8bKOqp3usAo88ceWjaJ_7FNYG7qLR8jwYzXL1rY2X-n-3l3udrCrZyLXGU3Xh3-PA=w163-h92-k-no","https://ssl.gstatic.com/local/servicebusiness/default_user.png","""Tahu cireng sandwich pisang goreng hmmmm enak enak bgt deh pokoknya""","","","https://www.google.com/searchviewer/42?cvd=CLw_EicKJeICIjIgEhkiF9LX29IPEQoNL2cvMTFtYnEyM3F3eBgBOgMI8A0%3D&hl=id-ID&gl=id&fo_m=MfohQo559jFvMUOzJVpjPL1YMfZ3bInYwBDuMfaXTPp5KXh-&utm_source=tactile&gei=OqH4abWlCqSX4-EP-svi6Q8&ei=OqH4abWlCqSX4-EP-svi6Q8&fo_s=OA&opi=79508299&orderType=1&ebb=1&cs=0&foub=mcpp","Pesan online",""
"https://www.google.com/maps/place/Warung+Hopeng/data=!4m7!3m6!1s0x2e69c5e604b9befd:0xe2226b94df680f32!8m2!3d-6.5911029!4d106.8071483!16s%2Fg%2F11ggc1pmx6!19sChIJ_b65BObFaS4RMg9o35RrIuI?authuser=0&hl=id&rclk=1","Warung Hopeng","4,7","(257)","·","Rp 25–50 rb","Kedai Kopi","·","·","Segera tutup","· 21.00 · Buka Sel pukul 07.30","https://lh3.googleusercontent.com/gps-cs-s/APNQkAHAAFxvMVV4KAA4TGJg3sSRARTPBxeuGKDjDT5_eS2l1Ba0JtPgep_BHPixzASvxB8IZps1SuswmFOykEKAs4Akd5wXPFismQrH3BjKyHQND2AMRGrPOOKLucoA0wOVDvZrSm3bbQ=w80-h141-k-no","https://ssl.gstatic.com/local/servicebusiness/default_user.png","""Tempatnya sama makanannya, nyaman sii, cocok buat yg ngedate.""","","Jl. Sancang No.11, RT.02/RW.02","https://www.google.com/searchviewer/42?cvd=CLw_EicKJeICIjIgEhkiF9LX29IPEQoNL2cvMTFnZ2MxcG14NhgBOgMI8A0%3D&hl=id-ID&gl=id&fo_m=MfohQo559jFvMUOzJVpjPL1YMfZ3bInYwBDuMfaXTPp5KXh-&utm_source=tactile&gei=OqH4abWlCqSX4-EP-svi6Q8&ei=OqH4abWlCqSX4-EP-svi6Q8&fo_s=OA&opi=79508299&orderType=1&ebb=1&cs=0&foub=mcpp","Pesan online",""
"https://www.google.com/maps/place/Your+Tea+Pintu+Mas/data=!4m7!3m6!1s0x2e69c512afe7f043:0x814e03ec4d1b7ddd!8m2!3d-6.5726084!4d106.7444222!16s%2Fg%2F11s4_4s2l9!19sChIJQ_DnrxLFaS4R3X0bTewDToE?authuser=0&hl=id&rclk=1","Your Tea Pintu Mas","4,5","(23)","","","Kedai Kopi","·","Jl. Raya Dramaga No.44 KM.7, RT.03/RW.02","Buka","· Tutup pukul 22.00","https://lh3.googleusercontent.com/gps-cs-s/APNQkAExEXhPTza89yADjqqRSWHG8jMr8iJiT4jrL4gXeO_Wc2rOuRAouE8epBD7bVkGtq4U1XDZMia53ClCnKXB3voU6eMLqHF9rKwoWdXF5EaNXcn6WfOZ0E4REcnbMcKQcO-GpwPr=w80-h106-k-no","https://ssl.gstatic.com/local/servicebusiness/default_user.png","""Pelayanan ramah , makanan enak pokonya recommended""","","","","",""