"hfpxzc href","qBF1Pd","MW4etd","UY7F9","W4Efsd","W4Efsd 2","doJOZc","W4Efsd 3","W4Efsd 4","W4Efsd 5","W4Efsd 6","FQ2IWe src","Jn12ke src","ah5Ghc","A1zNzb href","J8zHNe","bbPy1","AJB7ye","AJB7ye 2","ah5Ghc 2","ah5Ghc 3"
"","","","","","","","","","","","","","","","","","","","",""
"","","","","","","","","","","","","","","","","","","","",""
"https://www.google.com/maps/place/Pizza+Marzano+Padjajaran+Bogor/data=!4m7!3m6!1s0x2e69c541874f181b:0x97d20ea66d1314fc!8m2!3d-6.5901111!4d106.804989!16s%2Fg%2F11rvcts_wq!19sChIJGxhPh0HFaS4R_BQTbaYO0pc?authuser=0&hl=id&rclk=1","Pizza Marzano Padjajaran Bogor","4,6","(297)","Pizza","·","","·","Jl. Raya Pajajaran No.7, RT.03/RW.04","Segera tutup","· 21.30 · Buka Sel pukul 10.00","https://lh3.googleusercontent.com/gps-cs-s/APNQkAEp0Uz6-pM3SIRknjs00VIvuAnb035wef4DADXoyAzSE0wIPWK9IdbhLBuwONqMzk_gKU6Td7Ej_uRQ9REqBTei0EQLxho__gFuS7_CQQzbr13VDk2yOku06m2auV7ad1ltXyN4Aw=w80-h106-k-no","https://ssl.gstatic.com/local/servicebusiness/default_user.png","""Rasa pizzanya enak banget, adonannya lembut dan topping-nya terasa fresh.""","https://www.google.com/searchviewer/42?cvd=CLw_EicKJeICIjIgEhkiF9LX29IPEQoNL2cvMTFydmN0c193cRgBOgMI8A0%3D&hl=id-ID&gl=id&fo_m=MfohQo559jFvMUOzJVpjPL1YMfZ3bInYwBDuMfaXTPp5KXh-&utm_source=tactile&gei=0qL4adPGFJGb4-EPo_Le2Ao&ei=0qL4adPGFJGb4-EPo_Le2Ao&fo_s=OA&opi=79508299&orderType=1&ebb=1&cs=0&foub=mcpp","Pesan online","","","","",""
"https://www.google.com/maps/place/Pizza+Hut+Delivery+-+PHD+Indonesia/data=!4m7!3m6!1s0x2e69c562b8b2f4d3:0xfda36e38bb8ef46c!8m2!3d-6.5728399!4d106.7455595!16s%2Fg%2F11fgh3j3w0!19sChIJ0_SyuGLFaS4RbPSOuzhuo_0?authuser=0&hl=id&rclk=1","Pizza Hut Delivery - PHD Indonesia","4,7","(1.324)","Stan Pizza","·","","·","Jalan Raya Dramaga No.Km 7 No.45, RT.02/RW.02","Buka","· Tutup pukul 23.00","https://lh3.googleusercontent.com/gps-cs-s/APNQkAHaET1dIeGFOpi-2AwqPX7J61DOPc8qB6WTdRmgzSfF9IC7YdT63hlaNcqYS_mlZC2OEXHz5xFEiLLui4KKm-FUxIlrWrqpZIrfBvfHhuf68WtkHkTZ-16NU0q8jcHabmjzccunHA=w80-h106-k-no","https://ssl.gstatic.com/local/servicebusiness/default_user.png","""Tempat nya nyaman,","https://www.google.com/searchviewer/42?cvd=CLw_EicKJeICIjIgEhkiF9LX29IPEQoNL2cvMTFmZ2gzajN3MBgAOgMI8A0%3D&hl=id-ID&gl=id&fo_m=MfohQo559jFvMUOzJVpjPL1YMfZ3bInYwBDuMfaXTPp5KXh-&utm_source=tactile&gei=0qL4adPGFJGb4-EPo_Le2Ao&ei=0qL4adPGFJGb4-EPo_Le2Ao&fo_s=OA&opi=79508299&ebb=1&cs=0&foub=mcpp","Pesan online","","·","$$","pizza","nya juga enak enak
Mantaaappp"""
"https://www.google.com/maps/place/Brano+Pizzeria+Bogor/data=!4m7!3m6!1s0x2e69c558538cdedd:0x11ca573c762a4da!8m2!3d-6.5813145!4d106.8087852!16s%2Fg%2F11lrt9pz33!19sChIJ3d6MU1jFaS4R2qRix3OlHAE?authuser=0&hl=id&rclk=1","Brano Pizzeria Bogor","4,9","(1.817)","Pizza","·","","·","Jl. Achmad Sobana Jl. Bangbarung Raya No.8, RT.02/RW.07","Buka","· Tutup pukul 22.00","https://lh3.googleusercontent.com/gps-cs-s/APNQkAFiQWPNEO8soyy8f27j8A6D6yrnzDrOe5BSg_YcRGnQ6WU34wUx6atRNDSqqFQR19COkzGEvopzrudMymbtf53L1E3yuIFH3nH7saK36fBCzhfewHe22FUK8SKg2opEcbxthkdOiA=w80-h142-k-no","https://ssl.gstatic.com/local/servicebusiness/default_user.png","""","","","","·","$$","Pizza","nya authentic made with wood fire…"""
"https://www.google.com/maps/place/Pizza+Kayu+Bakar+Taman+Cimanggu/data=!4m7!3m6!1s0x2e69c5a29e5cc0cd:0x9f7f7bea09276979!8m2!3d-6.5602814!4d106.7840231!16s%2Fg%2F11h3mz6zr5!19sChIJzcBcnqLFaS4ReWknCep7f58?authuser=0&hl=id&rclk=1","Pizza Kayu Bakar Taman Cimanggu","4,7","(1.161)","Pizza","·","","CQQM+VJJ, Jl. Cendana, RT.03/RW.10","","Segera tutup","· 21.00 · Buka Sel pukul 08.00","https://lh3.googleusercontent.com/gps-cs-s/APNQkAH1AFVokRF2yeekCTDATACdHLfs_WV2K2MNkzH-4B3qHf9LDR84zuCXoosHJQQKaEJBGvbS0PwOl4ZtNFcZX-AI1cQCNelT-gmTTeKi1qM1XB9vFZp54ZIDTYOYu3D5FeLgqrbd8w=w80-h106-k-no","https://ssl.gstatic.com/local/servicebusiness/default_user.png","""Untuk","","","","·","$$","pizza",", mozzarellanya cukup wah tapi harga juga wah"""
"https://www.google.com/maps/place/Domino%27s+Pizza/data=!4m7!3m6!1s0x2e69c4c16dd338e7:0x2d9d25eed6ee386d!8m2!3d-6.5725176!4d106.7432254!16s%2Fg%2F11c70j8yqg!19sChIJ5zjTbcHEaS4RbTju1u4lnS0?authuser=0&hl=id&rclk=1","Domino's Pizza","4,4","(1.276)","Pizza","·","","Jl. Raya Dramaga, RT.03/RW.02","Resto pizza delivery yang berdiri lama","Buka","· Tutup pukul 00.00","https://lh3.googleusercontent.com/gps-cs-s/APNQkAGCsuZS-De34NTcGsD1NLvcIB8NfjgaP6ECoAexPAmX2pu5ShhPmBWcDy4HuYAfhp9RoUDnug9A6t7JRmKLamQLkioQg7N65FQUuC3vLPNklA7BBXPNzfYyUd6yA44j975usW0=w80-h142-k-no","https://ssl.gstatic.com/local/servicebusiness/default_user.png","""Tempatnya bersih
Menu","https://www.google.com/searchviewer/42?cvd=CLw_EicKJeICIjIgEhkiF9LX29IPEQoNL2cvMTFjNzBqOHlxZxgAOgMI8A0%3D&hl=id-ID&gl=id&fo_m=MfohQo559jFvMUOzJVpjPL1YMfZ3bInYwBDuMfaXTPp5KXh-&utm_source=tactile&gei=0qL4adPGFJGb4-EPo_Le2Ao&ei=0qL4adPGFJGb4-EPo_Le2Ao&fo_s=OA&opi=79508299&ebb=1&cs=0&foub=mcpp","Pesan online","","·","$$","pizza","nya banyak dan enak"""
"https://www.google.com/maps/place/Pizza+Boxx/data=!4m7!3m6!1s0x2e69c5ec237fd503:0x43929ff1d22555c2!8m2!3d-6.5681513!4d106.800104!16s%2Fg%2F11k9qqmgzn!19sChIJA9V_I-zFaS4RwlUl0vGfkkM?authuser=0&hl=id&rclk=1","Pizza Boxx","4,6","(33)","Italia","·","","Jl. Kb. Pedes No.22, RT.04/RW.03","","","","https://lh3.googleusercontent.com/gps-cs-s/APNQkAGDWRx5HthCv2oJ9X4ydERG857waFeOKjq38Vxc3Amjg0BhbkffQ90MC7-5PnzppHGQDgJjdTgXGRPBp2UzjcIEcLK0PnRzWKjHln8iAU8-OqFA-nm16H4OD6m9M490Os9ysuli=w80-h142-k-no","https://ssl.gstatic.com/local/servicebusiness/default_user.png","""Dan tentunya bisa jadi pengganti","https://www.google.com/searchviewer/42?cvd=CLw_EicKJeICIjIgEhkiF9LX29IPEQoNL2cvMTFrOXFxbWd6bhgAOgMI8A0%3D&hl=id-ID&gl=id&fo_m=MfohQo559jFvMUOzJVpjPL1YMfZ3bInYwBDuMfaXTPp5KXh-&utm_source=tactile&gei=0qL4adPGFJGb4-EPo_Le2Ao&ei=0qL4adPGFJGb4-EPo_Le2Ao&fo_s=OA&opi=79508299&ebb=1&cs=0&foub=mcpp","Pesan online","","·","Rp 50–75 rb","pizza","yg di buycott."""
"https://www.google.com/maps/place/I+Vins+Kitchen+Pizza+%26+Pasta,+Mulyaharja/data=!4m7!3m6!1s0x2e69cf81f4c94a61:0xf6286fb1068b1496!8m2!3d-6.63682!4d106.7854258!16s%2Fg%2F11rxvxd3fm!19sChIJYUrJ9IHPaS4RlhSLBrFvKPY?authuser=0&hl=id&rclk=1","I Vins Kitchen Pizza & Pasta, Mulyaharja","4,8","(82)","Pizza","·","","Jl. Raya Cibeuruem No.11, RT.03/RW05/RW.05","","Buka","· Tutup pukul 22.00","https://lh3.googleusercontent.com/gps-cs-s/APNQkAF-DoBjAPvUXC_SlZhKDkceW1th93I0mp-EG1jXVyEloADcztIRVFd_dJmkPs5Gs4uDCNS2dcDQIyVBeGXhNRDeS9Gc2RryQtBd9FJOgvgLfFGCPD0k0SLgu3S3gK4MgQ_iqyOSAw=w163-h92-k-no","https://ssl.gstatic.com/local/servicebusiness/default_user.png","""Hidden gems","https://www.google.com/searchviewer/42?cvd=CLw_EicKJeICIjIgEhkiF9LX29IPEQoNL2cvMTFyeHZ4ZDNmbRgBOgMI8A0%3D&hl=id-ID&gl=id&fo_m=MfohQo559jFvMUOzJVpjPL1YMfZ3bInYwBDuMfaXTPp5KXh-&utm_source=tactile&gei=0qL4adPGFJGb4-EPo_Le2Ao&ei=0qL4adPGFJGb4-EPo_Le2Ao&fo_s=OA&opi=79508299&orderType=1&ebb=1&cs=0&foub=mcpp","Pesan online","","·","Rp 25–50 rb","pizza","enak..
Suka banget piza nya ga yg roti tebel gitu."""
"https://www.google.com/maps/place/Kedai+Kita/data=!4m7!3m6!1s0x2e69c5dd8d8c7db9:0x1f0b8c02eec03e19!8m2!3d-6.6065627!4d106.8103217!16s%2Fg%2F11b7ztv96f!19sChIJuX2Mjd3FaS4RGT7A7gKMCx8?authuser=0&hl=id&rclk=1","Kedai Kita","4,5","(5.667)","Pizza","·","","·","Jl. Kantor. Pos No.3, RT.04/RW.11","Buka","· Tutup pukul 22.00","https://lh3.googleusercontent.com/gps-cs-s/APNQkAGQ1flWAy6sr26f6J5Uw7qKOu5rH9QT9x588Uqna8ecDELU-mw11GphVHVB0Yf2JvFebjmtMfftPR02ss0rmut1K5HuRfCvz-oUjZyMVJ-TeTjBf2YK5HcAnUYAfNYmbicKdoSJ=w122-h92-k-no","https://ssl.gstatic.com/local/servicebusiness/default_user.png","""","https://www.google.com/searchviewer/42?cvd=CLw_EicKJeICIjIgEhkiF9LX29IPEQoNL2cvMTFiN3p0djk2ZhgBOgMI8A0%3D&hl=id-ID&gl=id&fo_m=MfohQo559jFvMUOzJVpjPL1YMfZ3bInYwBDuMfaXTPp5KXh-&utm_source=tactile&gei=0qL4adPGFJGb4-EPo_Le2Ao&ei=0qL4adPGFJGb4-EPo_Le2Ao&fo_s=OA&opi=79508299&orderType=1&ebb=1&cs=0&foub=mcpp","Pesan online","","·","Rp 50–75 rb","Pizza","& calzone kayu bakarnya juaraa.. hotplate nya maknyus."""
"https://www.google.com/maps/place/Kedai+Kita+Cimanggu/data=!4m7!3m6!1s0x2e69c555f2ac544b:0xa1c61f0050bb0a62!8m2!3d-6.5599991!4d106.7840825!16s%2Fg%2F11h1z1jk4_!19sChIJS1Ss8lXFaS4RYgq7UAAfxqE?authuser=0&hl=id&rclk=1","Kedai Kita Cimanggu","4,5","(2.583)","Pizza","·","","·","Jl. Cempaka No.25, RT.03/RW.08","Buka","· Tutup pukul 22.00","https://lh3.googleusercontent.com/gps-cs-s/APNQkAFvddPA14KIllZELNnsP-ariMpgXhRpVV2S0DQAkpQO2DcSYt6DpX3KCWuANdP7U2uRAVkcgYdc1akpEiYvhNDnZnQfEIImEWCPsI1hFw6BFc7Y_Ti0yMOIYwspRPi4mNbJfOGV=w80-h106-k-no","https://ssl.gstatic.com/local/servicebusiness/default_user.png","""Terutama signature mereka hot plate dan","https://www.google.com/searchviewer/42?cvd=CLw_EicKJeICIjIgEhkiF9LX29IPEQoNL2cvMTFoMXoxams0XxgBOgMI8A0%3D&hl=id-ID&gl=id&fo_m=MfohQo559jFvMUOzJVpjPL1YMfZ3bInYwBDuMfaXTPp5KXh-&utm_source=tactile&gei=0qL4adPGFJGb4-EPo_Le2Ao&ei=0qL4adPGFJGb4-EPo_Le2Ao&fo_s=OA&opi=79508299&orderType=1&ebb=1&cs=0&foub=mcpp","Pesan online","","·","Rp 50–75 rb","pizza","oven nya"""
"https://www.google.com/maps/place/PIZZA+BOXX/data=!4m7!3m6!1s0x2e69c50c52384bbb:0x232b6382df4af1d8!8m2!3d-6.5650959!4d106.7829264!16s%2Fg%2F11krhv3494!19sChIJu0s4UgzFaS4R2PFK34JjKyM?authuser=0&hl=id&rclk=1","PIZZA BOXX","4,4","(57)","Italia","·","","Jl. Raya Taman Cimanggu No.25, RT.03/RW.09","","Buka","· Tutup pukul 22.00","https://lh3.googleusercontent.com/gps-cs-s/APNQkAHYSCRDJm8XGCERGEVfV7TMSXJq7w4gC0qA4D_oh1ZMr5vCGG_3Dbg34C1VSuHG39EAJLXyj9GmfyfDKpkhHj3Yb8GwfmkBrsbHumsz8Q8VH1NIKdasYKdUP2TEC2ok-IP8ogFAkw=w80-h106-k-no","https://ssl.gstatic.com/local/servicebusiness/default_user.png","""pizzanya enak harga sesuai""","https://www.google.com/searchviewer/42?cvd=CLw_EicKJeICIjIgEhkiF9LX29IPEQoNL2cvMTFrcmh2MzQ5NBgAOgMI8A0%3D&hl=id-ID&gl=id&fo_m=MfohQo559jFvMUOzJVpjPL1YMfZ3bInYwBDuMfaXTPp5KXh-&utm_source=tactile&gei=0qL4adPGFJGb4-EPo_Le2Ao&ei=0qL4adPGFJGb4-EPo_Le2Ao&fo_s=OA&opi=79508299&ebb=1&cs=0&foub=mcpp","Pesan online","","·","Rp 50–75 rb","",""
"https://www.google.com/maps/place/Pizzasia+Bogor/data=!4m7!3m6!1s0x2e69c5af88d09557:0xfeb71b6c3ebe0e8!8m2!3d-6.6046832!4d106.8077868!16s%2Fg%2F11wg4tm8p5!19sChIJV5XQiK_FaS4R6ODrw7Zx6w8?authuser=0&hl=id&rclk=1","Pizzasia Bogor","4,9","(14)","Pizza","·","","Sentra Kuliner Bogor, Jl. Bina Marga No.1 Lantai 2, RT.04/RW.11","","Tutup","· Buka Sel pukul 10.00","https://lh3.googleusercontent.com/gps-cs-s/APNQkAFUOuJjclsnhljRAa7Wjcv0u1Hq-swbd4XXtsDnk_AcB5sAGJQRSJZZ_A1OjYez2mKX-qY3Go10XrYD1YnlygIh_7bMHBfyaP9-dQBP3ecM0rLhvJFr-bLua2h6xUku4iNU2FFD=w92-h92-k-no","https://ssl.gstatic.com/local/servicebusiness/default_user.png","""","","","","·","Rp 50–75 rb","Pizza","-nya enaak, crustnya tipis ala"
"https://www.google.com/maps/place/Pizza+Hut+Restoran/data=!4m7!3m6!1s0x2e69c5e76ac5be05:0xda73c3b188d527b6!8m2!3d-6.6062451!4d106.8089221!16s%2Fg%2F1tcw10j_!19sChIJBb7FaufFaS4RtifViLHDc9o?authuser=0&hl=id&rclk=1","Pizza Hut Restoran","4,6","(4.007)","Pizza","·","","·","Jl. Raya Pajajaran No.29, RT.04/RW.11","Buka","· Tutup pukul 22.00","https://lh3.googleusercontent.com/gps-cs-s/APNQkAGKOCfV7cyWHVats-BvpPAQWG2bkD3l1GlWk6fqjv6iRRWRAuK3s9jS3DXMpO2Gb5_qTwQIVjt8nlQY98ap95Vqbi96w_61XNp7N2UkO-6PzajcrDJLtzMg1BtGYp2DEPJSeV3q=w80-h142-k-no","https://ssl.gstatic.com/local/servicebusiness/default_user.png","""Rasa","https://www.google.com/searchviewer/42?cvd=CLw_EiUKI-ICIDIeEhciFdLX29IPDwoLL2cvMXRjdzEwal8YADoDCPAN&hl=id-ID&gl=id&fo_m=MfohQo559jFvMUOzJVpjPL1YMfZ3bInYwBDuMfaXTPp5KXh-&utm_source=tactile&gei=0qL4adPGFJGb4-EPo_Le2Ao&ei=0qL4adPGFJGb4-EPo_Le2Ao&fo_s=OA&opi=79508299&ebb=1&cs=0&foub=mcpp","Pesan online","","·","$$","pizza","ga perlu diragukan lg, tempatnya nyaman..."""
"https://www.google.com/maps/place/KAPTEN+PIZZA+BOGOR+CIPARIGI/data=!4m7!3m6!1s0x2e69c10059515709:0x4d3005727bc70706!8m2!3d-6.5452255!4d106.8221327!16s%2Fg%2F11x26wkxhd!19sChIJCVdRWQDBaS4RBgfHe3IFME0?authuser=0&hl=id&rclk=1","KAPTEN PIZZA BOGOR CIPARIGI","4,9","(24)","Pizza","·","","Jl. Mandala Raya, RT.05/RW.02","","","","https://lh3.googleusercontent.com/gps-cs-s/APNQkAHiC6X_XsPDKzIySUOu05p45d9lz6aa6AJ9inO2yAVk_Wx1_zAZf-CmCoKom-ksK_bc75zXOmnK5nqlJWiFO6mK5X5_QicPEPmH4Ej81JgqBfRYC-LgxlES6iVUTzx921QgRTrgo7BAVIA=w80-h106-k-no","https://ssl.gstatic.com/local/servicebusiness/default_user.png","""","","","","·","Rp 25–50 rb","Pizza","lokal dengan rasa yg mantap."""
"https://www.google.com/maps/place/Pizza+Hut+Ristorante/data=!4m7!3m6!1s0x2e69c42fbeecbabf:0xcf9f5fd622aa1bf9!8m2!3d-6.5783166!4d106.8070427!16s%2Fg%2F1tdsmcvj!19sChIJv7rsvi_EaS4R-RuqItZfn88?authuser=0&hl=id&rclk=1","Pizza Hut Ristorante","4,7","(5.795)","Pizza","·","","·","Jl. Raya Pajajaran, RT.01/RW.03","Buka","· Tutup pukul 22.00","https://lh3.googleusercontent.com/gps-cs-s/APNQkAEbHqOz6h41y2v26QEBHXRJt6rASYLkGu2HS1fZUdhWVr_9f3i7iM6_MKioKA610RiMPmEwJzVEu2eUHVo8MY_-X9jys8eDNz8NzsHb6nsD0XNUz6tFI_L5FLmg4G_iMNx_jU-I=w80-h142-k-no","https://ssl.gstatic.com/local/servicebusiness/default_user.png","""Kesini mencoba","https://www.google.com/searchviewer/42?cvd=CLw_EiUKI-ICIDIeEhciFdLX29IPDwoLL2cvMXRkc21jdmoYADoDCPAN&hl=id-ID&gl=id&fo_m=MfohQo559jFvMUOzJVpjPL1YMfZ3bInYwBDuMfaXTPp5KXh-&utm_source=tactile&gei=0qL4adPGFJGb4-EPo_Le2Ao&ei=0qL4adPGFJGb4-EPo_Le2Ao&fo_s=OA&opi=79508299&ebb=1&cs=0&foub=mcpp","Pesan online","","·","$$","Pizza","barunya Lemon Butter Salmon & Pasta Creamy Truffle."""
"https://www.google.com/maps/place/Pizza+Hut+Restoran+-+Bogor+Indah+Plaza/data=!4m7!3m6!1s0x2e69c46a3c60f99b:0xccfd2d1a3fab4314!8m2!3d-6.5613035!4d106.7902576!16s%2Fg%2F11b6d5v81_!19sChIJm_lgPGrEaS4RFEOrPxot_cw?authuser=0&hl=id&rclk=1","Pizza Hut Restoran - Bogor Indah Plaza","4,7","(5.112)","Pizza","·","","·","Bogor Indah Plaza Jalan Majapahit Raya N Cimanggu Permai 1A, RT.04/RW.09","Buka","· Tutup pukul 22.00","https://lh3.googleusercontent.com/gps-cs-s/APNQkAF-ohCKsXKSgYKSHNLh24FRjvVfJdT5QdIMdLwZY8Al169nT1ScZFmcXMePwcdM5ZHTBefNtk7I4cK9rWZRe03XI6YcFZDQ-U2bJWv9-FH8Hsp06Ss0UOe7gvH_1YUmxM5rvVE=w163-h92-k-no","https://ssl.gstatic.com/local/servicebusiness/default_user.png","""Produci pizzanya yummy bikin nagih suasana kojivkikin nyaman.""","https://www.google.com/searchviewer/42?cvd=CLw_EicKJeICIjIgEhkiF9LX29IPEQoNL2cvMTFiNmQ1djgxXxgAOgMI8A0%3D&hl=id-ID&gl=id&fo_m=MfohQo559jFvMUOzJVpjPL1YMfZ3bInYwBDuMfaXTPp5KXh-&utm_source=tactile&gei=0qL4adPGFJGb4-EPo_Le2Ao&ei=0qL4adPGFJGb4-EPo_Le2Ao&fo_s=OA&opi=79508299&ebb=1&cs=0&foub=mcpp","Pesan online","","·","$$","",""
"https://www.google.com/maps/place/Pizza+Hut+Restoran/data=!4m7!3m6!1s0x2e69c5d88c49f41f:0xc12c312ccbad8760!8m2!3d-6.6182183!4d106.8060372!16s%2Fg%2F11xmsjrcx!19sChIJH_RJjNjFaS4RYIetyywxLME?authuser=0&hl=id&rclk=1","Pizza Hut Restoran","4,7","(3.656)","Pizza","·","","·","Jl. Pahlawan No.176, RT.02/RW.09","Buka","· Tutup pukul 22.00","https://lh3.googleusercontent.com/gps-cs-s/APNQkAHc8nNXiNH4OSmj3WGhmwTmJ8ueqDsch3d33IzIrFAZbYbPCT2Kcz4rq0xcva1lYJkdHsi2pa7GXAmn9xSlnL-hmHqReB5Nmi1wkCXW1ksTcetzYv2pSta3yuCEzPG35_vKG3iDvA=w122-h92-k-no","https://ssl.gstatic.com/local/servicebusiness/default_user.png","""Tak perlu diragukan lagi rasa","https://www.google.com/searchviewer/42?cvd=CLw_EiYKJOICITIfEhgiFtLX29IPEAoML2cvMTF4bXNqcmN4GAA6AwjwDQ%3D%3D&hl=id-ID&gl=id&fo_m=MfohQo559jFvMUOzJVpjPL1YMfZ3bInYwBDuMfaXTPp5KXh-&utm_source=tactile&gei=0qL4adPGFJGb4-EPo_Le2Ao&ei=0qL4adPGFJGb4-EPo_Le2Ao&fo_s=OA&opi=79508299&ebb=1&cs=0&foub=mcpp","Pesan online","","·","$$","pizza","nya juga enakkk."""
"https://www.google.com/maps/place/Dev+Bakery+%26+Pizza+House/data=!4m7!3m6!1s0x2e69c7d47762807b:0x689fdc76beab65c0!8m2!3d-6.5629492!4d106.7814053!16s%2Fg%2F11fs5p4rbm!19sChIJe4Bid9THaS4RwGWrvnbcn2g?authuser=0&hl=id&rclk=1","Dev Bakery & Pizza House","4,9","(161)","Pizza","·","","Jl. Puspa Sari Jl. Raya Taman Cimanggu, RT.04/RW.09","","Segera tutup","· 21.30 · Buka Sel pukul 08.00","https://lh3.googleusercontent.com/gps-cs-s/APNQkAHhvLqqWQMukGZA5LqvpQS5lVpguWnvGNfEy2Mimwwfdd8hNW6Vdb87KLP0UiO_Q6PFn_ZNAyo0OzNCJgP0YCaihA1kVnMrAU_IsWMfzLTe6tDhXHlKLcFLh0XUo7RhcpBiGy7NjacMyJKd=w92-h92-k-no","https://ssl.gstatic.com/local/servicebusiness/default_user.png","""","https://www.google.com/searchviewer/42?cvd=CLw_EicKJeICIjIgEhkiF9LX29IPEQoNL2cvMTFmczVwNHJibRgBOgMI8A0%3D&hl=id-ID&gl=id&fo_m=MfohQo559jFvMUOzJVpjPL1YMfZ3bInYwBDuMfaXTPp5KXh-&utm_source=tactile&gei=0qL4adPGFJGb4-EPo_Le2Ao&ei=0qL4adPGFJGb4-EPo_Le2Ao&fo_s=OA&opi=79508299&orderType=1&ebb=1&cs=0&foub=mcpp","Pesan online","","","","Pizza","nya enaaak bingiiittsss.. Pizanya dibuat langsung, jadinya fresh."""
"https://www.google.com/maps/place/Brano+Pizzeria+Bogor/data=!4m7!3m6!1s0x2e69c5004599d6a9:0x3a1c27b7be07c2e2!8m2!3d-6.6047333!4d106.8076888!16s%2Fg%2F11xgw2d282!19sChIJqdaZRQDFaS4R4sIHvrcnHDo?authuser=0&hl=id&rclk=1","Brano Pizzeria Bogor","4,9","(89)","Pizza","·","","·","Jl. Binamarga No.1, RT.04/RW.11","Buka","· Tutup pukul 22.00","https://lh3.googleusercontent.com/gps-cs-s/APNQkAGsfK4fuwEPG9cpZB-zYYkE9u-sPqlebZGnAx_KXLagFHHR3aCopnTeLWfIx43vfn4CxqPudB2oBquuc41Rt3OkSRAMgB26riLMu4pmINr2Rye4BLH8xV347lDv04KtjYiPVFSp9gGDSbQ=w80-h106-k-no","https://ssl.gstatic.com/local/servicebusiness/default_user.png","""Pizzanya enak, terutama yg quatro cheese.""","https://www.google.com/searchviewer/42?cvd=CLw_EicKJeICIjIgEhkiF9LX29IPEQoNL2cvMTF4Z3cyZDI4MhgBOgMI8A0%3D&hl=id-ID&gl=id&fo_m=MfohQo559jFvMUOzJVpjPL1YMfZ3bInYwBDuMfaXTPp5KXh-&utm_source=tactile&gei=0qL4adPGFJGb4-EPo_Le2Ao&ei=0qL4adPGFJGb4-EPo_Le2Ao&fo_s=OA&opi=79508299&orderType=1&ebb=1&cs=0&foub=mcpp","Pesan online","","","","",""
"https://www.google.com/maps/place/PAWON+%28STEAK+-+PIZZA+-+SOUP%29/data=!4m7!3m6!1s0x2e69c5dac05956f7:0x1ad964bb4e9d4102!8m2!3d-6.5959534!4d106.8049731!16s%2Fg%2F11by_nxsry!19sChIJ91ZZwNrFaS4RAkGdTrtk2Ro?authuser=0&hl=id&rclk=1","PAWON (STEAK - PIZZA - SOUP)","4,3","(361)","Pizza","·","","·","Jl. Malabar 2 No.4, RT.01/RW.04","Segera tutup","· 21.00 · Buka Sel pukul 10.00","https://lh3.googleusercontent.com/gps-cs-s/APNQkAEvu_fFshSRHCxFwkCWFMTj_AIWHG008Ek3fnSiNkF1SizOtfFZtWsBixe5QRVdjb3FhRfOqUqGYlvrFHLa243HDfMTZJ0WU7o35Q3bWTK3uT-32B67JOWlCOjxS9M-D5vWsJCmrA=w80-h142-k-no","https://ssl.gstatic.com/local/servicebusiness/default_user.png","""Recommended!""","","","","·","Rp 25–50 rb","",""
"https://www.google.com/maps/place/Kedai+Pizza+MOZARELLA+%22ALVARO+CAKE%22/data=!4m7!3m6!1s0x2e69c3b515febca7:0xdd4d19e4dd2b6dc7!8m2!3d-6.5050891!4d106.7947594!16s%2Fg%2F11f121mgf7!19sChIJp7z-FbXDaS4Rx20r3eQZTd0?authuser=0&hl=id&rclk=1","Kedai Pizza MOZARELLA ""ALVARO CAKE""","4,5","(187)","Pizza","·","","sebelah Dokter 24 jam, komplek Ruko Bojonggede Green Residence, Jl. Raya Bojong Gede","","Tutup","· Buka Sel pukul 09.00","https://lh3.googleusercontent.com/gps-cs-s/APNQkAH0lk2LH6WVtUPn7xeNV_rCHDaIQ2J-Zij2IlR56_7PFPr0blKHDCSe03Rw2gi_Rz1I11H8rGYYS54hbfZgN8BtwZ-vE17dcthBk3so3ejJK3IQKJhjLQjDZXjVkWn_hQIQ_UJH=w163-h92-k-no","https://ssl.gstatic.com/local/servicebusiness/default_user.png","""Pizzanya enak.""","https://www.google.com/searchviewer/42?cvd=CLw_EicKJeICIjIgEhkiF9LX29IPEQoNL2cvMTFmMTIxbWdmNxgBOgMI8A0%3D&hl=id-ID&gl=id&fo_m=MfohQo559jFvMUOzJVpjPL1YMfZ3bInYwBDuMfaXTPp5KXh-&utm_source=tactile&gei=0qL4adPGFJGb4-EPo_Le2Ao&ei=0qL4adPGFJGb4-EPo_Le2Ao&fo_s=OA&opi=79508299&orderType=1&ebb=1&cs=0&foub=mcpp","Pesan online","","·","Rp 25–50 rb","",""
"https://www.google.com/maps/place/Pizza+Grazie/data=!4m7!3m6!1s0x2e69c367f916513d:0xcb658352c4a312a!8m2!3d-6.5255775!4d106.7970288!16s%2Fg%2F11h_xh19_l!19sChIJPVEW-WfDaS4RKjFKLDVYtgw?authuser=0&hl=id&rclk=1","Pizza Grazie","4,9","(93)","Pizza","·","","Perumahan RSCM Jalan Masjid Asy-syiffa Blok D/26 RT006 RW009, Kelurahan","","Buka","· Tutup pukul 22.00","https://lh3.googleusercontent.com/gps-cs-s/APNQkAEJFJXjYINgrZxQwddSL6rmjwatgPj9rMzODK7GImRqMONxO2utZY6zR8cBTx2M0C1UtGduEcxp22owSVcgiJJoUyuB0-K5KInNWPjtH3inJuFFsQFnF-BWePtt6AL3dtToguB7Fw=w92-h92-k-no","https://ssl.gstatic.com/local/servicebusiness/default_user.png","""Udah lamaaaa liat di Gofood, tapi baru sempet order kemarin.""","https://www.google.com/searchviewer/42?cvd=CLw_EicKJeICIjIgEhkiF9LX29IPEQoNL2cvMTFoX3hoMTlfbBgAOgMI8A0%3D&hl=id-ID&gl=id&fo_m=MfohQo559jFvMUOzJVpjPL1YMfZ3bInYwBDuMfaXTPp5KXh-&utm_source=tactile&gei=2aL4ac6tCqOw4-EPuq3c0Ac&ei=2aL4ac6tCqOw4-EPuq3c0Ac&fo_s=OA&opi=79508299&ebb=1&cs=0&foub=mcpp","Pesan online","","·","Rp 25–50 rb","",""
"https://www.google.com/maps/place/Pizza+Hut+Delivery+-+PHD+Indonesia/data=!4m7!3m6!1s0x2e69c912c37f9329:0xd7cf12e4b5da1252!8m2!3d-6.6333295!4d106.8254867!16s%2Fg%2F11q88blbql!19sChIJKZN_wxLJaS4RUhLateQSz9c?authuser=0&hl=id&rclk=1","Pizza Hut Delivery - PHD Indonesia","4,7","(255)","Stan Pizza","·","","Jl. Raya Tajur No.88 G, RT.02/RW.04","Franchise piza dengan beragam pilihan","Buka","· Tutup pukul 23.00","https://lh3.googleusercontent.com/gps-cs-s/APNQkAFaKYWMMFR16HW9q4x3eYXp84MPs1NAUQYSqyN-e7u8eYD8t3eGJWtxogTBGHVqMAZjFL2rz7_MYUOURT6l_qtvpoA-kDf3s2_QHeJxkUzQwza-BXSZrrzUFMDKxTn3XoXzDUlG4E10rhg=w92-h92-k-no","https://ssl.gstatic.com/local/servicebusiness/default_user.png","""Tempatnya sangat bersih , nyaman dan","https://www.google.com/searchviewer/42?cvd=CLw_EicKJeICIjIgEhkiF9LX29IPEQoNL2cvMTFxODhibGJxbBgAOgMI8A0%3D&hl=id-ID&gl=id&fo_m=MfohQo559jFvMUOzJVpjPL1YMfZ3bInYwBDuMfaXTPp5KXh-&utm_source=tactile&gei=2aL4ac6tCqOw4-EPuq3c0Ac&ei=2aL4ac6tCqOw4-EPuq3c0Ac&fo_s=OA&opi=79508299&ebb=1&cs=0&foub=mcpp","Pesan online","","·","$$","pizza","nya juga sangat enak"""
"https://www.google.com/maps/place/T-Bene+Steak+and+Cigar/data=!4m7!3m6!1s0x2e69c5a2a4330f79:0x944e55f9342f9fcb!8m2!3d-6.5687011!4d106.8058775!16s%2Fg%2F11vwl3lrlh!19sChIJeQ8zpKLFaS4Ry58vNPlVTpQ?authuser=0&hl=id&rclk=1","T-Bene Steak and Cigar","4,8","(318)","Italia","·","","Jl. Dadali No.37, RT.01/RW.05","","Buka","· Tutup pukul 22.00","https://lh3.googleusercontent.com/gps-cs-s/APNQkAFMzftIo9rCRcLN0W30M4s6_lLFPrOEK3EYRzNtDU2d1SEspoZ92SldkLgsyKGkK5CpWByOEjsJfSSrbpwdSPAO9Q5rh0Ag8BO_HxTktOF67UjeUBCNSDnAnJPVBGM4LEQqnRi5=w80-h106-k-no","https://ssl.gstatic.com/local/servicebusiness/default_user.png","""","","","","","","Pizza","spontini enakk, porsinya pas."""
"https://www.google.com/maps/place/Mauli%27s+Kitchen+Mauli%27s+Pizza/data=!4m7!3m6!1s0x2e69c97aa845103d:0x5136be97f4dbc70d!8m2!3d-6.6374308!4d106.8364467!16s%2Fg%2F11zjn5bsch!19sChIJPRBFqHrJaS4RDcfb9Je-NlE?authuser=0&hl=id&rclk=1","Mauli's Kitchen Mauli's Pizza","5,0","(14)","Pizza","·","","Jl. Muara Indah I No.33, RT.01/RW.03","","Tutup","· Buka Sel pukul 11.00","https://lh3.googleusercontent.com/gps-cs-s/APNQkAHY1k_X92_lQX85Hg3gsd8ZCUOFiBB4ti9r7WDZEsYAYxBik66_EjE5wmGm2fAZiDM0pFrK1YbCauyYQvk_MuQm08t-ZiIBosKpb-O751ggFriPC9bCSfFQ5PEWTjN8nntsV_JYjjPCVNM=w80-h106-k-no","https://ssl.gstatic.com/local/servicebusiness/default_user.png","""Pizzanya lembut sekali dan enaak😍""","https://www.google.com/searchviewer/42?cvd=CLw_EicKJeICIjIgEhkiF9LX29IPEQoNL2cvMTF6am41YnNjaBgBOgMI8A0%3D&hl=id-ID&gl=id&fo_m=MfohQo559jFvMUOzJVpjPL1YMfZ3bInYwBDuMfaXTPp5KXh-&utm_source=tactile&gei=2aL4ac6tCqOw4-EPuq3c0Ac&ei=2aL4ac6tCqOw4-EPuq3c0Ac&fo_s=OA&opi=79508299&orderType=1&ebb=1&cs=0&foub=mcpp","Pesan online","","","","",""
"https://www.google.com/maps/place/Rizkia+pizza/data=!4m7!3m6!1s0x2e69db8f6bebff73:0x9b189b2cb6e2ee77!8m2!3d-6.5772401!4d106.7180115!16s%2Fg%2F11wc1y1fnx!19sChIJc__ra4_baS4Rd-7itiybGJs?authuser=0&hl=id&rclk=1","Rizkia pizza","5,0","(16)","Toko Makanan","·","","Perumahan taman dramaga permai 7 blok M9 4","","Tutup","· Buka Sel pukul 09.00","https://lh3.googleusercontent.com/gps-cs-s/APNQkAEdubPWtbwr5AwsEQxFPAZRgYCJkEa3Dy_Eg4HUNqGlhhHUaI8ioYhEbwU2UZB6L9uiJH1RdA9BxT9G9eKMqvMu9zlBbzgnu0S9bNl8Q6EPdr3uHUhey2Zri-stYFc33C0CCEoSDw=w163-h92-k-no","https://ssl.gstatic.com/local/servicebusiness/default_user.png","""Pizzanya bikin deg deg ser lah""","","","","","","",""
"https://www.google.com/maps/place/Domino%27s+Pizza/data=!4m7!3m6!1s0x2e69c50b994bc593:0xf8b1e2c65899c50a!8m2!3d-6.5931995!4d106.8049745!16s%2Fg%2F1jky_k780!19sChIJk8VLmQvFaS4RCsWZWMbisfg?authuser=0&hl=id&rclk=1","Domino's Pizza","4,4","(1.252)","Pizza","·","","Jl. Raya Pajajaran No.E 59, RT.03/RW.01","Resto pizza delivery yang berdiri lama","Buka","· Tutup pukul 00.00","https://lh3.googleusercontent.com/gps-cs-s/APNQkAF3GxnLemzFXyQokmcXimuBmJ-9VhsomJMUAEIToN4m6wxxiU8g5cF-v0TcGg8QF-n0UhXVfe0XOAEKseR-8GoJzbIpS0QyIgkB_TG_9Rjka-gpV1IXKiIl2A1p2psfrf_D7spj6Q=w122-h92-k-no","https://ssl.gstatic.com/local/servicebusiness/default_user.png","""Tempat nyaman dan bersih, pizzanya enak sekali dengan toping yang enak 😉👍""","https://www.google.com/searchviewer/42?cvd=CLw_EiYKJOICITIfEhgiFtLX29IPEAoML2cvMWpreV9rNzgwGAA6AwjwDQ%3D%3D&hl=id-ID&gl=id&fo_m=MfohQo559jFvMUOzJVpjPL1YMfZ3bInYwBDuMfaXTPp5KXh-&utm_source=tactile&gei=2aL4ac6tCqOw4-EPuq3c0Ac&ei=2aL4ac6tCqOw4-EPuq3c0Ac&fo_s=OA&opi=79508299&ebb=1&cs=0&foub=mcpp","Pesan online","","·","$$","",""
"https://www.google.com/maps/place/Domino%27s+Pizza/data=!4m7!3m6!1s0x2e69c5a457edce81:0xbab3dd9f158b6487!8m2!3d-6.6013779!4d106.7793766!16s%2Fg%2F11dybbg1f2!19sChIJgc7tV6TFaS4Rh2SLFZ_ds7o?authuser=0&hl=id&rclk=1","Domino's Pizza","4,5","(2.673)","Pizza","·","","Jl. Aria Surialaga No.20, RT.01/RW.05","Resto pizza delivery yang berdiri lama","Buka","· Tutup pukul 00.00","https://lh3.googleusercontent.com/gps-cs-s/APNQkAFp8YP2C2sPoOoGULheVy2SvlX-Fu_6IFkkaA5J4slwtr9_wINMCM-s28OANYHUMLOZcI4vUmqFSg8GHkK-LmZXvOqIljEqQhPUdQMwtMRDmVmwZndBkVGMaEdq67hJ_PSdkA95=w80-h142-k-no","https://ssl.gstatic.com/local/servicebusiness/default_user.png","""Domino’s","https://www.google.com/searchviewer/42?cvd=CLw_EicKJeICIjIgEhkiF9LX29IPEQoNL2cvMTFkeWJiZzFmMhgAOgMI8A0%3D&hl=id-ID&gl=id&fo_m=MfohQo559jFvMUOzJVpjPL1YMfZ3bInYwBDuMfaXTPp5KXh-&utm_source=tactile&gei=2aL4ac6tCqOw4-EPuq3c0Ac&ei=2aL4ac6tCqOw4-EPuq3c0Ac&fo_s=OA&opi=79508299&ebb=1&cs=0&foub=mcpp","Pesan online","","·","$$","Pizza","rasanya enak dengan banyak pilihan rasa dan topping."""
"https://www.google.com/maps/place/Lago+coffee+%26+Get+Pizza/data=!4m7!3m6!1s0x2e69c3007e4ec6b1:0x831559ba471948c9!8m2!3d-6.4922792!4d106.7657637!16s%2Fg%2F11w3v8tq06!19sChIJscZOfgDDaS4RyUgZR7pZFYM?authuser=0&hl=id&rclk=1","Lago coffee & Get Pizza","4,8","(73)","Pizza","·","","GQ58+387","","Segera tutup","· 21.00 · Buka Sel pukul 11.00","https://lh3.googleusercontent.com/gps-cs-s/APNQkAF3Y2Bg-JfVqNhKdHJa84Dh2xQWDzU2HdcxYzvzIIRUgIKsn0XmHXv_xXMBX8CmVon6N89dnUOcwXRUUsj4otYC2lz9-lPOBIT0QxfWaf66BE0ACoW7jqID0TlqNm0zhWufNaZq=w80-h106-k-no","https://ssl.gstatic.com/local/servicebusiness/default_user.png","""","https://www.google.com/searchviewer/42?cvd=CLw_EicKJeICIjIgEhkiF9LX29IPEQoNL2cvMTF3M3Y4dHEwNhgBOgMI8A0%3D&hl=id-ID&gl=id&fo_m=MfohQo559jFvMUOzJVpjPL1YMfZ3bInYwBDuMfaXTPp5KXh-&utm_source=tactile&gei=2aL4ac6tCqOw4-EPuq3c0Ac&ei=2aL4ac6tCqOw4-EPuq3c0Ac&fo_s=OA&opi=79508299&orderType=1&ebb=1&cs=0&foub=mcpp","Pesan online","","·","Rp 25–50 rb","Pizza","dengan ciri khas ala italy yang tipis, ditemani dengan kopi."""
"https://www.google.com/maps/place/IMAHALO+Resto+%26+Cafe/data=!4m7!3m6!1s0x2e69c5facc9b8305:0x95a8fa5c053be7ff!8m2!3d-6.5587532!4d106.7837649!16s%2Fg%2F11fcp9th1q!19sChIJBYObzPrFaS4R_-c7BVz6qJU?authuser=0&hl=id&rclk=1","IMAHALO Resto & Cafe","4,5","(1.178)","Pizza","·","","Jl. Sholeh Iskandar No.22, RT.03/RW.08","","Buka","· Tutup pukul 02.00","https://lh3.googleusercontent.com/gps-cs-s/APNQkAHIqhC7CDFmChHFMq8BgIgH0H7G5w6mEoAzxveR8Afzid_aTn0vZXQWKyA3Rm98-I6R_GeqL-Z0f77CjPOBCw7CnF75gOqVHoZuyaLguIKmfFEqEAM5eYIXovJt0271U33VnHpYGw=w92-h92-k-no","https://ssl.gstatic.com/local/servicebusiness/default_user.png","""Recommended bgt""","","","","·","$$","",""
"https://www.google.com/maps/place/Pizza+Boxx+Tanah+Baru/data=!4m7!3m6!1s0x2e69c7007cf2abe3:0x7cf09a16ecee88f2!8m2!3d-6.5555547!4d106.8239704!16s%2Fg%2F11m5f096kd!19sChIJ46vyfADHaS4R8oju7Baa8Hw?authuser=0&hl=id&rclk=1","Pizza Boxx Tanah Baru","4,6","(16)","Pizza","·","","Hollywood Greenwood Res, Jl. Pangeran Sogiri No.17 Blok D, RT.01/RW.02","","Buka","· Tutup pukul 22.00","https://lh3.googleusercontent.com/gps-cs-s/APNQkAGNSZJ3jivxdbzC75cXBitwhZYkaQpyHyiXi6Zyz4CWxlk8uEpvpWiJbPjZIUfd5e75RZQ4UFEBg2ZFLzLcLoClJam6rFLGdmKJZjUfmEv0NUbXTDjhmBBpFcGSQgImed0kpkntlI2IN0ru=w80-h177-k-no","https://ssl.gstatic.com/local/servicebusiness/default_user.png","""Cocok sebagai","https://www.google.com/searchviewer/42?cvd=CLw_EicKJeICIjIgEhkiF9LX29IPEQoNL2cvMTFtNWYwOTZrZBgAOgMI8A0%3D&hl=id-ID&gl=id&fo_m=MfohQo559jFvMUOzJVpjPL1YMfZ3bInYwBDuMfaXTPp5KXh-&utm_source=tactile&gei=2aL4ac6tCqOw4-EPuq3c0Ac&ei=2aL4ac6tCqOw4-EPuq3c0Ac&fo_s=OA&opi=79508299&ebb=1&cs=0&foub=mcpp","Pesan online","","·","Rp 25–50 rb","pizza","pengganti brand yg pro z!0n1s"""
"https://www.google.com/maps/place/Domino%27s+Pizza/data=!4m7!3m6!1s0x2e69c48c0fcb3a23:0x48042f04a887481a!8m2!3d-6.5576287!4d106.7727602!16s%2Fg%2F11fqmph3gx!19sChIJIzrLD4zEaS4RGkiHqAQvBEg?authuser=0&hl=id&rclk=1","Domino's Pizza","4,2","(1.384)","Pizza","·","","Jl. KH. R. Abdullah Bin Nuh No.33 35, RT.10/RW.08","Resto pizza delivery yang berdiri lama","Buka","· Tutup pukul 00.00","https://lh3.googleusercontent.com/gps-cs-s/APNQkAEG5KbHirM59n1287U7SWQCrUESPfHVe-T0Y7tk9FKEX8mKbvm-0PNpXRvp5O5FcvDEt9QdPsEuOSE8f2pyPlT5WDQit1uriWafXJS1pT3nTKiNnFiOSSfWbGuPX21CVkMD4NBC=w80-h164-k-no","https://ssl.gstatic.com/local/servicebusiness/default_user.png","""Enak pizzanya dibanding","https://www.google.com/searchviewer/42?cvd=CLw_EicKJeICIjIgEhkiF9LX29IPEQoNL2cvMTFmcW1waDNneBgAOgMI8A0%3D&hl=id-ID&gl=id&fo_m=MfohQo559jFvMUOzJVpjPL1YMfZ3bInYwBDuMfaXTPp5KXh-&utm_source=tactile&gei=2aL4ac6tCqOw4-EPuq3c0Ac&ei=2aL4ac6tCqOw4-EPuq3c0Ac&fo_s=OA&opi=79508299&ebb=1&cs=0&foub=mcpp","Pesan online","","·","$$","pizza","yang sebelah"""
"https://www.google.com/maps/place/FAT+PAPA%27S+PIZZA/data=!4m7!3m6!1s0x2e69c3c5785fde1d:0xdcfe4bcf2be8ce78!8m2!3d-6.5339193!4d106.8115386!16s%2Fg%2F11fj5l61w3!19sChIJHd5feMXDaS4ReM7oK89L_tw?authuser=0&hl=id&rclk=1","FAT PAPA'S PIZZA","4,8","(14)","Pizza","·","","FR86+CJM, Jl. KH. Moh. Sholeh","","Tutup","· Buka Sel pukul 10.00","https://lh3.googleusercontent.com/gps-cs-s/APNQkAFGbXVBR_9m-6kAmLk1396w9BcAnwvI5afx-QLIcJln1nAspeYCfGTJUkSXJQ8-HMBLS9nj_tnGXUSttVotfClFSctlO7viHXbRF_TZXtp29AJewGcJ8-bA4tFbBux7y8on2HCK4Q=w92-h92-k-no","https://ssl.gstatic.com/local/servicebusiness/default_user.png","""","","","","","","Pizza","home made paling mantap."""
"https://www.google.com/maps/place/Pizza+Lebar+Laladon/data=!4m7!3m6!1s0x2e69c5004bab375f:0x80227d32e39a572f!8m2!3d-6.5836894!4d106.758438!16s%2Fg%2F11yw40l9q_!19sChIJXzerSwDFaS4RL1ea4zJ9IoA?authuser=0&hl=id&rclk=1","Pizza Lebar Laladon","5,0","(1)","Pizza","·","","CQ85+G9G, Jl. Raya Laladon","","Segera tutup","· 21.00 · Buka Sel pukul 10.00","https://lh3.googleusercontent.com/gps-cs-s/APNQkAGQspXi3vUf1kCm1gs7gC8zCSHJQAU4aoMfWEoTP_N1ZvjXu0FG02JZ2PF9rV96dly2gsPkxv1JdDGoKAbrJn3WPwACV9JjBxEuD70eSLr88SqiRzXnH7QbEczCoVxLwgrPQqM2LysrIKg=w122-h92-k-no","https://ssl.gstatic.com/local/servicebusiness/default_user.png","""Menunggu 10 menit jd.""","https://www.google.com/searchviewer/42?cvd=CLw_EicKJeICIjIgEhkiF9LX29IPEQoNL2cvMTF5dzQwbDlxXxgBOgMI8A0%3D&hl=id-ID&gl=id&fo_m=MfohQo559jFvMUOzJVpjPL1YMfZ3bInYwBDuMfaXTPp5KXh-&utm_source=tactile&gei=2aL4ac6tCqOw4-EPuq3c0Ac&ei=2aL4ac6tCqOw4-EPuq3c0Ac&fo_s=OA&opi=79508299&orderType=1&ebb=1&cs=0&foub=mcpp","Pesan online","","","","",""
"https://www.google.com/maps/place/Pizza+Hut+Restoran/data=!4m7!3m6!1s0x2e69c374fbd32261:0x1907a2f1939010d8!8m2!3d-6.4797818!4d106.7316188!16s%2Fg%2F11mvmw0t6m!19sChIJYSLT-3TDaS4R2BCQk_GiBxk?authuser=0&hl=id&rclk=1","Pizza Hut Restoran","4,8","(1.990)","Pizza","·","","Jl. Raya Parung No.5, RT.02/RW.05","Franchise piza dengan beragam pilihan","Buka","· Tutup pukul 22.00","https://lh3.googleusercontent.com/gps-cs-s/APNQkAHhPhp3g6Thbffl0iRDMqfA_v_Pu9YPgTDAdA1MoRoQmQeHJ9zWV4r6U7vH8dayxNDeMxYBVhNnxMP4OxE7V3xupbaDZb2hp_Bz5MGP81uJh1-Ck7YiMthKVZxCFCxhLyFhI-IPZg=w80-h106-k-no","https://ssl.gstatic.com/local/servicebusiness/default_user.png","""","https://www.google.com/searchviewer/42?cvd=CLw_EicKJeICIjIgEhkiF9LX29IPEQoNL2cvMTFtdm13MHQ2bRgAOgMI8A0%3D&hl=id-ID&gl=id&fo_m=MfohQo559jFvMUOzJVpjPL1YMfZ3bInYwBDuMfaXTPp5KXh-&utm_source=tactile&gei=2aL4ac6tCqOw4-EPuq3c0Ac&ei=2aL4ac6tCqOw4-EPuq3c0Ac&fo_s=OA&opi=79508299&ebb=1&cs=0&foub=mcpp","Pesan online","","·","$$","Pizza","yang enak, toiletnya bersih dan tempatnya nyaman"""
"https://www.google.com/maps/place/Woodfire+Bogor/data=!4m7!3m6!1s0x2e69c5ae0d5127e1:0x7e203c80069d2efb!8m2!3d-6.5703905!4d106.8144996!16s%2Fg%2F11h01gxykd!19sChIJ4SdRDa7FaS4R-y6dBoA8IH4?authuser=0&hl=id&rclk=1","Woodfire Bogor","4,7","(975)","Hamburger","·","","Jl. Achmad Adnawijaya No.48, RT.02/RW.01","","Segera tutup","· 21.00 · Buka Sel pukul 11.00","https://lh3.googleusercontent.com/gps-cs-s/APNQkAEIxcUT7l97951SdYrnsjLrm8zO6au8iRgsAu5xkGcr6KplFKF1knW1pPp4X6tswXKohVTX_qJUsz-ty89gUrRK8aX--EwIqiW_UwOrurIbxBITOQXug7uPbeqYIOBV-k44_an43g=w163-h92-k-no","https://ssl.gstatic.com/local/servicebusiness/default_user.png","""Juarraaa enak banget tks woodfire""","https://www.google.com/searchviewer/42?cvd=CLw_EicKJeICIjIgEhkiF9LX29IPEQoNL2cvMTFoMDFneHlrZBgBOgMI8A0%3D&hl=id-ID&gl=id&fo_m=MfohQo559jFvMUOzJVpjPL1YMfZ3bInYwBDuMfaXTPp5KXh-&utm_source=tactile&gei=2aL4ac6tCqOw4-EPuq3c0Ac&ei=2aL4ac6tCqOw4-EPuq3c0Ac&fo_s=OA&opi=79508299&orderType=1&ebb=1&cs=0&foub=mcpp","Pesan online","","·","Rp 50–75 rb","",""
"https://www.google.com/maps/place/Domino%27s+Pizza/data=!4m7!3m6!1s0x2e69c557ca2cf321:0xe8c585c42db15bdc!8m2!3d-6.6133014!4d106.8031772!16s%2Fg%2F11dftt9yfz!19sChIJIfMsylfFaS4R3FuxLcSFxeg?authuser=0&hl=id&rclk=1","Domino's Pizza","4,4","(577)","Pizza","·","","Jl. Pahlawan, RT.04/RW.07","Resto pizza delivery yang berdiri lama","Buka","· Tutup pukul 00.00","https://lh3.googleusercontent.com/gps-cs-s/APNQkAHMRz6uwBd5VffX1xQU9HezXH4BTPx8N7baMOJhK-DHYQePZunyuILqAVKYqeeMSEwhWR26-sMdKup0XMSV40PZEcL6OeYie0DddkDc9-vE5E6PVddmcPm4r9RCQQ-7FhNAZcOM=w163-h92-k-no","https://ssl.gstatic.com/local/servicebusiness/default_user.png","""Udah langganan, pizzanya enak dan servicenya ok banget.""","https://www.google.com/searchviewer/42?cvd=CLw_EicKJeICIjIgEhkiF9LX29IPEQoNL2cvMTFkZnR0OXlmehgAOgMI8A0%3D&hl=id-ID&gl=id&fo_m=MfohQo559jFvMUOzJVpjPL1YMfZ3bInYwBDuMfaXTPp5KXh-&utm_source=tactile&gei=2aL4ac6tCqOw4-EPuq3c0Ac&ei=2aL4ac6tCqOw4-EPuq3c0Ac&fo_s=OA&opi=79508299&ebb=1&cs=0&foub=mcpp","Pesan online","","·","$$","",""
"https://www.google.com/maps/place/Domino%27s+Pizza+Tajur/data=!4m7!3m6!1s0x2e69c60094d1b82d:0xd1c8e284bea6b977!8m2!3d-6.6238913!4d106.8192261!16s%2Fg%2F11c5_8rg0m!19sChIJLbjRlADGaS4Rd7mmvoTiyNE?authuser=0&hl=id&rclk=1","Domino's Pizza Tajur","4,4","(1.978)","Pizza","·","","Jl. Raya Tajur No 18 C dan D, RT.05/RW.04","Resto pizza delivery yang berdiri lama","Buka","· Tutup pukul 00.00","https://lh3.googleusercontent.com/gps-cs-s/APNQkAFTtwLf-42AQaGGrF-12U-paDnRx2hyUGSW2Ze1MnYBSIMlvTMxbR5G7SGrDhIXuSs9WNTDujRPJtibiwreAwKSDIdxuWKcINUK8uJBKlgRGxlBlmDtYQ81kaXI8ONC1NkHHQkutw=w93-h92-k-no","https://ssl.gstatic.com/local/servicebusiness/default_user.png","""Tempatnya bersih dan nyaman","https://www.google.com/searchviewer/42?cvd=CLw_EicKJeICIjIgEhkiF9LX29IPEQoNL2cvMTFjNV84cmcwbRgAOgMI8A0%3D&hl=id-ID&gl=id&fo_m=MfohQo559jFvMUOzJVpjPL1YMfZ3bInYwBDuMfaXTPp5KXh-&utm_source=tactile&gei=2aL4ac6tCqOw4-EPuq3c0Ac&ei=2aL4ac6tCqOw4-EPuq3c0Ac&fo_s=OA&opi=79508299&ebb=1&cs=0&foub=mcpp","Pesan online","","·","$$","pizza","enakk pelayanannya baik dan ramah"""
"https://www.google.com/maps/place/Prego+Pizza+%26+Pasta+BTM/data=!4m7!3m6!1s0x2e69c5d93cf31f59:0xd4c885de26a9f06e!8m2!3d-6.6045359!4d106.7962641!16s%2Fg%2F11gx_fxfcn!19sChIJWR_zPNnFaS4RbvCpJt6FyNQ?authuser=0&hl=id&rclk=1","Prego Pizza & Pasta BTM","4,6","(5)","Pizza","·","","Mall BTM Bogor, Go Food Festival, Jl. Ir. H. Juanda No.12 LT. 1 Blok, RT.01/RW.13","","Segera tutup","· 21.00 · Buka Sel pukul 09.00","https://lh3.googleusercontent.com/gps-cs-s/APNQkAFLuH6GolbJDN9JWihy5iCUE1vmlvk3gpvPtW_VLAVCH_rd3I_R7MAnJyhU9XpAqDa1fjLIpMvJUDGWIam9xtYDeGkQw9pLlf0JVvDZY1e2YJqOVPw8UNZ_bjOZ4JPDEoqURr_8=w80-h106-k-no","https://ssl.gstatic.com/local/servicebusiness/default_user.png","""Pelayanan bagus makanan nya juga dan minuman nya juga pokok mantap poll""","","","","","","",""
"https://www.google.com/maps/place/D%27pizza+kayumanis/data=!4m7!3m6!1s0x2e69c3003c175a9f:0xd27533755ebe693b!8m2!3d-6.5363058!4d106.7716605!16s%2Fg%2F11xnr5wqk1!19sChIJn1oXPADDaS4RO2m-XnUzddI?authuser=0&hl=id&rclk=1","D'pizza kayumanis","5,0","(1)","Dapur Umum","·","","RT.FQ7C+FJ7RT.01/RW.02","","","","https://lh3.googleusercontent.com/gps-cs-s/APNQkAHdCak9edCDDbs1p-F3VWjUHjFBrnxGVZayZTZlJdk7JQ62SlDwYbrLeB5CnP1xzt9S11QcKWKPdw56FnGWlGqc5wRe6iLf4pbKszlp4DsVFUy1clmbAafIqhND5nWh5jnm9hg4Y7JZrJbC=w80-h110-k-no","","","","","","","","",""
"https://www.google.com/maps/place/Pide+Turkish+Pizza+Bogor/data=!4m7!3m6!1s0x2e69c9892b86b1f5:0x20ec17f2cda9a874!8m2!3d-6.628005!4d106.8090975!16s%2Fg%2F11trzmpfy2!19sChIJ9bGGK4nJaS4RdKipzfIX7CA?authuser=0&hl=id&rclk=1","Pide Turkish Pizza Bogor","5,0","(2)","Pizza","·","","Taman Surya Megah, Jl. Sumintadireja Blok A No.1, RT.01/RW.01","","Buka","· Tutup pukul 22.00","https://lh3.googleusercontent.com/gps-cs-s/APNQkAGTNGW6Jgytl0GT4B0aT4hxjHv5irBJb6MF2nrCXNf9iZYIOYijPyGc5O9u6QNAKzR3zovfj5xUSydU_ja4bOiNeYhVwb3bIEpuS79nNGR7IvoG2bWBc1TiCi9WUCPhNIJ5KJM=w89-h92-k-no","","Makan di tempat","","","","","","Drive-through","Antar tanpa bertemu"