"hfpxzc href","qBF1Pd","MW4etd","UY7F9","AJB7ye","AJB7ye 2","W4Efsd","W4Efsd 2","W4Efsd 3","W4Efsd 4","W4Efsd 5","FQ2IWe src","Jn12ke src","ah5Ghc","ah5Ghc 2","ah5Ghc 3","A1zNzb href","J8zHNe","bbPy1","doJOZc","W4Efsd 6"
"","","","","","","","","","","","","","","","","","","","",""
"","","","","","","","","","","","","","","","","","","","",""
"https://www.google.com/maps/place/RM+Payakumbuah,+Pajajaran+Bogor/data=!4m7!3m6!1s0x2e69c589a543bc2b:0xf1d8f395b839a739!8m2!3d-6.5758834!4d106.8078966!16s%2Fg%2F11txd_vftv!19sChIJK7xDpYnFaS4ROac5uJXz2PE?authuser=0&hl=id&rclk=1","RM Payakumbuah, Pajajaran Bogor","4,8","(3.478)","·","Rp 50–75 rb","Padang","·","Jl. Raya Pajajaran, RT.03/RW.03","Buka","· Tutup pukul 22.00","https://lh3.googleusercontent.com/gps-cs-s/APNQkAFyzE1s3xjiffpDZGKnpsi2jUbKFoTHE1do2sxmtZFcrms6maMRXRPdlU-N4V4gvWRKGu-m4J7HLhlyGikmlg_WuGqrYwnQXeLwVsINzvNg6qYsxvxqc2CMZ6eZJOprQnNRlTwsTgpKBwNt=w122-h92-k-no","https://ssl.gstatic.com/local/servicebusiness/default_user.png","""","Rumah makan padang","dengan menu terlengkap dan enak di lidah...""","https://www.google.com/searchviewer/42?cvd=CLw_EicKJeICIjIgEhkiF9LX29IPEQoNL2cvMTF0eGRfdmZ0dhgBOgMI8A0%3D&hl=id-ID&gl=id&fo_m=MfohQo559jFvMUOzJVpjPL1YMfZ3bInYwBDuMfaXTPp5KXh-&utm_source=tactile&gei=9aP4aa7VM9iuwcsP6_3J8AM&ei=9aP4aa7VM9iuwcsP6_3J8AM&fo_s=OA&opi=79508299&orderType=1&ebb=1&cs=0&foub=mcpp","Pesan online","","",""
"https://www.google.com/maps/place/RM.+Padang+Amirah+Jaya+%28Cabang+Pusat%29/data=!4m7!3m6!1s0x2e69c5d0b29e8e41:0x3e4c1bfd6768361c!8m2!3d-6.569238!4d106.7420927!16s%2Fg%2F11vc866_q_!19sChIJQY6estDFaS4RHDZoZ_0bTD4?authuser=0&hl=id&rclk=1","RM. Padang Amirah Jaya (Cabang Pusat)","4,8","(68)","·","Rp 25–50 rb","Padang","·","Pakuan Regency, Aussie Mulia Group Blok B2. 2A, Jl. Raya Pakuan Regency Jl. Raya Dramaga No.KM 7, RT.01/RW.07","Segera tutup","· 21.00 · Buka Sel pukul 09.00","https://lh3.googleusercontent.com/gps-cs-s/APNQkAFww_QinGVvV5mCOjWl8tefZ_rneoKLDRlN_hwy8BZiO-Us5L-19Y3twcIAfbkNlcfzckO8RqMMsgK-j1Ai6O5aJTNsdPEVzTkD1XXzI2MdRSJ9GHNTwhoJHdu3ALIdObaAl_Gw=w80-h106-k-no","https://ssl.gstatic.com/local/servicebusiness/default_user.png","""Enak bgt","padang","asli, terutama sambel ijonya ada terinya""","https://www.google.com/searchviewer/42?cvd=CLw_EicKJeICIjIgEhkiF9LX29IPEQoNL2cvMTF2Yzg2Nl9xXxgBOgMI8A0%3D&hl=id-ID&gl=id&fo_m=MfohQo559jFvMUOzJVpjPL1YMfZ3bInYwBDuMfaXTPp5KXh-&utm_source=tactile&gei=9aP4aa7VM9iuwcsP6_3J8AM&ei=9aP4aa7VM9iuwcsP6_3J8AM&fo_s=OA&opi=79508299&orderType=1&ebb=1&cs=0&foub=mcpp","Pesan online","","",""
"https://www.google.com/maps/place/RM+Padang+Trio/data=!4m7!3m6!1s0x2e69c540db2310e7:0x720f98b08644f0cc!8m2!3d-6.5807414!4d106.7678099!16s%2Fg%2F11g0zrkg2f!19sChIJ5xAj20DFaS4RzPBEhrCYD3I?authuser=0&hl=id&rclk=1","RM Padang Trio","4,5","(170)","·","Rp 25–50 rb","Padang","·","·","Buka","· Tutup pukul 22.45","https://lh3.googleusercontent.com/gps-cs-s/APNQkAGlGYL0tpXyD4gFn5HkGMHgtGjFCiCvGn1-AXjDOoNweBkCpU_elpPo-ryvqq-6tLel-GIyxywUnbDDhKx-DxFTMSEzmfX3v97eb9dBRQGKP-sXE4pM9vJWXCTDWC3TOEjkNtPZzg=w153-h92-k-no","https://ssl.gstatic.com/local/servicebusiness/default_user.png","""Tersedia masakan","padang",", tempat bersih dan pelayanan yg baik""","","","","","Jl. Raya Dramaga - Bogor, RT.03/RW.03"
"https://www.google.com/maps/place/Restoran+Saiyo+Masakan+Padang/data=!4m7!3m6!1s0x2e69c41d251a4607:0x86fb50e9ea01bfa5!8m2!3d-6.5564074!4d106.8154965!16s%2Fg%2F1hm3qfp16!19sChIJB0YaJR3EaS4Rpb8B6ulQ-4Y?authuser=0&hl=id&rclk=1","Restoran Saiyo Masakan Padang","4,6","(2.315)","·","Rp 25–50 rb","Padang","·","Jl. Raya Jakarta-Bogor, RT.01/RW.03","Buka 24 jam","","https://lh3.googleusercontent.com/gps-cs-s/APNQkAFSBBAPZqA_ogGiLc1GiUoC--SLc4WI6x4BaSiLBD9CvQMFDiyoOZSolb5OWLDM5R-tTokWje2ZWHvsgXJOGMG8g-zRZXXM5ONZ5oEee6Q1IijboI8bylkcXZ3ureBDnzBfLH212w=w163-h92-k-no","https://ssl.gstatic.com/local/servicebusiness/default_user.png","""Tempatnya bersih, rendang, ayam gulai, telur dadar, cincang.""","","","","","","",""
"https://www.google.com/maps/place/Restoran+Trio+Masakan+Padang/data=!4m7!3m6!1s0x2e69c4fbd2b00a39:0xd373d7e2ab8ea7e6!8m2!3d-6.5803457!4d106.7637208!16s%2Fg%2F1hm1zf1s6!19sChIJOQqw0vvEaS4R5qeOq-LXc9M?authuser=0&hl=id&rclk=1","Restoran Trio Masakan Padang","4,5","(627)","·","Rp 25–50 rb","Padang","·","·","Buka","· Tutup pukul 23.00","https://lh4.googleusercontent.com/0WZE0phSX5uIdkxAWaCs98Ctk53BFDTOCEAHWdHvgHtIe2OSeFg9qFTvQbvH5pmM=w163-h92-k-no","https://ssl.gstatic.com/local/servicebusiness/default_user.png","""Tempat bersih, makanan standar","padang","saja, tapi pelayanannya top""","https://www.google.com/searchviewer/42?cvd=CLw_EiYKJOICITIfEhgiFtLX29IPEAoML2cvMWhtMXpmMXM2GAE6AwjwDQ%3D%3D&hl=id-ID&gl=id&fo_m=MfohQo559jFvMUOzJVpjPL1YMfZ3bInYwBDuMfaXTPp5KXh-&utm_source=tactile&gei=9aP4aa7VM9iuwcsP6_3J8AM&ei=9aP4aa7VM9iuwcsP6_3J8AM&fo_s=OA&opi=79508299&orderType=1&ebb=1&cs=0&foub=mcpp","Pesan online","","","Jl. Letjen Ibrahim Adjie No.65, RT.02/RW.05"
"https://www.google.com/maps/place/Pagi+Sore+Bogor/data=!4m7!3m6!1s0x2e69c5367cbef5c5:0x52cf8967c8a8fd38!8m2!3d-6.5803905!4d106.8062407!16s%2Fg%2F11v078rtx5!19sChIJxfW-fDbFaS4ROP2oyGeJz1I?authuser=0&hl=id&rclk=1","Pagi Sore Bogor","4,7","(1.923)","·","$$","Restoran","·","·","Buka","· Tutup pukul 22.00","https://lh3.googleusercontent.com/gps-cs-s/APNQkAFHDoaW-azLzPRB8lezY3hj4HLxLviA7nSTB6ln42ZPScH4-6ciVdc4w_FL1zmGY3hBFR6Xyphi5LZQMIA_i2x-FZzNQ_jSiiijQlZ1o2a6-lw-YclnEPwxNRSlAKkU7HpzHKujrasqY1TL=w163-h92-k-no","https://ssl.gstatic.com/local/servicebusiness/default_user.png","""Wow,","rumah makan padang","dengan konsep yg mewah dan harga yg wah.""","https://www.google.com/searchviewer/42?cvd=CLw_EicKJeICIjIgEhkiF9LX29IPEQoNL2cvMTF2MDc4cnR4NRgAOgMI8A0%3D&hl=id-ID&gl=id&fo_m=MfohQo559jFvMUOzJVpjPL1YMfZ3bInYwBDuMfaXTPp5KXh-&utm_source=tactile&gei=9aP4aa7VM9iuwcsP6_3J8AM&ei=9aP4aa7VM9iuwcsP6_3J8AM&fo_s=OA&opi=79508299&ebb=1&cs=0&foub=mcpp","Pesan online","","","Jl. Raya Pajajaran No.99, RT.05/RW.10"
"https://www.google.com/maps/place/LAPAK+BUNDO+-+RESTO+PADANG/data=!4m7!3m6!1s0x2e69c7704beeb319:0x9c3a04b060b4dfd4!8m2!3d-6.6204446!4d106.8315863!16s%2Fg%2F11v9vnnft4!19sChIJGbPuS3DHaS4R1N-0YLAEOpw?authuser=0&hl=id&rclk=1","LAPAK BUNDO - RESTO PADANG","4,8","(724)","·","Rp 25–50 rb","Rumah Makan","·","Jln .R3 Summarecon, Jl. Parung Banteng No.6, RT.03/RW.02","Tutup","· Buka Sel pukul 10.00","https://lh3.googleusercontent.com/gps-cs-s/APNQkAFyDfltNxuf4ig07ZzB9Brd5rgr8e230nizLIWevHwQGHpuzpBPDb23dT4cvqb3Br-OYS769UP_JN0uFUKEnCT1pCt5a_YZfv1iyBFtOfeCm6-f8bcyZtDnkLBmdJg3G6Zqy-AaxHx_BmWZ=w80-h106-k-no","https://ssl.gstatic.com/local/servicebusiness/default_user.png","""Bisa dibilang masakan","padang","premium dengan harga terjangkau.""","","","","",""
"https://www.google.com/maps/place/RM.+UNI+PIAMAN+LAWEH/data=!4m7!3m6!1s0x2e69c421608fd4df:0xe1d9bb20d3d6247e!8m2!3d-6.5704582!4d106.814713!16s%2Fg%2F11bc7r2cgz!19sChIJ39SPYCHEaS4RfiTW0yC72eE?authuser=0&hl=id&rclk=1","RM. UNI PIAMAN LAWEH","4,5","(426)","·","Rp 25–50 rb","Padang","·","Jl. Achmad Adnawijaya No.26, RT.07/RW.15","Buka","· Tutup pukul 22.00","https://lh3.googleusercontent.com/gps-cs-s/APNQkAFE7o7KE9ysdE0COk4ZLUdgwfZwbzhDiFPicGPeEDtHudyDbURW3cEtEHpvqNzmD7MO7zVgkQWLDxGru1gsb6QQ8WwbdgehynaRc_4KRtcr2jmmUyXg1wN_uC9T6iiDHKyPTsvK=w106-h92-k-no","https://ssl.gstatic.com/local/servicebusiness/default_user.png","""Nasi rendang+telor atau nasi tunjang dan udang kesukaan saya""","","","https://www.google.com/searchviewer/42?cvd=CLw_EicKJeICIjIgEhkiF9LX29IPEQoNL2cvMTFiYzdyMmNnehgBOgMI8A0%3D&hl=id-ID&gl=id&fo_m=MfohQo559jFvMUOzJVpjPL1YMfZ3bInYwBDuMfaXTPp5KXh-&utm_source=tactile&gei=9aP4aa7VM9iuwcsP6_3J8AM&ei=9aP4aa7VM9iuwcsP6_3J8AM&fo_s=OA&opi=79508299&orderType=1&ebb=1&cs=0&foub=mcpp","Pesan online","","",""
"https://www.google.com/maps/place/RM.+Aspina+Masakan+Padang/data=!4m7!3m6!1s0x2e69c416413e2be7:0x902dc46502bd3874!8m2!3d-6.5648834!4d106.8020719!16s%2Fg%2F11c58pvkrm!19sChIJ5ys-QRbEaS4RdDi9AmXELZA?authuser=0&hl=id&rclk=1","RM. Aspina Masakan Padang","4,7","(329)","·","Rp 1–25.000","Padang","·","·","Buka","· Tutup pukul 22.00","https://lh3.googleusercontent.com/-XDFb8ppwDlVR4YdqOnM2NhIQZzU7FFoPyEab3HqFPp_rhsmru-OkD9MIzpvV4w=w163-h92-k-no","https://ssl.gstatic.com/local/servicebusiness/default_user.png","""Lumayan taste padangnya terasa.good""","","","https://www.google.com/searchviewer/42?cvd=CLw_EicKJeICIjIgEhkiF9LX29IPEQoNL2cvMTFjNThwdmtybRgBOgMI8A0%3D&hl=id-ID&gl=id&fo_m=MfohQo559jFvMUOzJVpjPL1YMfZ3bInYwBDuMfaXTPp5KXh-&utm_source=tactile&gei=9aP4aa7VM9iuwcsP6_3J8AM&ei=9aP4aa7VM9iuwcsP6_3J8AM&fo_s=OA&opi=79508299&orderType=1&ebb=1&cs=0&foub=mcpp","Pesan online","","","Jl. Kb. Pedes, RT.03/RW.08"
"https://www.google.com/maps/place/Restoran+Trio+Masakan+Padang+Pajajaran+%28Samping+Azra%29/data=!4m7!3m6!1s0x2e69c42fca0602bf:0x8552286767f6b207!8m2!3d-6.578815!4d106.8073129!16s%2Fg%2F1pzppjb4m!19sChIJvwIGyi_EaS4RB7L2Z2coUoU?authuser=0&hl=id&rclk=1","Restoran Trio Masakan Padang Pajajaran (Samping Azra)","4,6","(1.647)","·","Rp 25–50 rb","Padang","·","Jl. Raya Pajajaran No.221, RT.02/RW.11","Buka","· Tutup pukul 22.00","https://lh3.googleusercontent.com/gps-cs-s/APNQkAGhkkyGh7DeHyD-x2UbLYaKSvkMr8wKO-edrrVuDLodLu__7MVy_5Q3DsW8THGjF-J_dIz00MPCJLmVpJ7Q3kC_Kj8nFrrluAot9ByJRcoxIfld3B_sL7y4EblRL6QuF_s9CZJUtA=w122-h92-k-no","https://ssl.gstatic.com/local/servicebusiness/default_user.png","""Makanan enak terutama Rendang & gulai Ayam nya juara.""","","","https://www.google.com/searchviewer/42?cvd=CLw_EiYKJOICITIfEhgiFtLX29IPEAoML2cvMXB6cHBqYjRtGAA6AwjwDQ%3D%3D&hl=id-ID&gl=id&fo_m=MfohQo559jFvMUOzJVpjPL1YMfZ3bInYwBDuMfaXTPp5KXh-&utm_source=tactile&gei=9aP4aa7VM9iuwcsP6_3J8AM&ei=9aP4aa7VM9iuwcsP6_3J8AM&fo_s=OA&opi=79508299&ebb=1&cs=0&foub=mcpp","Pesan online","","",""
"https://www.google.com/maps/place/Simpang+Raya+Bogor+Restaurant/data=!4m7!3m6!1s0x2e69c5fd453eb6f7:0xfa189427019de046!8m2!3d-6.602693!4d106.8056106!16s%2Fg%2F1ptx919gn!19sChIJ97Y-Rf3FaS4RRuCdASeUGPo?authuser=0&hl=id&rclk=1","Simpang Raya Bogor Restaurant","4,3","(924)","·","Rp 50–75 rb","Padang","·","Jl. Raya Pajajaran No.7, RT.04/RW.02","Buka","· Tutup pukul 00.00","https://lh3.googleusercontent.com/gps-cs-s/APNQkAEfmxXRe4Zy7E63ab1r6GjL3n4BpPlbwKUImGeZBGgEik0Xpm_Ntgl7zrue3vkHj6WjixaDUVmB6m0AZNn4fs3PTCs8alFR1DyTjGUI7wFy6rl1IlhsNMoTIsdAtMWoLk5GRNqo=w131-h92-k-no","https://ssl.gstatic.com/local/servicebusiness/default_user.png","""Diajak sama atasan yang orang","padang",", dia bilang rendang di sini enak.""","","","","","Resto nyaman untuk makanan Indonesia"
"https://www.google.com/maps/place/RM.+Lembah+Anai+%28Laladon%29+-+Rumah+Makan+Padang/data=!4m7!3m6!1s0x2e69c4ef2339b931:0xb6e29362bec9c42d!8m2!3d-6.576026!4d106.7552742!16s%2Fg%2F11c30t16dk!19sChIJMbk5I-_EaS4RLcTJvmKT4rY?authuser=0&hl=id&rclk=1","RM. Lembah Anai (Laladon) - Rumah Makan Padang","4,4","(110)","·","Rp 25–50 rb","Padang","·","Jalan Sindang Barang sambing jembatan, RT.02/RW.1","Buka 24 jam","","https://lh3.googleusercontent.com/gps-cs-s/APNQkAH-F2-Dvz4wslVw4sc3A-PNeFnQF9zUMSpOESoo0C9F0wh797glaCxL1fkhZOo3ywil-4nE1d6gfj_fVr1TRb56bWVcmUgfZObW2PhXgn3WuWDtxKHLdc1KAuRgKbcGZpPGKKaS=w122-h92-k-no","https://ssl.gstatic.com/local/servicebusiness/default_user.png","""Take out, Enak dan banyak pilihan menu""","","","https://www.google.com/searchviewer/42?cvd=CLw_EicKJeICIjIgEhkiF9LX29IPEQoNL2cvMTFjMzB0MTZkaxgBOgMI8A0%3D&hl=id-ID&gl=id&fo_m=MfohQo559jFvMUOzJVpjPL1YMfZ3bInYwBDuMfaXTPp5KXh-&utm_source=tactile&gei=9aP4aa7VM9iuwcsP6_3J8AM&ei=9aP4aa7VM9iuwcsP6_3J8AM&fo_s=OA&opi=79508299&orderType=1&ebb=1&cs=0&foub=mcpp","Pesan online","","",""
"https://www.google.com/maps/place/Warung+nasi+padang+uni+emi/data=!4m7!3m6!1s0x2e69c5c0c8feb80b:0x37b94b03898c2a40!8m2!3d-6.5876215!4d106.7966555!16s%2Fg%2F11yrw4xhgj!19sChIJC7j-yMDFaS4RQCqMiQNLuTc?authuser=0&hl=id&rclk=1","Warung nasi padang uni emi","4,2","(30)","·","Rp 25–50 rb","Restoran","·","Disamping bank bni, Jl. Jend. Sudirman No.26, RT.02/RW.04","Buka","· Tutup pukul 22.00","https://lh3.googleusercontent.com/gps-cs-s/APNQkAEKEYRK8qKyx_eocAwxWK74qpkf4uGJrxvmUnj9KXIazqUwvB7tCzPXhyuIIQgDytcFsNKGQiGpOSbyUrbNtqp0GqhKFFFVWe73E9qilUh7LF5wNQzKnQrPjXwcrHZKC3roZKCRfn94VJw=w80-h141-k-no","https://ssl.gstatic.com/local/servicebusiness/default_user.png","""Bumbu nasi padangnya enak, rendang dan ayam popnya juga enak.""","","","","","","",""
"https://www.google.com/maps/place/Restoran+Rumah+Gadang/data=!4m7!3m6!1s0x2e69c4239d152bfb:0xde7bf31aeca628cd!8m2!3d-6.6107919!4d106.811578!16s%2Fg%2F1hm21sh8l!19sChIJ-ysVnSPEaS4RzSim7Brze94?authuser=0&hl=id&rclk=1","Restoran Rumah Gadang","4,4","(226)","·","Rp 25–50 rb","Padang","·","·","Segera tutup","· 21.00 · Buka Sel pukul 09.00","https://lh3.googleusercontent.com/gps-cs-s/APNQkAGOULPD7PoS2ZWcj2i-M9UP8sV-S8EbDQOIvGswDlX1WTSxzJNdPfVSq8ktTPXX4srt1zMpCDN6prBRBAxjcRRdJPzwtT-Ok3jHU9wu6BJXzdSeynGbW6jC_WJGiWRVXL0Oc3qp=w122-h92-k-no","https://ssl.gstatic.com/local/servicebusiness/default_user.png","""Enak rendangnya pas bnget""","","","https://www.google.com/searchviewer/42?cvd=CLw_EiYKJOICITIfEhgiFtLX29IPEAoML2cvMWhtMjFzaDhsGAE6AwjwDQ%3D%3D&hl=id-ID&gl=id&fo_m=MfohQo559jFvMUOzJVpjPL1YMfZ3bInYwBDuMfaXTPp5KXh-&utm_source=tactile&gei=9aP4aa7VM9iuwcsP6_3J8AM&ei=9aP4aa7VM9iuwcsP6_3J8AM&fo_s=OA&opi=79508299&orderType=1&ebb=1&cs=0&foub=mcpp","Pesan online","","","Jl. Raya Pajajaran No.50, RT.02/RW.04"
"https://www.google.com/maps/place/Minang+Raya/data=!4m7!3m6!1s0x2e69c601e9fc33bf:0x39cec197ea476b4a!8m2!3d-6.6389301!4d106.8332621!16s%2Fg%2F1hm4zdc1z!19sChIJvzP86QHGaS4RSmtH6pfBzjk?authuser=0&hl=id&rclk=1","Minang Raya","4,5","(1.073)","·","Rp 25–50 rb","Padang","·","·","Buka","· Tutup pukul 00.00","https://lh3.googleusercontent.com/XfHrYDaVE0Yt8QKerfK24vn_g8zPw24WTo7lVOTPYOWm-PQNfMJ8W-0l6zpO-P2Mew=w122-h92-k-no","https://ssl.gstatic.com/local/servicebusiness/default_user.png","""Nasi padangnya dibungkus enak banget, kurang banyak aja kuahnya""","","","https://www.google.com/searchviewer/42?cvd=CLw_EiYKJOICITIfEhgiFtLX29IPEAoML2cvMWhtNHpkYzF6GAE6AwjwDQ%3D%3D&hl=id-ID&gl=id&fo_m=MfohQo559jFvMUOzJVpjPL1YMfZ3bInYwBDuMfaXTPp5KXh-&utm_source=tactile&gei=9aP4aa7VM9iuwcsP6_3J8AM&ei=9aP4aa7VM9iuwcsP6_3J8AM&fo_s=OA&opi=79508299&orderType=1&ebb=1&cs=0&foub=mcpp","Pesan online","","","Jl. Raya Tajur No.217, RT.04/RW.04"
"https://www.google.com/maps/place/RM+Padang+Pagi+Sore/data=!4m7!3m6!1s0x2e69c408768ad841:0x2147ca0840752872!8m2!3d-6.5475228!4d106.8059687!16s%2Fg%2F11d_vvrtzq!19sChIJQdiKdgjEaS4Rcih1QAjKRyE?authuser=0&hl=id&rclk=1","RM Padang Pagi Sore","4,6","(172)","","","Padang","·","Jl. Raya Pemda Pangkalan II No.7, RT.03/RW.02","Segera tutup","· 21.00 · Buka Sel pukul 10.00","https://lh3.googleusercontent.com/gps-cs-s/APNQkAGaNLk0DhfZTXnteBGDrVB6XShOWQw3vJ1dqpNmxr_JfjqtEVIbkj_IOg-frB844KC1-uZdax7jMGNtu5PDT4mwC6fuXxhsPHZiZqCY-4thjmT4zDa8TsxpAA8xXRasezd8_Pwp=w122-h92-k-no","https://ssl.gstatic.com/local/servicebusiness/default_user.png","""Tepat nyaan makanan enak dan murah 👍👍👍""","","","https://www.google.com/searchviewer/42?cvd=CLw_EicKJeICIjIgEhkiF9LX29IPEQoNL2cvMTFkX3Z2cnR6cRgBOgMI8A0%3D&hl=id-ID&gl=id&fo_m=MfohQo559jFvMUOzJVpjPL1YMfZ3bInYwBDuMfaXTPp5KXh-&utm_source=tactile&gei=9aP4aa7VM9iuwcsP6_3J8AM&ei=9aP4aa7VM9iuwcsP6_3J8AM&fo_s=OA&opi=79508299&orderType=1&ebb=1&cs=0&foub=mcpp","Pesan online","","",""
"https://www.google.com/maps/place/RM.+Lembah+Anai/data=!4m7!3m6!1s0x2e69c5eefafd1da1:0xe3c18f7cc3e8d934!8m2!3d-6.6145858!4d106.8025623!16s%2Fg%2F11bc7q0t8x!19sChIJoR39-u7FaS4RNNnow3yPweM?authuser=0&hl=id&rclk=1","RM. Lembah Anai","4,5","(688)","·","Rp 25–50 rb","Padang","·","·","Buka 24 jam","","https://lh5.googleusercontent.com/KuRyaWVepU745388nHVOekEuGNnHgKEkpqpc1-_KKgzI-HSAbTPT8wCblrf2geM=w163-h92-k-no","https://ssl.gstatic.com/local/servicebusiness/default_user.png","""Salah satu nasi","padang","enak di bogor, harga normal, pelayanan bagus 👍""","https://www.google.com/searchviewer/42?cvd=CLw_EicKJeICIjIgEhkiF9LX29IPEQoNL2cvMTFiYzdxMHQ4eBgBOgMI8A0%3D&hl=id-ID&gl=id&fo_m=MfohQo559jFvMUOzJVpjPL1YMfZ3bInYwBDuMfaXTPp5KXh-&utm_source=tactile&gei=9aP4aa7VM9iuwcsP6_3J8AM&ei=9aP4aa7VM9iuwcsP6_3J8AM&fo_s=OA&opi=79508299&orderType=1&ebb=1&cs=0&foub=mcpp","Pesan online","","","Jl. Dreded No.2, RT.01/RW.07"
"https://www.google.com/maps/place/Kuliner+Khas+Padang+Tigo+Tungku+Uni+Sherly+1982/data=!4m7!3m6!1s0x2e69c50afc367255:0xcc373f464e8821db!8m2!3d-6.5816923!4d106.8180701!16s%2Fg%2F11rsph__4v!19sChIJVXI2_ArFaS4R2yGITkY_N8w?authuser=0&hl=id&rclk=1","Kuliner Khas Padang Tigo Tungku Uni Sherly 1982","4,4","(877)","·","Rp 25–50 rb","Brunch","·","·","Tutup","· Buka Sel pukul 06.00","https://lh3.googleusercontent.com/gps-cs-s/APNQkAF9y_7B-GqO8J3AwpJKDD3TPLReDctIGzGNdA10lPz4aXUDpVVoVE1cz9kPZJJADmVo_jOrgZeLBV7taNuDI_pFAIK_SWyMdSW1UiHS1W3crdA1c64lj5nXMGUIA-C0B46Xzji0Sw=w122-h92-k-no","https://ssl.gstatic.com/local/servicebusiness/default_user.png","""Soto padangnya enak banget,really","padang","taste, den takana Jo kampuang""","https://www.google.com/searchviewer/42?cvd=CLw_EicKJeICIjIgEhkiF9LX29IPEQoNL2cvMTFyc3BoX180dhgBOgMI8A0%3D&hl=id-ID&gl=id&fo_m=MfohQo559jFvMUOzJVpjPL1YMfZ3bInYwBDuMfaXTPp5KXh-&utm_source=tactile&gei=9aP4aa7VM9iuwcsP6_3J8AM&ei=9aP4aa7VM9iuwcsP6_3J8AM&fo_s=OA&opi=79508299&orderType=1&ebb=1&cs=0&foub=mcpp","Pesan online","","","Jl. Pandu Raya No.43, RT.06/RW.11"
"https://www.google.com/maps/place/KOBANA+Sate%26Soto+Padang+Pariaman/data=!4m7!3m6!1s0x2e69c5014bd99783:0x6d19b46584a457c1!8m2!3d-6.5920342!4d106.7929881!16s%2Fg%2F11fs2nqbf2!19sChIJg5fZSwHFaS4RwVekhGW0GW0?authuser=0&hl=id&rclk=1","KOBANA Sate&Soto Padang Pariaman","4,6","(53)","·","Rp 1–25.000","Padang","·","RT.02/RW.01","Buka","· Tutup pukul 23.00","https://lh3.googleusercontent.com/gps-cs-s/APNQkAHQ5LslNrPIUVAVGQhI9PGmD3UCCpFmbMT0dcRNZMgqWmyAJ1wg8xa91BZESxRuVfnWGnRyuQ6asAt6XVMqk3kKdrk3eiwl1uH5KrnfoQTqnGzUSzkMO7cG71Mg53z9ETVaNGIm=w114-h92-k-no","https://ssl.gstatic.com/local/servicebusiness/default_user.png","""Soto padangnya juga enak, kuahnya seger.""","","","https://www.google.com/searchviewer/42?cvd=CLw_EicKJeICIjIgEhkiF9LX29IPEQoNL2cvMTFmczJucWJmMhgBOgMI8A0%3D&hl=id-ID&gl=id&fo_m=MfohQo559jFvMUOzJVpjPL1YMfZ3bInYwBDuMfaXTPp5KXh-&utm_source=tactile&gei=9aP4aa7VM9iuwcsP6_3J8AM&ei=9aP4aa7VM9iuwcsP6_3J8AM&fo_s=OA&opi=79508299&orderType=1&ebb=1&cs=0&foub=mcpp","Pesan online","","",""
"https://www.google.com/maps/place/Trio+Jumbo+Masakan+Padang/data=!4m7!3m6!1s0x2e69c55646ed5c81:0xd8e2b70eb9bb0bdc!8m2!3d-6.6032817!4d106.8058237!16s%2Fg%2F11fmbhngrv!19sChIJgVztRlbFaS4R3Au7uQ634tg?authuser=0&hl=id&rclk=1","Trio Jumbo Masakan Padang","4,1","(553)","·","Rp 25–50 rb","Padang","·","9RW4+M8W, Jl. Raya Pajajaran No.23, RT.04/RW.02","Buka","· Tutup pukul 22.00","https://lh3.googleusercontent.com/gps-cs-s/APNQkAHJ3tySC_4enHion7Um95JkdY2c-c8PbjH7meZ5h2_Xur6Tz4OL3zlkirxYY3PqIQMpErN6py805WBISLUVYQqa8ioU0GnVIgJhpcQUzMR1r20sE3xTWnhiMHoBqCJVF7t9OIlsiQ=w122-h92-k-no","https://ssl.gstatic.com/local/servicebusiness/default_user.png","""Enak makanannya, nasinya pulen rendangnya mantap, kakapnya besar""","","","","","","",""
"https://www.google.com/maps/place/RUMAH+MAKAN+TUAH+SAKATO+MASAKAN+PADANG+JL+KH+soleh+iskandar+Km2+bogor%28samping+yogya%29/data=!4m7!3m6!1s0x2e69c46c6c979d2f:0xb717af7cef40abff!8m2!3d-6.560955!4d106.7899651!16s%2Fg%2F11bc7spbpx!19sChIJL52XbGzEaS4R_6tA73yvF7c?authuser=0&hl=id&rclk=1","RUMAH MAKAN TUAH SAKATO MASAKAN PADANG JL KH soleh iskandar Km2 bogor(samping yogya)","4,3","(83)","·","Rp 25–50 rb","Rumah Makan","·","·","Segera tutup","· 21.00 · Buka Sel pukul 09.00","https://lh5.googleusercontent.com/PmZbaWbRMPhnb9HVAgFyzkWVRLfaIkbWrb-F_WKloltmuLL40fjqcn8dPzQEQicD=w163-h92-k-no","https://ssl.gstatic.com/local/servicebusiness/default_user.png","""Enak,","makan","ditempat nasinya langsung 2 centongan""","","","","","Jl. Sholeh Iskandar No.Km.2, RT.04/RW.09"
"https://www.google.com/maps/place/Nasi+Goreng+Padang+Amak+Paris/data=!4m7!3m6!1s0x2e69c5ebe29c5b5b:0x34142c1ae0a294e3!8m2!3d-6.5592791!4d106.7353749!16s%2Fg%2F11l07q1k2m!19sChIJW1uc4uvFaS4R45Si4BosFDQ?authuser=0&hl=id&rclk=1","Nasi Goreng Padang Amak Paris","4,8","(92)","·","Rp 1–25.000","Nasi Goreng","·","·","Buka","· Tutup pukul 00.00","https://lh3.googleusercontent.com/gps-cs-s/APNQkAEMXWJ1t1cCeBaHqSe3Vgh-ZPJJpvaMIjcmKzQBWzfUJBeO27K7NhnVhQtMNaIG8r7oTsKDxO9hFHUtROs243_SjvY-bgbu_PWteu0cR9wAEZcOsrwv5d4jbixfEKbwa530LlA=w80-h106-k-no","https://ssl.gstatic.com/local/servicebusiness/default_user.png","""nasgor","padang","paling authentic di dramaga""","https://www.google.com/searchviewer/42?cvd=CLw_EicKJeICIjIgEhkiF9LX29IPEQoNL2cvMTFsMDdxMWsybRgAOgMI8A0%3D&hl=id-ID&gl=id&fo_m=MfohQo559jFvMUOzJVpjPL1YMfZ3bInYwBDuMfaXTPp5KXh-&utm_source=tactile&gei=_qP4aZ_1G9m4seMP1tGa4A8&ei=_qP4aZ_1G9m4seMP1tGa4A8&fo_s=OA&opi=79508299&ebb=1&cs=0&foub=mcpp","Pesan online","","","Jl. Babakan Tengah No.4, RT.2/RW.08"
"https://www.google.com/maps/place/Rumah+Makan+Padang+Aspina/data=!4m7!3m6!1s0x2e69c3a6be395233:0x4b79537fe4331e7!8m2!3d-6.5199262!4d106.7753445!16s%2Fg%2F11bz_2csps!19sChIJM1I5vqbDaS4R5zFD_jeVtwQ?authuser=0&hl=id&rclk=1","Rumah Makan Padang Aspina","4,5","(90)","","","Padang","·","·","Segera tutup","· 21.00 · Buka Sel pukul 08.00","https://lh3.googleusercontent.com/gps-cs-s/APNQkAEmE7BvYtGD01-grSMVr7U9IiSuGFfy-Awl3mPxkewUcQ66dOaXkp4THrWtCUwBUaGxqhNgrlNt7JmsTx7sESPXwzkjyWPcCpVsUsXPbokf4Up6WO9JMjFKbQ7HiaDlKHCjC6zR=w80-h106-k-no","https://ssl.gstatic.com/local/servicebusiness/default_user.png","""Mantab menu nya,""","","","","","","","Jalan KH. Ahmad Sayani No.26 RT.003/RW.07, RT.06/RW.11"
"https://www.google.com/maps/place/RM.+Yasmin+Raya+2/data=!4m7!3m6!1s0x2e69c505a6c2c1af:0x96a714e7a6c515!8m2!3d-6.5857716!4d106.797092!16s%2Fg%2F11rd5yvqsb!19sChIJr8HCpgXFaS4RFcWm5xSnlgA?authuser=0&hl=id&rclk=1","RM. Yasmin Raya 2","4,7","(114)","·","Rp 25–50 rb","Padang","·","Jl. Jend. Sudirman No.24A, RT.07/RW.04","Buka","· Tutup pukul 23.00","https://lh3.googleusercontent.com/gps-cs-s/APNQkAHZo2oJHghRkpJeyNZ-1kMkZkKbo551Rger0LrivZ7jzHg_tukGYdKqYd0JrH5cQacbHneW0H3M8psXuDSnq-w0LJmdbXPk5n9Fz8Ru0mxWW-JopiWIg6ZeM9eoKQaAiACQVUALOQ=w92-h92-k-no","https://ssl.gstatic.com/local/servicebusiness/default_user.png","""Kapan lagi","makan","nasi","","","","",""
"https://www.google.com/maps/place/RM.Padang+Citra+Rasa+Minang/data=!4m7!3m6!1s0x2e69c465e7817d03:0x77fd57c248790f24!8m2!3d-6.5614684!4d106.7812088!16s%2Fg%2F11clvqdm0t!19sChIJA32B52XEaS4RJA95SMJX_Xc?authuser=0&hl=id&rclk=1","RM.Padang Citra Rasa Minang","4,6","(362)","·","Rp 25–50 rb","Padang","·","·","Buka","· Tutup pukul 00.00","https://lh3.googleusercontent.com/gps-cs-s/APNQkAHDbQ5SJnuskk0y_4PoZi1GXuwOAtFVLh269txzBBWY3GKpFiyiaTsmAeqf7jbtdF5f2dRGYK9hi553DrJSAXbJi836OsCC6PHEuFutNzueTmQ-z-znxis_YxRjXnJAJNdHx63b=w122-h92-k-no","https://ssl.gstatic.com/local/servicebusiness/default_user.png","""Makanannya enak","padang","banget.. mantap""","https://www.google.com/searchviewer/42?cvd=CLw_EicKJeICIjIgEhkiF9LX29IPEQoNL2cvMTFjbHZxZG0wdBgBOgMI8A0%3D&hl=id-ID&gl=id&fo_m=MfohQo559jFvMUOzJVpjPL1YMfZ3bInYwBDuMfaXTPp5KXh-&utm_source=tactile&gei=_qP4aZ_1G9m4seMP1tGa4A8&ei=_qP4aZ_1G9m4seMP1tGa4A8&fo_s=OA&opi=79508299&orderType=1&ebb=1&cs=0&foub=mcpp","Pesan online","","","ar-rayyan, Jl.cempaka blok y 3 1 taman Cimanggu, Pertigaan Gg. Mesjid No.Sebelah, RT.02/RW.08"
"https://www.google.com/maps/place/Restoran+Simpang+Raya+Ahmad+Yani+Bogor/data=!4m7!3m6!1s0x2e69c5a8d9499e31:0xa8c90c63f7adef9b!8m2!3d-6.5760147!4d106.8000598!16s%2Fg%2F11x81cns6p!19sChIJMZ5J2ajFaS4Rm--t92MMyag?authuser=0&hl=id&rclk=1","Restoran Simpang Raya Ahmad Yani Bogor","4,7","(68)","·","Rp 50–75 rb","Padang","·","·","Segera tutup","· 21.30 · Buka Sel pukul 10.00","https://lh3.googleusercontent.com/gps-cs-s/APNQkAGKsYrLC4E6RpJQH0lfkW7YCoKhCQOU9FCZS3G14QGtCmMaSJoYOhqSOR6N-_GNGUcm6Toil8ghL7OtZRrQZMbOgTrUVHY5XkR34EA1yOZjj1bjnj83X60fytaYgXB5E9f4hpJoRw=w122-h92-k-no","https://ssl.gstatic.com/local/servicebusiness/default_user.png","""saya memesan rendang plis telur bulat extra sayur sambal.""","","","https://www.google.com/searchviewer/42?cvd=CLw_EicKJeICIjIgEhkiF9LX29IPEQoNL2cvMTF4ODFjbnM2cBgAOgMI8A0%3D&hl=id-ID&gl=id&fo_m=MfohQo559jFvMUOzJVpjPL1YMfZ3bInYwBDuMfaXTPp5KXh-&utm_source=tactile&gei=_qP4aZ_1G9m4seMP1tGa4A8&ei=_qP4aZ_1G9m4seMP1tGa4A8&fo_s=OA&opi=79508299&ebb=1&cs=0&foub=mcpp","Pesan online","","","Jl. A. Yani No.11, RT.02/RW.02"
"https://www.google.com/maps/place/Lapak+Bundo+Masakan+Padang/data=!4m7!3m6!1s0x2e69c6762400676d:0x86c2af653cc8bcdb!8m2!3d-6.6002447!4d106.8182934!16s%2Fg%2F11f358lbw9!19sChIJbWcAJHbGaS4R27zIPGWvwoY?authuser=0&hl=id&rclk=1","Lapak Bundo Masakan Padang","4,6","(305)","·","Rp 25–50 rb","Padang","·","Jl. Kol. Ahmad Syam, RT.04/RW.06","Tutup","· Buka Sel pukul 10.00","https://lh3.googleusercontent.com/gps-cs-s/APNQkAHseWtSQdWbUSJstEtdFI9g6kUhJ1bX00jwxDwbQqqSNs_lRyKexstHuyUQ_XWMyvhd3Se1WOTIU-kkAWqRO6FTuEwnDa7XXTIIP9MGNVELt167fws6urBqZDcIIw1j3qpRwX5a=w122-h92-k-no","https://ssl.gstatic.com/local/servicebusiness/default_user.png","""Makanannya enak dg rasa otentik","Padang",", bersih dan selalu fresh.""","https://www.google.com/searchviewer/42?cvd=CLw_EicKJeICIjIgEhkiF9LX29IPEQoNL2cvMTFmMzU4bGJ3ORgBOgMI8A0%3D&hl=id-ID&gl=id&fo_m=MfohQo559jFvMUOzJVpjPL1YMfZ3bInYwBDuMfaXTPp5KXh-&utm_source=tactile&gei=_qP4aZ_1G9m4seMP1tGa4A8&ei=_qP4aZ_1G9m4seMP1tGa4A8&fo_s=OA&opi=79508299&orderType=1&ebb=1&cs=0&foub=mcpp","Pesan online","","",""
"https://www.google.com/maps/place/Rumah+Makan+Minang+Raya+Pakuan/data=!4m7!3m6!1s0x2e69c5d99dadb999:0x3dd0d00960b6b106!8m2!3d-6.5993344!4d106.812898!16s%2Fg%2F11bzrgc226!19sChIJmbmtndnFaS4RBrG2YAnQ0D0?authuser=0&hl=id&rclk=1","Rumah Makan Minang Raya Pakuan","4,5","(287)","·","Rp 1–25.000","Padang","·","·","Buka","· Tutup pukul 22.00","https://lh3.googleusercontent.com/gps-cs-s/APNQkAFvHB2c60b2rCtT-DEBD1Up7MW_5z5ZVcQSWmHEEzs0ExlLiC763XeHMS7pNESkDcqsd9UQDmn9Os6Oxum7H1k6K5NlRVhOi3eDV0WtRFD0qzdcGkQqnzImDGrdEMBRAT-kavNb=w122-h92-k-no","https://ssl.gstatic.com/local/servicebusiness/default_user.png","""Spesial rendang nya enak dan empuk""","","","https://www.google.com/searchviewer/42?cvd=CLw_EicKJeICIjIgEhkiF9LX29IPEQoNL2cvMTFienJnYzIyNhgBOgMI8A0%3D&hl=id-ID&gl=id&fo_m=MfohQo559jFvMUOzJVpjPL1YMfZ3bInYwBDuMfaXTPp5KXh-&utm_source=tactile&gei=_qP4aZ_1G9m4seMP1tGa4A8&ei=_qP4aZ_1G9m4seMP1tGa4A8&fo_s=OA&opi=79508299&orderType=1&ebb=1&cs=0&foub=mcpp","Pesan online","","","CR27+756, Jl. Pakuan Utara, RT.02/RW.06"
"https://www.google.com/maps/place/RM.Padang+Surya+Minang/data=!4m7!3m6!1s0x2e69c4e4bb601f7b:0x803688d619b87adc!8m2!3d-6.5827055!4d106.7576574!16s%2Fg%2F11bc7t3dry!19sChIJex9gu-TEaS4R3Hq4GdaINoA?authuser=0&hl=id&rclk=1","RM.Padang Surya Minang","4,6","(296)","·","Rp 1–25.000","Padang","·","·","Segera tutup","· 21.00 · Buka Sel pukul 07.00","https://lh3.googleusercontent.com/gps-cs-s/APNQkAHSEdUSjz1tFfsO7e7mkdO21i50lhZNTDguSog745HxbWONIOFppNcbqHkYRlXOaDS3I6yxICXxGAUx4er08pxOdsa3fhbmbnijm38jDTok-6LARqb_ZcxVpcr0R_67ZfzhDvp25w=w80-h106-k-no","https://ssl.gstatic.com/local/servicebusiness/default_user.png","""Salah satu RM","Padang","ter enak dan lumayan murah harga nya...""","https://www.google.com/searchviewer/42?cvd=CLw_EicKJeICIjIgEhkiF9LX29IPEQoNL2cvMTFiYzd0M2RyeRgBOgMI8A0%3D&hl=id-ID&gl=id&fo_m=MfohQo559jFvMUOzJVpjPL1YMfZ3bInYwBDuMfaXTPp5KXh-&utm_source=tactile&gei=_qP4aZ_1G9m4seMP1tGa4A8&ei=_qP4aZ_1G9m4seMP1tGa4A8&fo_s=OA&opi=79508299&orderType=1&ebb=1&cs=0&foub=mcpp","Pesan online","","","Jl. Raya Laladon No.49, RT.02/RW.01"
"https://www.google.com/maps/place/Restoran+Padang+Trio/data=!4m7!3m6!1s0x2e69c50070a52011:0xacef690738c4dfaf!8m2!3d-6.5727687!4d106.7432801!16s%2Fg%2F11yhn5sb87!19sChIJESClcADFaS4Rr9_EOAdp76w?authuser=0&hl=id&rclk=1","Restoran Padang Trio","3,1","(7)","","","Masakan Asia","·","Jl. Raya Dramaga No.KM.7 No.7, RT.03/RW.03","Buka","· Tutup pukul 23.00","https://lh3.googleusercontent.com/gps-cs-s/APNQkAFE5GHSy0LYPdsSz9ECQWdFYWZfHngOGsDKybsSBZ36MzbE6h7X2jeJlO0DF2Exb8dQI_CuvWP3V5Ca8UGoQBfn8eM8bhZO2Qz-sVTLbBmZybar0ZtDlvRIJEi2TordSvk3I-fsN0IylJNi=w80-h106-k-no","https://ssl.gstatic.com/local/servicebusiness/default_user.png","""Cari","rumah makan padang","di bogor ya trio""","https://www.google.com/searchviewer/42?cvd=CLw_EicKJeICIjIgEhkiF9LX29IPEQoNL2cvMTF5aG41c2I4NxgBOgMI8A0%3D&hl=id-ID&gl=id&fo_m=MfohQo559jFvMUOzJVpjPL1YMfZ3bInYwBDuMfaXTPp5KXh-&utm_source=tactile&gei=_qP4aZ_1G9m4seMP1tGa4A8&ei=_qP4aZ_1G9m4seMP1tGa4A8&fo_s=OA&opi=79508299&orderType=1&ebb=1&cs=0&foub=mcpp","Pesan online","","",""
"https://www.google.com/maps/place/RM+Masakan+Padang+Sabena/data=!4m7!3m6!1s0x2e69c479da19837b:0xd6d7fcc6b9238629!8m2!3d-6.5498477!4d106.7820984!16s%2Fg%2F11cn3nw19h!19sChIJe4MZ2nnEaS4RKYYjucb819Y?authuser=0&hl=id&rclk=1","RM Masakan Padang Sabena","4,6","(218)","·","Rp 25–50 rb","Padang","·","·","Buka","· Tutup pukul 22.00","https://lh3.googleusercontent.com/gps-cs-s/APNQkAH6q7q68fDLv0gLZmbd-UFEvp0DtML-GDoNqb7OeBFbOX7lQpilHHZm2gWdEugGu6ynuyY6bxkPUxdt5WAyztpjZu7tYCDk-AvsFCtsY1sOpXKuan3Tc_SFVkIozZ2D9mC-Kddi=w122-h92-k-no","https://ssl.gstatic.com/local/servicebusiness/default_user.png","""Enak sih, salah satu","padang","terenak d Bogor""","https://www.google.com/searchviewer/42?cvd=CLw_EicKJeICIjIgEhkiF9LX29IPEQoNL2cvMTFjbjNudzE5aBgBOgMI8A0%3D&hl=id-ID&gl=id&fo_m=MfohQo559jFvMUOzJVpjPL1YMfZ3bInYwBDuMfaXTPp5KXh-&utm_source=tactile&gei=_qP4aZ_1G9m4seMP1tGa4A8&ei=_qP4aZ_1G9m4seMP1tGa4A8&fo_s=OA&opi=79508299&orderType=1&ebb=1&cs=0&foub=mcpp","Pesan online","","","Jl. Bukit Cimanggu City Raya No.8 blok K1, RT.02/RW.11"
"https://www.google.com/maps/place/Pondok+Sambalado/data=!4m7!3m6!1s0x2e69c48c045b0dd7:0x1f964ed9e7626307!8m2!3d-6.5629234!4d106.7642384!16s%2Fg%2F11bzrhm_zc!19sChIJ1w1bBIzEaS4RB2Ni59lOlh8?authuser=0&hl=id&rclk=1","Pondok Sambalado","4,5","(79)","·","Rp 25–50 rb","Padang","·","Jl. KH. R. Abdullah Bin Nuh, RT.02/RW.01","Tutup","· Buka Sel pukul 10.00","https://lh3.googleusercontent.com/gps-cs-s/APNQkAFMikI3vH_qC9GgbOGuxhpZ-elnshNq53nlTKELGXK5zc0uy1rbln1FIS91SrsMjdzGNzXBQwJ6qZv1GQ2_Ad4rtuvOQfw0gKlh7mwqiKPzLViLDGqJyMJT4RIZ9sBaGcXf7x0opw=w122-h92-k-no","https://ssl.gstatic.com/local/servicebusiness/default_user.png","""Rendangnya empuk dan bumbunya joss banget.""","","","","","","",""
"https://www.google.com/maps/place/RM.+Lingkar+Raya+%28Masakan+Padang%29/data=!4m7!3m6!1s0x2e69c50010598917:0xbcf16a906631dc89!8m2!3d-6.5789465!4d106.7512107!16s%2Fg%2F11xzjyndnc!19sChIJF4lZEADFaS4RidwxZpBq8bw?authuser=0&hl=id&rclk=1","RM. Lingkar Raya (Masakan Padang)","5,0","(41)","·","Rp 1–25.000","Padang","·","CQC2+CG8, Jl. Lkr. Laladon","Segera tutup","· 21.30 · Buka Sel pukul 09.00","https://lh3.googleusercontent.com/gps-cs-s/APNQkAEOWB4-Omuw3PBSX8YM-_Nb0d2RSw_rp3lHMqTzWVUO9Ug9x7aIrOsDF0QEhr9D2TOzBU_YV2BZozdu7HC400Dmgubp-WIvAwwKWUF6OqqblE9IfDZ47Zy7GOIdegrtmakaBxEySn6urIs8=w80-h106-k-no","https://ssl.gstatic.com/local/servicebusiness/default_user.png","""Good masakannya uda uni nya, rekomended dan murah harganya""","","","https://www.google.com/searchviewer/42?cvd=CLw_EicKJeICIjIgEhkiF9LX29IPEQoNL2cvMTF4emp5bmRuYxgBOgMI8A0%3D&hl=id-ID&gl=id&fo_m=MfohQo559jFvMUOzJVpjPL1YMfZ3bInYwBDuMfaXTPp5KXh-&utm_source=tactile&gei=_qP4aZ_1G9m4seMP1tGa4A8&ei=_qP4aZ_1G9m4seMP1tGa4A8&fo_s=OA&opi=79508299&orderType=1&ebb=1&cs=0&foub=mcpp","Pesan online","","",""
"https://www.google.com/maps/place/RM+PIAMAN+LAWEH+UDA/data=!4m7!3m6!1s0x2e69c5bb15e6720b:0x5121fd2357a80c59!8m2!3d-6.5697663!4d106.811315!16s%2Fg%2F11gyxm6108!19sChIJC3LmFbvFaS4RWQyoVyP9IVE?authuser=0&hl=id&rclk=1","RM PIAMAN LAWEH UDA","4,4","(112)","·","Rp 25–50 rb","Padang","·","·","Segera tutup","· 21.00 · Buka Sel pukul 08.00","https://lh3.googleusercontent.com/gps-cs-s/APNQkAGPQG7ZHBZqYcesBYiYt_R9aNz26Ow2laTnSFxtS-T1FCQqnVVhIYozaWxdMUDIGtf13ETHhk9w0KE3GLVOw_ptCEiT2-FqodPBVUcZysR_iQWrZQJnQJTodUjHGxvP10jRVeTs=w199-h92-k-no","https://ssl.gstatic.com/local/servicebusiness/default_user.png","""Masakan","padang","yang rasanya enak, sambalnya pedas.""","https://www.google.com/searchviewer/42?cvd=CLw_EicKJeICIjIgEhkiF9LX29IPEQoNL2cvMTFneXhtNjEwOBgBOgMI8A0%3D&hl=id-ID&gl=id&fo_m=MfohQo559jFvMUOzJVpjPL1YMfZ3bInYwBDuMfaXTPp5KXh-&utm_source=tactile&gei=_qP4aZ_1G9m4seMP1tGa4A8&ei=_qP4aZ_1G9m4seMP1tGa4A8&fo_s=OA&opi=79508299&orderType=1&ebb=1&cs=0&foub=mcpp","Pesan online","","","Perumahan Indraprasta I Jl. Achmad Adnawijaya No.2, RT.06/RW.15"
"https://www.google.com/maps/place/RM.Padang+Lembah+Anai/data=!4m7!3m6!1s0x2e69c5cae46f3f11:0x22765ddd8e852bf8!8m2!3d-6.5889449!4d106.7968442!16s%2Fg%2F1hm59kds_!19sChIJET9v5MrFaS4R-CuFjt1ddiI?authuser=0&hl=id&rclk=1","RM.Padang Lembah Anai","4,1","(176)","·","Rp 25–50 rb","Rumah Makan","·","·","Buka","· Tutup pukul 03.00","https://lh3.googleusercontent.com/gps-cs-s/APNQkAGxzVz_PAnX3UeHMOUByq8u2AVb-43o3HPYhbWEqcFNQhmkInbnvitYdol9XARp8YHK9-5E12IeNJDtsZcP3rlbqlX_chWoBYmgVjc2RBSCgBW1nvL_xpirquNArBNuComk9Yup=w122-h92-k-no","https://ssl.gstatic.com/local/servicebusiness/default_user.png","""Nasi","Padang","yang lezat dengan harga yang terjangkau.""","https://www.google.com/searchviewer/42?cvd=CLw_EiYKJOICITIfEhgiFtLX29IPEAoML2cvMWhtNTlrZHNfGAE6AwjwDQ%3D%3D&hl=id-ID&gl=id&fo_m=MfohQo559jFvMUOzJVpjPL1YMfZ3bInYwBDuMfaXTPp5KXh-&utm_source=tactile&gei=_qP4aZ_1G9m4seMP1tGa4A8&ei=_qP4aZ_1G9m4seMP1tGa4A8&fo_s=OA&opi=79508299&orderType=1&ebb=1&cs=0&foub=mcpp","Pesan online","","","Jl. Jend. Sudirman No.15, RT.01/RW.03"
"https://www.google.com/maps/place/RM+Padang+Lembah+Anai+Tajur/data=!4m7!3m6!1s0x2e69c600bee9055d:0x8a48bfffc1bf36ac!8m2!3d-6.6233454!4d106.8190615!16s%2Fg%2F1hm4zqf9s!19sChIJXQXpvgDGaS4RrDa_wf-_SIo?authuser=0&hl=id&rclk=1","RM Padang Lembah Anai Tajur","4,2","(426)","·","Rp 25–50 rb","Padang","·","·","Buka 24 jam","","https://lh3.googleusercontent.com/gps-cs-s/APNQkAEzFPv5kLgy48k4x8i-858xYwhefC9D0AcqTU2UpLIVLdOVFJxRzECJOEXP2gy0pEDs9yr8P0ORUpt2wcGYbn3htGylYC4azKQ2Uor4XEMbVoSuON9nSjMyHjtVJ2u8rzxtE8zB=w122-h92-k-no","https://ssl.gstatic.com/local/servicebusiness/default_user.png","""Nasi","Padang","nya enak dengan suasana yg nyaman juga terjangkau..""","https://www.google.com/searchviewer/42?cvd=CLw_EiYKJOICITIfEhgiFtLX29IPEAoML2cvMWhtNHpxZjlzGAE6AwjwDQ%3D%3D&hl=id-ID&gl=id&fo_m=MfohQo559jFvMUOzJVpjPL1YMfZ3bInYwBDuMfaXTPp5KXh-&utm_source=tactile&gei=_qP4aZ_1G9m4seMP1tGa4A8&ei=_qP4aZ_1G9m4seMP1tGa4A8&fo_s=OA&opi=79508299&orderType=1&ebb=1&cs=0&foub=mcpp","Pesan online","","","Jl. Raya Tajur No.9, RT.01/RW.01"
"https://www.google.com/maps/place/Rumah+Makan+Pesona+Baru/data=!4m7!3m6!1s0x2e69c4ed42825475:0x200e815ea9360c51!8m2!3d-6.5690869!4d106.7581345!16s%2Fg%2F1hm5gw_rh!19sChIJdVSCQu3EaS4RUQw2qV6BDiA?authuser=0&hl=id&rclk=1","Rumah Makan Pesona Baru","4,4","(25)","·","Rp 1–25.000","Padang","·","Jl. KH. R. Abdullah Bin Nuh, RT.04/RW.07","Segera tutup","· 21.00 · Buka Sel pukul 09.00","https://lh3.googleusercontent.com/gps-cs-s/APNQkAEyKfG8417nx_a9MB8ULvhiYQCrDekeL8IJps-dVmwE4PdoDHJQSQc0rwZ9RDGwcyEPXohXwR8tWb1PKBgCEjib8iDkjOS-L8rUQ5wCcu1g26Rmbuai2zgFuJdKWJ-VZOPiCbDumA=w138-h92-k-no","https://ssl.gstatic.com/local/servicebusiness/default_user.png","""","Rumah makan padang","ini cukup lengkap dan variatif pilihan menu lauknya.""","","","","",""
"https://www.google.com/maps/place/Rumah+Makan+Padang+Putra+Raya/data=!4m7!3m6!1s0x2e69c61b5a60e80b:0xa31b10eac26e546b!8m2!3d-6.6214574!4d106.8304663!16s%2Fg%2F11c5xpp_zm!19sChIJC-hgWhvGaS4Ra1RuwuoQG6M?authuser=0&hl=id&rclk=1","Rumah Makan Padang Putra Raya","4,3","(202)","·","Rp 1–25.000","Padang","·","·","Buka","· Tutup pukul 22.00","https://lh3.googleusercontent.com/gps-cs-s/APNQkAHGnQ8v1y7dvIhgBYW_i_PhttsBOtJzHp56_pB_8Dy1AwQyyrdAtjWY-BqXpNVlxXqDseh7jAUSt4wl9jAe2p0JhXHd216d0_6eBQmo6DiBtYeGzxk3QfVBJ_8a4NqAsyD3uuvCQQ=w163-h92-k-no","https://ssl.gstatic.com/local/servicebusiness/default_user.png","""Enak dan relatif cukup murah dibandingkan beberapa RM","Padang","lainnya.""","https://www.google.com/searchviewer/42?cvd=CLw_EicKJeICIjIgEhkiF9LX29IPEQoNL2cvMTFjNXhwcF96bRgBOgMI8A0%3D&hl=id-ID&gl=id&fo_m=MfohQo559jFvMUOzJVpjPL1YMfZ3bInYwBDuMfaXTPp5KXh-&utm_source=tactile&gei=_qP4aZ_1G9m4seMP1tGa4A8&ei=_qP4aZ_1G9m4seMP1tGa4A8&fo_s=OA&opi=79508299&orderType=1&ebb=1&cs=0&foub=mcpp","Pesan online","","","Jl. Parung Banteng No.53, RT.01/RW.02"
"https://www.google.com/maps/place/Palem+Merah/data=!4m7!3m6!1s0x2e69c4c77b7c16ed:0x166dbaed70323aa9!8m2!3d-6.5725658!4d106.7442105!16s%2Fg%2F11r8z_m0z!19sChIJ7RZ8e8fEaS4RqToycO26bRY?authuser=0&hl=id&rclk=1","Palem Merah","4,5","(174)","·","Rp 25–50 rb","Prasmanan","·","·","Tutup","· Buka Sel pukul 07.00","https://lh3.googleusercontent.com/gps-cs-s/APNQkAFsP4wcJMTA7LmyT21JozrMS0HO6KZsYKefDimJlVtNEazC5qAaqKoHtyx8keOQs_4j6CZ0_h2NInCtkUqHyUJDe8_gx261GBHQCL9me1KaMXCFmD60Oh7Ymbs36z2RvtHXkot-ZQ=w122-h92-k-no","https://ssl.gstatic.com/local/servicebusiness/default_user.png","""Masakannya enak banget!!""","","","","","","","Jl. Raya Dramaga No.Km. 7 No.43, RT.02/RW.04"
"https://www.google.com/maps/place/RM.+Minang+Family/data=!4m7!3m6!1s0x2e69c53eae13e767:0xb22f4c296e5e9fd3!8m2!3d-6.5959383!4d106.8068625!16s%2Fg%2F11jmxxvv8g!19sChIJZ-cTrj7FaS4R059ebilML7I?authuser=0&hl=id&rclk=1","RM. Minang Family","4,8","(98)","·","Rp 1–25.000","Restoran","·","RT.01/RW.05","Tutup","· Buka Sel pukul 09.00","https://lh3.googleusercontent.com/gps-cs-s/APNQkAE7j6PdiRCCgYF5tzvBlLqGJXtWUCfw-r5ZJDzsDgtUSML5GNMe27o3HC42L87b5aX-uXWGZV5qCTlXCFtuYOPlsO6jSLdcAhprjYyS4r9vFyZGBk73EZS7I8gbwvuYseCB5-Q=w95-h92-k-no","https://ssl.gstatic.com/local/servicebusiness/default_user.png","""Rasanya mantap
Harga worth it,","makan","nasi rendang + nasi cincang 32k.""","https://www.google.com/searchviewer/42?cvd=CLw_EicKJeICIjIgEhkiF9LX29IPEQoNL2cvMTFqbXh4dnY4ZxgBOgMI8A0%3D&hl=id-ID&gl=id&fo_m=MfohQo559jFvMUOzJVpjPL1YMfZ3bInYwBDuMfaXTPp5KXh-&utm_source=tactile&gei=_qP4aZ_1G9m4seMP1tGa4A8&ei=_qP4aZ_1G9m4seMP1tGa4A8&fo_s=OA&opi=79508299&orderType=1&ebb=1&cs=0&foub=mcpp","Pesan online","","",""
"https://www.google.com/maps/place/RM.+Aspina+Kencana/data=!4m7!3m6!1s0x2e69c39a906bfbab:0x1489498cd2fd32a7!8m2!3d-6.5344845!4d106.7814231!16s%2Fg%2F11f2q7k1ck!19sChIJq_trkJrDaS4RpzL90oxJiRQ?authuser=0&hl=id&rclk=1","RM. Aspina Kencana","4,6","(136)","·","$","Padang","·","Jl. Setu Asem Raya Kp, Jl. Rw. Taman No.21-24, RT.01/RW.03","Buka","· Tutup pukul 22.00","https://lh3.googleusercontent.com/gps-cs-s/APNQkAFTHu88b8r9SBGUlvhWrVyAmlJW2PN6xt4EpZwxQWMvh3ZJ8beFXJFwoxQXVEOozGoeLsVvvdIDYcppvP9wuvolG1G7lfULmnjBrNwat4h8xTWDocSYcg0aBFuI8FN6rAJh08y0=w134-h92-k-no","https://ssl.gstatic.com/local/servicebusiness/default_user.png","""Rendangnya enak""","","","https://www.google.com/searchviewer/42?cvd=CLw_EicKJeICIjIgEhkiF9LX29IPEQoNL2cvMTFmMnE3azFjaxgBOgMI8A0%3D&hl=id-ID&gl=id&fo_m=MfohQo559jFvMUOzJVpjPL1YMfZ3bInYwBDuMfaXTPp5KXh-&utm_source=tactile&gei=BaT4aaioDIL5seMPi4uecQ&ei=BaT4aaioDIL5seMPi4uecQ&fo_s=OA&opi=79508299&orderType=1&ebb=1&cs=0&foub=mcpp","Pesan online","","",""
"https://www.google.com/maps/place/Rumah+Makan+Padang+Meriah/data=!4m7!3m6!1s0x2e69c41b5317d107:0x5c4c8a032d138ace!8m2!3d-6.5557536!4d106.8115984!16s%2Fg%2F1hm1z396q!19sChIJB9EXUxvEaS4RzooTLQOKTFw?authuser=0&hl=id&rclk=1","Rumah Makan Padang Meriah","4,5","(304)","·","Rp 25–50 rb","Padang","·","·","Buka","· Tutup pukul 22.00","https://lh3.googleusercontent.com/gps-cs-s/APNQkAFuu6fVCIrnVXK8tUbGLWaj2D1Ky-dJ8l1an_qkauzU_NQihd2hnBdQqPAaNdlZQIwdQ5UcO-NuDtXEn52itWJpV_pHk4mu6_7_MAUXrkv_15mGIYyCgrgu-aQ7ficLTvMrw2CL=w163-h92-k-no","https://ssl.gstatic.com/local/servicebusiness/default_user.png","""Rekomendasi","rumah makan Padang","rasa nya enak harga masih bersahabat.""","https://www.google.com/searchviewer/42?cvd=CLw_EiYKJOICITIfEhgiFtLX29IPEAoML2cvMWhtMXozOTZxGAE6AwjwDQ%3D%3D&hl=id-ID&gl=id&fo_m=MfohQo559jFvMUOzJVpjPL1YMfZ3bInYwBDuMfaXTPp5KXh-&utm_source=tactile&gei=BaT4aaioDIL5seMPi4uecQ&ei=BaT4aaioDIL5seMPi4uecQ&fo_s=OA&opi=79508299&orderType=1&ebb=1&cs=0&foub=mcpp","Pesan online","","","Jl. Raya Pemda No.7, RT.05/RW.01"
"https://www.google.com/maps/place/Restoran+TRIO+Masakan+Padang,+Cilendek/data=!4m7!3m6!1s0x2e69c5a23b1d6d95:0xe9fcd83cecc10fb3!8m2!3d-6.5697014!4d106.7671294!16s%2Fg%2F11r_cbl9jy!19sChIJlW0dO6LFaS4Rsw_B7DzY_Ok?authuser=0&hl=id&rclk=1","Restoran TRIO Masakan Padang, Cilendek","4,2","(30)","·","Rp 25–50 rb","Indonesia","·","Jl. Brigjen Saptadji Hadiprawira No.142, RT.01/RW.07 RT.01/RW.07, RT.01/RW.07","Segera tutup","· 21.00 · Buka Sel pukul 07.45","https://lh3.googleusercontent.com/gps-cs-s/APNQkAHDgrj4el9JOQ-BCP06S9o3FRjAPfTqoRXpCSQcfiagXhfObmYvv_Ea5r-Xgt2cwQ_UAKiLNOLZ1aoCJ3XIMCforSo_yAO4p7vVl5PMiN2HRATs23olp9mhViXh0hRmcuZSFtZk=w163-h92-k-no","https://ssl.gstatic.com/local/servicebusiness/default_user.png","""Menu nasi rendang dan ayam gulai paling andalan.""","","","https://www.google.com/searchviewer/42?cvd=CLw_EicKJeICIjIgEhkiF9LX29IPEQoNL2cvMTFyX2NibDlqeRgBOgMI8A0%3D&hl=id-ID&gl=id&fo_m=MfohQo559jFvMUOzJVpjPL1YMfZ3bInYwBDuMfaXTPp5KXh-&utm_source=tactile&gei=BaT4aaioDIL5seMPi4uecQ&ei=BaT4aaioDIL5seMPi4uecQ&fo_s=OA&opi=79508299&orderType=1&ebb=1&cs=0&foub=mcpp","Pesan online","","",""
"https://www.google.com/maps/place/RM.Padang+Salero+Mitra/data=!4m7!3m6!1s0x2e69c5a5a874974f:0xe7772fd567fe5164!8m2!3d-6.5999604!4d106.7793325!16s%2Fg%2F11bxjh82c8!19sChIJT5d0qKXFaS4RZFH-Z9Uvd-c?authuser=0&hl=id&rclk=1","RM.Padang Salero Mitra","4,2","(113)","·","$$","Padang","·","·","Buka","· Tutup pukul 22.00","https://lh3.googleusercontent.com/0iQb9Smkg-nlWHxuTupTWtGx7SQZRYpE_5aINHCixY4VwyrLhKi5Lzu_YElb62ix=w122-h92-k-no","https://ssl.gstatic.com/local/servicebusiness/default_user.png","""ENAK BANGETTTTT SAMPE NAMBAHHH🔥""","","","","","","","Jl. Re. Abdullah No.3 03, RT.01/RW.05"
"https://www.google.com/maps/place/RM+Lubuak+Arai/data=!4m7!3m6!1s0x2e69c59a95547edb:0x8123ac9bebe8704b!8m2!3d-6.576733!4d106.734687!16s%2Fg%2F11h294_vg6!19sChIJ235UlZrFaS4RS3Do65usI4E?authuser=0&hl=id&rclk=1","RM Lubuak Arai","4,7","(32)","","","Padang","·","·","Buka","· Tutup pukul 22.00","https://lh3.googleusercontent.com/gps-cs-s/APNQkAEPCIOKxdcwALobFL8ljzxt-_itclxv3C4qS1dzD9vmPVF7z30ioOIf2Ah7hQS5cl1KM3CTuqnxncUNKJj37SVVs_ShNMljWwsTczSeTOzEaJzROohVdIAvYgReJZM3pYtzUlZB=w106-h92-k-no","https://ssl.gstatic.com/local/servicebusiness/default_user.png","""Nasi Padangnya enak pas buat","makan","siang""","","","","","Jl. Tanjakan Dramaga No.55, RT.3/RW.05"
"https://www.google.com/maps/place/RM.+Padang+Narumi/data=!4m7!3m6!1s0x2e69c5bfff738bdb:0x3bc357f801f725a5!8m2!3d-6.6077129!4d106.794068!16s%2Fg%2F11fy4hkxnz!19sChIJ24tz_7_FaS4RpSX3AfhXwzs?authuser=0&hl=id&rclk=1","RM. Padang Narumi","4,1","(153)","·","Rp 1–25.000","Padang","·","·","Buka 24 jam","","https://lh3.googleusercontent.com/gps-cs-s/APNQkAFveizbHbQ9DDv436aRoH0S9CnVtVT85IyiVu7Du_COUU7ayIFWzgciW_vZggN-sgIJhApFHkVhq-O6BhNIfpWcWTN5yVTszoVxbhDKqb-IDBJIIHA2w1VAek1HuPKf81ft1g91=w122-h92-k-no","https://ssl.gstatic.com/local/servicebusiness/default_user.png","""Rasanya lumayan ...standar rn","padang","biasa lah.""","https://www.google.com/searchviewer/42?cvd=CLw_EicKJeICIjIgEhkiF9LX29IPEQoNL2cvMTFmeTRoa3huehgBOgMI8A0%3D&hl=id-ID&gl=id&fo_m=MfohQo559jFvMUOzJVpjPL1YMfZ3bInYwBDuMfaXTPp5KXh-&utm_source=tactile&gei=BaT4aaioDIL5seMPi4uecQ&ei=BaT4aaioDIL5seMPi4uecQ&fo_s=OA&opi=79508299&orderType=1&ebb=1&cs=0&foub=mcpp","Pesan online","","","Jl. Empang No.37, RT.01/RW.02"
"https://www.google.com/maps/place/RM.+Lembah+Anai+%28Yasmin%2FJohar%29/data=!4m7!3m6!1s0x2e69c571a84482c5:0x6a149cb8acddc3a4!8m2!3d-6.5566271!4d106.7772326!16s%2Fg%2F11k40rw463!19sChIJxYJEqHHFaS4RpMPdrLicFGo?authuser=0&hl=id&rclk=1","RM. Lembah Anai (Yasmin/Johar)","4,0","(55)","·","Rp 25–50 rb","Padang","·","Jl. KH. R. Abdullah Bin Nuh No.105 RT05/04, RT.05/RW.04","Buka 24 jam","","https://lh3.googleusercontent.com/gps-cs-s/APNQkAEUpo7DHukNXjwooVLhtEyLesv7viy2Jug1NVwpcTzJTVl_xLxfc8HNcBmvU_NUdwLLLyuMZhAL9fGlTsKbsVixM_iGS_REoXj38MlKZfenRwMgVq7NkaM2vAyeg7s8Y8qjHzBJ=w163-h92-k-no","https://ssl.gstatic.com/local/servicebusiness/default_user.png","""Masakan khas","Padang","banget""","https://www.google.com/searchviewer/42?cvd=CLw_EicKJeICIjIgEhkiF9LX29IPEQoNL2cvMTFrNDBydzQ2MxgBOgMI8A0%3D&hl=id-ID&gl=id&fo_m=MfohQo559jFvMUOzJVpjPL1YMfZ3bInYwBDuMfaXTPp5KXh-&utm_source=tactile&gei=BaT4aaioDIL5seMPi4uecQ&ei=BaT4aaioDIL5seMPi4uecQ&fo_s=OA&opi=79508299&orderType=1&ebb=1&cs=0&foub=mcpp","Pesan online","","",""
"https://www.google.com/maps/place/Rumah+Makan+Padang+Salero/data=!4m7!3m6!1s0x2e69c5bb6b67eb33:0xbccae96b145b51e0!8m2!3d-6.6035138!4d106.7858202!16s%2Fg%2F11g6xbmtnm!19sChIJM-tna7vFaS4R4FFbFGvpyrw?authuser=0&hl=id&rclk=1","Rumah Makan Padang Salero","4,6","(127)","·","Rp 1–25.000","Padang","·","Jl. Aria Surialaga No.10, RT.04/RW.03","Buka","· Tutup pukul 22.00","https://lh3.googleusercontent.com/gps-cs-s/APNQkAG7A3KV3-bT_Fq6-yWUViKlwgVMoEWowbgVWyX2ojWxIspDMcml0ammY4YxjY2Uf8s8rdBGdKtTMNmArphs1S-7anHse6mLUfompWIAdsA27nduvFrEmEZOceQr-nzI5zjTY3A=w122-h92-k-no","https://ssl.gstatic.com/local/servicebusiness/default_user.png","""Saya rate 5 bintang karena merupakan anak owner""","","","","","","",""
"https://www.google.com/maps/place/RM.MAKAN+PADANG+SAIYOBANA/data=!4m7!3m6!1s0x2e69c4e9487c04e1:0x5a7bb1115fc3700a!8m2!3d-6.5758446!4d106.7529413!16s%2Fg%2F11hc_fg9r2!19sChIJ4QR8SOnEaS4RCnDDXxGxe1o?authuser=0&hl=id&rclk=1","RM.MAKAN PADANG SAIYOBANA","4,7","(12)","","","Padang","·","·","Segera tutup","· 21.00 · Buka Sel pukul 09.00","https://lh3.googleusercontent.com/gps-cs-s/APNQkAHVeQCRC47Wnl_HWwwmhCE27x-fGXsP8HuyjiGpZQFxOIlayJSHe6kJ3Yn9p6_39YD_ANVREjfoGohZMpuDrW_KaMS57JeCk-EEwAxWKRGhJ-5nbVFsVpCh85cPN7UyC8sSxLc=w163-h92-k-no","https://ssl.gstatic.com/local/servicebusiness/default_user.png","""Cuma lewat kalo gasalah""","","","","","","","Jl. Sindang Barang Pengkolan No.26"
"https://www.google.com/maps/place/RM.Sari+Minang+Padang/data=!4m7!3m6!1s0x2e69c4780e10452b:0xd45ae8b4580f4a72!8m2!3d-6.5472243!4d106.7812677!16s%2Fg%2F11bx9mqfq4!19sChIJK0UQDnjEaS4RckoPWLToWtQ?authuser=0&hl=id&rclk=1","RM.Sari Minang Padang","4,5","(115)","·","$$","Padang","·","·","Segera tutup","· 21.00 · Buka Sel pukul 09.00","https://lh3.googleusercontent.com/gps-cs-s/APNQkAGUiYTBXvfYB2liuYfdgQbAO7eOLONDmeYbCuOPL1mWrdaRpaUsIJLHjJKpJcdPo6HQI9m9AkPHAVkYvq0KtNS76mkRGcZwh00LEjYfpOfX8ra5XWhZ59HJqLR1ezTs_nyFJDLz=w80-h98-k-no","https://ssl.gstatic.com/local/servicebusiness/default_user.png","""Masakan cocok""","","","https://www.google.com/searchviewer/42?cvd=CLw_EicKJeICIjIgEhkiF9LX29IPEQoNL2cvMTFieDltcWZxNBgBOgMI8A0%3D&hl=id-ID&gl=id&fo_m=MfohQo559jFvMUOzJVpjPL1YMfZ3bInYwBDuMfaXTPp5KXh-&utm_source=tactile&gei=BaT4aaioDIL5seMPi4uecQ&ei=BaT4aaioDIL5seMPi4uecQ&fo_s=OA&opi=79508299&orderType=1&ebb=1&cs=0&foub=mcpp","Pesan online","","","Jl. Bukit Cimanggu City Raya No.15 Blok L5, RT.02/RW.11"
"https://www.google.com/maps/place/RM.+Nusa+Indah/data=!4m7!3m6!1s0x2e69cf568f8befd9:0x1c659920bf50b553!8m2!3d-6.6310376!4d106.8111269!16s%2Fg%2F11bc7nb6xs!19sChIJ2e-Lj1bPaS4RU7VQvyCZZRw?authuser=0&hl=id&rclk=1","RM. Nusa Indah","4,6","(169)","·","Rp 1–25.000","Padang","·","·","Buka","· Tutup pukul 22.00","https://lh6.googleusercontent.com/zdhIteuBhUW8nWzZ-CIrAr71kacNlg1yOn1EQhYDs6s23rX4fGTFGuac0LcTRT1t=w122-h92-k-no","https://ssl.gstatic.com/local/servicebusiness/default_user.png","""Masakan","padang","nya manyooss""","https://www.google.com/searchviewer/42?cvd=CLw_EicKJeICIjIgEhkiF9LX29IPEQoNL2cvMTFiYzduYjZ4cxgBOgMI8A0%3D&hl=id-ID&gl=id&fo_m=MfohQo559jFvMUOzJVpjPL1YMfZ3bInYwBDuMfaXTPp5KXh-&utm_source=tactile&gei=BaT4aaioDIL5seMPi4uecQ&ei=BaT4aaioDIL5seMPi4uecQ&fo_s=OA&opi=79508299&orderType=1&ebb=1&cs=0&foub=mcpp","Pesan online","","","Jalan Raya Cipaku No.2, RT.1/RW.10, Cipaku, Bogor Selatan, RT.02/RW.10"
"https://www.google.com/maps/place/RM.+Yasmin+Raya/data=!4m7!3m6!1s0x2e69c47cd1bbb845:0x447b082bdd21768d!8m2!3d-6.5571606!4d106.7744869!16s%2Fg%2F1hm48wwrc!19sChIJRbi70XzEaS4RjXYh3SsIe0Q?authuser=0&hl=id&rclk=1","RM. Yasmin Raya","4,7","(63)","·","Rp 25–50 rb","Padang","·","Samping RS Hermina, Jl. KH. R. Abdullah Bin Nuh, RT.01/RW.03","Tutup","· Buka Sel pukul 08.00","https://lh3.googleusercontent.com/gps-cs-s/APNQkAESFbfy0EnqF1MnAEleEZMxWmlbFY5sW3POoauJIsiE3KJKlgzvV6dH69OqPBP2Gsgn8_kEWu1eewLu8u4XzbjgGsAQAkk8hk1hwzgnQFwhV_Vo2nCd8TrHK6eR5QZnB7Pq7x8=w80-h106-k-no","https://ssl.gstatic.com/local/servicebusiness/default_user.png","""Masakan","Padang","yang enak di Bogor, rasanya pas, selalu order ulang.""","","","","",""
"https://www.google.com/maps/place/Nasi+Padang+Harapan/data=!4m7!3m6!1s0x2e69c57933ee774b:0x6b19c3a4a3c2d5d5!8m2!3d-6.5826845!4d106.7692222!16s%2Fg%2F11f5tvtnnx!19sChIJS3fuM3nFaS4R1dXCo6TDGWs?authuser=0&hl=id&rclk=1","Nasi Padang Harapan","4,7","(38)","","","Padang","·","Jl. Sindang Barang Pengkolan No.297, RT.04/RW.03","Segera tutup","· 21.00 · Buka Sel pukul 09.00","https://lh3.googleusercontent.com/gps-cs-s/APNQkAFbp2I2MNkhERdOa_1iynnwn97r7LTI0xeQvVfBWQ3xj20eymseOVoXa-FVogH_UanIK0L1tixIMIEXfJLXl6_XXXEyI6sEitYD27iYJrSS_WQMHLT9UxJ0t8InB4Nc0mSG8kc=w122-h92-k-no","https://ssl.gstatic.com/local/servicebusiness/default_user.png","""Enak banget pulang sekolah langsung","makan","nasi","","","","",""
"https://www.google.com/maps/place/RM+Padang+Melati/data=!4m7!3m6!1s0x2e69c57121517483:0x650336456b8b8a9a!8m2!3d-6.5881748!4d106.772338!16s%2Fg%2F11jhvg35xk!19sChIJg3RRIXHFaS4RmoqLa0U2A2U?authuser=0&hl=id&rclk=1","RM Padang Melati","4,4","(44)","·","Rp 1–25.000","Padang","·","CQ6C+PWP, Jl. Raya Gn. Batu Gg. Pala II, RT.02/RW.01","Segera tutup","· 21.00 · Buka Sel pukul 08.00","https://lh3.googleusercontent.com/gps-cs-s/APNQkAHLd9Dbv9q0hTGzXijom21AQdT-oyhhUEpM4Cd_ukmC6taE3FlhHDRGa0OoN5sohi1KGm1AmOQDis2oCEiko4c8qOM6jBKC_35F1K4sNFBAQkMZoBSGV7WpCwZOK6faEPX49k-z1g=w163-h92-k-no","https://ssl.gstatic.com/local/servicebusiness/default_user.png","""Enakk, buka di online dongg""","","","","","","",""
"https://www.google.com/maps/place/RM+NUSANTARA+SATU/data=!4m7!3m6!1s0x2e69cf6799d5fe83:0xd1fea88400e8f642!8m2!3d-6.6367095!4d106.7929091!16s%2Fg%2F11g5_3j7l1!19sChIJg_7VmWfPaS4RQvboAISo_tE?authuser=0&hl=id&rclk=1","RM NUSANTARA SATU","4,5","(193)","·","Rp 25–50 rb","Padang","·","9Q7V+857, Jl. Cyberpark Residence, RT.04/RW.06","Buka","· Tutup pukul 22.00","https://lh3.googleusercontent.com/gps-cs-s/APNQkAHTz7q3ZcPWav-imeG5_7R0SwpLnwjXQSbOLmbcbwpAR-x-kjTvSq7GwpY6LOmzMUTsktcyfXNtWUWNPfiYnnQ9REPF_7rB6w3XVCQVfHDHC1tGYKvDywQVDIxHchp_fiWMUkIe=w124-h92-k-no","https://ssl.gstatic.com/local/servicebusiness/default_user.png","""Makanan enak, rendangnya enak tenan harga tidak membohongi rasa.""","","","https://www.google.com/searchviewer/42?cvd=CLw_EicKJeICIjIgEhkiF9LX29IPEQoNL2cvMTFnNV8zajdsMRgBOgMI8A0%3D&hl=id-ID&gl=id&fo_m=MfohQo559jFvMUOzJVpjPL1YMfZ3bInYwBDuMfaXTPp5KXh-&utm_source=tactile&gei=BaT4aaioDIL5seMPi4uecQ&ei=BaT4aaioDIL5seMPi4uecQ&fo_s=OA&opi=79508299&orderType=1&ebb=1&cs=0&foub=mcpp","Pesan online","","",""
"https://www.google.com/maps/place/Nasi+Padang+Bunga+Cempaka+Babakan+Raya/data=!4m7!3m6!1s0x2e69c5779d3d14ff:0xda1a847903b05d4d!8m2!3d-6.5591359!4d106.7315817!16s%2Fg%2F11fd55_5h9!19sChIJ_xQ9nXfFaS4RTV2wA3mEGto?authuser=0&hl=id&rclk=1","Nasi Padang Bunga Cempaka Babakan Raya","3,7","(19)","","","Padang","·","CPRJ+8JW, Jl. Babakan Raya, RT.01/RW.09","Buka","· Tutup pukul 22.00","https://lh3.googleusercontent.com/gps-cs-s/APNQkAEvoekbql_qifCc20ZyKTrXXxlHYfPwbddo2tw1it6A2CZ-pOAnvniZAzFJUHO8cDldlTiMNlFxadkEGsE3OJkG1WLL0kufsVpTPNh_0VHtUURYQoqNZP3S-4rcNJuRS9InqStcUQ=w80-h106-k-no","https://ssl.gstatic.com/local/servicebusiness/default_user.png","""Harga mahasiswa banget.""","","","","","","",""
"https://www.google.com/maps/place/SATE+SOTO+PADANG+AIR+MANCUR/data=!4m7!3m6!1s0x2e69c1f8539d15e3:0xb3203b25820ace75!8m2!3d-6.5822682!4d106.7969259!16s%2Fg%2F11f159wm6r!19sChIJ4xWdU_jBaS4Rdc4KgiU7ILM?authuser=0&hl=id&rclk=1","SATE SOTO PADANG AIR MANCUR","4,4","(2.124)","·","Rp 25–50 rb","Sate","·","·","Buka","· Tutup pukul 00.00","","https://ssl.gstatic.com/local/servicebusiness/default_user.png","""Sate nya enak sebagaimana sate","padang","""","https://www.google.com/searchviewer/42?cvd=CLw_EicKJeICIjIgEhkiF9LX29IPEQoNL2cvMTFmMTU5d202chgAOgMI8A0%3D&hl=id-ID&gl=id&fo_m=MfohQo559jFvMUOzJVpjPL1YMfZ3bInYwBDuMfaXTPp5KXh-&utm_source=tactile&gei=BaT4aaioDIL5seMPi4uecQ&ei=BaT4aaioDIL5seMPi4uecQ&fo_s=OA&opi=79508299&ebb=1&cs=0&foub=mcpp","Pesan online","","","Jl. Jend. Sudirman, RT.01/RW.03"
"https://www.google.com/maps/place/RM.+NASI+KAPAU/data=!4m7!3m6!1s0x2e69c57760bef279:0xa5b268e3348fea1e!8m2!3d-6.6176981!4d106.8123514!16s%2Fg%2F11bzsfvq5m!19sChIJefK-YHfFaS4RHuqPNONosqU?authuser=0&hl=id&rclk=1","RM. NASI KAPAU","4,5","(110)","·","Rp 25–50 rb","Padang","·","PD. Pasar Pakuan Jaya, Jl. Siliwangi No.01, RT.07/RW.02","Tutup","· Buka Sel pukul 07.00","https://lh3.googleusercontent.com/gps-cs-s/APNQkAEg7cTUIpDhJuatj2IQvSnPp4mYNbE7MERPJl41y_7YJQdoSwB3A9OGDxXeK2bOzJIQPNP7Qzh3jqvbaqB4q6E8DLm3ADEy9lGXwrEGn6R1oY52FW1ZyMDdxnQzKmVbARYo3jtU=w199-h92-k-no","https://ssl.gstatic.com/local/servicebusiness/default_user.png","""Khas PadangnYa Kena Bangeet
Bikin Ketagihan""","","","","","","",""