"hfpxzc href","qBF1Pd","MW4etd","UY7F9","AJB7ye","AJB7ye 2","W4Efsd","W4Efsd 2","W4Efsd 3","W4Efsd 4","W4Efsd 5","FQ2IWe src","Jn12ke src","ah5Ghc","A1zNzb href","J8zHNe","bbPy1","W4Efsd 6","doJOZc"
"","","","","","","","","","","","","","","","","","",""
"","","","","","","","","","","","","","","","","","",""
"https://www.google.com/maps/place/Sambal+Bakar+Indonesia,+Dramaga+IPB+Bogor/data=!4m7!3m6!1s0x2e69c5e97275540d:0xd698de6311d8275b!8m2!3d-6.5699742!4d106.7392594!16s%2Fg%2F11vc6wvs8b!19sChIJDVR1cunFaS4RWyfYEWPemNY?authuser=0&hl=id&rclk=1","Sambal Bakar Indonesia, Dramaga IPB Bogor","4,9","(11.603)","·","Rp 25–50 rb","Indonesia","·","Jl. Raya Cibungbulang - Bogor No.41, RT.01/RW.01","Buka","· Tutup pukul 00.00","https://lh3.googleusercontent.com/gps-cs-s/APNQkAGxyjCL8lal6jwHOlnqUm2Rw7IsT4Jrs9-fpI4PiLBE-EIKZI93FFvRH9bD7wZTxUdnyFaLBDuAInjVbLFjvH474EN5rG3WHBoeY5lp-KRWdvh8PuHsg8OiqdNKwf3Jkj56h6rs=w80-h106-k-no","https://ssl.gstatic.com/local/servicebusiness/default_user.png","""Best service besttt menu!!!!""","https://www.google.com/searchviewer/42?cvd=CLw_EicKJeICIjIgEhkiF9LX29IPEQoNL2cvMTF2YzZ3dnM4YhgBOgMI8A0%3D&hl=id-ID&gl=id&fo_m=MfohQo559jFvMUOzJVpjPL1YMfZ3bInYwBDuMfaXTPp5KXh-&utm_source=tactile&gei=vaP4acuiOueOseMP2I3WsQg&ei=vaP4acuiOueOseMP2I3WsQg&fo_s=OA&opi=79508299&orderType=1&ebb=1&cs=0&foub=mcpp","Pesan online","","",""
"https://www.google.com/maps/place/Sangra+Coffee/data=!4m7!3m6!1s0x2e69c5e781f6a5c3:0x3bac3e6db5f5eb4f!8m2!3d-6.6009953!4d106.8058105!16s%2Fg%2F1ptywqq9b!19sChIJw6X2gefFaS4RT-v1tW0-rDs?authuser=0&hl=id&rclk=1","Sangra Coffee","4,5","(1.061)","·","Rp 50–75 rb","Restoran","·","Kampus IPB, Jl. Raya Pajajaran No.1, RT.02/RW.05","Segera tutup","· 21.00 · Buka Sel pukul 09.00","https://lh3.googleusercontent.com/gps-cs-s/APNQkAHWZ-7i2TPIHQhGGzXpdpHyTNdhIylGcG17t1nIkajMgoW1H5nmelTdGJ33DOQW6H1G4-i66LpQErOYvDIkL13OjU1tnNe1jLueDNWPgennzB--4JoYt3d6EFOpyp0OJBs0lsE=w163-h92-k-no","https://ssl.gstatic.com/local/servicebusiness/default_user.png","""Minumannya wedang jahe dan Juice Vegie.""","","","","Kafe santai dengan meja outdoor",""
"https://www.google.com/maps/place/Tepi+Danau+Cafe+and+Resto/data=!4m7!3m6!1s0x2e69c389e8f3f2b9:0x6f2fdd721f83f41!8m2!3d-6.545988!4d106.731647!16s%2Fg%2F11h2j7hffq!19sChIJufLz6InDaS4RQT_4Idf98gY?authuser=0&hl=id&rclk=1","Tepi Danau Cafe and Resto","4,3","(2.977)","·","Rp 25–50 rb","Restoran","·","","Tutup","· Buka Sel pukul 11.00","https://lh3.googleusercontent.com/gps-cs-s/APNQkAG3e-xvZZKWTV9UAPxitS3W_HbQvf6oodVdvIcZkUEnl6zF4Hl989FXsAQ595PqoP2jz_cVNa18ub8rCFKerY_YY8c7i8SfX2v9kqIi7OygRoCKOOyRnpZvHp7Oq0qFS8Ra3SQ=w80-h106-k-no","https://ssl.gstatic.com/local/servicebusiness/default_user.png","""Apalagi bebek nya potongan dagingnya besar2.""","https://www.google.com/searchviewer/42?cvd=CLw_EicKJeICIjIgEhkiF9LX29IPEQoNL2cvMTFoMmo3aGZmcRgAOgMI8A0%3D&hl=id-ID&gl=id&fo_m=MfohQo559jFvMUOzJVpjPL1YMfZ3bInYwBDuMfaXTPp5KXh-&utm_source=tactile&gei=vaP4acuiOueOseMP2I3WsQg&ei=vaP4acuiOueOseMP2I3WsQg&fo_s=OA&opi=79508299&ebb=1&cs=0&foub=mcpp","Pesan online","","",""
"https://www.google.com/maps/place/Parahyangan+Warung+Sunda/data=!4m7!3m6!1s0x2e69c5518d765c7f:0x24a39062ed16230a!8m2!3d-6.5665725!4d106.7363727!16s%2Fg%2F11s7zr8_bq!19sChIJf1x2jVHFaS4RCiMW7WKQoyQ?authuser=0&hl=id&rclk=1","Parahyangan Warung Sunda","4,4","(1.575)","·","$$","Sunda","·","Jl. Raya Dramaga No.16","Buka","· Tutup pukul 22.00","https://lh3.googleusercontent.com/gps-cs-s/APNQkAFClVcllCaa0c-NZLQlhg6AD3ndIJKxAc0wO1hfdnN1ZEGEnnNb45O2X1SfbOE70VqVoishQn77ylyIHj_nOKuJYkEe6kx40yYYrD5obbEwFBLJpYvabOCuuJIDdGm_iLIW8vTc=w122-h92-k-no","https://ssl.gstatic.com/local/servicebusiness/default_user.png","""Taste soso, service is good also the vibes!""","","","","",""
"https://www.google.com/maps/place/Bento+Kopi+IPB+Bogor/data=!4m7!3m6!1s0x2e69c5c88b402ff5:0x43ade40a92fb81a3!8m2!3d-6.567586!4d106.735084!16s%2Fg%2F11vdrk8y23!19sChIJ9S9Ai8jFaS4Ro4H7kgrkrUM?authuser=0&hl=id&rclk=1","Bento Kopi IPB Bogor","4,7","(1.182)","·","Rp 25–50 rb","Kedai Kopi","·","CPMP+32G","Buka","· Tutup pukul 01.00","https://lh3.googleusercontent.com/gps-cs-s/APNQkAHjybcVmzss27tvWOMU4rVLfk4OYReQO-YE3UcPe3oHvxbX-hPMIcPlvIob-WG2qb1hu9_qNKFuqAtfj5diFUCaehE1J5Mp4uKUMdbW62AgaXN8BSdqT2gRJtk3HQWPrKYC86ixR8b1qms=w80-h106-k-no","https://ssl.gstatic.com/local/servicebusiness/default_user.png","""Cita rasa yang khas dari bento""","","","","",""
"https://www.google.com/maps/place/Palem+Merah/data=!4m7!3m6!1s0x2e69c4c77b7c16ed:0x166dbaed70323aa9!8m2!3d-6.5725658!4d106.7442105!16s%2Fg%2F11r8z_m0z!19sChIJ7RZ8e8fEaS4RqToycO26bRY?authuser=0&hl=id&rclk=1","Palem Merah","4,5","(174)","·","Rp 25–50 rb","Prasmanan","·","·","Tutup","· Buka Sel pukul 07.00","https://lh3.googleusercontent.com/gps-cs-s/APNQkAFsP4wcJMTA7LmyT21JozrMS0HO6KZsYKefDimJlVtNEazC5qAaqKoHtyx8keOQs_4j6CZ0_h2NInCtkUqHyUJDe8_gx261GBHQCL9me1KaMXCFmD60Oh7Ymbs36z2RvtHXkot-ZQ=w122-h92-k-no","https://ssl.gstatic.com/local/servicebusiness/default_user.png","""Mantap masakan nya enak.salad buahnyapun Mantup.""","","","","Jl. Raya Dramaga No.Km. 7 No.43, RT.02/RW.04",""
"https://www.google.com/maps/place/Cafe+Taman+Dramaga/data=!4m7!3m6!1s0x2e69c5e943360ca1:0x835e09ace959dc4e!8m2!3d-6.5698718!4d106.7391027!16s%2Fg%2F11qfn6mv_q!19sChIJoQw2Q-nFaS4RTtxZ6awJXoM?authuser=0&hl=id&rclk=1","Cafe Taman Dramaga","4,0","(193)","·","Rp 25–50 rb","Perpaduan","·","Jl. Raya Dramaga No.Km 7, RT.03/RW.1RT01","Buka","· Tutup pukul 23.30","https://lh3.googleusercontent.com/gps-cs-s/APNQkAFLSdgZ9VC3HfmiRJrtWDJqhRhyg0u9YYrlz0R_OdwvVe-vzsUORm-v0wXal29D4xy7GBW1ZYbHbI-yaB_kuf6rtLkEQcgbSxNXf_S_pwg-kelR0oUAzKyZPAMLGdP_LRIXkhddNg=w163-h92-k-no","https://ssl.gstatic.com/local/servicebusiness/default_user.png","""Buka bersama dengan teman kelompok sekalian bimbingan tugas.""","","","","",""
"https://www.google.com/maps/place/BTS+%28Bubulak+Tepi+Sawah%29+Wisata+Keluarga+Bogor+Terlengkap/data=!4m7!3m6!1s0x2e69c5816f4f9aaf:0x6f76465f31e5f76d!8m2!3d-6.5661345!4d106.7510968!16s%2Fg%2F11rrpqrs1g!19sChIJr5pPb4HFaS4RbfflMV9Gdm8?authuser=0&hl=id&rclk=1","BTS (Bubulak Tepi Sawah) Wisata Keluarga Bogor Terlengkap","4,5","(1.524)","","","Tujuan Wisata","·","Jl. Raya Cifor No.450, RT.02/RW.07","Segera tutup","· 21.00 · Buka Sel pukul 10.00","https://lh3.googleusercontent.com/gps-cs-s/APNQkAHeHv751DEqtX5gF8_l0HwPpN1RCPOOGnN5BrTBLPObLK7mHfRMh9gD5g6iRz4cgQIGHfNShFcK54F4NgE1sJ4CcaqDA2c90SaLi3e5YKujQqO-bov3i0-_P-pk-ueLHhrKLUXl=w122-h92-k-no","https://ssl.gstatic.com/local/servicebusiness/default_user.png","""Banyak pilihan menu.""","","","","",""
"https://www.google.com/maps/place/Ayam+Crisbar+IPB/data=!4m7!3m6!1s0x2e69c542d7f4e145:0xf1a8f75a9e79b174!8m2!3d-6.5588773!4d106.7342611!16s%2Fg%2F11tf145jxx!19sChIJReH010LFaS4RdLF5nlr3qPE?authuser=0&hl=id&rclk=1","Ayam Crisbar IPB","4,9","(6.434)","·","Rp 25–50 rb","Makanan Siap Saji","·","·","Buka 24 jam","","https://lh3.googleusercontent.com/gps-cs-s/APNQkAEaFZijsrwiCm-c6tHfkCmkuifF1TY0wEMlIWcdm8kXMonjOGtcHIzwJnyb12TGr4K_i9G4RYHJT32rV28YZ3S3xr5WwSr_Xvob0Nz_op-e1eea105evzDiKron-3okTK-3sQb4wNXTdDo=w80-h106-k-no","https://ssl.gstatic.com/local/servicebusiness/default_user.png","""ENAKK BANGETTT BUAT BUKA PUASA""","https://www.google.com/searchviewer/42?cvd=CLw_EicKJeICIjIgEhkiF9LX29IPEQoNL2cvMTF0ZjE0NWp4eBgBOgMI8A0%3D&hl=id-ID&gl=id&fo_m=MfohQo559jFvMUOzJVpjPL1YMfZ3bInYwBDuMfaXTPp5KXh-&utm_source=tactile&gei=vaP4acuiOueOseMP2I3WsQg&ei=vaP4acuiOueOseMP2I3WsQg&fo_s=OA&opi=79508299&orderType=1&ebb=1&cs=0&foub=mcpp","Pesan online","","Jl. Babakan Tengah No.25, RT.2/RW.8",""
"https://www.google.com/maps/place/Chick+N+Tea+Resto+Pusat/data=!4m7!3m6!1s0x2e69c4b11f3b8527:0xff45de82618be535!8m2!3d-6.5625419!4d106.7322951!16s%2Fg%2F11c1xq73y8!19sChIJJ4U7H7HEaS4RNeWLYYLeRf8?authuser=0&hl=id&rclk=1","Chick N Tea Resto Pusat","4,5","(1.078)","·","Rp 1–25.000","Makanan Siap Saji","·","·","Buka 24 jam","","https://lh3.googleusercontent.com/gps-cs-s/APNQkAH3IBzZeRwvInFzWOmTNRuJaMAP3tdMSEUSuSC71ucTHYlQGzjXbeBDoCrGBpDjiST7HOr4mE_kuS6M2MEUtOyOFgfaMSYc3kjgfsVxMGjtYh0E-dWHxqwB_i77Zd4O5z8CQpe3qQ=w122-h92-k-no","https://ssl.gstatic.com/local/servicebusiness/default_user.png","""sat set dan enak""","https://www.google.com/searchviewer/42?cvd=CLw_EicKJeICIjIgEhkiF9LX29IPEQoNL2cvMTFjMXhxNzN5OBgBOgMI8A0%3D&hl=id-ID&gl=id&fo_m=MfohQo559jFvMUOzJVpjPL1YMfZ3bInYwBDuMfaXTPp5KXh-&utm_source=tactile&gei=vaP4acuiOueOseMP2I3WsQg&ei=vaP4acuiOueOseMP2I3WsQg&fo_s=OA&opi=79508299&orderType=1&ebb=1&cs=0&foub=mcpp","Pesan online","","Jl. Raya Dramaga - Bogor No.KM. 7",""
"https://www.google.com/maps/place/Gurih+7+Bogor+-+Saung+Lesehan+%26+Kuliner+Sunda/data=!4m7!3m6!1s0x2e69c416cbdea47b:0x950e04927f76531f!8m2!3d-6.5738623!4d106.8075457!16s%2Fg%2F1xflmr2v!19sChIJe6TeyxbEaS4RH1N2f5IEDpU?authuser=0&hl=id&rclk=1","Gurih 7 Bogor - Saung Lesehan & Kuliner Sunda","4,7","(40.094)","·","$$","Sunda","·","·","Segera tutup","· 21.30 · Buka Sel pukul 09.00","https://lh3.googleusercontent.com/gps-cs-s/APNQkAEOu22n5XVlDArW-mz0BC5HcF_DEr8Ylzx-EDOMy56fHgX10p1PWXZZ4LKmBrGYeNoJrc2qjOdZkfsealhDiRlIF57qPCqoajjygDQQbJJd8tpgS6j7nHR-UW_om4IELtTlN-A=w122-h92-k-no","https://ssl.gstatic.com/local/servicebusiness/default_user.png","""Great food,staf and atmosphere.""","https://www.google.com/searchviewer/42?cvd=CLw_EiUKI-ICIDIeEhciFdLX29IPDwoLL2cvMXhmbG1yMnYYADoDCPAN&hl=id-ID&gl=id&fo_m=MfohQo559jFvMUOzJVpjPL1YMfZ3bInYwBDuMfaXTPp5KXh-&utm_source=tactile&gei=vaP4acuiOueOseMP2I3WsQg&ei=vaP4acuiOueOseMP2I3WsQg&fo_s=OA&opi=79508299&ebb=1&cs=0&foub=mcpp","Pesan online","","Jl. Raya Pajajaran No.102, RT.03/RW.12",""
"https://www.google.com/maps/place/Yellow+Corner+IPB/data=!4m7!3m6!1s0x2e69c4b1a891da37:0x8212bcccfc6e3b1c!8m2!3d-6.5608919!4d106.7316265!16s%2Fg%2F11c5_p_2ml!19sChIJN9qRqLHEaS4RHDtu_My8EoI?authuser=0&hl=id&rclk=1","Yellow Corner IPB","4,3","(123)","·","Rp 1–25.000","Restoran","·","·","Tutup","· Buka Sel pukul 07.00","https://lh3.googleusercontent.com/gps-cs-s/APNQkAGOl7KAPwRSU6GZQhP3K-O1lIA-YMy5TA1lUVJoUOOUQ67aNFN3vzyLh4MiL7lrC6WHqL08yLSFyYVcqgV7OAMEqoGUCcUu7L8PMPQJIcx4pfj0Q63QNST3WDkpauF0OQss4EGZ=w122-h92-k-no","https://ssl.gstatic.com/local/servicebusiness/default_user.png","""Makanan di Warung Indonesia Timur, Yellow Corner IPB Darmaga👌👌""","","","","Jl. Babakan Raya No.158",""
"https://www.google.com/maps/place/The+Rica+Resto+-+Bogor/data=!4m7!3m6!1s0x2e69c573504aa3c7:0x120ebce65db65078!8m2!3d-6.5893474!4d106.8045605!16s%2Fg%2F11rn4ld1z_!19sChIJx6NKUHPFaS4ReFC2Xea8DhI?authuser=0&hl=id&rclk=1","The Rica Resto - Bogor","4,8","(789)","","","Indonesia","·","·","Segera tutup","· 21.00 · Buka Sel pukul 11.00","https://lh3.googleusercontent.com/gps-cs-s/APNQkAHahfyJpsF08iGgsKiU8LYzKNcb2yL0bpdqyWp_oOv-uWcKBjvDIIi0xoNuh6qXWwsYJIiX7ZTbA6TMlWpzUqds5HzCSluu6IZ3WL8FdTXWXJGWo3Xlq61KbDu1_Y4dVLLU6H3PLQ=w163-h92-k-no","https://ssl.gstatic.com/local/servicebusiness/default_user.png","""Overall, a good food with a friendly service is always a perfect combo.""","https://www.google.com/searchviewer/42?cvd=CLw_EicKJeICIjIgEhkiF9LX29IPEQoNL2cvMTFybjRsZDF6XxgCOgMI8A0%3D&hl=id-ID&gl=id&fo_m=MfohQo559jFvMUOzJVpjPL1YMfZ3bInYwBDuMfaXTPp5KXh-&utm_source=tactile&gei=vaP4acuiOueOseMP2I3WsQg&ei=vaP4acuiOueOseMP2I3WsQg&fo_s=OA&opi=79508299&orderType=2&ebb=1&cs=0&foub=mcpp","Pesan online","","Jl. Raya Pajajaran No.8, RT.02/RW.04",""
"https://www.google.com/maps/place/serbasambaldramaga/data=!4m7!3m6!1s0x2e69c4c721cd301d:0xf513d3337c5fc17f!8m2!3d-6.5709888!4d106.739806!16s%2Fg%2F11c1vkvvtf!19sChIJHTDNIcfEaS4Rf8FffDPTE_U?authuser=0&hl=id&rclk=1","serbasambaldramaga","4,3","(1.256)","·","Rp 25–50 rb","Indonesia","·","·","Buka","· Tutup pukul 22.00","https://lh3.googleusercontent.com/gps-cs-s/APNQkAE6TEMJ2OLUgy9r5FtQn2nG1F2oBK2Thj_B2UYOPKNqhSO8Axj4UK9JWu2jHf9Sr8X5X8XX27kkFG8lx-NSKvF4jXNBxynIosrZhtAiyEIYiA3_bVzlU4hrJ_pkt6EOjp5y8Xo=w163-h92-k-no","https://ssl.gstatic.com/local/servicebusiness/default_user.png","""di air mancur ada menu paketan.""","https://www.google.com/searchviewer/42?cvd=CLw_EicKJeICIjIgEhkiF9LX29IPEQoNL2cvMTFjMXZrdnZ0ZhgBOgMI8A0%3D&hl=id-ID&gl=id&fo_m=MfohQo559jFvMUOzJVpjPL1YMfZ3bInYwBDuMfaXTPp5KXh-&utm_source=tactile&gei=vaP4acuiOueOseMP2I3WsQg&ei=vaP4acuiOueOseMP2I3WsQg&fo_s=OA&opi=79508299&orderType=1&ebb=1&cs=0&foub=mcpp","Pesan online","","Jl. Raya Dramaga No.km7 3, RT.02/RW.06",""
"https://www.google.com/maps/place/Kampoeng+Ikan+Bogor/data=!4m7!3m6!1s0x2e69c57a229765ef:0x158540979ccf1866!8m2!3d-6.5699563!4d106.7531721!16s%2Fg%2F11kq67_pcf!19sChIJ72WXInrFaS4RZhjPnJdAhRU?authuser=0&hl=id&rclk=1","Kampoeng Ikan Bogor","4,6","(576)","","","Restoran","·","Jl. Raya Bubulak, RT.02/RW.11","Segera tutup","· 21.00 · Buka Sel pukul 10.30","https://lh3.googleusercontent.com/gps-cs-s/APNQkAG84420duykqaE6h1HaKZ2XX6VVtYwjM4VqG8s2cdFTUiHdeKoTWjavlhNn5E6rBvMFjGLEEssVvlAncK56a0OQ61Vaxrjq2k3dwS4DHGUfLGmKoDikiGcNJLSmaofbgOeSZw5k=w122-h92-k-no","https://ssl.gstatic.com/local/servicebusiness/default_user.png","""Rasa makanan perlu ditingkatkan.""","","","","",""
"https://www.google.com/maps/place/D%27Sawah+Resort,+Resto+%26+Rekreasi/data=!4m7!3m6!1s0x2e69c53197df9f8f:0x659bae776b2c8cdd!8m2!3d-6.5513344!4d106.737015!16s%2Fg%2F11m49y1qyz!19sChIJj5_flzHFaS4R3Ywsa3eum2U?authuser=0&hl=id&rclk=1","D'Sawah Resort, Resto & Rekreasi","4,2","(3.744)","","","Sesuai untuk keluarga","·","·","","","https://lh3.googleusercontent.com/gps-cs-s/APNQkAET_7cDdrYMCCaetj7cIOCSbabJ4yqCt1iFbnJzbc7-AprU4Vs7LM_a3K_gLu9VamQ4vRd5JF0ISKSNgMQjAhXOIwyLPMzo58mQT2N_iBmszAmfBZfkPyHzaO2MFTlO3eFKO6al=w122-h92-k-no","https://ssl.gstatic.com/local/servicebusiness/default_user.png","""The food was great delicious n not so pricey""","https://www.google.com/searchviewer/42?cvd=CLw_EicKJeICIjIgEhkiF9LX29IPEQoNL2cvMTFtNDl5MXF5ehgBOgMI8A0%3D&hl=id-ID&gl=id&fo_m=MfohQo559jFvMUOzJVpjPL1YMfZ3bInYwBDuMfaXTPp5KXh-&utm_source=tactile&gei=vaP4acuiOueOseMP2I3WsQg&ei=vaP4acuiOueOseMP2I3WsQg&fo_s=OA&opi=79508299&orderType=1&ebb=1&cs=0&foub=mcpp","Pesan online","","Situpanjang, Jl. Cilubang Mekar No.88, RT.003/RW.008",""
"https://www.google.com/maps/place/Sigma+Cafe/data=!4m7!3m6!1s0x2e69c5e47ac376e3:0x9a4a8c80c062ebe4!8m2!3d-6.5597942!4d106.7348912!16s%2Fg%2F11tmv35ljy!19sChIJ43bDeuTFaS4R5OtiwICMSpo?authuser=0&hl=id&rclk=1","Sigma Cafe","4,8","(157)","·","Rp 25–50 rb","Kedai Kopi","·","Jl. Babakan Tengah No.17","Buka","· Tutup pukul 23.00","https://lh3.googleusercontent.com/gps-cs-s/APNQkAGv1NSg5ckq8N6Fo28s4o9wBP2dHcIOs_wS4oj5wfv2ywWYDAMnt6Z72RWe4IwfcxAL-O9XhGxz9DfXwJdr5PE-FYuSHx2nplrDqwQFaFDdhbJ_FxWIj_nkBZDECRPNkTDUygL_=w166-h92-k-no","https://ssl.gstatic.com/local/servicebusiness/default_user.png","""Mantap view rooftop nya....pesen pizza meat lovernya jg enak...""","","","","",""
"https://www.google.com/maps/place/Love+Garden+Resto+%26+Cafe/data=!4m7!3m6!1s0x2e69c557db8118cf:0x1a9efc44c4242d8b!8m2!3d-6.5945122!4d106.7838202!16s%2Fg%2F11lgwqrjcg!19sChIJzxiB21fFaS4Riy0kxET8nho?authuser=0&hl=id&rclk=1","Love Garden Resto & Cafe","4,5","(1.084)","·","Rp 50–75 rb","Restoran","·","·","Segera tutup","· 21.00 · Buka Sel pukul 10.00","https://lh3.googleusercontent.com/gps-cs-s/APNQkAHHElLzUjGNXPCtQDnohDdUT9INNXD236VN5rZKB23ko79f3-Q7-TDR9P_LLvN8GN2l-XEQ8cnUkNP4ubqmCudLMlrBUzKtv0R-jy24hwnvHjD9vl8wufi2cx_OWgMKzBphjNY=w122-h92-k-no","https://ssl.gstatic.com/local/servicebusiness/default_user.png","""Nyaman, sejuk, konsep outdoor jadi udara segar.""","https://www.google.com/searchviewer/42?cvd=CLw_EicKJeICIjIgEhkiF9LX29IPEQoNL2cvMTFsZ3dxcmpjZxgAOgMI8A0%3D&hl=id-ID&gl=id&fo_m=MfohQo559jFvMUOzJVpjPL1YMfZ3bInYwBDuMfaXTPp5KXh-&utm_source=tactile&gei=vaP4acuiOueOseMP2I3WsQg&ei=vaP4acuiOueOseMP2I3WsQg&fo_s=OA&opi=79508299&ebb=1&cs=0&foub=mcpp","Pesan online","","Jl. Veteran No.66, RT.01/RW.01",""
"https://www.google.com/maps/place/Warung+Konoha/data=!4m7!3m6!1s0x2e69c4ac1ff3b5ef:0xbb129624692a2b96!8m2!3d-6.5547701!4d106.729286!16s%2Fg%2F11gbw06h5z!19sChIJ77XzH6zEaS4RlisqaSSWErs?authuser=0&hl=id&rclk=1","Warung Konoha","4,6","(65)","·","Rp 1–25.000","Restoran","·","","Segera tutup","· 21.00 · Buka Sel pukul 07.00","https://lh3.googleusercontent.com/gps-cs-s/APNQkAHySaEqX-KCGt5t3zx6rQO97kcZqhxgr6ArbCNwvf7RPPX-Mf8vyyG4sfg4CgXKlxg-eKMK6CC3K3fVoFMJb3CarwDionKMltoRNnNjTxtZ_6AHSaCNx62dWuFndSxTnuA3e_-d=w163-h92-k-no","https://ssl.gstatic.com/local/servicebusiness/default_user.png","""The best si.""","","","","",""
"https://www.google.com/maps/place/Gumati+Resto+Khas+Sunda/data=!4m7!3m6!1s0x2e69c5b8951c563f:0xe5317a58b65a8ec5!8m2!3d-6.6012512!4d106.7924658!16s%2Fg%2F11c5svq8mp!19sChIJP1YclbjFaS4RxY5atlh6MeU?authuser=0&hl=id&rclk=1","Gumati Resto Khas Sunda","4,7","(17.554)","·","$$","Sunda","·","·","Buka","· Tutup pukul 22.00","https://lh3.googleusercontent.com/gps-cs-s/APNQkAGu0ONvVuDL2rzh7ywzWh0GumGVERBorxWTSHdiUUJUvSMtnwOIOjxefdRx_5sCawtBKrODniMJ1dewAC9COH1l3yHPjUOaU7eKm1gBemYALzmfS8hHATZrE1vtPyv924oDKNoahojc_tmr=w163-h92-k-no","https://ssl.gstatic.com/local/servicebusiness/default_user.png","""Great place, great menu, great service!""","","","","Jl. Paledang No.26 & 28, RT.05/RW.07",""
"https://www.google.com/maps/place/Bebeke+Om+Aris+Dramaga/data=!4m7!3m6!1s0x2e69c5da4de5458b:0xd5492bf69280a062!8m2!3d-6.5728473!4d106.7437515!16s%2Fg%2F11gxvtrsv9!19sChIJi0XlTdrFaS4RYqCAkvYrSdU?authuser=0&hl=id&rclk=1","Bebeke Om Aris Dramaga","4,6","(2.068)","·","Rp 25–50 rb","Restoran","·","·","Segera tutup","· 21.30 · Buka Sel pukul 09.30","https://lh3.googleusercontent.com/gps-cs-s/APNQkAFWzeL-EE6b6kiye3GAYLKb5iK7zriRLKqxADLzuTLYeQZl5EE13WeNoekFQx2h2D_qqUnNc5sfNSNNKFv222NkmGBZjw44MVWeWE43eTAii7SXowwHgxUkhUvUGHm-5LYMvnSRaA=w163-h92-k-no","https://ssl.gstatic.com/local/servicebusiness/default_user.png","""Semoga terus menuju perbaikan dan peningkatan.""","https://www.google.com/searchviewer/42?cvd=CLw_EicKJeICIjIgEhkiF9LX29IPEQoNL2cvMTFneHZ0cnN2ORgBOgMI8A0%3D&hl=id-ID&gl=id&fo_m=MfohQo559jFvMUOzJVpjPL1YMfZ3bInYwBDuMfaXTPp5KXh-&utm_source=tactile&gei=xKP4aZPyH_jNseMPzImEiQ8&ei=xKP4aZPyH_jNseMPzImEiQ8&fo_s=OA&opi=79508299&orderType=1&ebb=1&cs=0&foub=mcpp","Pesan online","","Jl. Raya Dramaga No.Km 7 No.02, RT.03/RW.03",""
"https://www.google.com/maps/place/Dakara+Coffee+-+Cafe+%26+Resto/data=!4m7!3m6!1s0x2e69c507e76d4cdf:0xf7f044b4e1475698!8m2!3d-6.5698609!4d106.7355194!16s%2Fg%2F11fqz8gjm3!19sChIJ30xt5wfFaS4RmFZH4bRE8Pc?authuser=0&hl=id&rclk=1","Dakara Coffee - Cafe & Resto","4,5","(680)","·","Rp 25–50 rb","Kafe","·","·","Buka","· Tutup pukul 23.30","https://lh3.googleusercontent.com/gps-cs-s/APNQkAFhTkCUnjo1hTluFJq9_49a6xMbr_hRBuI06bnjY7WgSIfeHpXDUs2I6jHY8xH_VBPWGoifVEneRSlmyggP2uCQLuItkWQ9maUMupID1VMWO7LKIVGtlkuHR_qZ0xI4lhs4KK-c=w163-h92-k-no","https://ssl.gstatic.com/local/servicebusiness/default_user.png","""Staff Ramah.""","https://www.google.com/searchviewer/42?cvd=CLw_EicKJeICIjIgEhkiF9LX29IPEQoNL2cvMTFmcXo4Z2ptMxgBOgMI8A0%3D&hl=id-ID&gl=id&fo_m=MfohQo559jFvMUOzJVpjPL1YMfZ3bInYwBDuMfaXTPp5KXh-&utm_source=tactile&gei=xKP4aZPyH_jNseMPzImEiQ8&ei=xKP4aZPyH_jNseMPzImEiQ8&fo_s=OA&opi=79508299&orderType=1&ebb=1&cs=0&foub=mcpp","Pesan online","","Jl. Lingkar Baru laladon Dramaga IPB Bogor No. 9",""
"https://www.google.com/maps/place/Foodies+Corner/data=!4m7!3m6!1s0x2e69c5001e507cf3:0x2985897939db9219!8m2!3d-6.5589467!4d106.7344439!16s%2Fg%2F11w3l3lfxc!19sChIJ83xQHgDFaS4RGZLbOXmJhSk?authuser=0&hl=id&rclk=1","Foodies Corner","4,6","(39)","·","Rp 1–25.000","Restoran","·","Kampus IPB, Jl. Babakan Tengah No.103-111","Tutup","· Buka Sel pukul 11.00","https://lh3.googleusercontent.com/gps-cs-s/APNQkAGDirVvqOiGRVw8-ePHlHdfHXPqrJPgq8yKyEfSSsbXwgtu11nXCrB_MJoWC66kKlNrvO6L3Ui3rglJ3sQhNoU-7vUp6Bwo-IurFHqWmraxL3vQyP3PFlcIYIaf2itndFjokf4=w80-h106-k-no","https://ssl.gstatic.com/local/servicebusiness/default_user.png","""ENAK POLL TOPPING LENGKAP PEDESNYA PAS HARGA AFFORDABLE BINTANG 5🌟🌟🌟🌟🌟""","","","","",""
"https://www.google.com/maps/place/ZAMA+HOUSE/data=!4m7!3m6!1s0x2e69c58819b72751:0x40d702ce03110124!8m2!3d-6.571015!4d106.7398067!16s%2Fg%2F11ly3xtz8b!19sChIJUSe3GYjFaS4RJAERA84C10A?authuser=0&hl=id&rclk=1","ZAMA HOUSE","4,9","(821)","·","Rp 25–50 rb","Kafe","·","·","Buka","· Tutup pukul 22.00","https://lh3.googleusercontent.com/gps-cs-s/APNQkAHGeOeH3eyhLnEOoCY2xdf6as1PGJGDuXTReaLl4bGTeXRPF-ASOf-VI0Oh0lKulKgVB00ivzmhd3wK7z6Mt2w2c6iRZ68C11wStNyoW-luMgVPuiJ9fXeNYPTuZzbtHgeeGtz_=w163-h92-k-no","https://ssl.gstatic.com/local/servicebusiness/default_user.png","""Pelayanan ramah dan insightful akan menu.""","https://www.google.com/searchviewer/42?cvd=CLw_EicKJeICIjIgEhkiF9LX29IPEQoNL2cvMTFseTN4dHo4YhgBOgMI8A0%3D&hl=id-ID&gl=id&fo_m=MfohQo559jFvMUOzJVpjPL1YMfZ3bInYwBDuMfaXTPp5KXh-&utm_source=tactile&gei=xKP4aZPyH_jNseMPzImEiQ8&ei=xKP4aZPyH_jNseMPzImEiQ8&fo_s=OA&opi=79508299&orderType=1&ebb=1&cs=0&foub=mcpp","Pesan online","","Jl. Raya Dramaga - Bogor No.Km 7.3, RT.02/RW.06",""
"https://www.google.com/maps/place/Botani+Kopi+Nusantara/data=!4m7!3m6!1s0x2e69c5d6f34ebc25:0x277d37385498bb6a!8m2!3d-6.5597107!4d106.7250427!16s%2Fg%2F11h3ngz207!19sChIJJbxO89bFaS4RaruYVDg3fSc?authuser=0&hl=id&rclk=1","Botani Kopi Nusantara","4,6","(116)","·","Rp 1–25.000","Restoran","·","Gedung Andi Hakim Nasution Jalan Institut Pertanian","Tutup","· Buka Sel pukul 08.00","https://lh3.googleusercontent.com/gps-cs-s/APNQkAEbWP2FFe5OBY7qDEh-VfdhUXaHNI038DUJVZiWM0wLJrpbD0FMaEMkwfL2F-iLsF4QANO5Sfaw1O6G22nQZdxtJfIAAcP5qXlwUSCY_0qlMzHGZCcsDQgK4guumEYp22hbERc=w80-h106-k-no","https://ssl.gstatic.com/local/servicebusiness/default_user.png","""Indoor & outdoor.""","","","","",""
"https://www.google.com/maps/place/Rempah+Bistro+Botani+Square/data=!4m7!3m6!1s0x2e69c59150b06da5:0x6a9c37aee5f8bb26!8m2!3d-6.6011447!4d106.807919!16s%2Fg%2F11shf5y9yp!19sChIJpW2wUJHFaS4RJrv45a43nGo?authuser=0&hl=id&rclk=1","Rempah Bistro Botani Square","4,5","(201)","","","Indonesia","·","9RX5+G5V, Jl. Botani Square exit IPB, RT.03/RW.05","Segera tutup","· 21.30 · Buka Sel pukul 10.00","https://lh3.googleusercontent.com/gps-cs-s/APNQkAE53Qi9PKADONcgYZ6VkHsy23_JAisOfaSoX7kRW7zjHg1B34s0v4AmDoMyAi1Xd0kW6vUexbAPsGGiOHth0uyadTIxT1oJHqMivpl7S34ziMN7E1z3SliVRshV1f91RGG5TbY_hUQiMek=w80-h106-k-no","https://ssl.gstatic.com/local/servicebusiness/default_user.png","""porsinya jg mengenyangkan!""","https://www.google.com/searchviewer/42?cvd=CLw_EicKJeICIjIgEhkiF9LX29IPEQoNL2cvMTFzaGY1eTl5cBgBOgMI8A0%3D&hl=id-ID&gl=id&fo_m=MfohQo559jFvMUOzJVpjPL1YMfZ3bInYwBDuMfaXTPp5KXh-&utm_source=tactile&gei=xKP4aZPyH_jNseMPzImEiQ8&ei=xKP4aZPyH_jNseMPzImEiQ8&fo_s=OA&opi=79508299&orderType=1&ebb=1&cs=0&foub=mcpp","Pesan online","","",""
"https://www.google.com/maps/place/Roofpark+Cafe+%26+Restaurant+Bogor/data=!4m7!3m6!1s0x2e69c5cd99abed77:0xc199d9303a51c1d6!8m2!3d-6.589329!4d106.80515!16s%2Fg%2F11c2mzx_ds!19sChIJd-2rmc3FaS4R1sFROjDZmcE?authuser=0&hl=id&rclk=1","Roofpark Cafe & Restaurant Bogor","4,5","(3.433)","·","$$","Restoran","·","·","Buka","· Tutup pukul 22.00","https://lh3.googleusercontent.com/gps-cs-s/APNQkAHHy84DjgqI8DAm4iVRqqgaZXdKm-PXR_ZSebzQDHgQuVuNGnfJxjEGeBet4XFAL7QPG65ADJooAk0dY97T_vdqeuBs5EBWsId5c-wbYut37BDSL1G-TCjeGgsBsEZnhM6mGnptTvFuPhTe=w142-h92-k-no","https://ssl.gstatic.com/local/servicebusiness/default_user.png","""ada  live music.""","","","","RAJA FO Bogor, Jl. Raya Pajajaran No.3 Lt.3, RT.02/RW.04",""
"https://www.google.com/maps/place/Forest+Coffee/data=!4m7!3m6!1s0x2e69c5d1e4f70165:0xe1e2962d318e19f!8m2!3d-6.5636014!4d106.7511381!16s%2Fg%2F11mhq64xbx!19sChIJZQH35NHFaS4Rn-EY02IpHg4?authuser=0&hl=id&rclk=1","Forest Coffee","4,7","(114)","·","Rp 25–50 rb","Restoran","·","·","Segera tutup","· 21.00 · Buka Sel pukul 09.00","https://lh3.googleusercontent.com/gps-cs-s/APNQkAGuq5oF6R6t6YBtJ6DKQAtbQy9EYY1WYvBbY1fGgNNTbVF9krA-zkiIkoUiuYa5cH4hm2hHIP7W63R2P5uQGpTgoIwEKUxFnj3CQl30TOGpztBxCdcNlE5hW4lDnB-OqY2ivBOJ=w163-h92-k-no","https://ssl.gstatic.com/local/servicebusiness/default_user.png","""Tersedia menu meals, Instagram perlu di update utk menunya""","","","","Jl. Raya Cifor No.48, RT.01/RW.07",""
"https://www.google.com/maps/place/RUMAH+KOPI+RANIN/data=!4m7!3m6!1s0x2e69c42e9c93be1b:0xed6315457426851d!8m2!3d-6.5510705!4d106.7323557!16s%2Fg%2F11b76mcg98!19sChIJG76TnC7EaS4RHYUmdEUVY-0?authuser=0&hl=id&rclk=1","RUMAH KOPI RANIN","4,6","(3.363)","·","Rp 50–75 rb","Kedai Kopi","·","·","Tutup","· Buka Sel pukul 10.00","https://lh3.googleusercontent.com/gps-cs-s/APNQkAFcuBDG743HnG52iHY-NWGnTQ6Cmm7Z3TPvNfjvG-0xDYKmoARW9Aqcol1VW_i9co5hx4ydhy-GehM2pmYla4Pt8Ov8snYj5Ixbkf0h4usj02s9EGXnwkIL6Bvzv1GsUtKVy1ch=w163-h92-k-no","https://ssl.gstatic.com/local/servicebusiness/default_user.png","""Dan menunya unik-unik.""","","","","Jl. Alternatif IPB Desa",""
"https://www.google.com/maps/place/Toge+Goreng+IPB/data=!4m7!3m6!1s0x2e69c5c5288771c3:0x450c3638c8157676!8m2!3d-6.599485!4d106.8054584!16s%2Fg%2F11bc7s_rk5!19sChIJw3GHKMXFaS4RdnYVyDg2DEU?authuser=0&hl=id&rclk=1","Toge Goreng IPB","4,7","(70)","·","Rp 1–25.000","Indonesia","·","JL.Drs.H.Andi hakim nasution, RT.02/RW.05","Tutup","· Buka Sel pukul 09.00","https://lh3.googleusercontent.com/gps-cs-s/APNQkAEt9p4GalJzl-L42U6MXpekb7ACPslQho2mcliPffRJK4nxVwcF4XqVo5gh6sgmBX94tBTllUefuFBFMV-uv82oA-EfN4sicgiyLWXBP18IxhRRW0uPKrgXJXYKvMtVOqdrm_vpBoLGlGQ=w80-h106-k-no","https://ssl.gstatic.com/local/servicebusiness/default_user.png","""Sekitaran segitu.""","","","","",""
"https://www.google.com/maps/place/Ayam+Gepuk+Pawon+Kampus/data=!4m7!3m6!1s0x2e69c51d14cd7c2b:0x153f3187d7cd188e!8m2!3d-6.5600611!4d106.7316369!16s%2Fg%2F11k3qh65w_!19sChIJK3zNFB3FaS4RjhjN14cxPxU?authuser=0&hl=id&rclk=1","Ayam Gepuk Pawon Kampus","4,5","(34)","·","Rp 1–25.000","Ayam","·","Jl. Bara VI","Segera tutup","· 21.00 · Buka Sel pukul 09.00","https://lh3.googleusercontent.com/gps-cs-s/APNQkAEFZ7yGtNBi77ElcIOZQRlPsKe4J4fxa6pxRTY21qg3_mb7_0dbvEXp0tjtOkBBn4APIuspqG-apmiHboYsxUBWF7VuHVdL8vdV09fnYxI7Py6n3GuW3BES1iFqnUuuQWyE_nU8=w80-h142-k-no","https://ssl.gstatic.com/local/servicebusiness/default_user.png","""Ada beberapa varian menu paketan.""","","","","",""
"https://www.google.com/maps/place/BR+Kopi+-+Cafe+%26+Resto/data=!4m7!3m6!1s0x2e69c5985f2656a3:0x3ab715a7868de44!8m2!3d-6.5697917!4d106.7357814!16s%2Fg%2F11rg1pwk5r!19sChIJo1YmX5jFaS4RRN5oeFpxqwM?authuser=0&hl=id&rclk=1","BR Kopi - Cafe & Resto","4,2","(50)","·","Rp 25–50 rb","Kedai Kopi","·","Kampus IPB, Jl.Lingkar Baru Laladon No.88 Perempatan, Perumahan Jl. Dramaga Cantik, RT./RW/RW.04/02","Buka","· Tutup pukul 23.00","https://lh3.googleusercontent.com/gps-cs-s/APNQkAG-kLlQBCxQWkx3anFwrXb1NDLJgyJQYCqGGcHlrBB0aPKTQv-_tsVw71HU-KuQ_ijqaTE-GCqwsVSvjfeXPaK3VDr-yQk385Vcnv1jPkKvmddE1McnnKJQiOfscfm_DtRuGzuT_Q=w163-h92-k-no","https://ssl.gstatic.com/local/servicebusiness/default_user.png","""Cocok untuk bersantai, lokasi strategis.""","https://www.google.com/searchviewer/42?cvd=CLw_EicKJeICIjIgEhkiF9LX29IPEQoNL2cvMTFyZzFwd2s1chgBOgMI8A0%3D&hl=id-ID&gl=id&fo_m=MfohQo559jFvMUOzJVpjPL1YMfZ3bInYwBDuMfaXTPp5KXh-&utm_source=tactile&gei=xKP4aZPyH_jNseMPzImEiQ8&ei=xKP4aZPyH_jNseMPzImEiQ8&fo_s=OA&opi=79508299&orderType=1&ebb=1&cs=0&foub=mcpp","Pesan online","","",""
"https://www.google.com/maps/place/RUMAH+AIR+BOGOR/data=!4m7!3m6!1s0x2e69cf677e2f8da9:0xdb94af933bf9fe94!8m2!3d-6.6366279!4d106.7936523!16s%2Fg%2F12qgbc8h7!19sChIJqY0vfmfPaS4RlP75O5OvlNs?authuser=0&hl=id&rclk=1","RUMAH AIR BOGOR","4,2","(6.659)","·","$$","Sunda","·","·","Tutup","· Buka Sel pukul 11.30","https://lh3.googleusercontent.com/gps-cs-s/APNQkAFz7uT7eoy_SZzlMFa_XdpSrtnXeFLlmwQBY3V6maVaZaVqtqewMbeuBEVhnHhxqYTdrA4Cb8aPveheYW1wqgaWkPjUQHRK7HJnlzwY4zKNpcqx03wqTdX_CmOBkVhsrZhR7cdW=w122-h92-k-no","https://ssl.gstatic.com/local/servicebusiness/default_user.png","""Menu makanan memuaskan.""","","","","Jl. Boulevard CBD Jl. Bogor Nirwana Residence, RT.01/RW.06",""
"https://www.google.com/maps/place/Medja+Restaurant/data=!4m7!3m6!1s0x2e69c503d0a5794f:0x2afcae8097b7d3ff!8m2!3d-6.6093124!4d106.8127963!16s%2Fg%2F11fj56ctg9!19sChIJT3ml0APFaS4R_9O3l4Cu_Co?authuser=0&hl=id&rclk=1","Medja Restaurant","4,5","(6.450)","·","$$$","Indonesia","·","·","Segera tutup","· 21.00 · Buka Sel pukul 11.00","https://lh3.googleusercontent.com/gps-cs-s/APNQkAG3gNv2EsgkVvDZlko46ICCyPN0Lrc_y6jTr0ikPmxaiksZBolVPDyxZRXJS6Fk3Gj210-72GiS7Nxh1sjouJzsJpbZqFs6S5mDY62axepTqGJyb3Swcd81s2txmlHbEPZ46lU3=w190-h92-k-no","https://ssl.gstatic.com/local/servicebusiness/default_user.png","""The food was great, the atmosphere was wonderful.""","https://www.google.com/searchviewer/42?cvd=CLw_EicKJeICIjIgEhkiF9LX29IPEQoNL2cvMTFmajU2Y3RnORgAOgMI8A0%3D&hl=id-ID&gl=id&fo_m=MfohQo559jFvMUOzJVpjPL1YMfZ3bInYwBDuMfaXTPp5KXh-&utm_source=tactile&gei=xKP4aZPyH_jNseMPzImEiQ8&ei=xKP4aZPyH_jNseMPzImEiQ8&fo_s=OA&opi=79508299&ebb=1&cs=0&foub=mcpp","Pesan online","","Jl. Pajajaran Indah V No.6, RT.01/RW.11",""
"https://www.google.com/maps/place/Leuit+Ageung/data=!4m7!3m6!1s0x2e69c47d325fcfb3:0x5482c42bf5bea394!8m2!3d-6.5569052!4d106.7726955!16s%2Fg%2F11bv2pbdc0!19sChIJs89fMn3EaS4RlKO-9SvEglQ?authuser=0&hl=id&rclk=1","Leuit Ageung","4,4","(3.205)","·","$$","Sunda","·","·","Segera tutup","· 21.30 · Buka Sel pukul 10.00","https://lh3.googleusercontent.com/gps-cs-s/APNQkAG3dcjueiRmqrOtWJMY3pc-FwMxwSqqjL6PI0J2Kpbh85ZYpFrO0TDYXeHQk-WyJe68XEs4WGCufYfoKMPkysU4KuZ3sHcyagVPJPiczl2phtK5Tl0kvq6T-UwAStgehTiDAHX-Qg=w124-h92-k-no","https://ssl.gstatic.com/local/servicebusiness/default_user.png","""Delicious foods but a bit overpriced.""","","","","Jl. KH. R. Abdullah Bin Nuh No.36, RT.02/RW.03",""
"https://www.google.com/maps/place/Ayam+Gepuk+ECO+RAOS+Bogor/data=!4m7!3m6!1s0x2e69c5d60f413731:0xae2a3bebfce74ceb!8m2!3d-6.5919582!4d106.8170711!16s%2Fg%2F11h1lh51m!19sChIJMTdBD9bFaS4R60zn_Os7Kq4?authuser=0&hl=id&rclk=1","Ayam Gepuk ECO RAOS Bogor","4,6","(930)","·","Rp 25–50 rb","Ayam","·","·","Segera tutup","· 21.00 · Buka Sel pukul 09.00","https://lh3.googleusercontent.com/gps-cs-s/APNQkAHma0deMs_NsKGe0MMj1aVC6PTdSerfYwse_Hq-1Zu0R25fIU0h80gp4djgssYKxwSuNMZcqWQEWshhWMXnblLCrCHZSXsLor7DQkiLY55J743NfCvtBoKddas8HhhdCydonUpu2A=w122-h92-k-no","https://ssl.gstatic.com/local/servicebusiness/default_user.png","""Good food good service.""","","","","KPP IPB, Jl. Kol. Ahmad Syam Jl. Baranangsiang 4 No.1 Blok B, RT.03/RW.10",""
"https://www.google.com/maps/place/Raindear+Coffee+%26+Kitchen+Bogor/data=!4m7!3m6!1s0x2e69c5bd055d17b7:0xa76052fb24e986b6!8m2!3d-6.6034326!4d106.8102516!16s%2Fg%2F11h7cqvl4c!19sChIJtxddBb3FaS4RtobpJPtSYKc?authuser=0&hl=id&rclk=1","Raindear Coffee & Kitchen Bogor","4,8","(8.342)","·","$$","Restoran","·","Jl. Bina Marga No.7, RT.04/RW.11","Buka","· Tutup pukul 22.00","https://lh3.googleusercontent.com/gps-cs-s/APNQkAF4NRghH5qmov6n6vdAkmq2ahZ69qaPHMqZCBdN9G9azifrkllIqWmJ--s7VKHqF6Fr8Qpy9GBXhqRVemegRviav7vLd6HsKHAJZAsj2WWMYYkTcSwXT9f8qSHPhWxXF2gK-8WdfA=w122-h92-k-no","https://ssl.gstatic.com/local/servicebusiness/default_user.png","""Nice ambience, nice food, nice hospitality.""","https://www.google.com/searchviewer/42?cvd=CLw_EicKJeICIjIgEhkiF9LX29IPEQoNL2cvMTFoN2Nxdmw0YxgBOgMI8A0%3D&hl=id-ID&gl=id&fo_m=MfohQo559jFvMUOzJVpjPL1YMfZ3bInYwBDuMfaXTPp5KXh-&utm_source=tactile&gei=xKP4aZPyH_jNseMPzImEiQ8&ei=xKP4aZPyH_jNseMPzImEiQ8&fo_s=OA&opi=79508299&orderType=1&ebb=1&cs=0&foub=mcpp","Pesan online","","",""
"https://www.google.com/maps/place/DAPOER+UNGU+DRL/data=!4m7!3m6!1s0x2e69c5be48b77701:0x1cfa8a15984f869a!8m2!3d-6.5625971!4d106.7323395!16s%2Fg%2F11v0dv287p!19sChIJAXe3SL7FaS4RmoZPmBWK-hw?authuser=0&hl=id&rclk=1","DAPOER UNGU DRL","5,0","(21)","·","Rp 1–25.000","Restoran","·","Kampus IPB Bogor, Jl. Raya Dramaga","Buka","· Tutup pukul 22.00","https://lh3.googleusercontent.com/gps-cs-s/APNQkAFaq_P3CetusnN5tTLFEPgv_tKlHvg-OGdgZq-Cc6-AqBA9Y1o8GbuC0IvcLXyMFsCXlwGO5ySOfxrOnFVkRUfkVNTYQ7Rf1tpxivSeN5-Lj8WK6rlP5RGzmlgJLIzp_rbLpZdzSA=w204-h92-k-no","https://ssl.gstatic.com/local/servicebusiness/default_user.png","""mantap lahh pokoknya mah""","","","","",""
"https://www.google.com/maps/place/Pusat+Jajanan+IPB+I+Loji+Sindang+Barang+Bogor/data=!4m7!3m6!1s0x2e69c4ff0be1f6e3:0x387f117781954907!8m2!3d-6.5854108!4d106.7681995!16s%2Fg%2F11c2y432rj!19sChIJ4_bhC__EaS4RB0mVgXcRfzg?authuser=0&hl=id&rclk=1","Pusat Jajanan IPB I Loji Sindang Barang Bogor","4,4","(89)","","","Makanan Kecil","·","·","Segera tutup","· 21.00 · Buka Sel pukul 06.00","https://lh3.googleusercontent.com/gps-cs-s/APNQkAHFX5II1ZqykHQuMQd6UFHy_Qxv7ZAyCUDluMDlw8Z-JvdPaf9aGcJ1bn4nywuuEEwJChoocvulw7Co8ANgENj2yfGPC_dxknABUTvnAkJ4BDHcGpEo0FPMsYCl_i94bl_-ndw=w122-h92-k-no","","Makan di tempat","","","","Jl. Harmonis, RT.02/RW.04",""
"https://www.google.com/maps/place/Warung+Mamak/data=!4m7!3m6!1s0x2e69c4b76294bca3:0x83035f14f038132c!8m2!3d-6.5587795!4d106.7330803!16s%2Fg%2F11fylww0j2!19sChIJo7yUYrfEaS4RLBM48BRfA4M?authuser=0&hl=id&rclk=1","Warung Mamak","4,5","(309)","·","Rp 1–25.000","Ayam","·","·","Buka","· Tutup pukul 22.00","https://lh3.googleusercontent.com/gps-cs-s/APNQkAFfbF6oLuvTudnRlNJVfJtZ3XwwmfGBVtW3t0V8eMhy2e8w1eWkVWVZxZrTNAvEwsB8Z03CSJbRESG5sE3bN-Cu2eCtZxScBp5LCyc9X5E8PRyislbQMA3yBuEmJ2Trwl1EMzI4=w122-h92-k-no","https://ssl.gstatic.com/local/servicebusiness/default_user.png","""Mayans, ayamnya berasa dihancurinnya sampe halus wkkwk.""","","","","Jl. Babakan Tengah No.29",""
"https://www.google.com/maps/place/RM.+Khas+Sunda+Ibu+Ubed/data=!4m7!3m6!1s0x2e69c4b83446f7ef:0xe1989d389ca8e38!8m2!3d-6.5634086!4d106.7251785!16s%2Fg%2F11bc7s594l!19sChIJ7_dGNLjEaS4ROI7KidOJGQ4?authuser=0&hl=id&rclk=1","RM. Khas Sunda Ibu Ubed","4,5","(113)","·","Rp 25–50 rb","Sunda","·","Jl. Raya Cibungbulang - Bogor No.137","Segera tutup","· 21.00 · Buka Sel pukul 09.00","https://lh3.googleusercontent.com/gps-cs-s/APNQkAGMg4V-qbYNbhJJFtKcr8W1LTA7sCQIJ_YlCNOOnwqq-eELT8UU5Im6zaExIin2AG3L8MoiAY8ubhhcAGLlJGDcGk-Fv8SPuCyxaGRTLfODnuNq8KipXZxnbDrxMiFh_vzZpHg4=w122-h92-k-no","https://ssl.gstatic.com/local/servicebusiness/default_user.png","""Mungkin ke depanny bisa dibuat papan menu beserta hargany.""","","","","",""
"https://www.google.com/maps/place/Restoran+Fatimah+Bogor/data=!4m7!3m6!1s0x2e69c4f2a983f63f:0x1682be6bb9a24096!8m2!3d-6.5683074!4d106.7587399!16s%2Fg%2F11f5dywb8c!19sChIJP_aDqfLEaS4RlkCiuWu-ghY?authuser=0&hl=id&rclk=1","Restoran Fatimah Bogor","4,6","(443)","·","Rp 25–50 rb","Indonesia","·","Jl. KH. R. Abdullah Bin Nuh No.23, RT.01/RW.01","Tutup","· Buka Sel pukul 09.00","https://lh3.googleusercontent.com/gps-cs-s/APNQkAFloCVUM6zaNezyMya6ZTzs2RuaOpzZBv72iL6fsdOSEN-XY_ZLM93mrC-zAD4lsWF_F9O1mt3D7EM6H170Q9_xtADyxkLIy_M6lsqAVVLbTKtLARxGWO-8Z6kR-8QGGp6Mz6ew=w92-h92-k-no","https://ssl.gstatic.com/local/servicebusiness/default_user.png","""THE BEST BANGET","","","","",""
"https://www.google.com/maps/place/Kluwih+Sunda+Authentic/data=!4m7!3m6!1s0x2e69c5dc120272b5:0xa60f986acaaa4b3a!8m2!3d-6.6029521!4d106.8109593!16s%2Fg%2F11c6rj24zl!19sChIJtXICEtzFaS4ROkuqymqYD6Y?authuser=0&hl=id&rclk=1","Kluwih Sunda Authentic","4,4","(12.160)","·","$$","Sunda","·","·","Segera tutup","· 21.00 · Buka Sel pukul 11.00","https://lh3.googleusercontent.com/gps-cs-s/APNQkAGyS9a-2sRWFeOr3ulh2tGJJKKyvwTFAcdMPx2RVDr9FWW78vsckEEfjFZ8ZJEo8_EsCCkYUeMaIngidjx1BF_95FwOqC_sMBQoszQ0imMgMILB4dYdAjx2_k-56ydPGareK5x-=w122-h92-k-no","https://ssl.gstatic.com/local/servicebusiness/default_user.png","""Good food and good service.""","","","","Jl. Bina Marga No.12, RT.04/RW.11",""
"https://www.google.com/maps/place/Cyrano+Korean+Cafe/data=!4m7!3m6!1s0x2e69c5c2215880d1:0xeb706e36d0e3cac4!8m2!3d-6.6060121!4d106.8006501!16s%2Fg%2F11btww42nm!19sChIJ0YBYIcLFaS4RxMrj0DZucOs?authuser=0&hl=id&rclk=1","Cyrano Korean Cafe","4,5","(1.382)","·","Rp 25–50 rb","Korea","·","·","Tutup","· Buka Sel pukul 11.00","https://lh3.googleusercontent.com/gps-cs-s/APNQkAGzKJUyiFJaQXYZyshQRAzjOTY1iGe8oVESMF1QoTghORsc4qDVUIEvABpia7_5fMv9XBH50wz5p9o3DUJYcP5pojjmd8O1GlpEdpGA-lj_cgAx3hXNyk7AEsqcd4e0d-BgQFa_cA=w137-h92-k-no","https://ssl.gstatic.com/local/servicebusiness/default_user.png","""Menu food ok, drink ok.""","https://www.google.com/searchviewer/42?cvd=CLw_EicKJeICIjIgEhkiF9LX29IPEQoNL2cvMTFidHd3NDJubRgBOgMI8A0%3D&hl=id-ID&gl=id&fo_m=MfohQo559jFvMUOzJVpjPL1YMfZ3bInYwBDuMfaXTPp5KXh-&utm_source=tactile&gei=y6P4ae2mLsWMseMPj_3jwAI&ei=y6P4ae2mLsWMseMPj_3jwAI&fo_s=OA&opi=79508299&orderType=1&ebb=1&cs=0&foub=mcpp","Pesan online","","Jl. Suryakencana No.126, RT.01/RW.02",""
"https://www.google.com/maps/place/Sate+Kambing+%26+Ayam+Bara+%28IPB%29/data=!4m7!3m6!1s0x2e69c4b1a9d26949:0xba25ef291615383b!8m2!3d-6.5611798!4d106.7317456!16s%2Fg%2F11cn6mkj8w!19sChIJSWnSqbHEaS4ROzgVFinvJbo?authuser=0&hl=id&rclk=1","Sate Kambing & Ayam Bara (IPB)","4,3","(25)","","","Sate","·","·","Buka","· Tutup pukul 23.00","https://lh3.googleusercontent.com/gps-cs-s/APNQkAEMNBOXiKBvWUbCB1DCki74IfulHW0Itg2HW7SzUV4Ytk6Ldgg09af8L2maZApqsKCsbH4g-s6K4OiXUIVUzzPB9i9CUXJ1Irz6RtxqhJ4ik_VAnR4Nyy9mE6AsN7iAL_9vFJvO=w122-h92-k-no","https://ssl.gstatic.com/local/servicebusiness/default_user.png","""Dan nyimpen nya ngga di freezer.""","","","","Jl. Babakan Raya Blok Bara 4 No.154",""
"https://www.google.com/maps/place/Kantin+Dilla/data=!4m7!3m6!1s0x2e69c4b1c44ab7b3:0xae946a4b9c6a9602!8m2!3d-6.5594906!4d106.7313601!16s%2Fg%2F11b6dp9h5_!19sChIJs7dKxLHEaS4RApZqnEtqlK4?authuser=0&hl=id&rclk=1","Kantin Dilla","4,4","(21)","·","$","Rumah Makan","·","·","Segera tutup","· 21.00 · Buka Sel pukul 08.00","https://lh3.googleusercontent.com/gps-cs-s/APNQkAHgvjQYhwi5bkdxk95eOunLTWSwu_bXXvxoHTK_-PsEYava_Ba2gtZqMv6q_mT5JXy9LvlndUwMu_H3VMZHEp2wJsY75hBUrkRbK_VsIoSM5_IZrpaW3XpjyqvFrPrOzfK8r45W4w=w122-h92-k-no","https://ssl.gstatic.com/local/servicebusiness/default_user.png","""Saya hampir setiap hari sarapan dan makan malam di Kantin Dilla.""","","","","IPB Darmaga, Jl. Babakan Raya No.102",""
"https://www.google.com/maps/place/Kopicentrum+Gedung+Alumni+IPB/data=!4m7!3m6!1s0x2e69c5b00efb42f7:0x403fc07d6f34e60f!8m2!3d-6.602597!4d106.8060551!16s%2Fg%2F11t8lp3sqh!19sChIJ90L7DrDFaS4RD-Y0b33AP0A?authuser=0&hl=id&rclk=1","Kopicentrum Gedung Alumni IPB","4,5","(117)","·","Rp 25–50 rb","Kedai Kopi","·","Jalan Padjajaran, Pabuaran, RT.04/RW.05","Buka","· Tutup pukul 22.00","https://lh3.googleusercontent.com/gps-cs-s/APNQkAGPm04k2TiEbaO3sBbQXbojksjC3VHfSyCZ5W6iSBW9zx3AuRdT6jmaqXqC3oCeRTouQeFmTRjBJ6MQVaoKPYIzSR5Bh7ocz24igjPQdyhUdd2SLLI02zNLsHHgjp0o5WfzEnTA8Q=w80-h92-k-no","https://ssl.gstatic.com/local/servicebusiness/default_user.png","""Nasi goreng seafood-nya enak banget!""","https://www.google.com/searchviewer/42?cvd=CLw_EicKJeICIjIgEhkiF9LX29IPEQoNL2cvMTF0OGxwM3NxaBgBOgMI8A0%3D&hl=id-ID&gl=id&fo_m=MfohQo559jFvMUOzJVpjPL1YMfZ3bInYwBDuMfaXTPp5KXh-&utm_source=tactile&gei=y6P4ae2mLsWMseMPj_3jwAI&ei=y6P4ae2mLsWMseMPj_3jwAI&fo_s=OA&opi=79508299&orderType=1&ebb=1&cs=0&foub=mcpp","Pesan online","","",""
"https://www.google.com/maps/place/Sangra+Coffee/data=!4m7!3m6!1s0x2e69c5004789f8b5:0xce1720dc7e9942bb!8m2!3d-6.6020836!4d106.8058073!16s%2Fg%2F11z65q4k6r!19sChIJtfiJRwDFaS4Ru0KZftwgF84?authuser=0&hl=id&rclk=1","Sangra Coffee","5,0","(4)","","","Restoran","·","Kampus IPB, Jl. Raya Pajajaran No.1, RT.02/RW.05","Tutup","· Buka Sel pukul 10.00","https://lh3.googleusercontent.com/gps-cs-s/APNQkAHwz9ZGj-yENAnvEmm1q9T1wmExsQAENi83xI-wYS5zuj-XHYVi8oqxko7bpgMgvRrhtS1a6saQr1tWwDeZFkIPB-0pnZtUp-jZG06rlOZGTsvW2-u54eNUrLmbCankJHLGq7glIBA2I_pS=w80-h106-k-no","","","","","","",""
"https://www.google.com/maps/place/Jelly+Potter+Kampus+IPB+Dramaga/data=!4m7!3m6!1s0x2e69c567789fea0b:0x2b6c6a86c0165fc1!8m2!3d-6.5615454!4d106.7307615!16s%2Fg%2F11h4d6tj98!19sChIJC-qfeGfFaS4RwV8WwIZqbCs?authuser=0&hl=id&rclk=1","Jelly Potter Kampus IPB Dramaga","4,7","(89)","","","Kafe","·","Jl. Babakan Tengah No.25, RT.2/RW.08","Segera tutup","· 21.00 · Buka Sel pukul 09.00","https://lh3.googleusercontent.com/gps-cs-s/APNQkAEDzEpAUo1wspInP84W5xqgTJi5QVEyE6oXdWQBdXpILz_IpGXIDzI9a0pKrXq2BKOw3S7EbUxrdWViuS7O2TDcpL17cNHXg9UZ7fUOYiTP8e-MS6s5VFDO37yWACs1QoN82OHs=w122-h92-k-no","","Makan di tempat","","","","",""
"https://www.google.com/maps/place/SAUNG+PAK+EWOK/data=!4m7!3m6!1s0x2e69c4332a60d2e3:0x677b65157360c51d!8m2!3d-6.5990816!4d106.8069985!16s%2Fg%2F11gzp0xjj!19sChIJ49JgKjPEaS4RHcVgcxVle2c?authuser=0&hl=id&rclk=1","SAUNG PAK EWOK","4,5","(6.316)","·","Rp 25–50 rb","Restoran","·","·","Segera tutup","· 21.00 · Buka Sel pukul 10.00","https://lh3.googleusercontent.com/gps-cs-s/APNQkAF0Ey-T0UJ8aQ6ogFbIzVQQcqrXzvw8Xbw75kD5xqzbNcslUb-YUSStmjxINJoc_heRHsvvlVmkUEhVZYYeXKYFprp9NFsYYcnkZDobpRep6fj2_jEr8_9i7IvfdVkJqHMQoxX5=w122-h92-k-no","https://ssl.gstatic.com/local/servicebusiness/default_user.png","""Dari apptizer, main course dan dessert.""","https://www.google.com/searchviewer/42?cvd=CLw_EiYKJOICITIfEhgiFtLX29IPEAoML2cvMTFnenAweGpqGAA6AwjwDQ%3D%3D&hl=id-ID&gl=id&fo_m=MfohQo559jFvMUOzJVpjPL1YMfZ3bInYwBDuMfaXTPp5KXh-&utm_source=tactile&gei=y6P4ae2mLsWMseMPj_3jwAI&ei=y6P4ae2mLsWMseMPj_3jwAI&fo_s=OA&opi=79508299&ebb=1&cs=0&foub=mcpp","Pesan online","","Jl. Prof. DR. H. Andi Hakim Nasoetion, RT.02/RW.05",""
"https://www.google.com/maps/place/Hofland+Cafe+and+Resto+Bogor/data=!4m7!3m6!1s0x2e69c5949f42b963:0x448505b8cf25c1cd!8m2!3d-6.5690879!4d106.8048275!16s%2Fg%2F11jn4vcmr1!19sChIJY7lCn5TFaS4RzcElz7gFhUQ?authuser=0&hl=id&rclk=1","Hofland Cafe and Resto Bogor","4,6","(397)","·","Rp 50–75 rb","Restoran","·","Jl. A. Yani No.2, RT.01/RW.05","Buka","· Tutup pukul 22.00","https://lh3.googleusercontent.com/gps-cs-s/APNQkAG_41HbfuYew8qS7Q7gSRR5nT2wjJECPBtSxKIQI1WGP8NEdmOfwxj8LN6l2TcWvw0NsQVDlAPIHieghHdVv_benmxcganR4h3VCl-XvpashqhVWmtlp1Mjarmo3uE8gFRbxzPY4A=w122-h92-k-no","https://ssl.gstatic.com/local/servicebusiness/default_user.png","""Menu bervariasi.""","https://www.google.com/searchviewer/42?cvd=CLw_EicKJeICIjIgEhkiF9LX29IPEQoNL2cvMTFqbjR2Y21yMRgAOgMI8A0%3D&hl=id-ID&gl=id&fo_m=MfohQo559jFvMUOzJVpjPL1YMfZ3bInYwBDuMfaXTPp5KXh-&utm_source=tactile&gei=y6P4ae2mLsWMseMPj_3jwAI&ei=y6P4ae2mLsWMseMPj_3jwAI&fo_s=OA&opi=79508299&ebb=1&cs=0&foub=mcpp","Pesan online","","",""
"https://www.google.com/maps/place/Kedai+Kita/data=!4m7!3m6!1s0x2e69c5dd8d8c7db9:0x1f0b8c02eec03e19!8m2!3d-6.6065627!4d106.8103217!16s%2Fg%2F11b7ztv96f!19sChIJuX2Mjd3FaS4RGT7A7gKMCx8?authuser=0&hl=id&rclk=1","Kedai Kita","4,5","(5.667)","·","Rp 50–75 rb","Pizza","·","·","Buka","· Tutup pukul 22.00","https://lh3.googleusercontent.com/gps-cs-s/APNQkAGX2oXh4T3szCAnr3tRrylagPff7mnVg8B8edZgXvnNDi_az_rv1ksP1k70ocsWLpMJdVMpvo43t5vMwEhMwCJ7GVd6svuvTegbtf2pM3qtpCxJJHt26iMPbHe0ZaPV4pvCtoajTQ=w122-h92-k-no","https://ssl.gstatic.com/local/servicebusiness/default_user.png","""Mantap, coba pizza margarita.""","https://www.google.com/searchviewer/42?cvd=CLw_EicKJeICIjIgEhkiF9LX29IPEQoNL2cvMTFiN3p0djk2ZhgBOgMI8A0%3D&hl=id-ID&gl=id&fo_m=MfohQo559jFvMUOzJVpjPL1YMfZ3bInYwBDuMfaXTPp5KXh-&utm_source=tactile&gei=y6P4ae2mLsWMseMPj_3jwAI&ei=y6P4ae2mLsWMseMPj_3jwAI&fo_s=OA&opi=79508299&orderType=1&ebb=1&cs=0&foub=mcpp","Pesan online","","Jl. Kantor. Pos No.3, RT.04/RW.11",""
"https://www.google.com/maps/place/Hodtang+IPB+Dramaga+Bogor/data=!4m7!3m6!1s0x2e69c5004cf10149:0x447d618dbc40dc60!8m2!3d-6.5595582!4d106.7315444!16s%2Fg%2F11vsz590rh!19sChIJSQHxTADFaS4RYNxAvI1hfUQ?authuser=0&hl=id&rclk=1","Hodtang IPB Dramaga Bogor","5,0","(1)","","","Korea","·","CPRJ+5JF, Jl. Babakan Raya","","","https://lh3.googleusercontent.com/gps-cs-s/APNQkAGBHJDA_ouARcXfPGrXEQ_gPGVDO48-a8RnuFA3ETeRVAVFyAvjikmaVmgV4_rNo5FPpVWsvEVNDHXMz6jLQ3JJ3wbHBtlXEKK6sjo2QttvTZ37E7G7y_DUsCix19StRbTfYugSGQ=w80-h106-k-no","","Makan di tempat","","","","",""
"https://www.google.com/maps/place/Genus+Coffee+%26+Boutique/data=!4m7!3m6!1s0x2e69c52940856c0d:0x487d22e2073feec4!8m2!3d-6.5611108!4d106.7494972!16s%2Fg%2F11scn63mr5!19sChIJDWyFQCnFaS4RxO4_B-IifUg?authuser=0&hl=id&rclk=1","Genus Coffee & Boutique","4,8","(763)","·","Rp 25–50 rb","Restoran","·","Jl. Raya Cifor No.8, RT.01/RW.05","Buka","· Tutup pukul 23.00","https://lh3.googleusercontent.com/gps-cs-s/APNQkAHpYFZhz9L9DmVFR9LmnPHSjzXKIp3ayW3ikMg3umv2T5-XvDDg2goiVlT7b3XiI9hIOd1QCJS2BblmGf7pIA3B41NlorKpEDBIXI-HcKoCRlduK20jCnZlPMLr9jWuoGxKnic5Y7JNlyE=w80-h142-k-no","https://ssl.gstatic.com/local/servicebusiness/default_user.png","""Dari appetizer sampe dessert, dan makanannya enak-enak!""","https://www.google.com/searchviewer/42?cvd=CLw_EicKJeICIjIgEhkiF9LX29IPEQoNL2cvMTFzY242M21yNRgBOgMI8A0%3D&hl=id-ID&gl=id&fo_m=MfohQo559jFvMUOzJVpjPL1YMfZ3bInYwBDuMfaXTPp5KXh-&utm_source=tactile&gei=y6P4ae2mLsWMseMPj_3jwAI&ei=y6P4ae2mLsWMseMPj_3jwAI&fo_s=OA&opi=79508299&orderType=1&ebb=1&cs=0&foub=mcpp","Pesan online","","",""
"https://www.google.com/maps/place/Preksu+IPB/data=!4m7!3m6!1s0x2e69c58dc788364d:0x22d587028b6e98a8!8m2!3d-6.5585874!4d106.7357!16s%2Fg%2F11z5ldhl4_!19sChIJTTaIx43FaS4RqJhuiwKH1SI?authuser=0&hl=id&rclk=1","Preksu IPB","5,0","(1)","","","Restoran","·","Jl. Balebabak Jaya No.5, RT.04/RW.06","","","https://lh3.googleusercontent.com/gps-cs-s/APNQkAFodvmFOi1bOuE0NxVdObOYl3IgHjIysFC7jKNrjKEnnKXtcVC580X6RmQ4S3K0WlIrzJbEnL_qTLGK09-HUqBYdVI1hqLfw00KI3GCnjIbZ82MnAEoAbM1rSfGG9w6_cYUcplK2UB2EC84=w80-h106-k-no","","","https://www.google.com/searchviewer/42?cvd=CLw_EicKJeICIjIgEhkiF9LX29IPEQoNL2cvMTF6NWxkaGw0XxgBOgMI8A0%3D&hl=id-ID&gl=id&fo_m=MfohQo559jFvMUOzJVpjPL1YMfZ3bInYwBDuMfaXTPp5KXh-&utm_source=tactile&gei=y6P4ae2mLsWMseMPj_3jwAI&ei=y6P4ae2mLsWMseMPj_3jwAI&fo_s=OA&opi=79508299&orderType=1&ebb=1&cs=0&foub=mcpp","Pesan online","","",""
"https://www.google.com/maps/place/KALIALAS+Riverside/data=!4m7!3m6!1s0x2e69c5c93a5665c3:0x71b50e33ae460077!8m2!3d-6.5558548!4d106.7422464!16s%2Fg%2F11m62xj_yr!19sChIJw2VWOsnFaS4RdwBGrjMOtXE?authuser=0&hl=id&rclk=1","KALIALAS Riverside","4,4","(388)","·","Rp 50–75 rb","Restoran","·","Sepintu Forest, Jl. Alternatif IPB Jl. Cilubang Mekar, RT.01/RW.04","Segera tutup","· 21.00 · Buka Sel pukul 09.00","https://lh3.googleusercontent.com/gps-cs-s/APNQkAE6u-yvM2U8kNdhIk4gQ7dlXImJHg-l5tIVs6RbTE19-PqDmzWG5Vo46yhthOrgU-tMJapkM52rSOhPLq_VdiQto1QbjZn9TI9Af7mmoVPL8o6ZlyI8ZuUaR2TyxTrI8iiIA2lf_brUDYA=w80-h142-k-no","https://ssl.gstatic.com/local/servicebusiness/default_user.png","""pizza-nya juga outstanding.""","","","","",""
"https://www.google.com/maps/place/Fat+Bubble/data=!4m7!3m6!1s0x2e69c5cdde7ccf6d:0x92e01c332b541117!8m2!3d-6.591845!4d106.804462!16s%2Fg%2F11c44qhdqg!19sChIJbc983s3FaS4RFxFUKzMc4JI?authuser=0&hl=id&rclk=1","Fat Bubble","4,6","(5.838)","·","Rp 50–75 rb","Hidangan Penutup","·","Jl. Raya Pajajaran No.24, RT.01/RW.04","Buka","· Tutup pukul 22.00","https://lh3.googleusercontent.com/gps-cs-s/APNQkAE9MgtGZ79l94HY1lu__z0pj7yxUoS3Fu4uNFx5RqHsX9wwjDmPujt8LMalB5LuQqgx-qMrx9cbGKH7RbsucuqoOwOTFpO52Rbeao-tads_pHJ0DBkfs3N_w2-6xyAAXA94KJs=w122-h92-k-no","https://ssl.gstatic.com/local/servicebusiness/default_user.png","""Delicious food, nice dessert.""","https://www.google.com/searchviewer/42?cvd=CLw_EicKJeICIjIgEhkiF9LX29IPEQoNL2cvMTFjNDRxaGRxZxgBOgMI8A0%3D&hl=id-ID&gl=id&fo_m=MfohQo559jFvMUOzJVpjPL1YMfZ3bInYwBDuMfaXTPp5KXh-&utm_source=tactile&gei=y6P4ae2mLsWMseMPj_3jwAI&ei=y6P4ae2mLsWMseMPj_3jwAI&fo_s=OA&opi=79508299&orderType=1&ebb=1&cs=0&foub=mcpp","Pesan online","","",""
"https://www.google.com/maps/place/KOLONI+Food+%26+Space/data=!4m7!3m6!1s0x2e69c50b91dce40f:0x8ea4fba7d9468962!8m2!3d-6.5541926!4d106.7486066!16s%2Fg%2F11s5w47xhp!19sChIJD-TckQvFaS4RYolG2af7pI4?authuser=0&hl=id&rclk=1","KOLONI Food & Space","4,3","(269)","·","Rp 25–50 rb","Kedai Kopi","·","CPWX+8CH, RT.01/RW.03","Tutup","· Buka Sel pukul 09.00","https://lh3.googleusercontent.com/gps-cs-s/APNQkAGO2FBEkeGOCuwHLp6fDH73WsyWKIMSHbcAd-wDnLfN6-2kjN5Jy6X6lUBp7-BzdDssM_I3IAAaZy943CSHGrKBlqHEcC46iSFw1rTJQdCg6O1NQJHj4VpJFlzflJJT9Ej02uCU=w80-h106-k-no","https://ssl.gstatic.com/local/servicebusiness/default_user.png","""Oh ya, tapi masih kurang menu dessertnya.""","","","","",""