"hfpxzc href","qBF1Pd","MW4etd","UY7F9","AJB7ye","AJB7ye 2","W4Efsd","W4Efsd 2","W4Efsd 3","W4Efsd 4","W4Efsd 5","FQ2IWe src","Jn12ke src","ah5Ghc","ah5Ghc 2","ah5Ghc 3","A1zNzb href","J8zHNe","bbPy1"
"","","","","","","","","","","","","","","","","","",""
"","","","","","","","","","","","","","","","","","",""
"https://www.google.com/maps/place/Kuppic+Gelato/data=!4m7!3m6!1s0x2e69c522cb52172d:0x6bd2a9a30a047378!8m2!3d-6.6081977!4d106.802469!16s%2Fg%2F11gl35_zvb!19sChIJLRdSyyLFaS4ReHMECqOp0ms?authuser=0&hl=id&rclk=1","Kuppic Gelato","4,4","(618)","·","$","Es Krim","·","Jl. Suryakencana No.204, RT.02/RW.03","Tutup","· Buka Sel pukul 10.00","https://lh3.googleusercontent.com/gps-cs-s/APNQkAGufmhCAL3IsN84wgVObzFLMry7z_Sob3RdovSKSntkYLcYKbxvJSemnW56qx4jbRlmQNfZo_a3kzY0ITAmni5EHMfHnTS308cwZDaaNjGzvnE1ljkhq82w-8buNe_Ck_7mi2Vi=w92-h92-k-no","https://ssl.gstatic.com/local/servicebusiness/default_user.png","""... gelatonya enak creamy tapi teksturnya lebih mendekati","es krim",".""","","",""
"https://www.google.com/maps/place/Natsu+Japanese+Ice+Cream+%26+Coffee+-+Dramaga+Bogor/data=!4m7!3m6!1s0x2e69c5071b013249:0x6927800b026a6149!8m2!3d-6.5597361!4d106.735501!16s%2Fg%2F11l_5057rf!19sChIJSTIBGwfFaS4RSWFqAguAJ2k?authuser=0&hl=id&rclk=1","Natsu Japanese Ice Cream & Coffee - Dramaga Bogor","4,8","(27)","·","Rp 1–25.000","Kedai Kopi","·","Jl. Sawah Baru No.14, RT.02/RW.09, Balungbangjaya, Kec. Bogor Bar, RT.01/RW.09","Segera tutup","· 21.00 · Buka Sel pukul 09.00","https://lh3.googleusercontent.com/gps-cs-s/APNQkAEgSXn3iSTRgSWXLfxfIkP2XPvHg_fsXSRHnSeiA_c0gEjLYly10xsfQO_DuXn3OKXCOqSoFY43-q-Sfte0tnOci8mVPDOSsfyOUrOJlocuQwYbUVnycDzNcd-kbg1BrVU_sgSifJ58hazG=w80-h106-k-no","https://ssl.gstatic.com/local/servicebusiness/default_user.png","""","Es","krimnya lembut, teksturnya kyk agak tebel.""","https://www.google.com/searchviewer/42?cvd=CLw_EicKJeICIjIgEhkiF9LX29IPEQoNL2cvMTFsXzUwNTdyZhgBOgMI8A0%3D&hl=id-ID&gl=id&fo_m=MfohQo559jFvMUOzJVpjPL1YMfZ3bInYwBDuMfaXTPp5KXh-&utm_source=tactile&gei=kaT4aabHK_yxwcsPjv6Q2Aw&ei=kaT4aabHK_yxwcsPjv6Q2Aw&fo_s=OA&opi=79508299&orderType=1&ebb=1&cs=0&foub=mcpp","Pesan online",""
"https://www.google.com/maps/place/Ice+Cream+Pa+Doto/data=!4m7!3m6!1s0x2e69c5fcd02b7751:0xa92bc98c3a203042!8m2!3d-6.6178721!4d106.8142145!16s%2Fg%2F11fxzq_1cb!19sChIJUXcr0PzFaS4RQjAgOozJK6k?authuser=0&hl=id&rclk=1","Ice Cream Pa Doto","4,6","(367)","·","$","Es Krim","·","·","Tutup","· Buka Sel pukul 11.30","https://lh3.googleusercontent.com/gps-cs-s/APNQkAEPgheZJTJZ3YZ63-QK0prIcf4YEeTEoSfDgxfScAuF3jdvV6O17S4R_7m7040COh9Z5vr_qbdkYPcxCjp0UqpHADbC7p2C9S85PpbQYOUKYaMvxOxvbKD9U4LPx_OuJjxFGSlOVw=w80-h106-k-no","https://ssl.gstatic.com/local/servicebusiness/default_user.png","""Suka yang","es krim","coklat pakai roti karena saya bukan pecinta durian.""","","",""
"https://www.google.com/maps/place/Momoyo+Ciluar+Bogor/data=!4m7!3m6!1s0x2e69c7dada8ea3c7:0xfcb1c02d5a2d4b8e!8m2!3d-6.5477422!4d106.8230804!16s%2Fg%2F11v08895ts!19sChIJx6OO2trHaS4RjkstWi3Asfw?authuser=0&hl=id&rclk=1","Momoyo Ciluar Bogor","4,8","(554)","","","Es Krim","·","·","Buka","· Tutup pukul 22.00","https://lh3.googleusercontent.com/gps-cs-s/APNQkAH4psDWtR95Dp_DMTna6iq0TfYmCNjYqbPB9dydzUUh_Sgwi9BfzBUluYu2XcBa2--s9Ku3eO2cbnDpWPlCmaoLm8X32C3_T-Nps8WjpdGDeSVfjpJHpmZBTaD3UctGB4VespoR=w80-h142-k-no","https://ssl.gstatic.com/local/servicebusiness/default_user.png","""","Es","krimnya enak, tempatnya cozy good recomend""","https://www.google.com/searchviewer/42?cvd=CLw_EicKJeICIjIgEhkiF9LX29IPEQoNL2cvMTF2MDg4OTV0cxgBOgMI8A0%3D&hl=id-ID&gl=id&fo_m=MfohQo559jFvMUOzJVpjPL1YMfZ3bInYwBDuMfaXTPp5KXh-&utm_source=tactile&gei=kaT4aabHK_yxwcsPjv6Q2Aw&ei=kaT4aabHK_yxwcsPjv6Q2Aw&fo_s=OA&opi=79508299&orderType=1&ebb=1&cs=0&foub=mcpp","Pesan online",""
"https://www.google.com/maps/place/Es+Krim+Indonesia+-+Ciomas/data=!4m7!3m6!1s0x2e69c5549846501b:0x74e13cc3efbf9390!8m2!3d-6.601287!4d106.777844!16s%2Fg%2F11vyx46nxs!19sChIJG1BGmFTFaS4RkJO_78M84XQ?authuser=0&hl=id&rclk=1","Es Krim Indonesia - Ciomas","4,9","(28)","","","Es Krim","·","Sebelah Laundry Aulia, Jl. Raya Ciomas No.04, RT.01/RW.01","Segera tutup","· 21.00 · Buka Sel pukul 10.00","https://lh3.googleusercontent.com/gps-cs-s/APNQkAGo8oxFjRZrvZ2JdzfqZbQUEw1knH_PpP_UPjDflnFcmLC2qil4os-VZHDT8BA03T-HWZ5bqwV1hGxHtIZOcWxzMiwsABjW8d0QDj63-baE-v5WUSRFBZTzdqUnGozo4fxPxgAU=w80-h106-k-no","https://ssl.gstatic.com/local/servicebusiness/default_user.png","""","Es","krimnya enak, lembut, dan ada biskuitnya di dasar cupnya.""","https://www.google.com/searchviewer/42?cvd=CLw_EicKJeICIjIgEhkiF9LX29IPEQoNL2cvMTF2eXg0Nm54cxgBOgMI8A0%3D&hl=id-ID&gl=id&fo_m=MfohQo559jFvMUOzJVpjPL1YMfZ3bInYwBDuMfaXTPp5KXh-&utm_source=tactile&gei=kaT4aabHK_yxwcsPjv6Q2Aw&ei=kaT4aabHK_yxwcsPjv6Q2Aw&fo_s=OA&opi=79508299&orderType=1&ebb=1&cs=0&foub=mcpp","Pesan online",""
"https://www.google.com/maps/place/Soft+Ice+Cream+SiBunda/data=!4m7!3m6!1s0x2e69c5e51308bd6d:0xa5ed7c2965f631f8!8m2!3d-6.5770771!4d106.7446752!16s%2Fg%2F11h59r_613!19sChIJbb0IE-XFaS4R-DH2ZSl87aU?authuser=0&hl=id&rclk=1","Soft Ice Cream SiBunda","4,7","(26)","","","Es Krim","","","Tutup","· Buka Sel pukul 08.30","https://lh3.googleusercontent.com/gps-cs-s/APNQkAFOClYAJoh-q0zVKumUDsdQT7rwIDBrz3plNM51mJauMkbQ7BNtF7xnF9K-0S5VCE3CnPq5i7IL54xWyT703NT8AfAsV8U2pgMk8Bfvzcj6qCn037IX22fVzRWi3izzEuUbfb0=w80-h169-k-no","https://ssl.gstatic.com/local/servicebusiness/default_user.png","""","Es","krimnya enak & harga nya pas!""","https://www.google.com/searchviewer/42?cvd=CLw_EicKJeICIjIgEhkiF9LX29IPEQoNL2cvMTFoNTlyXzYxMxgBOgMI8A0%3D&hl=id-ID&gl=id&fo_m=MfohQo559jFvMUOzJVpjPL1YMfZ3bInYwBDuMfaXTPp5KXh-&utm_source=tactile&gei=kaT4aabHK_yxwcsPjv6Q2Aw&ei=kaT4aabHK_yxwcsPjv6Q2Aw&fo_s=OA&opi=79508299&orderType=1&ebb=1&cs=0&foub=mcpp","Pesan online",""
"https://www.google.com/maps/place/Mixue+Semplak+Bogor/data=!4m7!3m6!1s0x2e69c50e9b7c9753:0xaddd51b8f425ac2f!8m2!3d-6.5633073!4d106.7636332!16s%2Fg%2F11rqkvfwg8!19sChIJU5d8mw7FaS4RL6wl9LhR3a0?authuser=0&hl=id&rclk=1","Mixue Semplak Bogor","4,7","(553)","·","$","Es Krim","·","·","Buka","· Tutup pukul 23.00","https://lh3.googleusercontent.com/gps-cs-s/APNQkAGa2pkNBBPgpKG-gezJro8MBz8jcNJdLhLDPyfE9BFuFShakVnwOzntsk7TZr4FKSB1weF3J1Qw21ZGFkoDZJDs9yNrmKZCdPm9Xch3M4-JtpS2JZKfkwdNOCsXAbr0Nm8xuNl3hg=w80-h106-k-no","https://ssl.gstatic.com/local/servicebusiness/default_user.png","""","Es","krimnya enak,soft and milky banget""","https://www.google.com/searchviewer/42?cvd=CLw_EicKJeICIjIgEhkiF9LX29IPEQoNL2cvMTFycWt2ZndnOBgBOgMI8A0%3D&hl=id-ID&gl=id&fo_m=MfohQo559jFvMUOzJVpjPL1YMfZ3bInYwBDuMfaXTPp5KXh-&utm_source=tactile&gei=kaT4aabHK_yxwcsPjv6Q2Aw&ei=kaT4aabHK_yxwcsPjv6Q2Aw&fo_s=OA&opi=79508299&orderType=1&ebb=1&cs=0&foub=mcpp","Pesan online",""
"https://www.google.com/maps/place/Loukoumanna+-+Greek+Donuts+and+Gelato+Bogor/data=!4m7!3m6!1s0x2e69c53b6a6dbb2b:0x10926171e78167b5!8m2!3d-6.6061181!4d106.8115768!16s%2Fg%2F11pbhgnh99!19sChIJK7ttajvFaS4RtWeB53FhkhA?authuser=0&hl=id&rclk=1","Loukoumanna - Greek Donuts and Gelato Bogor","4,7","(65)","","","Es Krim","·","Jl. Ciheuleut No.10, RT.04/RW.11","Tutup","· Buka Sel pukul 13.00","https://lh3.googleusercontent.com/gps-cs-s/APNQkAE-HbURorGrXqXywwT_cNOPDnxuPQ6Gl-xFtG-ysemk_e9dxwOUz8uWdmitlBWwx_H3azuTRpcEkBBg4zWz5mmGSA_KIRmIeEIqY4VP7QDtOB2dQuz8DyQ4As0YY8nvSW46fRmEUQ=w122-h92-k-no","https://ssl.gstatic.com/local/servicebusiness/default_user.png","""Tempatnya bersih, pelayanan baik, pilihan gelatonya banyak, rasanya enak.""","","","https://www.google.com/searchviewer/42?cvd=CLw_EicKJeICIjIgEhkiF9LX29IPEQoNL2cvMTFwYmhnbmg5ORgBOgMI8A0%3D&hl=id-ID&gl=id&fo_m=MfohQo559jFvMUOzJVpjPL1YMfZ3bInYwBDuMfaXTPp5KXh-&utm_source=tactile&gei=kaT4aabHK_yxwcsPjv6Q2Aw&ei=kaT4aabHK_yxwcsPjv6Q2Aw&fo_s=OA&opi=79508299&orderType=1&ebb=1&cs=0&foub=mcpp","Pesan online",""
"https://www.google.com/maps/place/Mixue+Dramaga/data=!4m7!3m6!1s0x2e69c5cdd5ef41d3:0x76b247465325ff02!8m2!3d-6.5682927!4d106.7380361!16s%2Fg%2F11s8mry2jx!19sChIJ00Hv1c3FaS4RAv8lU0ZHsnY?authuser=0&hl=id&rclk=1","Mixue Dramaga","4,4","(377)","·","$$","Es Krim","·","Jalan Raya Dramaga Km.8, Ruko No.16","Buka","· Tutup pukul 23.00","https://lh3.googleusercontent.com/gps-cs-s/APNQkAFL33rlmjO_OA0vW5uZFpsuIerJcDZ0tyGgA6UTlTP63cefh1VadtO_MLyOsd6GZKxF1Kj7O3rywplrEkeK2lftxwx_wOXKrjHWVHslz8HCVqCKqt3Sd093IV2TQ3wRlqbogAU1vg=w82-h92-k-no","https://ssl.gstatic.com/local/servicebusiness/default_user.png","""","Es","krimnya enak, pelayanannya cukup baik.""","https://www.google.com/searchviewer/42?cvd=CLw_EicKJeICIjIgEhkiF9LX29IPEQoNL2cvMTFzOG1yeTJqeBgBOgMI8A0%3D&hl=id-ID&gl=id&fo_m=MfohQo559jFvMUOzJVpjPL1YMfZ3bInYwBDuMfaXTPp5KXh-&utm_source=tactile&gei=kaT4aabHK_yxwcsPjv6Q2Aw&ei=kaT4aabHK_yxwcsPjv6Q2Aw&fo_s=OA&opi=79508299&orderType=1&ebb=1&cs=0&foub=mcpp","Pesan online",""
"https://www.google.com/maps/place/ICE+CREAM+BOGOR+%28Ice+cream+scoop+Bogor%29/data=!4m7!3m6!1s0x2e69c565fb7fb873:0xe295424fca627a82!8m2!3d-6.5816411!4d106.7268487!16s%2Fg%2F11zhln2f9l!19sChIJc7h_-2XFaS4Rgnpiyk9CleI?authuser=0&hl=id&rclk=1","ICE CREAM BOGOR (Ice cream scoop Bogor)","5,0","(2)","","","Es Krim","·","DelimaMountain View A2","","","https://lh3.googleusercontent.com/gps-cs-s/APNQkAF7HzlPIY8M7nwAA5XIzf3PZzsEOiu2_08qI-nnWBb6Tt0twcb0b0wEsKZb2hGmmLdQPQIfnlM9egXiEhPJwbhkKjqAO36OgDoNQamPc1JVFQOpne95Q3p48RTF1IsKbQOnesns5-LmauD-=w178-h92-k-no","","Bawa pulang","","","","",""
"https://www.google.com/maps/place/Ai-CHA+Ice+Cream+%26+Tea+X+Zhengda+-+Pandu+Raya/data=!4m7!3m6!1s0x2e69c527bac463c9:0xe3117ce13272b696!8m2!3d-6.5883625!4d106.8166547!16s%2Fg%2F11scqqx5wm!19sChIJyWPEuifFaS4RlrZyMuF8EeM?authuser=0&hl=id&rclk=1","Ai-CHA Ice Cream & Tea X Zhengda - Pandu Raya","4,6","(206)","","","Es Krim","·","Achmad Adnawijaya St No.147, Jl. Pandu Raya No.147, RT.03/RW.16","Buka","· Tutup pukul 22.00","https://lh3.googleusercontent.com/gps-cs-s/APNQkAEKHMb3zIJk5flMTJJDZxVaE36peA5vc-3gzMjOQi3QYBz4R-gGPH0FI4aUHlF3usvBrvOHnFFlbwP54wgPfUusegBprFedcZU0WwEv4o0hyIQdNw7W5-pZnwT33WE4a3zs4dZ2=w80-h106-k-no","https://ssl.gstatic.com/local/servicebusiness/default_user.png","""Layanannya nyaman","es krim","nya enak murah the bast""","https://www.google.com/searchviewer/42?cvd=CLw_EicKJeICIjIgEhkiF9LX29IPEQoNL2cvMTFzY3FxeDV3bRgBOgMI8A0%3D&hl=id-ID&gl=id&fo_m=MfohQo559jFvMUOzJVpjPL1YMfZ3bInYwBDuMfaXTPp5KXh-&utm_source=tactile&gei=kaT4aabHK_yxwcsPjv6Q2Aw&ei=kaT4aabHK_yxwcsPjv6Q2Aw&fo_s=OA&opi=79508299&orderType=1&ebb=1&cs=0&foub=mcpp","Pesan online",""
"https://www.google.com/maps/place/Espessia+Ice+Cream+IPB+Dramaga/data=!4m7!3m6!1s0x2e69c5ecbb7c780f:0x60ff3c1877cc2293!8m2!3d-6.5593905!4d106.7316748!16s%2Fg%2F11wjjlmzpq!19sChIJD3h8u-zFaS4RkyLMdxg8_2A?authuser=0&hl=id&rclk=1","Espessia Ice Cream IPB Dramaga","","","","","Es Krim","·","Jl. Babakan Raya","Tutup","· Buka Sel pukul 11.00","https://lh3.googleusercontent.com/gps-cs-s/APNQkAGLTVhdhToYZPlTyAm_pXXHt_53Wi3oijykR9yXnIFpwotadDpfLoHksdOMFaIrlK68NCsdLqbbKTgOQOece2dHrtfCJXZNwE78uCSj373vR2FmOE-0jvYku8kNU30dH-uV1nhM=w209-h92-k-no","","Bawa pulang","","","","",""
"https://www.google.com/maps/place/Ice+Cream+Baba+Arif+Ciapus/data=!4m7!3m6!1s0x2e69cf28be832e73:0xb57bfef8ef1c8284!8m2!3d-6.6405902!4d106.7776867!16s%2Fg%2F11pcnlq_b_!19sChIJcy6DvijPaS4RhIIc7_j-e7U?authuser=0&hl=id&rclk=1","Ice Cream Baba Arif Ciapus","5,0","(93)","","","Es Krim","·","Jl. Kp. Cimanglid","Tutup","· Buka Sel pukul 06.30","https://lh3.googleusercontent.com/gps-cs-s/APNQkAFlpD0t-HRMJIUZ7jrX5vDurRKwhlh6Ty4hEGnwb4XvxfGRLaha_3HQ8kgxQkBLJd1oizE3Jt6cQ3GMk22UnST-3TKTi_g7gAO-i54kGp4xwT11EboqaM_t0eHoIM1AykkF8kyX6hVZ3Y6j=w80-h106-k-no","https://ssl.gstatic.com/local/servicebusiness/default_user.png","""","Es","krimnya enak, murah anak2 suka sekali""","","",""
"https://www.google.com/maps/place/Momoyo+Cimahpar+Bogor/data=!4m7!3m6!1s0x2e69c74b9d7f6091:0x160034918254f730!8m2!3d-6.5892471!4d106.8265299!16s%2Fg%2F11vdfb505v!19sChIJkWB_nUvHaS4RMPdUgpE0ABY?authuser=0&hl=id&rclk=1","Momoyo Cimahpar Bogor","4,7","(727)","","","Es Krim","·","Jl. Tumenggung Wiradireja Ruko Perumahan Haji No.15, RT.04/RW.07","Buka","· Tutup pukul 22.00","https://lh3.googleusercontent.com/gps-cs-s/APNQkAHwT32sJ_imrMaru7gNUwDjenLIvuaD0LjBgKkiSpZ0i9Ww26wez1-AiBe2uilNglETapL_0HuBOAW-dQBYFfRuAuXragknvPVguM36mUDutL41CWSLnw4oDqrTupcTLLX-842bM_M3ZpBa=w80-h106-k-no","https://ssl.gstatic.com/local/servicebusiness/default_user.png","""Enak banget","es krim","'a,, murah lgi❤️""","https://www.google.com/searchviewer/42?cvd=CLw_EicKJeICIjIgEhkiF9LX29IPEQoNL2cvMTF2ZGZiNTA1dhgBOgMI8A0%3D&hl=id-ID&gl=id&fo_m=MfohQo559jFvMUOzJVpjPL1YMfZ3bInYwBDuMfaXTPp5KXh-&utm_source=tactile&gei=kaT4aabHK_yxwcsPjv6Q2Aw&ei=kaT4aabHK_yxwcsPjv6Q2Aw&fo_s=OA&opi=79508299&orderType=1&ebb=1&cs=0&foub=mcpp","Pesan online",""
"https://www.google.com/maps/place/Bingxue+Talang+Bogor+%28Parkir+Gratis%29/data=!4m7!3m6!1s0x2e69c5941a4388d9:0x698696ec353cd3cf!8m2!3d-6.5600625!4d106.8131875!16s%2Fg%2F11xtxjvs4x!19sChIJ2YhDGpTFaS4Rz9M8NeyWhmk?authuser=0&hl=id&rclk=1","Bingxue Talang Bogor (Parkir Gratis)","4,6","(70)","","","Es Krim","·","CRQ7+X78 Samping planet ban, Jl. Kedung Halang UTAMA No.21","Buka","· Tutup pukul 22.00","https://lh3.googleusercontent.com/gps-cs-s/APNQkAEVSXTfBs6xgpDiX1rdWU0SnYu46MEm0i4ShPI-D6BV3zSzlPiRonQQZOC2iVIelO3L7yyRPBDp_4IDRTFnTo0ytSgtf3__4IXuUa_9KIZapciM1Fb-rEJnwGozl9cKzf9XSRnE-IYQBos=w80-h142-k-no","https://ssl.gstatic.com/local/servicebusiness/default_user.png","""","Es","krimnya enak petugasnya ramah""","https://www.google.com/searchviewer/42?cvd=CLw_EicKJeICIjIgEhkiF9LX29IPEQoNL2cvMTF4dHhqdnM0eBgBOgMI8A0%3D&hl=id-ID&gl=id&fo_m=MfohQo559jFvMUOzJVpjPL1YMfZ3bInYwBDuMfaXTPp5KXh-&utm_source=tactile&gei=kaT4aabHK_yxwcsPjv6Q2Aw&ei=kaT4aabHK_yxwcsPjv6Q2Aw&fo_s=OA&opi=79508299&orderType=1&ebb=1&cs=0&foub=mcpp","Pesan online",""
"https://www.google.com/maps/place/Agen+Resmi+Es+Cream+Aice/data=!4m7!3m6!1s0x2e69c572e472adb7:0x2731a59dc1959899!8m2!3d-6.6009818!4d106.787209!16s%2Fg%2F11nmh__68p!19sChIJt61y5HLFaS4RmZiVwZ2lMSc?authuser=0&hl=id&rclk=1","Agen Resmi Es Cream Aice","4,7","(45)","","","Es Krim","·","Jl. Taman Cibalagung gg zarina No.Rt 01 / 05, RT.04/RW.04","","","https://lh3.googleusercontent.com/gps-cs-s/APNQkAEmPKwm0tH1NMSDVGLxZU4sMSJ7voZOYjPnucvYZ9Le5i7PCN8qNeDUNRWzrOpTLm-UtB4EV9Gl1ivWggkMjhLoT_bjiJsX9krsrdQjenOKU1WTPKTI_aWQzkKwQ1pRyfvUxZIy=w163-h92-k-no","https://ssl.gstatic.com/local/servicebusiness/default_user.png","""Buka g ya bucket yg 8lt 3 in 1 ad g?""","","","","",""
"https://www.google.com/maps/place/Cooler+City+Surya+Kencana/data=!4m7!3m6!1s0x2e69c5d600535fd9:0xe577011fa4ba9a32!8m2!3d-6.6103858!4d106.8052529!16s%2Fg%2F11kpvs6yfy!19sChIJ2V9TANbFaS4RMpq6pB8Bd-U?authuser=0&hl=id&rclk=1","Cooler City Surya Kencana","4,7","(34)","","","Es Krim","·","Jl. Suryakencana No.315, RT.03/RW.07","","","https://lh3.googleusercontent.com/gps-cs-s/APNQkAGK4naPFx8bFuoX-PP3yWTD-CmPUDWOPhnHL1w4XiySqgiH7YKWSfTEKBJfZTkMjmdD1XtKoDSJQU7kN2ag5fOf17q4-PKIi9KVvlMImITu8HiZh7JgUTED0QUA4qZ66I0Tt_Sy=w80-h177-k-no","https://ssl.gstatic.com/local/servicebusiness/default_user.png","""untuk tempatnya cozy ditambah","es krim","matcha nya enak banget..""","https://www.google.com/searchviewer/42?cvd=CLw_EicKJeICIjIgEhkiF9LX29IPEQoNL2cvMTFrcHZzNnlmeRgBOgMI8A0%3D&hl=id-ID&gl=id&fo_m=MfohQo559jFvMUOzJVpjPL1YMfZ3bInYwBDuMfaXTPp5KXh-&utm_source=tactile&gei=kaT4aabHK_yxwcsPjv6Q2Aw&ei=kaT4aabHK_yxwcsPjv6Q2Aw&fo_s=OA&opi=79508299&orderType=1&ebb=1&cs=0&foub=mcpp","Pesan online",""
"https://www.google.com/maps/place/The+Uncle+Dee+Ice+Cream+Tajur/data=!4m7!3m6!1s0x2e69c8be64f91f09:0x4deaf2908a61804e!8m2!3d-6.6416295!4d106.8384719!16s%2Fg%2F11f3m9hhmg!19sChIJCR_5ZL7IaS4RToBhipDy6k0?authuser=0&hl=id&rclk=1","The Uncle Dee Ice Cream Tajur","4,6","(27)","·","$","Es Krim","·","Jl. Muara Tegal 1 No.12, RT.01/RW.01","Tutup","· Buka Sel pukul 10.00","https://lh3.googleusercontent.com/gps-cs-s/APNQkAEmz4EsGsubL6W9CpxUFh9LmncCM7FXgF8qx0RXvZUTz-RK9as5jFjuU3zRmRyBRBy_Qr4TnXP4mTZcV3LtM9FxOwAcoJbjEp_MwKovmcE0IriHd1utK_-gFWtGJ5JCbbSdiI_U=w122-h92-k-no","https://ssl.gstatic.com/local/servicebusiness/default_user.png","""","Es krim","dengan pilihan banyak rasa, topping, dan pelengkap lainnya.""","","",""
"https://www.google.com/maps/place/Vilo+Gelato+Puncak+-+Bogor/data=!4m7!3m6!1s0x2e69c99385d1f517:0xe23e69a17ef2c909!8m2!3d-6.6528825!4d106.8752195!16s%2Fg%2F11pdy8n2f_!19sChIJF_XRhZPJaS4RCcnyfqFpPuI?authuser=0&hl=id&rclk=1","Vilo Gelato Puncak - Bogor","4,6","(492)","","","Es Krim","·","Kompleks Dharma Residence, Puncak Rd No.km.72","Tutup","· Buka Sel pukul 10.00","https://lh3.googleusercontent.com/gps-cs-s/APNQkAHn-6-QyxSqxt0dxX5QOWNXxn09kuY9Xk8n0hHbjQCUa9JPgqb5vJba7Cn6nKDLJbSSobMRhWcOfjvB3sF8qu5vLB_jYvTPtdcpjAj8sRITojURvAg4pc1ieUrt3TMIe5FKWGy8=w80-h106-k-no","https://ssl.gstatic.com/local/servicebusiness/default_user.png","""Pilih  sendiri","es","krimnya, variannya banyak sekali, mantap bingungnya.""","","",""
"https://www.google.com/maps/place/Spatula+Bakery+Pizza+Ice+Cream/data=!4m7!3m6!1s0x2e69c6e6b892bffd:0x6829d2af5266c8b3!8m2!3d-6.5718141!4d106.8625639!16s%2Fg%2F11c3swczs6!19sChIJ_b-SuObGaS4Rs8hmUq_SKWg?authuser=0&hl=id&rclk=1","Spatula Bakery Pizza Ice Cream","4,6","(1.750)","·","Rp 50–75 rb","Es Krim","·","·","Segera tutup","· 21.30 · Buka Sel pukul 08.00","https://lh3.googleusercontent.com/gps-cs-s/APNQkAFnYNAmtH9QXeZ6iujMhtpMDA3CZzLIRXjzaV37GH0VbJuw_rDANLPB__Mnwb7tOp4yKrl4fKyPwCdlNVJyR10NFNLDEKXvUxpH-d1oIW4KbSWeuD5PdBEF60hrkdQgP8PJfI3RNA=w122-h92-k-no","https://ssl.gstatic.com/local/servicebusiness/default_user.png","""Pizza nya enak ²","es krim","nya jg enak""","https://www.google.com/searchviewer/42?cvd=CLw_EicKJeICIjIgEhkiF9LX29IPEQoNL2cvMTFjM3N3Y3pzNhgBOgMI8A0%3D&hl=id-ID&gl=id&fo_m=MfohQo559jFvMUOzJVpjPL1YMfZ3bInYwBDuMfaXTPp5KXh-&utm_source=tactile&gei=kaT4aabHK_yxwcsPjv6Q2Aw&ei=kaT4aabHK_yxwcsPjv6Q2Aw&fo_s=OA&opi=79508299&orderType=1&ebb=1&cs=0&foub=mcpp","Pesan online",""
"https://www.google.com/maps/place/Haus!+Bgr+Taman+Yasmin/data=!4m7!3m6!1s0x2e69c5f423dbac8d:0x4f18bba6b924f24!8m2!3d-6.5606507!4d106.7665576!16s%2Fg%2F11tnxn74hw!19sChIJjazbI_TFaS4RJE-Sa7qL8QQ?authuser=0&hl=id&rclk=1","Haus! Bgr Taman Yasmin","4,7","(363)","","","Es Krim","·","CQQ8+PJM, Jl. KH. R. Abdullah Bin Nuh, RT.05/RW.09","Buka 24 jam","","https://lh3.googleusercontent.com/gps-cs-s/APNQkAGd3-MNenYVvwgrt-Yd0Sbx-PBGrBgG3KRbBXe9NsuDvM-2UwbmZrUqf0lT-GqR83yInyq8UUigpHwJEvMxp-yF5iVpHJFO1BQySVR-U5X5v-vjUjBNTjoVJb50cO2ZKLaiKpFS5JEpM0eN=w80-h106-k-no","https://ssl.gstatic.com/local/servicebusiness/default_user.png","""Haus Yasmin ramah lingkungan sopan dan enak","es krim","nya ,👍🏻""","https://www.google.com/searchviewer/42?cvd=CLw_EicKJeICIjIgEhkiF9LX29IPEQoNL2cvMTF0bnhuNzRodxgBOgMI8A0%3D&hl=id-ID&gl=id&fo_m=MfohQo559jFvMUOzJVpjPL1YMfZ3bInYwBDuMfaXTPp5KXh-&utm_source=tactile&gei=m6T4aavfL46QseMPgJGBiQY&ei=m6T4aavfL46QseMPgJGBiQY&fo_s=OA&opi=79508299&orderType=1&ebb=1&cs=0&foub=mcpp","Pesan online",""
"https://www.google.com/maps/place/Givre+Store/data=!4m7!3m6!1s0x2e69c500642248c5:0x5f8b3ae91a3e5816!8m2!3d-6.5599279!4d106.7316037!16s%2Fg%2F11vxh4rynw!19sChIJxUgiZADFaS4RFlg-Guk6i18?authuser=0&hl=id&rclk=1","Givre Store","4,2","(5)","","","Es Krim","·","Jl. Babakan Raya No.77","Segera tutup","· 21.00 · Buka Sel pukul 08.00","https://lh3.googleusercontent.com/gps-cs-s/APNQkAEtafTM_ny_Sod7ZM6WOnUlee0O0KfjI-U1j0_Dz408SysPQBp4mayD2wkjV66-t3233l7WcOxoF6l1-CufQqnT7pPp6d6f5_3QHo4Zl-nan_T-z_fgg1VBy0ycXbkOCydGRmxcBA=w80-h106-k-no","https://ssl.gstatic.com/local/servicebusiness/default_user.png","""Harganya murah, bisa dapat 2 rasa","es krim","cuma Rp 12k.""","","",""
"https://www.google.com/maps/place/PAPAKIBO+ICE+CREAM+-+Taman+Malabar+Bogor/data=!4m7!3m6!1s0x2e69cf90e27dabbf:0x2b8ab6372ca89240!8m2!3d-6.5969117!4d106.806087!16s%2Fg%2F11ydkxf39q!19sChIJv6t94pDPaS4RQJKoLDe2iis?authuser=0&hl=id&rclk=1","PAPAKIBO ICE CREAM - Taman Malabar Bogor","5,0","(9)","","","Es Krim","·","Jl. Taman Malabar No.11, RT.01/RW.08","Buka","· Tutup pukul 22.00","https://lh3.googleusercontent.com/gps-cs-s/APNQkAGKhylNNUylQE7U72b_pLTP02x1HYXb0a5YKYbNrN39hKlMtoB0MmjTy0SC8ORO7cXnbH3NnQ4tBNcxSFBubxKM_qps41kj4acDHPHW4aXSiEizB1FwqhJ7ELSTv8EvB-BDyQH_wBmLN2_V=w80-h142-k-no","https://ssl.gstatic.com/local/servicebusiness/default_user.png","""","Es krim","nya banyak pilihannya,dan cocok buat ngedate sm pasangan nih☺️💃""","","",""
"https://www.google.com/maps/place/Espessia+Ice+Cream+Agent+-+Dramaga/data=!4m7!3m6!1s0x2e69c5bde272082b:0x4a745900c5ed7412!8m2!3d-6.5726061!4d106.7466415!16s%2Fg%2F11w4chy0mz!19sChIJKwhy4r3FaS4REnTtxQBZdEo?authuser=0&hl=id&rclk=1","Espessia Ice Cream Agent - Dramaga","5,0","(1)","","","Es Krim","·","Hari Hari Dramaga Foodcourt, RT.03/RW.02","Segera tutup","· 21.00 · Buka Sel pukul 09.00","https://lh3.googleusercontent.com/gps-cs-s/APNQkAESS1kJy5owK7EupJiqMmlVHxCWZIXA0CDlB6JPykDGBnoJ2eZFc6m5iabalXtj4a_JQk1PAWFaFDohIC2FwcSQxB2RbT-saxYvx0zI0mCWqEBaC60EPTdZkorzhuYzNmdXe1tU=w80-h100-k-no","","Bawa pulang","","","","",""
"","","","","","","","","","","","","","","","","","",""