"hfpxzc href","qBF1Pd","MW4etd","UY7F9","W4Efsd","W4Efsd 2","W4Efsd 3","W4Efsd 4","W4Efsd 5","W4Efsd 6","UsdlK","Cw1rxd","R8c4Qb","ah5Ghc","lcr4fd href","Cw1rxd 2","R8c4Qb 2","W4Efsd 7","Jn12ke src"
"","","","","","","","","","","","","","","","","","",""
"","","","","","","","","","","","","","","","","","",""
"https://www.google.com/maps/place/Apotek+Mumtaz/data=!4m7!3m6!1s0x2e6f1d003c250687:0xd281dfbd141266ee!8m2!3d-6.7374445!4d108.5340795!16s%2Fg%2F11vr5hvjnr!19sChIJhwYlPAAdby4R7mYSFL3fgdI?authuser=0&hl=id&rclk=1","Apotek Mumtaz","4,9","(19)","Apotek","·","Jl. Kandang Perahu No.29","Buka","· Tutup pukul 21.00","·","0877-1101-0124","","Rute","","","","","",""
"https://www.google.com/maps/place/Apotek+Kita+Farma/data=!4m7!3m6!1s0x2e6f1dfb06e5061b:0x1fbd067a854ef014!8m2!3d-6.7357151!4d108.5344501!16s%2Fg%2F1hdzblbzs!19sChIJGwblBvsdby4RFPBOhXoGvR8?authuser=0&hl=id&rclk=1","Apotek Kita Farma","4,0","(23)","Apotek","·","Jl. Perjuangan No.15A","Segera tutup","· 20.00 · Buka Sel pukul 08.00","·","(0231) 490216","","Rute","","","","","",""
"https://www.google.com/maps/place/Apotek+Perjuangan/data=!4m7!3m6!1s0x2e6f1df09e5af4e7:0xb8bc15ce6d979b95!8m2!3d-6.7349419!4d108.5345407!16s%2Fg%2F11bzywztsb!19sChIJ5_RanvAdby4RlZuXbc4VvLg?authuser=0&hl=id&rclk=1","Apotek Perjuangan","4,2","(112)","Apotek","·","7G7M+VW6, Jl. Yudhasari II","Buka","· Tutup pukul 21.00","·","0811-2013-854","","Rute","Belanja di toko","","","","",""
"https://www.google.com/maps/place/Apotek+K-24+Kalitanjung+Cirebon/data=!4m7!3m6!1s0x2e6f1d2f4a7fadcf:0x7d2b2e0f101828c0!8m2!3d-6.7469529!4d108.5381689!16s%2Fg%2F11t61gj8jq!19sChIJz61_Si8dby4RwCgYEA8uK30?authuser=0&hl=id&rclk=1","Apotek K-24 Kalitanjung Cirebon","4,9","(60)","Apotek","·","·","Jl. Kalitanjung No.92","Buka 24 jam","·","0817-712-424","","Situs Web","Belanja di toko","https://www.apotek-k24.com/location/detail/878/K-24-KALITANJUNG","","Rute","",""
"https://www.google.com/maps/place/Apotek+Sumber+Sehat+3+Farma/data=!4m7!3m6!1s0x2e6f1dfb75dcb9dd:0x6ca0ca91c1794207!8m2!3d-6.736352!4d108.5296578!16s%2Fg%2F11bzrpr0_j!19sChIJ3bncdfsdby4RB0J5wZHKoGw?authuser=0&hl=id&rclk=1","Apotek Sumber Sehat 3 Farma","4,9","(16)","Apotek","·","·","Buka","· Tutup pukul 21.00","Jl. Majasem","","","Rute","","","","","",""
"https://www.google.com/maps/place/Apotek+Pratama/data=!4m7!3m6!1s0x2e6f1dfcee392dc7:0x91ba38f50d3b1a9a!8m2!3d-6.7368636!4d108.5284789!16s%2Fg%2F11b6dpqjb0!19sChIJxy057vwdby4Rmho7DfU4upE?authuser=0&hl=id&rclk=1","Apotek Pratama","3,9","(12)","Apotek","·","Jl. Perjuangan No.15","Buka","· Tutup pukul 21.00","","","","Rute","","","","","",""
"https://www.google.com/maps/place/APOTEK+FAJAR+SEHAT+3/data=!4m7!3m6!1s0x2e6f1d45fa3ccfb3:0xc81b693cfff2379d!8m2!3d-6.7426263!4d108.5352542!16s%2Fg%2F11j1b_nnqm!19sChIJs888-kUdby4RnTfy_zxpG8g?authuser=0&hl=id&rclk=1","APOTEK FAJAR SEHAT 3","4,7","(6)","Apotek","·","7G4P+X39, Jl. Sekar Kemuning II","Buka","· Tutup pukul 22.00","·","0821-2326-26450","","Rute","","","","","",""
"https://www.google.com/maps/place/Apotek+SMW/data=!4m7!3m6!1s0x2e6f1d7e83e953b9:0x4801533dfe667616!8m2!3d-6.737777!4d108.5357309!16s%2Fg%2F11xm6r8lw0!19sChIJuVPpg34dby4RFnZm_j1TAUg?authuser=0&hl=id&rclk=1","Apotek SMW","4,0","(4)","Apotek","·","Jl. Kandang Perahu No.39","Segera tutup","· 20.00 · Buka Sel pukul 08.00","·","0822-4023-2366","","Rute","Belanja di toko","","","","",""
"https://www.google.com/maps/place/Apotek+Taman+Bima+dr.Asad+Sp.THT-KL/data=!4m7!3m6!1s0x2e6f1dd20e43c359:0xe9cb7c244ccbfdfa!8m2!3d-6.7323546!4d108.5328948!16s%2Fg%2F11q3clwg7x!19sChIJWcNDDtIdby4R-v3LTCR8y-k?authuser=0&hl=id&rclk=1","Apotek Taman Bima dr.Asad Sp.THT-KL","3,4","(31)","Klinik THT","","·","","Buka","","0822-4022-5381","","Situs Web","Layanan di tempat","https://tamanbimamedicalcenter.com/jadwal-dokter/dokter-tht/","","Rute","· Tutup pukul 21.00",""
"https://www.google.com/maps/place/Apotek+Kimia+Farma/data=!4m7!3m6!1s0x2e6f1d8dc9d09c2d:0x3088d0ac09eb559f!8m2!3d-6.7374874!4d108.5494058!16s%2Fg%2F1hc25hc61!19sChIJLZzQyY0dby4Rn1XrCazQiDA?authuser=0&hl=id&rclk=1","Apotek Kimia Farma","4,0","(101)","Apotek","·","Jl. Kesambi No.132","·","Buka 24 jam","","0811-1067-8370","","Situs Web","Belanja di toko","http://kimiafarmaapotek.co.id/","","Rute","",""
"https://www.google.com/maps/place/Apotek+Erlangga/data=!4m7!3m6!1s0x2e6f1dec4e336133:0x2cb43f54d7c832cf!8m2!3d-6.7414728!4d108.542478!16s%2Fg%2F11r8s2cf5!19sChIJM2EzTuwdby4RzzLI11Q_tCw?authuser=0&hl=id&rclk=1","Apotek Erlangga","3,7","(15)","Apotek","·","·","Buka","· Tutup pukul 21.00","Jl. Evakuasi No.1A blok a","(0231) 486803","","Rute","","","","","·",""
"https://www.google.com/maps/place/Apotek+Prima+Sehat/data=!4m7!3m6!1s0x2e6f1deb9f79af4f:0xb6a741f1b27ea70c!8m2!3d-6.7446785!4d108.5431409!16s%2Fg%2F11bzrq029q!19sChIJT695n-sdby4RDKd-svFBp7Y?authuser=0&hl=id&rclk=1","Apotek Prima Sehat","5,0","(7)","Apotek","·","Jl. Kanggraksan No.152-154","Buka","· Tutup pukul 21.00","·","0821-2126-3415","","Rute","","","","","",""
"https://www.google.com/maps/place/Apotek+K-24+Tuparev+Cirebon/data=!4m7!3m6!1s0x2e6ee2145a7b7c67:0xeb8eeb7521282c14!8m2!3d-6.7108812!4d108.5427305!16s%2Fg%2F1hm2lqszf!19sChIJZ3x7WhTibi4RFCwoIXXrjus?authuser=0&hl=id&rclk=1","Apotek K-24 Tuparev Cirebon","4,0","(148)","Apotek","·","Jl. Tuparev No.38A","·","Buka 24 jam","","0895-6346-57799","","Situs Web","Pesan antar","https://www.apotek-k24.com/location","","Rute","",""
"https://www.google.com/maps/place/Apotek+Kalitanjung/data=!4m7!3m6!1s0x2e6f1debde9facbf:0xaf004533fee8a620!8m2!3d-6.7453865!4d108.5401054!16s%2Fg%2F11c1nbb8ql!19sChIJv6yf3usdby4RIKbo_jNFAK8?authuser=0&hl=id&rclk=1","Apotek Kalitanjung","4,1","(33)","Apotek","·","Jl. Kalitanjung No.17","Buka","· Tutup pukul 21.00","·","(0231) 482112","","Rute","Pesan antar","","","","",""
"https://www.google.com/maps/place/APOTEK+FAIRUZ+MEDIKA/data=!4m7!3m6!1s0x2e6f1d72bf7f2913:0x4c38bd3c295cf44c!8m2!3d-6.7329191!4d108.5456295!16s%2Fg%2F11s7mvvknl!19sChIJEyl_v3Idby4RTPRcKTy9OEw?authuser=0&hl=id&rclk=1","APOTEK FAIRUZ MEDIKA","4,0","(3)","Apotek","·","Jl. Karang Jalak No.9","Buka","· Tutup pukul 21.00","·","0857-9659-9556","","Rute","","","","","",""
"https://www.google.com/maps/place/Apotek+K-24+Ciremai+Perumnas+Cirebon/data=!4m7!3m6!1s0x2e6f1d9926554431:0x29cac320df5244ca!8m2!3d-6.7449645!4d108.5631563!16s%2Fg%2F11dfjbst5c!19sChIJMURVJpkdby4RykRS3yDDyik?authuser=0&hl=id&rclk=1","Apotek K-24 Ciremai Perumnas Cirebon","4,4","(133)","Apotek","·","Jl. Ciremai Raya No.11e","·","Buka 24 jam","","0812-2133-9040","","Situs Web","Pesan antar","https://www.apotek-k24.com/location/","","Rute","",""
"https://www.google.com/maps/place/Apotek+Cirebon/data=!4m7!3m6!1s0x2e6ee27db9c33ce5:0x3b738f23cbb1b21c!8m2!3d-6.7205355!4d108.567962!16s%2Fg%2F11bc7q_tcq!19sChIJ5TzDuX3ibi4RHLKxyyOPczs?authuser=0&hl=id&rclk=1","Apotek Cirebon","4,4","(7)","Apotek","·","Jl. Kanoman No.20","·","Buka","","(0231) 203277","","Situs Web","","https://www.apotek-k24.com/","","Rute","· Tutup pukul 21.00",""
"https://www.google.com/maps/place/Apotek+majasem+12+cirebon/data=!4m7!3m6!1s0x2e6f1d03e60c265d:0x521ee03e3308458b!8m2!3d-6.743162!4d108.5233181!16s%2Fg%2F11s7wj47kb!19sChIJXSYM5gMdby4Ri0UIMz7gHlI?authuser=0&hl=id&rclk=1","Apotek majasem 12 cirebon","5,0","(2)","Apotek","·","Jl. Perjuangan Jl. Majasem, RT.002/RW.008","Buka","· Tutup pukul 21.00","·","0878-1810-8088","","Rute","Pesan antar","","","","",""
"https://www.google.com/maps/place/Apotek+K-24+Kesambi/data=!4m7!3m6!1s0x2e6ee3b890ba3ec1:0x5a5992c0b953095e!8m2!3d-6.7262748!4d108.559239!16s%2Fg%2F11v_8f7j8z!19sChIJwT66kLjjbi4RXglTucCSWVo?authuser=0&hl=id&rclk=1","Apotek K-24 Kesambi","4,9","(56)","Apotek","·","Jl. Kesambi Jl. Kesambi Regency No.ruko blok kr3","·","Buka 24 jam","","0818-242-421","","Situs Web","Belanja di toko","https://www.k24klik.com/","","Rute","",""
"https://www.google.com/maps/place/Apotek+Kayla+Farma/data=!4m7!3m6!1s0x2e6f1df0bd2f0f51:0xa7b2263183dca97e!8m2!3d-6.7456635!4d108.5428541!16s%2Fg%2F11sff14lkq!19sChIJUQ8vvfAdby4RfqncgzEmsqc?authuser=0&hl=id&rclk=1","Apotek Kayla Farma","5,0","(4)","Apotek","·","Jl. Jenderal Sudirman No.12","Buka","· Tutup pukul 21.00","·","0822-1121-7778","","Rute","","","","","",""
"https://www.google.com/maps/place/Apotek+K-24+Siliwangi+Cirebon/data=!4m7!3m6!1s0x2e6ee3b3c662c189:0x4a88913cfd05b269!8m2!3d-6.7123637!4d108.5616917!16s%2Fg%2F11wfllzn0k!19sChIJicFixrPjbi4RabIF_TyRiEo?authuser=0&hl=id&rclk=1","Apotek K-24 Siliwangi Cirebon","4,7","(47)","Apotek","·","Jl. Siliwangi No.211","·","Buka 24 jam","","0811-1380-3527","","Situs Web","Pesan antar","https://www.apotek-k24.com/location/detail/1031/K-24-SILIWANGI","","Rute","",""
"https://www.google.com/maps/place/Apotek+Fahroz+Farma/data=!4m7!3m6!1s0x2e6f1dc9d02a0b55:0xae0ae2f4dfa3deb0!8m2!3d-6.7404372!4d108.540099!16s%2Fg%2F11z4x5g760!19sChIJVQsq0Mkdby4RsN6j3_TiCq4?authuser=0&hl=id&rclk=1","Apotek Fahroz Farma","","","Apotek","·","Jl. Evakuasi, Gang Masjid Sicalung No. 22","Segera tutup","· 20.00 · Buka Sel pukul 08.00","·","0895-2859-2188","","Rute","","","","","",""
"https://www.google.com/maps/place/APOTEK+SANAFARMA+DAN+KLINIK+BHAKTI+MEDIKA/data=!4m7!3m6!1s0x2e6f1d8abe7dc3b3:0xf22bd919e5aa0c0c!8m2!3d-6.7290822!4d108.5477837!16s%2Fg%2F11c5rt0k84!19sChIJs8N9voodby4RDAyq5RnZK_I?authuser=0&hl=id&rclk=1","APOTEK SANAFARMA DAN KLINIK BHAKTI MEDIKA","4,1","(15)","Apotek","·","Jl. Pemuda Raya No.21B","Buka","· Tutup pukul 22.00","·","(0231) 8331687","","Rute","","","","","",""
"https://www.google.com/maps/place/APOTEK+SHEGIA+FARMA/data=!4m7!3m6!1s0x2e6f1d0037033169:0x7f80cfdc6d56c567!8m2!3d-6.7371888!4d108.5281534!16s%2Fg%2F11w9ybshjq!19sChIJaTEDNwAdby4RZ8VWbdzPgH8?authuser=0&hl=id&rclk=1","APOTEK SHEGIA FARMA","","","Apotek","·","Jl. Majasem No.3","Buka","· Tutup pukul 22.00","","","","Rute","Pesan antar","","","","",""
"https://www.google.com/maps/place/Apotek+Kimia+Farma+0709+Pemuda/data=!4m7!3m6!1s0x2e6f1dfda541e1e7:0x130cf31c7d40f913!8m2!3d-6.728782!4d108.547131!16s%2Fg%2F11jfchl620!19sChIJ5-FBpf0dby4RE_lAfRzzDBM?authuser=0&hl=id&rclk=1","Apotek Kimia Farma 0709 Pemuda","4,2","(38)","Apotek","·","Jl. Pemuda Raya No.18","·","Buka","","0811-2003-5203","","Situs Web","Belanja di toko","http://kimiafarmaapotek.co.id/","","Rute","· Tutup pukul 21.30",""
"https://www.google.com/maps/place/APOTEK+HOKI/data=!4m7!3m6!1s0x2e6f1de2b77be1e5:0x56c9b0cf6e293b34!8m2!3d-6.7397013!4d108.523741!16s%2Fg%2F11ddzw7cr5!19sChIJ5eF7t-Idby4RNDspbs-wyVY?authuser=0&hl=id&rclk=1","APOTEK HOKI","4,5","(29)","Apotek","·","Jl. Perjuangan No.5","","","","","","Rute","","","","","",""
"https://www.google.com/maps/place/Apotek+Farmapoint+Cabang+Cirebon/data=!4m7!3m6!1s0x2e6f1d00768894b7:0xdabab93144a7eeed!8m2!3d-6.7449511!4d108.5414521!16s%2Fg%2F11ltwrzqny!19sChIJt5SIdgAdby4R7e6nRDG5uto?authuser=0&hl=id&rclk=1","Apotek Farmapoint Cabang Cirebon","5,0","(1)","Apotek","·","Jl. Kalitanjung No.29","","","","","","Rute","","","","","",""
"https://www.google.com/maps/place/Apotek+Pelita+Harjamukti/data=!4m7!3m6!1s0x2e6f1df3e5091a43:0x1a0cdf8321c9a450!8m2!3d-6.7470006!4d108.5506994!16s%2Fg%2F11sbmrbdgg!19sChIJQxoJ5fMdby4RUKTJIYPfDBo?authuser=0&hl=id&rclk=1","Apotek Pelita Harjamukti","4,3","(6)","Apotek","·","Ruko Green, Jl. Pramuka No.30 C","Buka","· Tutup pukul 21.00","·","0811-2052-400","","Rute","Pesan antar","","","","",""
"https://www.google.com/maps/place/Kimia+Farma+Apotek/data=!4m7!3m6!1s0x2e6f1d88ec05bbc7:0xd71687130fbe6d94!8m2!3d-6.7312749!4d108.5565617!16s%2Fg%2F11cjnnj25y!19sChIJx7sF7Igdby4RlG2-DxOHFtc?authuser=0&hl=id&rclk=1","Kimia Farma Apotek","4,3","(119)","Apotek","·","·","Jl. Kesambi","Buka","·","0811-1067-8380","","Situs Web","Belanja di toko","http://kimiafarmaapotek.co.id/","","Rute","· Tutup pukul 00.00",""
"https://www.google.com/maps/place/Apotek+Pasuketan/data=!4m7!3m6!1s0x2e6ee27d08480f8f:0x6d62d51737a006fe!8m2!3d-6.7195239!4d108.566187!16s%2Fg%2F1hf31j_1w!19sChIJjw9ICH3ibi4R_gagNxfVYm0?authuser=0&hl=id&rclk=1","Apotek Pasuketan","3,7","(192)","Apotek","·","Jl. Pasuketan No.88","Buka","· Tutup pukul 21.00","·","(0231) 201903","","Rute","Belanja di toko","","","","",""
"https://www.google.com/maps/place/Apotek+Moro+Aman/data=!4m7!3m6!1s0x2e6ee26e51502b95:0xd0d3e71b19af9e78!8m2!3d-6.714438!4d108.5533247!16s%2Fg%2F1hd_7ftt4!19sChIJlStQUW7ibi4ReJ6vGRvn09A?authuser=0&hl=id&rclk=1","Apotek Moro Aman","4,2","(63)","Apotek","·","·","samping Grage Mall, Jl. Tentara Pelajar No.74","Buka","·","0851-7958-8088","","Situs Web","Belanja di toko","https://www.honestdocs.id/apotik/apotek-moro-aman-cirebon","","Rute","· Tutup pukul 21.00",""
"https://www.google.com/maps/place/Apotek+Dewi+Farma/data=!4m7!3m6!1s0x2e6f1dd7e41c033b:0xfb8e58f6875b1c24!8m2!3d-6.7571252!4d108.5364437!16s%2Fg%2F11mhzn2kpm!19sChIJOwMc5Ncdby4RJBxbh_ZYjvs?authuser=0&hl=id&rclk=1","Apotek Dewi Farma","4,5","(8)","Apotek","·","Jl. Jenderal Sudirman No.219","Buka","· Tutup pukul 21.00","·","0895-3224-86772","","Rute","Belanja di toko","","","","",""
"https://www.google.com/maps/place/Apotik+Pasuketan+Perum/data=!4m7!3m6!1s0x2e6f1da2864d4803:0xd07f70a22e88d4c2!8m2!3d-6.7482715!4d108.5616481!16s%2Fg%2F1pzt108jv!19sChIJA0hNhqIdby4RwtSILqJwf9A?authuser=0&hl=id&rclk=1","Apotik Pasuketan Perum","3,9","(83)","Apotek","·","Jl. Ciremai Raya No.59","Buka","· Tutup pukul 21.00","·","(0231) 480942","","Rute","Pesan antar","","","","",""
"https://www.google.com/maps/place/Apotek+Kimia+Farma+Perjuangan+Cirebon/data=!4m7!3m6!1s0x2e6f1d00f9954dd3:0xee28e6b2b4e25d0d!8m2!3d-6.7366055!4d108.5292986!16s%2Fg%2F11vjvywwyt!19sChIJ002V-QAdby4RDV3itLLmKO4?authuser=0&hl=id&rclk=1","Apotek Kimia Farma Perjuangan Cirebon","","","7G7H+9P3, Jl. Perjuangan","","·","","","","0812-2400-0427","","Rute","","","","","",""
"https://www.google.com/maps/place/Apotek+Kimia+Farma+Siliwangi+Cirebon/data=!4m7!3m6!1s0x2e6ee267f8ffa05f:0x92817c1e35293329!8m2!3d-6.70719!4d108.558828!16s%2Fg%2F1hm382czl!19sChIJX6D_-Gfibi4RKTMpNR58gZI?authuser=0&hl=id&rclk=1","Apotek Kimia Farma Siliwangi Cirebon","4,1","(87)","Apotek","·","·","Jl. Siliwangi No.119","Buka","·","0811-1067-8464","","Situs Web","Belanja di toko","http://kimiafarmaapotek.co.id/","","Rute","· Tutup pukul 00.00",""
"https://www.google.com/maps/place/Apotek+Pasuketan+Tuparev/data=!4m7!3m6!1s0x2e6ee214b958bc31:0x493dbf09e574a4d9!8m2!3d-6.7105425!4d108.5389074!16s%2Fg%2F1hm2tr2p1!19sChIJMbxYuRTibi4R2aR05Qm_PUk?authuser=0&hl=id&rclk=1","Apotek Pasuketan Tuparev","4,1","(143)","Apotek","·","Jl. Tuparev.58B, Sutawinangun, Kec. Kedawung, Jawa","·","Buka","","(0231) 205301","","Situs Web","Belanja di toko","https://pasuketantuparev.profilku.site/","","Rute","· Tutup pukul 21.00",""
"https://www.google.com/maps/place/Apotik+Pemuda+Farma/data=!4m7!3m6!1s0x2e6f1df5b3be5b31:0x37ff016bdddcd99d!8m2!3d-6.7289115!4d108.5487312!16s%2Fg%2F1hf8jzc_l!19sChIJMVu-s_Udby4Rndnc3WsB_zc?authuser=0&hl=id&rclk=1","Apotik Pemuda Farma","4,6","(11)","Apotek","·","Jl. Pemuda Raya No.9","Segera tutup","· 20.00 · Buka Sel pukul 08.00","·","(0231) 231717","","Rute","","","","","",""
"https://www.google.com/maps/place/Apotek+Mulya+Farma/data=!4m7!3m6!1s0x2e6f1d9e38b9e647:0xc7bc4bcc06733a5a!8m2!3d-6.7515811!4d108.5556966!16s%2Fg%2F11t31wp199!19sChIJR-a5OJ4dby4RWjpzBsxLvMc?authuser=0&hl=id&rclk=1","Apotek Mulya Farma","4,6","(11)","Apotek","·","Jl. Galunggung Raya No.11 blok W1","Buka","· Tutup pukul 22.00","·","0812-1494-6462","","Rute","","","","","",""
"https://www.google.com/maps/place/Apotek+Farmarin/data=!4m7!3m6!1s0x2e6f1d8c26ec39b5:0x2bd4e2c73bddc274!8m2!3d-6.7347094!4d108.5518495!16s%2Fg%2F11hcmx3d1l!19sChIJtTnsJowdby4RdMLdO8fi1Cs?authuser=0&hl=id&rclk=1","Apotek Farmarin","5,0","(8)","Apotek","·","Jl. Kesambi No.92, RT.06/RW.004","Segera tutup","· 20.00 · Buka Sel pukul 08.00","·","(0231) 205792","","Rute","Pesan antar","","","","",""
"https://www.google.com/maps/place/APOTEK+KESUNEAN+-+APOTEK+CIREBON+24+JAM+-+VAKSIN+-+SUNAT+CIREBON+-+DOKTER+UMUM+-+DOKTER+GIGI+CIREBON+-+INFUS+BOOSTER/data=!4m7!3m6!1s0x2e6f1d7c336b51e3:0x116f0040b5be2403!8m2!3d-6.7277461!4d108.5757691!16s%2Fg%2F11fmz2fxg5!19sChIJ41FrM3wdby4RAyS-tUAAbxE?authuser=0&hl=id&rclk=1","APOTEK KESUNEAN - APOTEK CIREBON 24 JAM - VAKSIN - SUNAT CIREBON - DOKTER UMUM - DOKTER GIGI CIREBON - INFUS BOOSTER","4,1","(23)","Apotek","·","Jl. Kesunean No.37","Buka 24 jam","","·","0818-0847-9191","","Rute","Pesan antar","","","","",""
"https://www.google.com/maps/place/Apotek+K-24+Kasepuhan+Cirebon/data=!4m7!3m6!1s0x2e6ee3e3fbf9c329:0x77befb2b98b7551b!8m2!3d-6.7244316!4d108.571857!16s%2Fg%2F11h0rc04xj!19sChIJKcP5--Pjbi4RG1W3mCv7vnc?authuser=0&hl=id&rclk=1","Apotek K-24 Kasepuhan Cirebon","4,3","(95)","Apotek","·","·","Jl. Kasepuhan No.17E","Buka 24 jam","·","0818-342-424","","Situs Web","""Pelayanan terbaik dan harga terjangkau""","https://www.apotek-k24.com/location/detail/667/K-24-KASEPUHAN","","Rute","","https://ssl.gstatic.com/local/servicebusiness/default_user.png"
"https://www.google.com/maps/place/Apotek+Berkah+Sehat+Jl+Silakaca+Raya+no2+Ruko+Griyajati+Kalijaga+-+Cirebon/data=!4m7!3m6!1s0x2e6f1d8bad162815:0x43d6b92a5da5b3a4!8m2!3d-6.7565066!4d108.5487158!16s%2Fg%2F11gy2sk7s_!19sChIJFSgWrYsdby4RpLOlXSq51kM?authuser=0&hl=id&rclk=1","Apotek Berkah Sehat Jl Silakaca Raya no2 Ruko Griyajati Kalijaga - Cirebon","","","Apotek","·","Jl. Pramuka Penegak No.59","Buka","· Tutup pukul 21.00","·","0855-5967-6923","","Rute","","","","","",""
"https://www.google.com/maps/place/Apotek+Serangkai+Kedawung/data=!4m7!3m6!1s0x2e6ee21f2985b8a7:0x147233f33dea3b6d!8m2!3d-6.7112967!4d108.5279432!16s%2Fg%2F11c5r63c9s!19sChIJp7iFKR_ibi4RbTvqPfMzchQ?authuser=0&hl=id&rclk=1","Apotek Serangkai Kedawung","4,2","(57)","Apotek","·","7GQH+F5P, Jl. Sultan Ageng Tirtayasa","Buka","· Tutup pukul 21.00","·","(0231) 486418","","Rute","""Rekomendasi banget obatnya kumplit harganya affordable pelayanannya ramah""","","","","","https://ssl.gstatic.com/local/servicebusiness/default_user.png"
"https://www.google.com/maps/place/Apotek+Bima+Farma/data=!4m7!3m6!1s0x2e6ee208540ab84f:0xd71c9d334c348570!8m2!3d-6.7262196!4d108.5370772!16s%2Fg%2F11c6cf8lg1!19sChIJT7gKVAjibi4RcIU0TDOdHNc?authuser=0&hl=id&rclk=1","Apotek Bima Farma","4,8","(4)","Apotek","·","Bima Indah Estate, Jl. Werkudara Raya No.11","Segera tutup","· 20.30 · Buka Sel pukul 08.00","·","0813-2015-1400","","Rute","""Pelayanan ramah, Dokternya baik""","","","","","https://ssl.gstatic.com/local/servicebusiness/default_user.png"
"https://www.google.com/maps/place/Apotek+Sentosa/data=!4m7!3m6!1s0x2e6ee27045ff7485:0x48c978740f7d78aa!8m2!3d-6.7190028!4d108.5559688!16s%2Fg%2F11c1p4bxgx!19sChIJhXT_RXDibi4Rqnh9D3R4yUg?authuser=0&hl=id&rclk=1","Apotek Sentosa","4,4","(16)","Apotek","·","Jl. Garuda No.18","Buka","· Tutup pukul 21.00","·","(0231) 204445","","Rute","""Dokter nya baik ramah sekali obat lengkap""","","","","","https://ssl.gstatic.com/local/servicebusiness/default_user.png"
"https://www.google.com/maps/place/Apotek+Kimia+Farma+Tuparev+Cirebon/data=!4m7!3m6!1s0x2e6ee2144142f339:0x3863d47e9e27874a!8m2!3d-6.7112965!4d108.5421452!16s%2Fg%2F1hm4fy9zv!19sChIJOfNCQRTibi4RSocnnn7UYzg?authuser=0&hl=id&rclk=1","Apotek Kimia Farma Tuparev Cirebon","4,3","(82)","Apotek","·","Jl. Tuparev No.85","·","Buka","","0811-1067-8465","","Situs Web","""selalu dapat informasi yg jelas dan baik dari staf yg ada dan apotekernya""","http://kimiafarmaapotek.co.id/","","Rute","· Tutup pukul 23.00","https://ssl.gstatic.com/local/servicebusiness/default_user.png"
"https://www.google.com/maps/place/Apotek+Sierra/data=!4m7!3m6!1s0x2e6ee21aa8594c8d:0x520a1b62ff9f8170!8m2!3d-6.7177025!4d108.5342771!16s%2Fg%2F1hm3zzhpf!19sChIJjUxZqBribi4RcIGf_2IbClI?authuser=0&hl=id&rclk=1","Apotek Sierra","4,5","(2)","Toko Obat","·","Jl. Cideng Raya No.194","Buka","· Tutup pukul 21.00","·","0896-2296-0384","","Rute","","","","","",""
"https://www.google.com/maps/place/Apotek+Cempaka/data=!4m7!3m6!1s0x2e6f1f39666ba73f:0xa82a3d158d81d117!8m2!3d-6.7413255!4d108.514166!16s%2Fg%2F11t9_t3k_w!19sChIJP6drZjkfby4RF9GBjRU9Kqg?authuser=0&hl=id&rclk=1","Apotek Cempaka","4,6","(8)","Apotek","·","Jl. Sultan Ageng Tirtayasa","Buka","· Tutup pukul 21.00","·","0858-6067-2443","","Rute","""Suka beli obat disini karna pelayanannya ramah""","","","","","https://ssl.gstatic.com/local/servicebusiness/default_user.png"
"https://www.google.com/maps/place/Apotek+Perum+Cirebon/data=!4m7!3m6!1s0x2e6f1d1438305231:0xb7cc19eea9ae0ce!8m2!3d-6.7595272!4d108.557597!16s%2Fg%2F11pfn_m189!19sChIJMVIwOBQdby4RzuCa6p7BfAs?authuser=0&hl=id&rclk=1","Apotek Perum Cirebon","","","Apotek","·","Taman Kalijaga Permai No.B2","Buka","· Tutup pukul 21.00","","","","Rute","","","","","",""
"https://www.google.com/maps/place/Apotek+Shella+Farma/data=!4m7!3m6!1s0x2e6ee388f530729b:0x113947678574bf4f!8m2!3d-6.7138857!4d108.5268799!16s%2Fg%2F11h9l31yp2!19sChIJm3Iw9Yjjbi4RT790hWdHORE?authuser=0&hl=id&rclk=1","Apotek Shella Farma","4,8","(11)","Apotek","·","Jl. Sultan Ageng Tirtayasa No.6","Buka","· Tutup pukul 21.30","·","0853-2002-2010","","Rute","""Ada salah satu pelayan nya kalau saya beli mukanya jutek bgt .""","","","","","https://ssl.gstatic.com/local/servicebusiness/default_user.png"
"https://www.google.com/maps/place/Klinik+Pratama+%26+Apotek+Sehat+Sentosa/data=!4m7!3m6!1s0x2e6f1e428f0ebe57:0xe5b0dfe8372f6696!8m2!3d-6.7530864!4d108.5176403!16s%2Fg%2F11f3rxc2w_!19sChIJV74Oj0Ieby4RlmYvN-jfsOU?authuser=0&hl=id&rclk=1","Klinik Pratama & Apotek Sehat Sentosa","4,6","(92)","Klinik Medis","·","Jl. Pangeran Cakrabuana No.130","·","Buka","","(0231) 8806384","","Situs Web","""Pelayanan bagus, dokternya baik dan perawatnya baik""","http://klinikmitraplumbon.com/","","Rute","· Tutup pukul 21.00","https://ssl.gstatic.com/local/servicebusiness/default_user.png"
"https://www.google.com/maps/place/Apotek+Garuda+%28Klinik+Dokter+Spesialis%29/data=!4m7!3m6!1s0x2e6ee242cff6b3a7:0xbd1f1a222127d86c!8m2!3d-6.7027701!4d108.5565689!16s%2Fg%2F1hf0gyk5_!19sChIJp7P2z0Libi4RbNgnISIaH70?authuser=0&hl=id&rclk=1","Apotek Garuda (Klinik Dokter Spesialis)","3,2","(138)","Apotek","·","·","Jl. Siliwangi No.65","Buka","·","0896-6662-2000","","Situs Web","""Apoteknya bersih nyaman tertata rapi
Sama dokter prakteknya bagus-bagus""","http://apotekgarudacirebon.com/","","Rute","· Tutup pukul 21.00","https://ssl.gstatic.com/local/servicebusiness/default_user.png"
"https://www.google.com/maps/place/Apotek+Pasuketan+Wahidin/data=!4m7!3m6!1s0x2e6ee3e1504159f5:0xd5b0760a7c97c5aa!8m2!3d-6.7109591!4d108.5507278!16s%2Fg%2F11swv1jq53!19sChIJ9VlBUOHjbi4RqsWXfAp2sNU?authuser=0&hl=id&rclk=1","Apotek Pasuketan Wahidin","4,1","(52)","Toko","·","Jl. Dr. Wahidin Sudirohusodo No.66 A","Buka","· Tutup pukul 21.00","·","(0231) 206206","","Rute","""","","","","","https://ssl.gstatic.com/local/servicebusiness/default_user.png"
"https://www.google.com/maps/place/Apotek+Pasuketan+Gunungsari/data=!4m7!3m6!1s0x2e6ee26fbd745243:0xc15c6589bc28d95c!8m2!3d-6.7155175!4d108.555754!16s%2Fg%2F1hm2n2fbn!19sChIJQ1J0vW_ibi4RXNkovIllXME?authuser=0&hl=id&rclk=1","Apotek Pasuketan Gunungsari","4,1","(46)","Apotek","·","Jl. Tentara Pelajar No.26","Buka","· Tutup pukul 21.00","·","(0231) 232737","","Rute","""Obatnya lebih murah, pelayanannya baik orang"" nya ramah""","","","","","https://ssl.gstatic.com/local/servicebusiness/default_user.png"
"https://www.google.com/maps/place/Klinik+Kita+Farma/data=!4m7!3m6!1s0x2e6f1df09d6e3551:0x6c6d5b10f48c14fc!8m2!3d-6.7357705!4d108.5344938!16s%2Fg%2F11cnx8t2wp!19sChIJUTVunfAdby4R_BSM9BBbbWw?authuser=0&hl=id&rclk=1","Klinik Kita Farma","4,4","(51)","Klinik Medis","·","·","Jl. Perjuangan No.15","Segera tutup","·","(0231) 490215","","Situs Web","""Ramah ramah banget, sangat komunikatif dan informatif
Sangat Recomended""","https://www.bribinnews.com/kesehatan/pr-3493147210/jadwal-praktek-dokter-gigi-di-klinik-kita-farma-perjuangan-kota-cirebon","","Rute","· 20.00 · Buka Sel pukul 08.00","https://ssl.gstatic.com/local/servicebusiness/default_user.png"
"https://www.google.com/maps/place/Apotek+Rajawali/data=!4m7!3m6!1s0x2e6f1d9b5a4c109b:0x37204784a589d16c!8m2!3d-6.7387358!4d108.5637441!16s%2Fg%2F1hf4rnk34!19sChIJmxBMWpsdby4RbNGJpYRHIDc?authuser=0&hl=id&rclk=1","Apotek Rajawali","4,2","(26)","Apotek","·","Jl. Rajawali Raya No.G1","Buka","· Tutup pukul 20.45","·","(0231) 237628","","Rute","""Pelayanan sangat memuaskan, cocok berobat disini, langsung sembuh""","","","","","https://ssl.gstatic.com/local/servicebusiness/default_user.png"
"https://www.google.com/maps/place/Apotek+Markisa/data=!4m7!3m6!1s0x2e6f1daff8506cc5:0x895115a0dde30531!8m2!3d-6.7582917!4d108.5588506!16s%2Fg%2F11r9r2t6h!19sChIJxWxQ-K8dby4RMQXj3aAVUYk?authuser=0&hl=id&rclk=1","Apotek Markisa","4,5","(27)","Apotek","·","Jl. Markisa Bumi Kalijaga Permai Timur No.10","Buka","· Tutup pukul 21.00","·","(0231) 485810","","Rute","""Lengkap, murah, bersih""","","","","","https://ssl.gstatic.com/local/servicebusiness/default_user.png"
"https://www.google.com/maps/place/Apotek+%26+Klinik+Kimia+Farma+Perumnas/data=!4m7!3m6!1s0x2e6f1da3107d04cb:0x22e9eb40be0b6d73!8m2!3d-6.7512926!4d108.5601893!16s%2Fg%2F11b7m9gzv1!19sChIJywR9EKMdby4Rc20LvkDr6SI?authuser=0&hl=id&rclk=1","Apotek & Klinik Kimia Farma Perumnas","4,3","(51)","Apotek","·","Jl. Ciremai Raya No.275","Buka","· Tutup pukul 21.30","·","0811-1067-8372","","Rute","""Ternyata untuk ke drg gigi tidak bisa di klik BPJS .""","","","","","https://ssl.gstatic.com/local/servicebusiness/default_user.png"
"https://www.google.com/maps/place/Apotek+Kimia+Farma+Pangeran+Cakrabuana+Cirebon/data=!4m7!3m6!1s0x2e6f1e6e60a8862b:0x5830f2e75a537f52!8m2!3d-6.75644!4d108.508113!16s%2Fg%2F11c5b3c0h7!19sChIJK4aoYG4eby4RUn9TWufyMFg?authuser=0&hl=id&rclk=1","Apotek Kimia Farma Pangeran Cakrabuana Cirebon","3,8","(46)","Apotek","·","Jl. Pangeran Cakrabuana No.200","·","Buka","","0811-1067-8408","","Situs Web","""Pelayanan servis cainsaw berpengalaman.""","http://kimiafarmaapotek.co.id/","","Rute","· Tutup pukul 21.30","https://ssl.gstatic.com/local/servicebusiness/default_user.png"
"https://www.google.com/maps/place/Perumda+Farmasi+Apotek+Ciremai/data=!4m7!3m6!1s0x2e6ee242cff6b3a7:0x39098f6231769cf3!8m2!3d-6.7107197!4d108.5606671!16s%2Fg%2F1hf2wfc7v!19sChIJp7P2z0Libi4R85x2MWKPCTk?authuser=0&hl=id&rclk=1","Perumda Farmasi Apotek Ciremai","4,0","(132)","Apotek","·","·","Buka","· Tutup pukul 21.00","Jl. Siliwangi No.171","(0231) 203700","","Rute","""Obat-obatan lengkap, toilet dan musholla yg bersih dan nyaman..""","","","","·","https://ssl.gstatic.com/local/servicebusiness/default_user.png"
"https://www.google.com/maps/place/Apotek+Central+Farma/data=!4m7!3m6!1s0x2e6ee38573680b81:0xab18950f8c8aa651!8m2!3d-6.7248607!4d108.5630925!16s%2Fg%2F11t04f_jcr!19sChIJgQtoc4Xjbi4RUaaKjA-VGKs?authuser=0&hl=id&rclk=1","Apotek Central Farma","5,0","(3)","Apotek","·","Jl. Lawanggada No.09","Buka","· Tutup pukul 21.00","·","(0231) 8251484","","Rute","""lengkap dan murah, order via Shopee dan Tokopedia pun bisa☺️👍""","","","","","https://ssl.gstatic.com/local/servicebusiness/default_user.png"
"https://www.google.com/maps/place/Apotek+Petratean/data=!4m7!3m6!1s0x2e6ee27eacbc930d:0x21b9a7e513b6b554!8m2!3d-6.7225769!4d108.5642004!16s%2Fg%2F11c55r8z2j!19sChIJDZO8rH7ibi4RVLW2E-WnuSE?authuser=0&hl=id&rclk=1","Apotek Petratean","4,6","(48)","Apotek","·","Jl. Petratean No.37","Buka","· Tutup pukul 21.00","·","(0231) 201885","","Rute","""Cocok dengan dokter halim 👍🏻
Karyawa","","","","","https://ssl.gstatic.com/local/servicebusiness/default_user.png"
"https://www.google.com/maps/place/Apotek+Cendana/data=!4m7!3m6!1s0x2e6f1e7baf4fa0f9:0x8a35018e74551cf3!8m2!3d-6.7631617!4d108.5142682!16s%2Fg%2F11fx7lvrvv!19sChIJ-aBPr3seby4R8xxVdI4BNYo?authuser=0&hl=id&rclk=1","Apotek Cendana","4,4","(37)","Apotek","·","·","Buka","· Tutup pukul 21.00","Jl. Cendana Raya No.127","0821-1810-7004","","Rute","""pelayanan ramah""","","","","·","https://ssl.gstatic.com/local/servicebusiness/default_user.png"
"https://www.google.com/maps/place/Apotek+Arvel+Farma/data=!4m7!3m6!1s0x2e6f1d5cfd550651:0x93e4f16821a08683!8m2!3d-6.7276123!4d108.5646601!16s%2Fg%2F11rvdmr9qn!19sChIJUQZV_Vwdby4Rg4agIWjx5JM?authuser=0&hl=id&rclk=1","Apotek Arvel Farma","5,0","(11)","Apotek","·","Jl. Kutagara No.6E","Buka","· Tutup pukul 21.00","·","0821-1922-3517","","Rute","""Obat nya murah dan lengkap,","","","","","https://ssl.gstatic.com/local/servicebusiness/default_user.png"
"https://www.google.com/maps/place/Apotek+Dwi+Farma/data=!4m7!3m6!1s0x2e6f1d9b82ab3e41:0x59b62067fb9544cd!8m2!3d-6.7400252!4d108.5633938!16s%2Fg%2F1hf01cx8r!19sChIJQT6rgpsdby4RzUSV-2cgtlk?authuser=0&hl=id&rclk=1","Apotek Dwi Farma","4,4","(15)","Apotek","·","Jl. Rajawali Raya No.D8","Buka","· Tutup pukul 21.00","·","(0231) 200822","","Rute","""Dokternya baik hati dan tlaten""","","","","","https://ssl.gstatic.com/local/servicebusiness/default_user.png"
"https://www.google.com/maps/place/Apotek+Pangestu+Ciremai/data=!4m7!3m6!1s0x2e6f1dc36630a7e1:0x2509ddf29b3c8088!8m2!3d-6.7519559!4d108.560136!16s%2Fg%2F11vclpsm3r!19sChIJ4acwZsMdby4RiIA8m_LdCSU?authuser=0&hl=id&rclk=1","Apotek Pangestu Ciremai","4,6","(17)","Apotek","·","Jl. Ciremai Raya No.10","Buka","· Tutup pukul 21.00","·","0822-4041-4058","","Rute","""Ramah pelayanannya..bisa konsultasi dengan apotrkernya..""","","","","","https://ssl.gstatic.com/local/servicebusiness/default_user.png"
"https://www.google.com/maps/place/Apotek+Kimia+Farma+Prujakan/data=!4m7!3m6!1s0x2e6ee27955a98ae7:0xa9b714b8ac090592!8m2!3d-6.7172317!4d108.5593547!16s%2Fg%2F1hm316bww!19sChIJ54qpVXnibi4RkgUJrLgUt6k?authuser=0&hl=id&rclk=1","Apotek Kimia Farma Prujakan","4,3","(78)","Apotek","·","Jl. Parujakan No.12","·","Buka 24 jam","","0811-1067-8406","","Situs Web","""Apoteknya wangi, adem lagi, beli obat cepet juga pelayanannya""","http://kimiafarmaapotek.co.id/","","Rute","","https://ssl.gstatic.com/local/servicebusiness/default_user.png"
"https://www.google.com/maps/place/APOTEK+BERSAMA/data=!4m7!3m6!1s0x2e6f1dfbab56dd69:0xc2fb0981c203b92!8m2!3d-6.7359305!4d108.531443!16s%2Fg%2F11l65zjmsm!19sChIJad1Wq_sdby4RkjsgHJiwLww?authuser=0&hl=id&rclk=1","APOTEK BERSAMA","","","Jl. Perjuangan No.10A","","","","","","","","Rute","","","","","",""
"https://www.google.com/maps/place/Apotek+Raja+Farma/data=!4m7!3m6!1s0x2e6ee26a72fbb3fd:0x10be2d7dbce653a9!8m2!3d-6.7079633!4d108.550626!16s%2Fg%2F11bxfjrp07!19sChIJ_bP7cmribi4RqVPmvH0tvhA?authuser=0&hl=id&rclk=1","Apotek Raja Farma","4,3","(18)","Apotek","·","Jl. Dr. Wahidin Sudirohusodo No.46","·","Buka","","0813-1106-7047","","Situs Web","""Tempat nya ruangan ber ac, bersih, pelayanan cepat dan ramah""","http://rajawali2.co.id/unit-usaha/apotek-raja-farma/","","Rute","· Tutup pukul 21.30","https://ssl.gstatic.com/local/servicebusiness/default_user.png"
"https://www.google.com/maps/place/Apotik+Pasuketan+Setiabudi/data=!4m7!3m6!1s0x2e6ee392f2d27563:0x31b1849432930afa!8m2!3d-6.7249337!4d108.5625842!16s%2Fg%2F11h75pq3l9!19sChIJY3XS8pLjbi4R-gqTMpSEsTE?authuser=0&hl=id&rclk=1","Apotik Pasuketan Setiabudi","4,3","(23)","Apotek","·","Jl. Lawanggada No.31","Buka","· Tutup pukul 21.00","·","(0231) 8808345","","Rute","""Pelayanannya sangat baik dan ramah , harga obat terjangkau👍""","","","","","https://ssl.gstatic.com/local/servicebusiness/default_user.png"
"https://www.google.com/maps/place/APOTEK+SEHAT+FARMA/data=!4m7!3m6!1s0x2e6f1f389a2be775:0x23db8ab6110ffe66!8m2!3d-6.7600789!4d108.5156499!16s%2Fg%2F11rhp8r61x!19sChIJdecrmjgfby4RZv4PEbaK2yM?authuser=0&hl=id&rclk=1","APOTEK SEHAT FARMA","5,0","(7)","Apotek","·","Jl. Cendana No.25, RT.05/RW.07","Buka","· Tutup pukul 22.00","·","0878-2904-9407","","Rute","""Apoteknya murah, pelyanannya ramah dan parkiran enak buat mobil""","","","","","https://ssl.gstatic.com/local/servicebusiness/default_user.png"
"https://www.google.com/maps/place/Apotek+Mulia/data=!4m7!3m6!1s0x2e6ee38e8bc706f9:0xc8f9a8f3eedfef47!8m2!3d-6.7112237!4d108.5343757!16s%2Fg%2F11j9p144q9!19sChIJ-QbHi47jbi4RR-_f7vOo-cg?authuser=0&hl=id&rclk=1","Apotek Mulia","5,0","(16)","Apotek","·","Jl. Tuparev No. 11, Ruko Patra No.A-02","Buka","· Tutup pukul 21.00","·","0811-2224-569","","Rute","""Tempatnya nyaman, pelayanan nya oke banget ramah-ramah semuaa""","","","","","https://ssl.gstatic.com/local/servicebusiness/default_user.png"
"https://www.google.com/maps/place/Prima+Husada+Apotik/data=!4m7!3m6!1s0x2e6f1d89aee914b9:0xaa01cb21191858ec!8m2!3d-6.7298853!4d108.5546867!16s%2Fg%2F1pzqf9ys6!19sChIJuRTprokdby4R7FgYGSHLAao?authuser=0&hl=id&rclk=1","Prima Husada Apotik","4,3","(3)","Apotek","·","7HC3+2VV, Jl. DR. Sudarsono","Buka","· Tutup pukul 21.00","·","(0231) 208249","","Rute","""Sabar mengantri""","","","","","https://ssl.gstatic.com/local/servicebusiness/default_user.png"
"https://www.google.com/maps/place/Apotek+Merdeka/data=!4m7!3m6!1s0x2e6ee28750c264d3:0x4db5f41a32c80e2c!8m2!3d-6.7213393!4d108.5704567!16s%2Fg%2F1pzrfvnmh!19sChIJ02TCUIfibi4RLA7IMhr0tU0?authuser=0&hl=id&rclk=1","Apotek Merdeka","4,2","(64)","Apotek","·","Jl. Merdeka No.9","Buka","· Tutup pukul 21.30","·","(0231) 230541","","Rute","""Tempatnya bersih,pelayanan nya ramah, dokternya baik2""","","","","","https://ssl.gstatic.com/local/servicebusiness/default_user.png"
"https://www.google.com/maps/place/Apotek+El+Shyfa/data=!4m7!3m6!1s0x2e6ee3573431ee95:0x5d32cb54bca2a708!8m2!3d-6.7167199!4d108.5384375!16s%2Fg%2F11j0rtfb0s!19sChIJle4xNFfjbi4RCKeivFTLMl0?authuser=0&hl=id&rclk=1","Apotek El Shyfa","4,5","(2)","Apotek","·","Jl. Cideng Indah No.24","Buka","· Tutup pukul 22.00","·","0877-7340-4412","","Rute","","","","","",""
"https://www.google.com/maps/place/Apotek+Sinar+Kasih+Cirebon/data=!4m7!3m6!1s0x2e6ee36a815ed45d:0x69422a7083c6e68d!8m2!3d-6.7209661!4d108.5627095!16s%2Fg%2F11y1x4xqz8!19sChIJXdRegWrjbi4RjebGg3AqQmk?authuser=0&hl=id&rclk=1","Apotek Sinar Kasih Cirebon","4,8","(4)","Apotek","·","Jl. Pekiringan No.107","Segera tutup","· 20.00 · Buka Sel pukul 08.00","·","0878-8999-7777","","Rute","""Pelayanan ramah, harga murah, bisa konsultasi obat""","","","","","https://ssl.gstatic.com/local/servicebusiness/default_user.png"
"https://www.google.com/maps/place/Apotik+Tanita+dan+Praktek+Dokter/data=!4m7!3m6!1s0x2e6ee26b6960654b:0xb914a4826465ac7e!8m2!3d-6.7115406!4d108.547703!16s%2Fg%2F11b6d1ql8n!19sChIJS2VgaWvibi4RfqxlZIKkFLk?authuser=0&hl=id&rclk=1","Apotik Tanita dan Praktek Dokter","4,3","(7)","Grosir produk farmasi","·","Bisnis Center, Ruko Cirebon, Jl. Tuparev No.1 Ruko CBC, RW.2","Buka","· Tutup pukul 21.00","·","(0231) 242898","","Rute","","","","","",""
"https://www.google.com/maps/place/Apotek+Prima+Sejahtera+Baru/data=!4m7!3m6!1s0x2e6f1d9b5a4c109b:0xa3b026551b3d2e40!8m2!3d-6.7383811!4d108.5638566!16s%2Fg%2F1hdz_rvr5!19sChIJmxBMWpsdby4RQC49G1UmsKM?authuser=0&hl=id&rclk=1","Apotek Prima Sejahtera Baru","4,2","(33)","Apotek","·","Jl. Rajawali Raya No.28","Segera tutup","· 20.30 · Buka Sel pukul 09.00","·","(0231) 235294","","Rute","""","","","","","https://ssl.gstatic.com/local/servicebusiness/default_user.png"
"https://www.google.com/maps/place/Apotek+Gramesia/data=!4m7!3m6!1s0x2e6ee3fc7712831f:0x59987a07c67d09ac!8m2!3d-6.7229525!4d108.5226333!16s%2Fg%2F11gy0nkss4!19sChIJH4MSd_zjbi4RrAl9xgd6mFk?authuser=0&hl=id&rclk=1","Apotek Gramesia","5,0","(5)","Apotek","·","7GGF+R36, Jl. Mushollah","Buka","· Tutup pukul 21.00","·","0877-4400-0775","","Rute","""harga terjangkau, pelayanan bagus""","","","","","https://ssl.gstatic.com/local/servicebusiness/default_user.png"
"https://www.google.com/maps/place/Apotek+Gracelina+Pulasaren/data=!4m7!3m6!1s0x2e6ee300433e4485:0xe9c80a6b4337f489!8m2!3d-6.7240889!4d108.5669435!16s%2Fg%2F11w9nyz4h5!19sChIJhUQ-QwDjbi4RifQ3Q2sKyOk?authuser=0&hl=id&rclk=1","Apotek Gracelina Pulasaren","5,0","(10)","Apotek","·","Jl. Pulasaren No.56b","Buka 24 jam","","·","0815-7242-3119","","Rute","""","","","","","https://ssl.gstatic.com/local/servicebusiness/default_user.png"
"https://www.google.com/maps/place/Apotek+Prima+Sejati/data=!4m7!3m6!1s0x2e6ee26df3049e67:0x5b55f422f2bd677f!8m2!3d-6.7170353!4d108.5508937!16s%2Fg%2F1hd_zthhz!19sChIJZ54E823ibi4Rf2e98iL0VVs?authuser=0&hl=id&rclk=1","Apotek Prima Sejati","3,8","(30)","Apotek","·","Jl. DR. Cipto Mangunkusumo No.37","Segera tutup","· 20.30 · Buka Sel pukul 08.00","·","(0231) 224540","","Rute","""Konsul kulit wajah bisakah min""","","","","","https://ssl.gstatic.com/local/servicebusiness/default_user.png"
"https://www.google.com/maps/place/Apotek+%22Farma%22/data=!4m7!3m6!1s0x2e6ee217ab5d4109:0x159e6b6ac1607b71!8m2!3d-6.7101759!4d108.5373238!16s%2Fg%2F11c1vhkhkt!19sChIJCUFdqxfibi4RcXtgwWprnhU?authuser=0&hl=id&rclk=1","Apotek ""Farma""","5,0","(3)","Apotek","·","Jl. Tuparev No.70A","Buka","· Tutup pukul 21.00","·","(0231) 8332498","","Rute","""ijin bertanya pak.""","","","","","https://ssl.gstatic.com/local/servicebusiness/default_user.png"
"https://www.google.com/maps/place/Apotek+Serangkai+Perjuangan/data=!4m7!3m6!1s0x2e6f1d0024a565bb:0xd00f1f3134e4d9d!8m2!3d-6.7431305!4d108.5233231!16s%2Fg%2F11y0ck0qnl!19sChIJu2WlJAAdby4RnU1OE_PxAA0?authuser=0&hl=id&rclk=1","Apotek Serangkai Perjuangan","4,2","(21)","Apotek","·","7G4F+P8","Buka","· Tutup pukul 21.00","·","0878-1810-8088","","Rute","""Pelayanan baik, rapih dan harga terjangkau""","","","","","https://ssl.gstatic.com/local/servicebusiness/default_user.png"
"https://www.google.com/maps/place/Apotik+Benita/data=!4m7!3m6!1s0x2e6ee27bf954f46d:0xdbde0f91f9bcb131!8m2!3d-6.7226797!4d108.5642137!16s%2Fg%2F1hc1qpf2f!19sChIJbfRU-Xvibi4RMbG8-ZEP3ts?authuser=0&hl=id&rclk=1","Apotik Benita","3,9","(32)","Apotek","·","Jl. Petratean No.39","Buka","· Tutup pukul 21.00","·","(0231) 200769","","Rute","""Ramah pelayanan nya, harga obat murah dan lengkap 👍""","","","","","https://ssl.gstatic.com/local/servicebusiness/default_user.png"
"https://www.google.com/maps/place/Apotek+Pilang/data=!4m7!3m6!1s0x2e6ee2180339ad2f:0x6a3cfa312837383f!8m2!3d-6.7073283!4d108.5336667!16s%2Fg%2F11crzwlyt5!19sChIJL605Axjibi4RPzg3KDH6PGo?authuser=0&hl=id&rclk=1","Apotek Pilang","4,3","(15)","Apotek","·","Jl. Pilang Raya No.110","Buka","· Tutup pukul 21.00","·","0852-9449-5375","","Rute","","","","","",""
"https://www.google.com/maps/place/Apotek+Kutagara/data=!4m7!3m6!1s0x2e6ee27f9b81b9f7:0x8ac79a5c89d22e64!8m2!3d-6.7252386!4d108.5640813!16s%2Fg%2F1hf173536!19sChIJ97mBm3_ibi4RZC7SiVyax4o?authuser=0&hl=id&rclk=1","Apotek Kutagara","3,6","(27)","Apotek","·","·","Buka","· Tutup pukul 21.00","Jl. Jagasatru No.15","(0231) 206719","","Rute","""Pelayanannya cepet, dokternya bagus 👍🏻👍🏻👍🏻👍🏻""","","","","·","https://ssl.gstatic.com/local/servicebusiness/default_user.png"
"https://www.google.com/maps/place/Apotek+Kimia+Farma+Fatahillah+Cirebon/data=!4m7!3m6!1s0x2e6ee1eb79344a97:0xc5d30703e034aa57!8m2!3d-6.711283!4d108.504394!16s%2Fg%2F11cn7nct9g!19sChIJl0o0eevhbi4RV6o04AMH08U?authuser=0&hl=id&rclk=1","Apotek Kimia Farma Fatahillah Cirebon","4,3","(86)","Apotek","·","·","Jl. Fatahillah No.12","Buka","·","0811-1067-8376","","Situs Web","""Pelayanan yg sangat ramah, ruang tunggu obat yg bersih dan nyaman😍""","http://kimiafarmaapotek.co.id/","","Rute","· Tutup pukul 21.30","https://ssl.gstatic.com/local/servicebusiness/default_user.png"
"https://www.google.com/maps/place/Apotik+Amanah+Ashta/data=!4m7!3m6!1s0x2e6f1debad515fdd:0x1ac3aec4692f5ea6!8m2!3d-6.7460095!4d108.5427046!16s%2Fg%2F11gg66gbjd!19sChIJ3V9Rresdby4Rpl4vacSuwxo?authuser=0&hl=id&rclk=1","Apotik Amanah Ashta","4,0","(8)","Apotek","·","Jl. Jenderal Sudirman No.21","","","","","","Rute","","","","","",""
"https://www.google.com/maps/place/Apotek+Mulya+Farma/data=!4m7!3m6!1s0x2e6f1d01030a312b:0xbcde7cf1760414dd!8m2!3d-6.7418047!4d108.5312485!16s%2Fg%2F11lm0gr5m1!19sChIJKzEKAwEdby4R3RQEdvF83rw?authuser=0&hl=id&rclk=1","Apotek Mulya Farma","","","Apotek","·","7G5J+7FH","Tutup","· Buka Sel pukul 07.30","·","0822-8322-4028","","Rute","","","","","",""
"https://www.google.com/maps/place/APOTEK+PRATAMA/data=!4m7!3m6!1s0x2e6f1debc22855f5:0x8171cfc58c32d324!8m2!3d-6.7449182!4d108.5414635!16s%2Fg%2F11l6q7dbq8!19sChIJ9VUowusdby4RJNMyjMXPcYE?authuser=0&hl=id&rclk=1","APOTEK PRATAMA","","","Apotek","·","Jl. Kalitanjung No.29","","","","","","Rute","","","","","",""
"https://www.google.com/maps/place/Apotek+Harjamukti/data=!4m7!3m6!1s0x2e6f1daa2dbfb103:0xad35704f482091d2!8m2!3d-6.7557916!4d108.5505318!16s%2Fg%2F11sc3xkmgn!19sChIJA7G_Laodby4R0pEgSE9wNa0?authuser=0&hl=id&rclk=1","Apotek Harjamukti","","","Apotek","·","Jl. Pramuka Penggalang No.90 B","Buka","· Tutup pukul 21.00","·","0812-2383-2738","","Rute","Pesan antar","","","","",""
"https://www.google.com/maps/place/Apotik+Insan+Farma/data=!4m7!3m6!1s0x2e6f1db8068b3e0f:0xb2a15598330a1a2!8m2!3d-6.7581645!4d108.5464141!16s%2Fg%2F11fz2pq7z9!19sChIJDz6LBrgdby4RoqEwg1kVKgs?authuser=0&hl=id&rclk=1","Apotik Insan Farma","4,9","(19)","Apotek","·","·","Segera tutup","· 20.30 · Buka Sel pukul 09.00","6GRW+PHM","","","Rute","""Apakah ada obat vitama kata teman saya dia mau beli obat nya""","","","","","https://ssl.gstatic.com/local/servicebusiness/default_user.png"
"https://www.google.com/maps/place/Apotek+Serangkai+Tengah+Tani/data=!4m7!3m6!1s0x2e6ee18aab4ad93d:0xe96f0f97f14e676d!8m2!3d-6.7085403!4d108.5223249!16s%2Fg%2F1hm2ykgny!19sChIJPdlKq4rhbi4RbWdO8ZcPb-k?authuser=0&hl=id&rclk=1","Apotek Serangkai Tengah Tani","4,1","(28)","Apotek","·","·","Buka","· Tutup pukul 21.00","Jl. Raya Tengah Tani No.58","(0231) 200265","","Rute","""Harga murah & terjangkau, kualitas obat nya jaminan""","","","","·","https://ssl.gstatic.com/local/servicebusiness/default_user.png"
"https://www.google.com/maps/place/Apotek+Taman+Kota/data=!4m7!3m6!1s0x2e6f1dc0f5a92ba1:0x7f4be1045ffda345!8m2!3d-6.7619623!4d108.5326405!16s%2Fg%2F11pg5y3r2t!19sChIJoSup9cAdby4RRaP9XwThS38?authuser=0&hl=id&rclk=1","Apotek Taman Kota","5,0","(18)","Apotek","·","Perum Taman Kota B4 No.5","Segera tutup","· 20.00 · Buka Sel pukul 08.00","·","0822-1114-1110","","Rute","""Pelayanan top dan cocok banget di aku.""","","","","","https://ssl.gstatic.com/local/servicebusiness/default_user.png"
"https://www.google.com/maps/place/Klinik+%26+Apotek+Sehat+Insani/data=!4m7!3m6!1s0x2e6f1da222fd8f23:0x67fcd05218561074!8m2!3d-6.7346889!4d108.5613316!16s%2Fg%2F11fj4b_k1y!19sChIJI4_9IqIdby4RdBBWGFLQ_Gc?authuser=0&hl=id&rclk=1","Klinik & Apotek Sehat Insani","4,4","(31)","Klinik Kesehatan","·","·","Buka","· Tutup pukul 21.00","Jl. Pangeran Drajat No.49","0851-8666-4475","","Rute","""Klinik n apoteknya strategies harga terhangkau, pelayanan  ramah""","","","","·","https://ssl.gstatic.com/local/servicebusiness/default_user.png"
"https://www.google.com/maps/place/Apotek+Harapan+Mulya/data=!4m7!3m6!1s0x2e6f1d86881f8b35:0x92ab7cf38d001cc9!8m2!3d-6.7315245!4d108.5602849!16s%2Fg%2F1hdztwkbp!19sChIJNYsfiIYdby4RyRwAjfN8q5I?authuser=0&hl=id&rclk=1","Apotek Harapan Mulya","4,8","(12)","Apotek","·","Jl. Lapangan Bola No.23","Buka sekarang","","","","","Rute","""Tempat nya nyaman, bersih, pelayanan yg sangat baik""","","","","","https://ssl.gstatic.com/local/servicebusiness/default_user.png"
"https://www.google.com/maps/place/Klinik+Utama+Kalitanjung+Cirebon/data=!4m7!3m6!1s0x2e6f1de963a66f35:0x5068e3063849e76!8m2!3d-6.7453427!4d108.5401306!16s%2Fg%2F11g698f_9k!19sChIJNW-mY-kdby4Rdp6EYzCOBgU?authuser=0&hl=id&rclk=1","Klinik Utama Kalitanjung Cirebon","4,6","(303)","Dokter Anak","·","·","Jl. Kalitanjung No.17","Buka","·","0812-2262-2582","","Situs Web","""pelayanannya memuaskan, dokter & bidannya juga baik & informatif""","http://klinikkalitanjung.wixsite.com/klinik","","Rute","· Tutup pukul 21.00","https://ssl.gstatic.com/local/servicebusiness/default_user.png"
"https://www.google.com/maps/place/Apotek+Pasar+Balong/data=!4m7!3m6!1s0x2e6f1d85fea550eb:0xfb7fc0bf8055b550!8m2!3d-6.7208679!4d108.5633275!16s%2Fg%2F11r89v3qx!19sChIJ61Cl_oUdby4RULVVgL_Af_s?authuser=0&hl=id&rclk=1","Apotek Pasar Balong","4,1","(76)","Apotek","·","Jl. Pekiringan No.81","Segera tutup","· 20.00 · Buka Sel pukul 08.00","·","0811-240-099","","Rute","""Dokter nya bagus dan","","","","","https://ssl.gstatic.com/local/servicebusiness/default_user.png"
"https://www.google.com/maps/place/apotek+herbal+de+nature+indonesia/data=!4m7!3m6!1s0x2e6f1d13e075641b:0xd0d4767328453cf8!8m2!3d-6.7458886!4d108.5276051!16s%2Fg%2F11ghq68skw!19sChIJG2R14BMdby4R-DxFKHN21NA?authuser=0&hl=id&rclk=1","apotek herbal de nature indonesia","","","Apotek","·","7G3H+J2X","Segera tutup","· 20.00 · Buka Sel pukul 08.00","·","0823-1307-6901","","Rute","","","","","",""
"https://www.google.com/maps/place/Apotek+Sutawinangun+Sehat/data=!4m7!3m6!1s0x2e6ee3772f573a77:0xb8850408c03e6fdb!8m2!3d-6.716102!4d108.5476721!16s%2Fg%2F11xs0mxvym!19sChIJdzpXL3fjbi4R228-wAgEhbg?authuser=0&hl=id&rclk=1","Apotek Sutawinangun Sehat","3,5","(6)","Apotek","·","Jl. Sutawinangun No.19, RT.004/RW.006","Buka","· Tutup pukul 21.00","·","0819-9866-5326","","Rute","""Tempatnya enak.""","","","","","https://ssl.gstatic.com/local/servicebusiness/default_user.png"
"https://www.google.com/maps/place/Apotik+Ananda/data=!4m7!3m6!1s0x2e6ee3eacadd68bb:0x69394fd2acb26aa7!8m2!3d-6.7120356!4d108.5613742!16s%2Fg%2F11glwjqt7_!19sChIJu2jdyurjbi4Rp2qyrNJPOWk?authuser=0&hl=id&rclk=1","Apotik Ananda","3,1","(40)","Apotek","·","Jl. Siliwangi No.201","Buka","· Tutup pukul 21.00","·","(0231) 206165","","Rute","""pelayanan baik""","","","","","https://ssl.gstatic.com/local/servicebusiness/default_user.png"
"https://www.google.com/maps/place/Apotek+Madinah/data=!4m7!3m6!1s0x2e6ee25cd7a43cdf:0x633d253a05190361!8m2!3d-6.7043789!4d108.5588094!16s%2Fg%2F11gfh288ql!19sChIJ3zyk11zibi4RYQMZBTolPWM?authuser=0&hl=id&rclk=1","Apotek Madinah","4,5","(22)","Apotek","·","Jl. Moh. Toha No.38","Buka","· Tutup pukul 21.00","·","0878-4644-4811","","Rute","""","","","","","https://ssl.gstatic.com/local/servicebusiness/default_user.png"
"https://www.google.com/maps/place/Apotek+Guntur/data=!4m7!3m6!1s0x2e6f1da2820cbe0f:0x486fd1d000a44802!8m2!3d-6.7461647!4d108.559747!16s%2Fg%2F11bc7q92fs!19sChIJD74MgqIdby4RAkikANDRb0g?authuser=0&hl=id&rclk=1","Apotek Guntur","4,5","(2)","Apotek","·","7H35+GVQ, Jl. Gn. Guntur I","Segera tutup","· 20.00 · Buka Sel pukul 14.00","","","","Rute","","","","","",""
"https://www.google.com/maps/place/Apotik+%22Agung%22/data=!4m7!3m6!1s0x2e6ee262da12b86b:0xd4487c242d61565!8m2!3d-6.7150201!4d108.5655743!16s%2Fg%2F1hc8w2cxk!19sChIJa7gS2mLibi4RZRXWQsKHRA0?authuser=0&hl=id&rclk=1","Apotik ""Agung""","4,3","(15)","Apotek","·","7HM8+X6W, Jl. Bahagia","Buka","· Tutup pukul 21.00","·","(0231) 207124","","Rute","""Dokternya baik dan byk pengalamannya""","","","","","https://ssl.gstatic.com/local/servicebusiness/default_user.png"
"https://www.google.com/maps/place/Apotek+Elok/data=!4m7!3m6!1s0x2e6ee1e863ebe96f:0xcedb6e8777a8f958!8m2!3d-6.7184674!4d108.5018148!16s%2Fg%2F11c0w18myz!19sChIJb-nrY-jhbi4RWPmod4du284?authuser=0&hl=id&rclk=1","Apotek Elok","4,3","(31)","Apotek","·","·","Buka","· Tutup pukul 21.00","Jl. Fatahillah No.9B, RT.02/RW.01","0852-2051-1779","","Rute","""","","","","·","https://ssl.gstatic.com/local/servicebusiness/default_user.png"
"https://www.google.com/maps/place/Apotek+Mitra/data=!4m7!3m6!1s0x2e6f1d8d53c07ed1:0xa687980bf15446fa!8m2!3d-6.7377924!4d108.5465687!16s%2Fg%2F11bc7sdcb6!19sChIJ0X7AU40dby4R-kZU8QuYh6Y?authuser=0&hl=id&rclk=1","Apotek Mitra","5,0","(1)","Apotek","·","JL Sultan SNo No.72/22","","","","(0231) 358686","","Rute","","","","","",""
"https://www.google.com/maps/place/Klinik+dan+Apotek+Slamet/data=!4m7!3m6!1s0x2e6ee27ca9923737:0xb55c25807ec666bd!8m2!3d-6.7174983!4d108.5642386!16s%2Fg%2F11c3wwfm7z!19sChIJNzeSqXzibi4RvWbGfoAlXLU?authuser=0&hl=id&rclk=1","Klinik dan Apotek Slamet","3,9","(22)","Apotek","·","Jl. Karanggetas No.136","Buka","· Tutup pukul 22.00","·","(0231) 204137","","Rute","""Ada Dokter Spesialis Akupunktur.""","","","","","https://ssl.gstatic.com/local/servicebusiness/default_user.png"
"https://www.google.com/maps/place/Apotek+Ole/data=!4m7!3m6!1s0x2e6ee3c88a29646f:0x7641f372a9c686c1!8m2!3d-6.7069828!4d108.5635933!16s%2Fg%2F11qmc7hg_4!19sChIJb2Qpisjjbi4RwYbGqXLzQXY?authuser=0&hl=id&rclk=1","Apotek Ole","4,5","(4)","Apotek","·","Jl. Kapten Samadikun No.140","Buka","· Tutup pukul 21.00","","","","Rute","""dokternya ramah dan baik banget, obat lengkap dan harga terjangkau""","","","","","https://ssl.gstatic.com/local/servicebusiness/default_user.png"
"https://www.google.com/maps/place/Apotek+Selaras/data=!4m7!3m6!1s0x2e6f1d15f1ddba43:0xfdb365bc69b61f0d!8m2!3d-6.7342357!4d108.5396757!16s%2Fg%2F11jrqlzjmn!19sChIJQ7rd8RUdby4RDR-2abxls_0?authuser=0&hl=id&rclk=1","Apotek Selaras","5,0","(7)","Apotek","·","Jl. Perjuangan No.5","·","Tutup","","0815-7217-7917","","Situs Web","Pesan antar","https://www.klinikselaras.my.id/p/kontak.html","","Rute","· Buka Sel pukul 10.00",""
"https://www.google.com/maps/place/APOTEK+CAKRABUANA/data=!4m7!3m6!1s0x2e6f1d0000a0e9ef:0x17813f8715bc1363!8m2!3d-6.730705!4d108.5397342!16s%2Fg%2F11lyktp398!19sChIJ7-mgAAAdby4RYxO8FYc_gRc?authuser=0&hl=id&rclk=1","APOTEK CAKRABUANA","5,0","(2)","Apotek","·","Jl. Terusan Pemuda No.1","Tutup","· Buka Sel pukul 08.00","·","0858-4629-7930","","Rute","","","","","",""
"https://www.google.com/maps/place/Apotek+Keluarga+Dokter+Kandungan+dr+Wildan+A+Sutrisno,+SpOG/data=!4m7!3m6!1s0x2e6f1dd355dc00f7:0xf596f146e074c0fc!8m2!3d-6.734865!4d108.5538648!16s%2Fg%2F11r3xbw_7w!19sChIJ9wDcVdMdby4R_MB04EbxlvU?authuser=0&hl=id&rclk=1","Apotek Keluarga Dokter Kandungan dr Wildan A Sutrisno, SpOG","4,8","(154)","Dokter Kandungan","·","Jl. Geriliawan No.5","Buka","· Tutup pukul 21.00","·","0811-2421-983","","Rute","""Dokter Ramah, vibe apoteknya oke banget, bikin nyaman :)""","","","","","https://ssl.gstatic.com/local/servicebusiness/default_user.png"
"https://www.google.com/maps/place/Kost+Apotek/data=!4m7!3m6!1s0x2e6f1d00781eff2f:0x30f081126472d910!8m2!3d-6.7340413!4d108.5284484!16s%2Fg%2F11mrd8044h!19sChIJL_8eeAAdby4RENlyZBKB8DA?authuser=0&hl=id&rclk=1","Kost Apotek","5,0","(1)","Komplek perumahan","·","Jl. Perjuangan II No.42","","","","","","Rute","","","","","",""
"https://www.google.com/maps/place/Apotik+Aman+Husada+2/data=!4m7!3m6!1s0x2e6ee264a5ef196b:0xce74fb1fbca556cf!8m2!3d-6.7164127!4d108.5635625!16s%2Fg%2F11c6dz02xl!19sChIJaxnvpWTibi4Rz1alvB_7dM4?authuser=0&hl=id&rclk=1","Apotik Aman Husada 2","5,0","(8)","Apotek","·","·","Buka","· Tutup pukul 21.00","Jl. Karanggetas No.92","(0231) 204995","","Rute","""Oke Lengkap, oke harga, oke ramah.""","","","","·","https://ssl.gstatic.com/local/servicebusiness/default_user.png"
"https://www.google.com/maps/place/Apotek+IHYA+Farma+-+Gegunung+Sumber+Cirebon/data=!4m7!3m6!1s0x2e6f1f002d8783f5:0x941459ca3c631c99!8m2!3d-6.7472601!4d108.4986216!16s%2Fg%2F11yx35f6kw!19sChIJ9YOHLQAfby4RmRxjPMpZFJQ?authuser=0&hl=id&rclk=1","Apotek IHYA Farma - Gegunung Sumber Cirebon","","","Apotek","·","Jl. Ki Ageng Tapa Taman Gegunung Permai Blok Barat, RT.001/RW.004","Segera tutup","· 20.00 · Buka Sel pukul 08.00","","","","Rute","","","","","",""
"https://www.google.com/maps/place/Apotek+Century+Grage+Mall+Cirebon/data=!4m7!3m6!1s0x2e6ee26ea75033fd:0xbcf99a8c31c82d66!8m2!3d-6.7133386!4d108.5523019!16s%2Fg%2F11f34z4mjk!19sChIJ_TNQp27ibi4RZi3IMYya-bw?authuser=0&hl=id&rclk=1","Apotek Century Grage Mall Cirebon","4,0","(4)","Apotek","·","Jl. Tentara Pelajar No.1","","","","(0231) 242684","","Rute","","","","","",""
"https://www.google.com/maps/place/Klinik+Kimia+Farma+Gunung+Jati+Cirebon/data=!4m7!3m6!1s0x2e6f1d05e9fb15e9:0xe27824bad19d548!8m2!3d-6.7311418!4d108.5563471!16s%2Fg%2F11sthqsp15!19sChIJ6RX76QUdby4RSNUZrUuCJw4?authuser=0&hl=id&rclk=1","Klinik Kimia Farma Gunung Jati Cirebon","4,0","(10)","Klinik Medis","·","Jl. Kesambi","·","Buka","","0811-2410-333","","Situs Web","""Cuma dokter ny kurang jelas ngejelasin pnyakit ny apa dan sebab ny apa.""","https://labkimiafarma.co.id/","","Rute","· Tutup pukul 22.00","https://ssl.gstatic.com/local/servicebusiness/default_user.png"
"https://www.google.com/maps/place/Apotek+Bagja+Cirebon/data=!4m7!3m6!1s0x2e6f1f78708e5071:0x5df30aa4a41fc03a!8m2!3d-6.7634735!4d108.5141576!16s%2Fg%2F11z13_d271!19sChIJcVCOcHgfby4ROsAfpKQK810?authuser=0&hl=id&rclk=1","Apotek Bagja Cirebon","","","Apotek","·","Jl. Cendana Raya No.57","","","","","","Rute","","","","","",""
"https://www.google.com/maps/place/Apotek+Jati+Farma/data=!4m7!3m6!1s0x2e6f1d88578d419d:0x99419f149fd0f881!8m2!3d-6.7299428!4d108.5559042!16s%2Fg%2F11hbn78p_6!19sChIJnUGNV4gdby4RgfjQnxSfQZk?authuser=0&hl=id&rclk=1","Apotek Jati Farma","5,0","(1)","Apotek","·","7HC4+29C, Jl. DR. Sudarsono","","","","","","Rute","""Pelayanan baik.""","","","","","https://ssl.gstatic.com/local/servicebusiness/default_user.png"
"https://www.google.com/maps/place/Apotek+Mensana+Farma+%26+Mental+Health+Care+%28MHC%29+Cirebon+Psikiater,+Psikolog,+Hipnoterapi,Jasa+Mediasi+Ciayumajakuning/data=!4m7!3m6!1s0x2e6f1ddc54e045f1:0x4be19850ced8f1bd!8m2!3d-6.7306933!4d108.540374!16s%2Fg%2F11kqsdb795!19sChIJ8UXgVNwdby4RvfHYzlCY4Us?authuser=0&hl=id&rclk=1","Apotek Mensana Farma & Mental Health Care (MHC) Cirebon Psikiater, Psikolog, Hipnoterapi,Jasa Mediasi Ciayumajakuning","4,9","(133)","Rumah Sakit Jiwa","·","Komplek Ruko Permata Hijau, Jl. Brigjen Darsono No.10 Kav.2","·","Segera tutup","","0812-2047-5783","","Situs Web","""Pelayanan bagus + psikolog bagus, bisa homecare juga.. recommended!""","https://www.mhc-cirebon.com/","","Rute","· 20.00 · Buka Sel pukul 15.00","https://ssl.gstatic.com/local/servicebusiness/default_user.png"
"https://www.google.com/maps/place/Apotek+Kimia+Farma+Sumber+Cirebon/data=!4m7!3m6!1s0x2e6f1e4daa3cdcef:0xc13fa59e8ac2eb72!8m2!3d-6.7586629!4d108.4759204!16s%2Fg%2F1q62jk02m!19sChIJ79w8qk0eby4RcuvCip6lP8E?authuser=0&hl=id&rclk=1","Apotek Kimia Farma Sumber Cirebon","3,6","(221)","Apotek","·","Jl. R.Dewi Sartika No.36","·","Buka","","0811-1067-8378","","Situs Web","""Obat-obatannya termasuk komplit, pelayanan ramah dan tempatnya bersih.""","http://kimiafarmaapotek.co.id/","","Rute","· Tutup pukul 21.30","https://ssl.gstatic.com/local/servicebusiness/default_user.png"
"","","","","","","","","","","","","","","","","","",""