"hfpxzc href","qBF1Pd","MW4etd","UY7F9","AJB7ye","AJB7ye 2","W4Efsd","W4Efsd 2","W4Efsd 3","W4Efsd 5","W4Efsd 6","FQ2IWe src","Jn12ke src","ah5Ghc","A1zNzb href","J8zHNe","bbPy1"
"","","","","","","","","","","","","","","","",""
"","","","","","","","","","","","","","","","",""
"https://www.google.com/maps/place/Kopi+Satu+Visi/data=!4m7!3m6!1s0x2e6f1d4e1b1131f3:0xb0fc48ee7e6109d5!8m2!3d-6.7381134!4d108.5362899!16s%2Fg%2F11frp9w3y3!19sChIJ8zERG04dby4R1Qlhfu5I_LA?authuser=0&hl=id&rclk=1","Kopi Satu Visi","4,9","(168)","·","Rp 1–25.000","Kedai Kopi","·","·","Buka","· Tutup pukul 22.00","https://lh3.googleusercontent.com/gps-cs-s/APNQkAHrS7BxlKBiV5YmqwbQ9xvp6aHO_PwzphYIRodC2jPWziksJVODMLV2cMfb5yA13wjMwAL71xf55wtK1rVKwXS9HSuk66HZ2bDJcobXHVP5bV9U2x6GpmsZp1-9NLan-z80gaHM=w92-h92-k-no","https://ssl.gstatic.com/local/servicebusiness/default_user.png","""Kopinya enak banget, ownernya asik diajak ngobrol dan sharing.""","","",""
"https://www.google.com/maps/place/Bukan+Cafe/data=!4m7!3m6!1s0x2e6f1df07ff82491:0xba9ccc565a10b511!8m2!3d-6.7361263!4d108.5342165!16s%2Fg%2F11c6t94_xg!19sChIJkST4f_Adby4REbUQWlbMnLo?authuser=0&hl=id&rclk=1","Bukan Cafe","4,3","(125)","","","Kafe","·","·","Buka","· Tutup pukul 21.00","https://lh3.googleusercontent.com/gps-cs-s/APNQkAFj7yg20AvLUTVN6ZmT8RLS300_bKxrbOTCD431wb74YdA59Eo86Xvr0qXXDrlQsSttxwIPnvRlX0UwmGSHHOyMMsIZrbGctIpaiNheeI0UIsLL4lVD08X2-GbLab1bDvIvLG_ewA=w122-h92-k-no","https://ssl.gstatic.com/local/servicebusiness/default_user.png","""Kopinya nukmat""","","",""
"https://www.google.com/maps/place/TW+Space/data=!4m7!3m6!1s0x2e6f1da325bb7e1d:0xc691fbcb058e500a!8m2!3d-6.7287164!4d108.5313941!16s%2Fg%2F11qh7qvtsh!19sChIJHX67JaMdby4RClCOBcv7kcY?authuser=0&hl=id&rclk=1","TW Space","4,8","(514)","·","Rp 25–50 rb","Kedai Kopi","·","Jl. Ciliwung","Buka","· Tutup pukul 23.00","https://lh3.googleusercontent.com/gps-cs-s/APNQkAESrZxnPiJiLzWnM2GmfltA_-BJP43YpYEerULIHNIy-n_WzFE-C8s9h5GSd5CfTq_sCfeeTP7RvCS9iZqiKktQQt7lnsYKASFrkUI-Go0b3KiDTbX8kEvo7zcUji-wjo0i-M8=w80-h106-k-no","https://ssl.gstatic.com/local/servicebusiness/default_user.png","""Sukaak banget sama varian kopi salt caramel nya TW, recommended 👍🏻👍🏻.""","https://www.google.com/searchviewer/42?cvd=CLw_EicKJeICIjIgEhkiF9LX29IPEQoNL2cvMTFxaDdxdnRzaBgBOgMI8A0%3D&hl=id-ID&gl=id&fo_m=MfohQo559jFvMUOzJVpjPL1YMfZ3bInYwBDuMfaXTPp5KXh-&utm_source=tactile&gei=opX4abe_HtCQseMPqLCfiQo&ei=opX4abe_HtCQseMPqLCfiQo&fo_s=OA&opi=79508299&orderType=1&ebb=1&cs=0&foub=mcpp","Pesan online",""
"https://www.google.com/maps/place/Point+Cafe+PERJUANGAN/data=!4m7!3m6!1s0x2e6f1d60596d17e9:0x70afb20e09d3dd3f!8m2!3d-6.7357644!4d108.5346685!16s%2Fg%2F11flfwmgnm!19sChIJ6RdtWWAdby4RP93TCQ6yr3A?authuser=0&hl=id&rclk=1","Point Cafe PERJUANGAN","4,5","(92)","·","Rp 25–50 rb","Kafe","·","Jl. Perjuangan Majasem, Karya Mulya, Panguragan","Buka 24 jam","","https://lh3.googleusercontent.com/gps-cs-s/APNQkAFfQi8-FcdyT7nbPe3nWkJJILZL6UIO3l22IZ_CjELoqzzXTrQALO2u7bk6ILWs9Kg8dv9S5ZHi0rxuMthIeg0yiML4dkLGIXv1bAIbN8etxNEbjON6pl7r72FevcmFUE-6vl4A9w=w80-h106-k-no","https://ssl.gstatic.com/local/servicebusiness/default_user.png","""Selain","https://www.google.com/searchviewer/42?cvd=CLw_EicKJeICIjIgEhkiF9LX29IPEQoNL2cvMTFmbGZ3bWdubRgBOgMI8A0%3D&hl=id-ID&gl=id&fo_m=MfohQo559jFvMUOzJVpjPL1YMfZ3bInYwBDuMfaXTPp5KXh-&utm_source=tactile&gei=opX4abe_HtCQseMPqLCfiQo&ei=opX4abe_HtCQseMPqLCfiQo&fo_s=OA&opi=79508299&orderType=1&ebb=1&cs=0&foub=mcpp","Pesan online",""
"https://www.google.com/maps/place/Kolonial+Koffie/data=!4m7!3m6!1s0x2e6f1d500bb70ba3:0x770e7a547dba2ef1!8m2!3d-6.73889!4d108.5383502!16s%2Fg%2F11rhc3q027!19sChIJowu3C1Adby4R8S66fVR6Dnc?authuser=0&hl=id&rclk=1","Kolonial Koffie","4,4","(50)","·","Rp 25–50 rb","Kedai Kopi","·","Jl. Kandang Perahu No.14, RT./RW/RW.03/13","Buka 24 jam","","https://lh3.googleusercontent.com/gps-cs-s/APNQkAHTfYn4LqXP3It1dTvbowOsL75X62YvCR-83pSq14DQzO-ymYNb3R3cwAWwbM-d7Wu5Z1wErLi6904taJdWMxk4r7otJ4e98icvNR3-jUAi2JtWia5jvCaDDS4DnDs9rNmlPP55=w80-h142-k-no","https://ssl.gstatic.com/local/servicebusiness/default_user.png","""Avocado milknya manis banget, buat yg suka manis wajib coba.""","","",""
"https://www.google.com/maps/place/Cafe+Santri+%2F+Kedai+Sastra/data=!4m7!3m6!1s0x2e6f1d5aafe7528d:0xd329f87fd1e41be!8m2!3d-6.7368008!4d108.5323416!16s%2Fg%2F11h07jww80!19sChIJjVLnr1odby4RvkEe_YefMg0?authuser=0&hl=id&rclk=1","Cafe Santri / Kedai Sastra","4,7","(48)","","","Kedai Kopi","·","Jl. Kandang Perahu No.9A","Buka 24 jam","","https://lh3.googleusercontent.com/gps-cs-s/APNQkAHuEw7RO1IYsQSGLRpBhULqJaIXyjS94D-ebdybKXJ55sKs2sE2q1K8OEG0hK2QqAWkDQjheJe_He_QjrYWY2B5UHH-04pP1p5qw-w8h2v7cPpDFPEiZKRtS-SZCyD3tGDlZDZD=w122-h92-k-no","https://ssl.gstatic.com/local/servicebusiness/default_user.png","""Tempatnya nyaman....jauh dari hingar bingar knalpot brong🤣🤣""","","",""
"https://www.google.com/maps/place/Jus+Kuphi+Medan+Part+9+Cirebon/data=!4m7!3m6!1s0x2e6f1df53e8ae585:0x37082b9783ed9b93!8m2!3d-6.735074!4d108.5348151!16s%2Fg%2F11cr_ydk_n!19sChIJheWKPvUdby4Rk5vtg5crCDc?authuser=0&hl=id&rclk=1","Jus Kuphi Medan Part 9 Cirebon","4,4","(433)","·","$","Kafe","·","·","Buka","· Tutup pukul 02.00","https://lh3.googleusercontent.com/gps-cs-s/APNQkAF-LOUL-unwobj2btFgUTWX5RHAPojDLtWIpyMbL0l3AFP20c8AY7StWfia_BlW8TSvt1c90tKLPkwvM0PbcaDbe0ng9aZNSCJjWn2RFxxuRqJlFj4j25E_0ZDjm7UYTPPVmtUNzQ=w122-h92-k-no","https://ssl.gstatic.com/local/servicebusiness/default_user.png","""Wifinya kenceng.""","","",""
"https://www.google.com/maps/place/Cafee+MIDANG+MEDANG/data=!4m7!3m6!1s0x2e6f1def86e1d5e3:0xd061fde0b7b77421!8m2!3d-6.740847!4d108.5346137!16s%2Fg%2F11c5_vx8cq!19sChIJ49Xhhu8dby4RIXS3t-D9YdA?authuser=0&hl=id&rclk=1","Cafee MIDANG MEDANG","4,7","(3)","","","Kafe","·","7G5M+MR9, Jl. Kandang Perahu","Buka 24 jam","","https://lh3.googleusercontent.com/gps-cs-s/APNQkAGA3U4R2sU82Sx-JRdQz-mGyhnWIluJv7dTIeh7lb2q1BXUTfKeKsfDoLuKNVArd1Tw4Fdj1snz68f8ribxeFkUfIeOl0riOkk9HA2--01n8BYFrbjR4md4XezC2XYOLJXnDJ-0=w122-h92-k-no","","Makan di tempat","","",""
"https://www.google.com/maps/place/Komunikoffie/data=!4m7!3m6!1s0x2e6f1d364977d785:0x132cee846136702e!8m2!3d-6.7327665!4d108.5363725!16s%2Fg%2F11pbdzxdn7!19sChIJhdd3STYdby4RLnA2YYTuLBM?authuser=0&hl=id&rclk=1","Komunikoffie","4,6","(575)","·","Rp 25–50 rb","Kedai Kopi","·","Jl. Taman Pemuda No.24/88","Buka","· Tutup pukul 00.00","https://lh3.googleusercontent.com/gps-cs-s/APNQkAFkeXploYRu_ZH3CVLNQlj8ti9gs_uDnEs1k74AmGROYpSYxPAf5FG6_MgEI-M8PA6AG1UIXa7JYrd3qO9Mp7o5kUFMrQab_wqiLVABCF5-YyHBim9WC-wd8IIdQf7aZPQwK4o=w80-h99-k-no","https://ssl.gstatic.com/local/servicebusiness/default_user.png","""Coffeeshop yang Instagramable bgt deh cocok untuk dijadikan spot foto""","https://www.google.com/searchviewer/42?cvd=CLw_EicKJeICIjIgEhkiF9LX29IPEQoNL2cvMTFwYmR6eGRuNxgBOgMI8A0%3D&hl=id-ID&gl=id&fo_m=MfohQo559jFvMUOzJVpjPL1YMfZ3bInYwBDuMfaXTPp5KXh-&utm_source=tactile&gei=opX4abe_HtCQseMPqLCfiQo&ei=opX4abe_HtCQseMPqLCfiQo&fo_s=OA&opi=79508299&orderType=1&ebb=1&cs=0&foub=mcpp","Pesan online",""
"https://www.google.com/maps/place/Cyas+Chill+Cafe+%26+Eatery/data=!4m7!3m6!1s0x2e6f1d7098f83815:0xdd74d5d2f3c07a80!8m2!3d-6.738908!4d108.5383829!16s%2Fg%2F11wwny024r!19sChIJFTj4mHAdby4RgHrA89LVdN0?authuser=0&hl=id&rclk=1","Cyas Chill Cafe & Eatery","4,9","(14)","·","Rp 25–50 rb","Kafe","·","Jl. Kandang Perahu No.14","Buka","· Tutup pukul 21.00","https://lh3.googleusercontent.com/gps-cs-s/APNQkAE1TREFuhBskYAHSF3xObrjT6Rh4SecOyVKr_j51P8FNSehUD4mG4yurjx8sf2YqfYg0em-tsDcX1oS5RuC_66lCKtD9QZhPdtqrTdX3Z2wsJ0YOVDQJgewVj7T2jPi-AvGSYLPaDyU0vk=w122-h92-k-no","https://ssl.gstatic.com/local/servicebusiness/default_user.png","""Yang hobi main, ada Ps corner disini, jadi makin seru nongkrongnya.""","https://www.google.com/searchviewer/42?cvd=CLw_EicKJeICIjIgEhkiF9LX29IPEQoNL2cvMTF3d255MDI0chgBOgMI8A0%3D&hl=id-ID&gl=id&fo_m=MfohQo559jFvMUOzJVpjPL1YMfZ3bInYwBDuMfaXTPp5KXh-&utm_source=tactile&gei=opX4abe_HtCQseMPqLCfiQo&ei=opX4abe_HtCQseMPqLCfiQo&fo_s=OA&opi=79508299&orderType=1&ebb=1&cs=0&foub=mcpp","Pesan online",""
"https://www.google.com/maps/place/Kopi+Nako+Cirebon/data=!4m7!3m6!1s0x2e6ee3c14aff61bd:0x9348261054078e63!8m2!3d-6.7212021!4d108.5477232!16s%2Fg%2F11td0hbr23!19sChIJvWH_SsHjbi4RY44HVBAmSJM?authuser=0&hl=id&rclk=1","Kopi Nako Cirebon","4,7","(1.153)","·","Rp 25–50 rb","Kedai Kopi","·","·","Buka","· Tutup pukul 00.00","https://lh3.googleusercontent.com/gps-cs-s/APNQkAGAKpeghS6mhJ1orbn4MzGDtdwYcvmcXnDzBy5cYZYcpfQUI11gAepJETlVl3bkxZsxaBNlI_9bWfcTkAIUZsuaByo-mp2dCkFN0vpipOt13yuk2l75wu-DNfbEc1wQ70h75D_2=w80-h132-k-no","https://ssl.gstatic.com/local/servicebusiness/default_user.png","""tempatnya nyaman dan instagramable, makanannya enak, kopinya mantap 🌹🌹🌹""","https://www.google.com/searchviewer/42?cvd=CLw_EicKJeICIjIgEhkiF9LX29IPEQoNL2cvMTF0ZDBoYnIyMxgBOgMI8A0%3D&hl=id-ID&gl=id&fo_m=MfohQo559jFvMUOzJVpjPL1YMfZ3bInYwBDuMfaXTPp5KXh-&utm_source=tactile&gei=opX4abe_HtCQseMPqLCfiQo&ei=opX4abe_HtCQseMPqLCfiQo&fo_s=OA&opi=79508299&orderType=1&ebb=1&cs=0&foub=mcpp","Pesan online",""
"https://www.google.com/maps/place/Kopi+Tekun+Cirebon/data=!4m7!3m6!1s0x2e6f1d0015942abb:0x7d311b76a19ff79e!8m2!3d-6.7366065!4d108.5301513!16s%2Fg%2F11vpdbt8pm!19sChIJuyqUFQAdby4RnvefoXYbMX0?authuser=0&hl=id&rclk=1","Kopi Tekun Cirebon","4,9","(346)","·","Rp 1–25.000","Kedai Kopi","·","7G7J+932, Jl. Majasem","Buka","· Tutup pukul 21.00","https://lh3.googleusercontent.com/gps-cs-s/APNQkAEYodYlzQ62Mm4oexfF0Do42tBlU5hTiA6DJBuZxhIwqwObO5WnX82YThh44jQnaO-UJ8bJKHRwsHgprheeoRkqRfojJkjIPSTp_k0HLKXNti9cKuq-4ftre80F5ET1HJ3dM3QqCzzm_ceZ=w80-h106-k-no","https://ssl.gstatic.com/local/servicebusiness/default_user.png","""Tempatnya cozy dan cocok buat nugas, kopinya juga enak enak""","https://www.google.com/searchviewer/42?cvd=CLw_EicKJeICIjIgEhkiF9LX29IPEQoNL2cvMTF2cGRidDhwbRgBOgMI8A0%3D&hl=id-ID&gl=id&fo_m=MfohQo559jFvMUOzJVpjPL1YMfZ3bInYwBDuMfaXTPp5KXh-&utm_source=tactile&gei=opX4abe_HtCQseMPqLCfiQo&ei=opX4abe_HtCQseMPqLCfiQo&fo_s=OA&opi=79508299&orderType=1&ebb=1&cs=0&foub=mcpp","Pesan online",""
"https://www.google.com/maps/place/Stone+Hand+Coffee/data=!4m7!3m6!1s0x2e6f1d5a47a46a45:0x7ba967a26a39b17!8m2!3d-6.7342754!4d108.5423976!16s%2Fg%2F11w4b5c8f7!19sChIJRWqkR1odby4RF5ujJnqWugc?authuser=0&hl=id&rclk=1","Stone Hand Coffee","4,8","(750)","·","Rp 25–50 rb","Kafe","·","Jl. Monumen No.2","Buka","· Tutup pukul 23.00","https://lh3.googleusercontent.com/gps-cs-s/APNQkAFphv_qhamOgdeLIvCMsz4h-Qvk-_hoEBlBBhMhQbUFPic9dUj_oVFo3dCcPzijXDsuoNiFoiKkStFjAWoSVKlBgKgNGW5klkOFQHNzYh6f6nvZJUdT_f3UXfRZ2aBmLbQl4xZk=w122-h92-k-no","https://ssl.gstatic.com/local/servicebusiness/default_user.png","""Menu nya enakk enakkk harganya affordable fav aku sourdough cranberry ✨✨💯""","","",""
"https://www.google.com/maps/place/Cafe+iain/data=!4m7!3m6!1s0x2e6f1dfa7077eced:0x413c4cef035ad334!8m2!3d-6.7356959!4d108.5338508!16s%2Fg%2F11fzr1s7dc!19sChIJ7ex3cPodby4RNNNaA-9MPEE?authuser=0&hl=id&rclk=1","Cafe iain","4,4","(33)","","","Kafe","·","·","Buka","· Tutup pukul 00.00","https://lh3.googleusercontent.com/gps-cs-s/APNQkAF6zYQNSMSU35TDQuIgh9bUBgVFb-EEdruQBjciO21x_4TFoI7pLkRQ6IH6sbpuh9cshKtCKsruhwR39JM9ckrkfLYemawTeR_Zc-qA24t810AB37aaNSS6jBF_UuiESJTObLax=w80-h142-k-no","https://ssl.gstatic.com/local/servicebusiness/default_user.png","""Tempat buat para pejuang""","","",""
"https://www.google.com/maps/place/Slangit+Coffee+3.0/data=!4m7!3m6!1s0x2e6f1d55f4703e8b:0x5a49c4427b30d79!8m2!3d-6.7325553!4d108.533619!16s%2Fg%2F11fkqjnfq5!19sChIJiz5w9FUdby4ReQ2zJ0ScpAU?authuser=0&hl=id&rclk=1","Slangit Coffee 3.0","4,7","(355)","·","Rp 25–50 rb","Kedai Kopi","","","Buka","· Tutup pukul 00.00","https://lh3.googleusercontent.com/gps-cs-s/APNQkAHHhKabW-sRMi5W8bjebKVL73mHB_DKNOdyIG_6hPTbIoH4O3l34M_Zqb9LL5MS7ismXVJI4--mDpvRGqyGW3luVaMkOLBLSVq-mjvka94ZqDcYPO7qDV0Yzuvx7iMCQUAzhGqp=w189-h92-k-no","https://ssl.gstatic.com/local/servicebusiness/default_user.png","""cozy, homey, warm, vintage atmosphere.""","","",""
"https://www.google.com/maps/place/SHEGIA+Coffee%26Eatery/data=!4m7!3m6!1s0x2e6f1dba62e10021:0x366cbcb271a4ab16!8m2!3d-6.7374332!4d108.528211!16s%2Fg%2F11j_2x5f7z!19sChIJIQDhYrodby4RFqukcbK8bDY?authuser=0&hl=id&rclk=1","SHEGIA Coffee&Eatery","4,4","(274)","·","Rp 25–50 rb","Kedai Kopi","·","·","Buka","· Tutup pukul 23.00","https://lh3.googleusercontent.com/gps-cs-s/APNQkAGUtyOhJqAwc8PtWMQ6d5seXOaoDQ23bjMrb-uTHKH-4hhXqRID2pk7HUzkRJ6uDVU6UrFGD_u36RTsHwZl-azQDM8CSAqcBoBtlrj3XN1NlinrmInxtJcqnExA26c4PdRKE_w=w122-h92-k-no","https://ssl.gstatic.com/local/servicebusiness/default_user.png","""Tempatnya adem, rasa kopi dan makanannya enak harganya juga terjangkau.""","","",""
"https://www.google.com/maps/place/Ruang+Teduh+Coffee+%26+Cheesecake/data=!4m7!3m6!1s0x2e6ee33eb5c9cd4f:0x156d9bc5479985f5!8m2!3d-6.7245369!4d108.5455023!16s%2Fg%2F11pxwbsyfq!19sChIJT83JtT7jbi4R9YWZR8WbbRU?authuser=0&hl=id&rclk=1","Ruang Teduh Coffee & Cheesecake","4,8","(749)","·","Rp 25–50 rb","Kedai Kopi","·","Jl. Pembangunan VII","Buka","· Tutup pukul 22.00","https://lh3.googleusercontent.com/gps-cs-s/APNQkAF2jQ8LYDuyRVYp6PTaLrCDF8kL9Ub2T-pG8keZ_WfhnSp1Vbr9XFEOlryOBQZ97QqOJOVrL7vQ4Ka2TprcfCufh8TF7lR-Ibj-mft_3YpTuqn15HNyyWOBCNsZsoxDUgJS4Kjn=w122-h92-k-no","https://ssl.gstatic.com/local/servicebusiness/default_user.png","""selain suasananya yang enak kopi & cheesecakenya enak enak.""","https://www.google.com/searchviewer/42?cvd=CLw_EicKJeICIjIgEhkiF9LX29IPEQoNL2cvMTFweHdic3lmcRgAOgMI8A0%3D&hl=id-ID&gl=id&fo_m=MfohQo559jFvMUOzJVpjPL1YMfZ3bInYwBDuMfaXTPp5KXh-&utm_source=tactile&gei=opX4abe_HtCQseMPqLCfiQo&ei=opX4abe_HtCQseMPqLCfiQo&fo_s=OA&opi=79508299&ebb=1&cs=0&foub=mcpp","Pesan online",""
"https://www.google.com/maps/place/Saisons+Space/data=!4m7!3m6!1s0x2e6ee1c5ec3a279b:0x52e2d51c63388dfc!8m2!3d-6.7252563!4d108.5213212!16s%2Fg%2F11pdprtf3v!19sChIJmyc67MXhbi4R_I04YxzV4lI?authuser=0&hl=id&rclk=1","Saisons Space","4,8","(512)","·","Rp 25–50 rb","Kedai Kopi","·","Jl. Sultan Ageng Tirtayasa","Buka","· Tutup pukul 04.00","https://lh3.googleusercontent.com/gps-cs-s/APNQkAGnvS-E5NVx0cH3wQegjN23unnH1o3Qch5NrxEUFF6zFCRglJZ32qyElME7YXcgJu52R1jBDqwwxsk32gGgp_GROQCBbiJQbIpkjlB6PX4GoJV0JJ_SbAWytao6dCYqRpHPsak=w122-h92-k-no","https://ssl.gstatic.com/local/servicebusiness/default_user.png","""Tempatnya enak, kopi dan snacknya jg enak.. sukses terus SAISONS Space ..""","https://www.google.com/searchviewer/42?cvd=CLw_EicKJeICIjIgEhkiF9LX29IPEQoNL2cvMTFwZHBydGYzdhgBOgMI8A0%3D&hl=id-ID&gl=id&fo_m=MfohQo559jFvMUOzJVpjPL1YMfZ3bInYwBDuMfaXTPp5KXh-&utm_source=tactile&gei=opX4abe_HtCQseMPqLCfiQo&ei=opX4abe_HtCQseMPqLCfiQo&fo_s=OA&opi=79508299&orderType=1&ebb=1&cs=0&foub=mcpp","Pesan online",""
"https://www.google.com/maps/place/Terserah/data=!4m7!3m6!1s0x2e6f1db9304c6dbf:0xbdcf8e2da6a000c2!8m2!3d-6.7419678!4d108.5385412!16s%2Fg%2F11ptlp9r9d!19sChIJv21MMLkdby4RwgCgpi2Oz70?authuser=0&hl=id&rclk=1","Terserah","4,6","(66)","","","Kedai Kopi","·","Jl. Sekar Kemuning II No.22","Buka","· Tutup pukul 23.30","https://lh3.googleusercontent.com/gps-cs-s/APNQkAFWHbjkdJkpI8_fHKia4mTm_sDfIPvEH3AWA8Q9gpaLnw0E4DisN1_5trkXqJ_8uWoFVmtjQVQTYYnt3txbep78JLfaFNxcr_mVmrTXaqym-aFS709INosOCYQKOEGVCOnqd2w=w80-h142-k-no","https://ssl.gstatic.com/local/servicebusiness/default_user.png","""Masakann.a enak, tempatnya nyaman, prlayanannya ramah.""","","",""
"https://www.google.com/maps/place/Domoid+Coffee+and+Resto/data=!4m7!3m6!1s0x2e6f1d6e8de9c589:0x374c6f4ebd971f47!8m2!3d-6.7288848!4d108.5520994!16s%2Fg%2F11tx5gwk8c!19sChIJicXpjW4dby4RRx-XvU5vTDc?authuser=0&hl=id&rclk=1","Domoid Coffee and Resto","4,7","(2.924)","·","Rp 50–75 rb","Kedai Kopi","·","Jl. DR. Sudarsono No.45","Buka","· Tutup pukul 00.00","https://lh3.googleusercontent.com/gps-cs-s/APNQkAFtobXOnJpLOgNBJfhVE4S5oytHApTDiuU-i4jpETMJ0QBlI4xBCZcllV5TQRZ0uQJyP_4-NRfergHzEoEn0rUutzxNvK38AM4Sfoba9Oxx7hcj9xXVY83jm_OTzs7002HajHTaEA=w122-h92-k-no","https://ssl.gstatic.com/local/servicebusiness/default_user.png","""Tempatnya nyaman, makanannya banyak pilihan, caramel lattenya enak.""","","",""
"https://www.google.com/maps/place/Maffed+Coworking+Space+%26+Cafe/data=!4m7!3m6!1s0x2e6f1d0e6322b9ab:0x1e4b3ee5cdf11071!8m2!3d-6.7415353!4d108.5421931!16s%2Fg%2F11r_wq3gxn!19sChIJq7kiYw4dby4RcRDxzeU-Sx4?authuser=0&hl=id&rclk=1","Maffed Coworking Space & Cafe","4,7","(140)","·","Rp 25–50 rb","Kafe","·","Jl. Evakuasi No.1a","Buka","· Tutup pukul 21.00","https://lh3.googleusercontent.com/gps-cs-s/APNQkAGh5KZ-Ty-GY3HaoDnvJDy3C3DigVWWS0xN6SxV-u8IOTKHBUYlQTnQCJjnrdl3pe8HaR4EXpkZesbNRUnGdLD25oIsfw4mq_9VJqAb6CTXabGpzmYAHo-LYsBzoqCtr3iHFFgV=w92-h92-k-no","https://ssl.gstatic.com/local/servicebusiness/default_user.png","""Tempatnya lumayan enak, cukup untuk working space.""","","",""
"https://www.google.com/maps/place/Safti+Coffee+%26+Space/data=!4m7!3m6!1s0x2e6ee345ed6355bd:0xfcbd48a1523acb65!8m2!3d-6.7132684!4d108.5336093!16s%2Fg%2F11smmn9sgv!19sChIJvVVj7UXjbi4RZcs6UqFIvfw?authuser=0&hl=id&rclk=1","Safti Coffee & Space","4,6","(131)","·","Rp 25–50 rb","Kedai Kopi","·","Soho Patra Park, Jl. Tuparev No.11","Buka","· Tutup pukul 23.00","https://lh3.googleusercontent.com/gps-cs-s/APNQkAEtIOzMmMee4pKHOMVYV1WOaSgDxFxL8dQuZjhx7ZHWuuSJvvapiYBlNotlOFwIE2ZJItGSaYATkXp85yVkwOEFZB9cjxC1pDkfLSc0xWc2pe1fCBfuSL6GXyg6i2adBY2cPsxWhvmQP6vP=w80-h106-k-no","https://ssl.gstatic.com/local/servicebusiness/default_user.png","""Menu² lumayan enak, kopi nya juga.""","","",""
"https://www.google.com/maps/place/The+Earth+Space/data=!4m7!3m6!1s0x2e6ee35215b076c3:0x63cad62ec9e86d82!8m2!3d-6.7223592!4d108.5373516!16s%2Fg%2F11s5p_7m8h!19sChIJw3awFVLjbi4Rgm3oyS7WymM?authuser=0&hl=id&rclk=1","The Earth Space","4,6","(190)","·","Rp 25–50 rb","Kafe","·","Jl. Brigjend Dharsono No.152","Buka","· Tutup pukul 02.00","https://lh3.googleusercontent.com/gps-cs-s/APNQkAERsWsoDbgWQOTC2CkbT-MBpgwBBwjdPoaTd74gho_zAU_tVm-w5oXXcOm5au4i5JeGZepfKatpwmQisuBl9v-3ZCpbg_HSrJczzq4RdND6s3dky46A2tcxlLJR27RpbNit774_=w80-h100-k-no","https://ssl.gstatic.com/local/servicebusiness/default_user.png","""Caffe yg unik..es kopi nya mantap""","https://www.google.com/searchviewer/42?cvd=CLw_EicKJeICIjIgEhkiF9LX29IPEQoNL2cvMTFzNXBfN204aBgBOgMI8A0%3D&hl=id-ID&gl=id&fo_m=MfohQo559jFvMUOzJVpjPL1YMfZ3bInYwBDuMfaXTPp5KXh-&utm_source=tactile&gei=s5X4aabUObiQnesP9O-S4Qc&ei=s5X4aabUObiQnesP9O-S4Qc&fo_s=OA&opi=79508299&orderType=1&ebb=1&cs=0&foub=mcpp","Pesan online",""
"https://www.google.com/maps/place/Belly+Bites/data=!4m7!3m6!1s0x2e6f1d002c7adf3b:0xda88f151eb33ab7f!8m2!3d-6.7319893!4d108.5558257!16s%2Fg%2F11vzbhhhpx!19sChIJO996LAAdby4Rf6sz61HxiNo?authuser=0&hl=id&rclk=1","Belly Bites","4,8","(947)","·","Rp 50–75 rb","Kedai Kopi","·","Jl. Kesambi No.179","Buka","· Tutup pukul 23.00","https://lh3.googleusercontent.com/gps-cs-s/APNQkAHfJ9QU6cnYtmIhmQljibFZNWrT8DAP-FMenV6IEp24Gse_IQma2rwZXEu-muMp73yiktGQXOTMJk1BL_9lKzbY5VrAITezS0XCjz8mxSak2n1eAkLXbYhvle1lm1WPE4Fgfx1pzS72GIT8=w80-h106-k-no","https://ssl.gstatic.com/local/servicebusiness/default_user.png","""Tempatnya enak, nyaman, luas, ada indoor, outdoor & instagramable.""","","",""
"https://www.google.com/maps/place/Puisto+Cafe/data=!4m7!3m6!1s0x2e6f1dbfba5d01e3:0xb85257dc7c3e254c!8m2!3d-6.735968!4d108.5344858!16s%2Fg%2F11ff26hj21!19sChIJ4wFdur8dby4RTCU-fNxXUrg?authuser=0&hl=id&rclk=1","Puisto Cafe","5,0","(3)","","","Kafe","·","Universitas 17 Agustus 1945, Jl. Perjuangan No.,12A","Buka","· Tutup pukul 21.00","https://lh3.googleusercontent.com/gps-cs-s/APNQkAFVs4yRip1mJh0DZI7zlffBCbqFU6zuVuF2U2zkQB1Mc2UAejzjQNiJgH79Fy5Hk1F91R939UezL2I8iBzQJ9VP_Px42-7PZfx1W42EkVvxSRZPovo42bWmK-jjkSO_nsVaVlE=w80-h106-k-no","","Makan di tempat","","",""
"https://www.google.com/maps/place/Bento+Kopi+Cirebon/data=!4m7!3m6!1s0x2e6f1d6abf126331:0xc2e27bda601bfa2c!8m2!3d-6.7392976!4d108.5240924!16s%2Fg%2F11t31x0jkm!19sChIJMWMSv2odby4RLPobYNp74sI?authuser=0&hl=id&rclk=1","Bento Kopi Cirebon","4,4","(1.642)","·","Rp 25–50 rb","Kedai Kopi","·","7G6F+8H3, Jl. Perjuangan","Buka","· Tutup pukul 01.00","https://lh3.googleusercontent.com/gps-cs-s/APNQkAHb-Yh7JffTwszzX8HCpkoOpYjUj6ppGbqhmVtSo-hMiXLDkBulksQ5MMja2BaDwO9Sapn1w19S72snu4SU_K3mdzwKoIs6AsnO0y5mbexB1UKPvPB9EOLV2aWhYP9Z2WMmLGk57A=w80-h106-k-no","https://ssl.gstatic.com/local/servicebusiness/default_user.png","""","","",""
"https://www.google.com/maps/place/Kopi+Cangkir+Cirebon/data=!4m7!3m6!1s0x2e6f1da973fe3ecd:0x9622208ce0d47ac0!8m2!3d-6.74063!4d108.54297!16s%2Fg%2F11kc7344wt!19sChIJzT7-c6kdby4RwHrU4IwgIpY?authuser=0&hl=id&rclk=1","Kopi Cangkir Cirebon","4,9","(31)","·","Rp 25–50 rb","Kedai Kopi","·","Backyard Kampus STT Cirebon, Jl. Evakuasi No.11","Buka","· Tutup pukul 22.00","https://lh3.googleusercontent.com/gps-cs-s/APNQkAEXgR2zLq5b3iU3N01r1vtEK1hzZz_931SB0LOyR5Y_iC_8Rrz1oKr-WqI6aMg3Z4kzGQEhYwu0Etiep2bsaFfzKW15jPfL-uDmLHfDjloRczFMTU7hLws3A3lVux77PgZ5qNbk=w80-h100-k-no","https://ssl.gstatic.com/local/servicebusiness/default_user.png","""Menikmati kopi sambil bersantai, mereka memiliki outdoor yg luas""","","",""
"https://www.google.com/maps/place/Dadi+Siji/data=!4m7!3m6!1s0x2e6f1da9187f988f:0xc5763147d4165c92!8m2!3d-6.7361318!4d108.5342325!16s%2Fg%2F11hzjz0g31!19sChIJj5h_GKkdby4RklwW1EcxdsU?authuser=0&hl=id&rclk=1","Dadi Siji","4,9","(9)","","","Kedai Kopi","·","Jl. Perjuangan Gg. Kampus No.S03","Buka","· Tutup pukul 00.00","https://lh3.googleusercontent.com/gps-cs-s/APNQkAFRhZ3mnv_g-G-oD4NWSb_TLiK7eJxoDHxKOy9eMDez-VEpBAuYVLsY7-eSCnkNkYDS1UUC_qORT0TyA0_7IaYiNxI5OE-Y2nAYblDHASphdCBw5gxck7Mea8RcbZ132TybsnS6GA=w173-h92-k-no","","Makan di tempat","https://www.google.com/searchviewer/42?cvd=CLw_EicKJeICIjIgEhkiF9LX29IPEQoNL2cvMTFoemp6MGczMRgBOgMI8A0%3D&hl=id-ID&gl=id&fo_m=MfohQo559jFvMUOzJVpjPL1YMfZ3bInYwBDuMfaXTPp5KXh-&utm_source=tactile&gei=s5X4aabUObiQnesP9O-S4Qc&ei=s5X4aabUObiQnesP9O-S4Qc&fo_s=OA&opi=79508299&orderType=1&ebb=1&cs=0&foub=mcpp","Pesan online",""
"https://www.google.com/maps/place/PAPER+%26+SIP+%7C+Coffee,+Croissant+%26+Roastery/data=!4m7!3m6!1s0x2e6ee3e523059075:0x57c4f06265e9aa2d!8m2!3d-6.7178125!4d108.5514353!16s%2Fg%2F11fjzxjdmx!19sChIJdZAFI-Xjbi4RLarpZWLwxFc?authuser=0&hl=id&rclk=1","PAPER & SIP | Coffee, Croissant & Roastery","4,8","(1.117)","·","Rp 25–50 rb","Kedai Kopi","·","Jl. Aria Jipang No.22","Buka","· Tutup pukul 22.00","https://lh3.googleusercontent.com/gps-cs-s/APNQkAGNwuDDirjYxEaD0sk60Xhz_VehBzP_xuxGrmAHSKqLEezPCdynYyFNuXoLaJIXwde-anlibdUim5SWTEQ81SSmGL20m1EZbuL_Pbt1lFwL644AbdmMAtYPVUcoaUI5yhmXLdRULA=w122-h92-k-no","https://ssl.gstatic.com/local/servicebusiness/default_user.png","""Barnya simple dan humble, kopinya enak, servicenya oke banget!""","https://www.google.com/searchviewer/42?cvd=CLw_EicKJeICIjIgEhkiF9LX29IPEQoNL2cvMTFmanp4amRteBgBOgMI8A0%3D&hl=id-ID&gl=id&fo_m=MfohQo559jFvMUOzJVpjPL1YMfZ3bInYwBDuMfaXTPp5KXh-&utm_source=tactile&gei=s5X4aabUObiQnesP9O-S4Qc&ei=s5X4aabUObiQnesP9O-S4Qc&fo_s=OA&opi=79508299&orderType=1&ebb=1&cs=0&foub=mcpp","Pesan online",""
"https://www.google.com/maps/place/Himalayan+Coffee/data=!4m7!3m6!1s0x2e6f1ff7656510ab:0xac1b8122a92a2e6e!8m2!3d-6.7311275!4d108.5196578!16s%2Fg%2F11tn0p0km_!19sChIJqxBlZfcfby4Rbi4qqSKBG6w?authuser=0&hl=id&rclk=1","Himalayan Coffee","4,6","(701)","·","Rp 25–50 rb","Kedai Kopi","·","Jl. Sultan Ageng Tirtayasa","Buka","· Tutup pukul 00.00","https://lh3.googleusercontent.com/gps-cs-s/APNQkAFO-UiQmBk7yHTjHisRldURNAtEquzHfg5IkLvAWpiXT9FMhXVPaP0MylsRkgJt-5Tdb4L6rqryw9IeH2sc3CmPJSpy-KtnxLoCZLV5ztnpjSUNnV6ZZ4jFT_SImNhnswTPFAQvNM-SvgVy=w80-h142-k-no","https://ssl.gstatic.com/local/servicebusiness/default_user.png","""delicious food and drinks, The menu prices are affordable.""","https://www.google.com/searchviewer/42?cvd=CLw_EicKJeICIjIgEhkiF9LX29IPEQoNL2cvMTF0bjBwMGttXxgBOgMI8A0%3D&hl=id-ID&gl=id&fo_m=MfohQo559jFvMUOzJVpjPL1YMfZ3bInYwBDuMfaXTPp5KXh-&utm_source=tactile&gei=s5X4aabUObiQnesP9O-S4Qc&ei=s5X4aabUObiQnesP9O-S4Qc&fo_s=OA&opi=79508299&orderType=1&ebb=1&cs=0&foub=mcpp","Pesan online",""
"https://www.google.com/maps/place/eunola+coffee+%26+space/data=!4m7!3m6!1s0x2e6ee3b259ea3dcb:0xcf2007c9386bb8b8!8m2!3d-6.7295441!4d108.5497635!16s%2Fg%2F11wh5f3yvw!19sChIJyz3qWbLjbi4RuLhrOMkHIM8?authuser=0&hl=id&rclk=1","eunola coffee & space","4,4","(112)","·","Rp 25–50 rb","Kafe","·","Jl. Cipto Mangunkusumo No.99 A","Buka","· Tutup pukul 00.00","https://lh3.googleusercontent.com/gps-cs-s/APNQkAHEOqaTF_l6nE3NLqFkR-YAkcduej2v5SDbMqctaX87dx3qZCh4lbp8fU8f6ckhQGL551llnhlba0_t6kqrsc_TrPMo4babyI-kXSmmpsx8qVZaJ-EXHxQggFNfcy9ipEao1cT4YdGhvhQ=w80-h106-k-no","https://ssl.gstatic.com/local/servicebusiness/default_user.png","""Kopinya enak, staff-nya ramah, dan interiornya estetik!""","https://www.google.com/searchviewer/42?cvd=CLw_EicKJeICIjIgEhkiF9LX29IPEQoNL2cvMTF3aDVmM3l2dxgBOgMI8A0%3D&hl=id-ID&gl=id&fo_m=MfohQo559jFvMUOzJVpjPL1YMfZ3bInYwBDuMfaXTPp5KXh-&utm_source=tactile&gei=s5X4aabUObiQnesP9O-S4Qc&ei=s5X4aabUObiQnesP9O-S4Qc&fo_s=OA&opi=79508299&orderType=1&ebb=1&cs=0&foub=mcpp","Pesan online",""
"https://www.google.com/maps/place/Kohitsu+Coffee/data=!4m7!3m6!1s0x2e6f1d1f44bf0fe3:0x10be367d9cce6734!8m2!3d-6.7290256!4d108.5517379!16s%2Fg%2F11ssd6yjbp!19sChIJ4w-_RB8dby4RNGfOnH02vhA?authuser=0&hl=id&rclk=1","Kohitsu Coffee","4,9","(46)","·","Rp 25–50 rb","Kedai Kopi","·","Jl. DR. Sudarsono No.274a","Buka","· Tutup pukul 23.30","https://lh3.googleusercontent.com/gps-cs-s/APNQkAE184C3ukH5UH5HeP_9RPRoOvUo1xyZVmXQ1JpQ6sNAfb_uDewR4hKtWicIDMusPRFRpScnJPoYHq5epGr6ZjgdUhoakKKAz3o7-Lw1j4m6IddN5CE3wzYyooNw065cLXiefTs=w80-h106-k-no","https://ssl.gstatic.com/local/servicebusiness/default_user.png","""Satu lagi tempat kopi yg artsy jg.""","","",""
"https://www.google.com/maps/place/E+Space+Coffee/data=!4m7!3m6!1s0x2e6ee3e0505aee7f:0x8a916d8d7cd5c901!8m2!3d-6.715901!4d108.5561101!16s%2Fg%2F11t2c0tzqh!19sChIJf-5aUODjbi4RAcnVfI1tkYo?authuser=0&hl=id&rclk=1","E Space Coffee","4,6","(463)","·","Rp 25–50 rb","Kedai Kopi","·","·","Buka","· Tutup pukul 00.00","https://lh3.googleusercontent.com/gps-cs-s/APNQkAH-X17U4Kb8swuThGgbodiN__9tee_mSuJieidldYLgwg4tySPd7ppe7MREdWIVx303uHz2fP0KxfmaUwCfKA47sYJDWHEItVyA4lDU0IljlIsprxfzalvhLfJ7pwAB79vutTnouw=w163-h92-k-no","https://ssl.gstatic.com/local/servicebusiness/default_user.png","""Instagramable, cocok buat coffee addict.""","https://www.google.com/searchviewer/42?cvd=CLw_EicKJeICIjIgEhkiF9LX29IPEQoNL2cvMTF0MmMwdHpxaBgBOgMI8A0%3D&hl=id-ID&gl=id&fo_m=MfohQo559jFvMUOzJVpjPL1YMfZ3bInYwBDuMfaXTPp5KXh-&utm_source=tactile&gei=s5X4aabUObiQnesP9O-S4Qc&ei=s5X4aabUObiQnesP9O-S4Qc&fo_s=OA&opi=79508299&orderType=1&ebb=1&cs=0&foub=mcpp","Pesan online",""
"https://www.google.com/maps/place/Kopi+Teras+Bumi/data=!4m7!3m6!1s0x2e6f1d460a6d8da3:0x6450eee5622c06e7!8m2!3d-6.7327345!4d108.5583865!16s%2Fg%2F11nwy4b965!19sChIJo41tCkYdby4R5wYsYuXuUGQ?authuser=0&hl=id&rclk=1","Kopi Teras Bumi","4,5","(382)","·","Rp 25–50 rb","Kedai Kopi","·","·","Buka","· Tutup pukul 23.00","https://lh3.googleusercontent.com/gps-cs-s/APNQkAE1ThJ7pWwRklWE75KDkfWyuWbJkj3a_cBoJEa7JkuQ4gcR8Nz7vXzZ2WigPOmXz2uHDFbnFgLGpaAkGMYnGKeG847TDyCE8bTdv1iVLmstG5_MIiEFLHWeKsaM2h6sLLWU3Y0=w80-h106-k-no","https://ssl.gstatic.com/local/servicebusiness/default_user.png","""Rasa kopi dan coklatnya enak.""","https://www.google.com/searchviewer/42?cvd=CLw_EicKJeICIjIgEhkiF9LX29IPEQoNL2cvMTFud3k0Yjk2NRgBOgMI8A0%3D&hl=id-ID&gl=id&fo_m=MfohQo559jFvMUOzJVpjPL1YMfZ3bInYwBDuMfaXTPp5KXh-&utm_source=tactile&gei=s5X4aabUObiQnesP9O-S4Qc&ei=s5X4aabUObiQnesP9O-S4Qc&fo_s=OA&opi=79508299&orderType=1&ebb=1&cs=0&foub=mcpp","Pesan online",""
"https://www.google.com/maps/place/Babeh+House+Blend/data=!4m7!3m6!1s0x2e6ee37f6cb9ee1b:0xf2fa9cf30e14fcb8!8m2!3d-6.7245839!4d108.5470786!16s%2Fg%2F11nm9t9s6w!19sChIJG-65bH_jbi4RuPwUDvOc-vI?authuser=0&hl=id&rclk=1","Babeh House Blend","4,6","(373)","·","Rp 25–50 rb","Kafe","·","Jl. Pembangunan Raya No.D.16","Buka","· Tutup pukul 23.59","https://lh3.googleusercontent.com/gps-cs-s/APNQkAEdFcFeqPacxqbi2Qge8fuiF8jxn2m4szkZpu1lqnBeK7E2cnewxK7FBl5h3j3GdDq1jTQ3fHnYCOZVfiQydxjU-YrzoEtwbw3bImKJTjjbkOxp2dph0SVyS9r3ijwHSXwN1uYfqA=w138-h92-k-no","https://ssl.gstatic.com/local/servicebusiness/default_user.png","""Rasa kopi signature nya enak, bisa request less sugar / kopinya dikit.""","","",""
"https://www.google.com/maps/place/71+Cafe+%26+Resto/data=!4m7!3m6!1s0x2e6f1f061563e107:0x56523dcf9e927ce0!8m2!3d-6.7429217!4d108.4924862!16s%2Fg%2F11vhw31rmb!19sChIJB-FjFQYfby4R4HySns89UlY?authuser=0&hl=id&rclk=1","71 Cafe & Resto","4,8","(538)","·","Rp 25–50 rb","Kafe","·","Jl. Fatahillah","Buka","· Tutup pukul 22.00","https://lh3.googleusercontent.com/gps-cs-s/APNQkAFc3Xe7Z357whT-qzR9ehAu6_SEoHfCfemyf_s7sOFa1IH1GLLngghfFUINMXL1G1WKZcAysy4gTBVHe2vOfBmLTB5CRgAr3NXvl4GFmaXUPjn56nHK-kY1KRWeopPUtTsLuFc=w80-h106-k-no","https://ssl.gstatic.com/local/servicebusiness/default_user.png","""Tempatnya nyaman ,plating nya rapi ,and makanan nya enak""","","",""
"https://www.google.com/maps/place/Kecuali+Coffee/data=!4m7!3m6!1s0x2e6f1d08f7458ad3:0xff1987e99c7ed1fa!8m2!3d-6.7467031!4d108.5392209!16s%2Fg%2F11jdd4qt0t!19sChIJ04pF9wgdby4R-tF-nOmHGf8?authuser=0&hl=id&rclk=1","Kecuali Coffee","4,7","(74)","·","Rp 25–50 rb","Kafe","·","·","Buka","· Tutup pukul 00.00","https://lh3.googleusercontent.com/gps-cs-s/APNQkAElKPYMd3U2KS47i_3AhNHIh4sbTOIGlGbj3-6CN1N4_g58hDtsXVLUik5mIt1UCVIF18Dv0f8WGh2Kw4zHovhooJS-CbSO80jJUfBeR6YdfV50_ShqVwqWqgidirqTAd_uoAYr=w80-h106-k-no","https://ssl.gstatic.com/local/servicebusiness/default_user.png","""Tempatnya bagus, wc lumayan bersih, kopi nya enak.""","","",""
"https://www.google.com/maps/place/Tempat+Kedua/data=!4m7!3m6!1s0x2e6f1d6d9535f793:0xadec9357d8d042a2!8m2!3d-6.7419823!4d108.5357404!16s%2Fg%2F11q3tp2v94!19sChIJk_c1lW0dby4RokLQ2FeT7K0?authuser=0&hl=id&rclk=1","Tempat Kedua","5,0","(17)","","","Kedai Kopi","·","Jl. Villa Kristal No.3","Buka sekarang","","https://lh3.googleusercontent.com/gps-cs-s/APNQkAGP_-1589x6ZTKodhNVo-sPPOKGYLWgV-N3prAmGKYZLZefyQUlTFdhCcK3uknhIv0ccl4AZpqA_dsWCroMZ7GtZ5GOcAP9UAMI-U87-lJc3yvPtq3H_BQ_bkPdTNvSLy2zNlj-=w122-h92-k-no","https://ssl.gstatic.com/local/servicebusiness/default_user.png","""hommy bgt, kopinya enak""","","",""
"https://www.google.com/maps/place/Tiga+Segi+Coffee/data=!4m7!3m6!1s0x2e6ee3f03a7c54eb:0x43f6d9bde2fbbc0c!8m2!3d-6.713902!4d108.54104!16s%2Fg%2F11q251jq51!19sChIJ61R8OvDjbi4RDLz74r3Z9kM?authuser=0&hl=id&rclk=1","Tiga Segi Coffee","4,7","(115)","·","Rp 1–25.000","Kedai Kopi","·","·","Buka","· Tutup pukul 23.00","https://lh3.googleusercontent.com/gps-cs-s/APNQkAHXld3KdaXOA7mjGhUE2hJQ3_qSCqsGE1ke_a0TMqphzOcEXLxUzmpdVgyiw9Zj6JHTS17Chd2F4ruQA3YWZ4bVLhuZu1nDkDgiwTCvOFvd4X14i4KSdwt-vaVTCerRzQA95axw=w80-h142-k-no","https://ssl.gstatic.com/local/servicebusiness/default_user.png","""Belum cobain kopinya huhu, tapi tempatnya oke kok.""","https://www.google.com/searchviewer/42?cvd=CLw_EicKJeICIjIgEhkiF9LX29IPEQoNL2cvMTFxMjUxanE1MRgBOgMI8A0%3D&hl=id-ID&gl=id&fo_m=MfohQo559jFvMUOzJVpjPL1YMfZ3bInYwBDuMfaXTPp5KXh-&utm_source=tactile&gei=s5X4aabUObiQnesP9O-S4Qc&ei=s5X4aabUObiQnesP9O-S4Qc&fo_s=OA&opi=79508299&orderType=1&ebb=1&cs=0&foub=mcpp","Pesan online",""
"https://www.google.com/maps/place/Analemma+Coffee+Space/data=!4m7!3m6!1s0x2e6ee30077dfd039:0xb71a6c5d56d39b54!8m2!3d-6.7138491!4d108.5514242!16s%2Fg%2F11xfly4ggg!19sChIJOdDfdwDjbi4RVJvTVl1sGrc?authuser=0&hl=id&rclk=1","Analemma Coffee Space","5,0","(36)","·","Rp 25–50 rb","Kedai Kopi","·","Jl. Tentara Pelajar No.102","Buka","· Tutup pukul 23.30","https://lh3.googleusercontent.com/gps-cs-s/APNQkAGDSJRMTEYZZuCcObNhCCjk2161KE-l8dT8wG9ShImS5ETdJFtWYJVPM0W5VtDmKxHMOxtNOdSdSivF4yogpe_DsaGRVLxTJz2aRmDCfaQ33L9KPCYL0quJ2KTAv6bahoBpF8tSgQ=w80-h106-k-no","https://ssl.gstatic.com/local/servicebusiness/default_user.png","""Pilihan kopinya solid, dari yang basic sampai yang lebih eksploratif.""","","",""
"https://www.google.com/maps/place/Smalldose+Coffee+Roaster/data=!4m7!3m6!1s0x2e6ee38117966d33:0x32f3bd37540acd9b!8m2!3d-6.7105566!4d108.5519654!16s%2Fg%2F11vs238t6h!19sChIJM22WF4Hjbi4Rm80KVDe98zI?authuser=0&hl=id&rclk=1","Smalldose Coffee Roaster","4,9","(111)","·","Rp 25–50 rb","Kedai Kopi","·","Jl. Sukasari No.11","Buka","· Tutup pukul 21.00","https://lh3.googleusercontent.com/gps-cs-s/APNQkAHzZ5vsiQQ0HHHDfhm_dE1PLqkDduQElDJu4gxZZR0P1HBxuRO9psibysAdKVQAD5dClOq-8v-zoGAe2k-JKc4adjism6uFVABwHYRRLHIRaQHtHaox6EdSJ60zBKCJeQ3BP2s=w80-h120-k-no","https://ssl.gstatic.com/local/servicebusiness/default_user.png","""Slow bar coffee dg banyak pilihan beans yang enak.""","","",""
"https://www.google.com/maps/place/Kopi+Bunda+Cirebon/data=!4m7!3m6!1s0x2e6f1d9a1eed0b0b:0x331697034e0d8802!8m2!3d-6.7342396!4d108.5394284!16s%2Fg%2F11ql8w2ydg!19sChIJCwvtHpodby4RAogNTgOXFjM?authuser=0&hl=id&rclk=1","Kopi Bunda Cirebon","4,9","(15)","·","Rp 25–50 rb","Kedai Kopi","·","Jl. Perjuangan No.8","Buka","· Tutup pukul 21.30","https://lh3.googleusercontent.com/gps-cs-s/APNQkAG1ukNl0UPm2Cov0pNDKlOaS8KCB_riG6Xdv5hyGB8WhNw_vpKZMqvJLa2UQLLuH8to9_OOyyfX14NqTmjT9qeW8YcOlnvy7q27V2i089Xnf9jktuCmRdDZyCWzj3zJfpURFNV2=w80-h106-k-no","https://ssl.gstatic.com/local/servicebusiness/default_user.png","""Rasa kopi yang mantapps.. 👍👍👍👍👍""","https://www.google.com/searchviewer/42?cvd=CLw_EicKJeICIjIgEhkiF9LX29IPEQoNL2cvMTFxbDh3MnlkZxgBOgMI8A0%3D&hl=id-ID&gl=id&fo_m=MfohQo559jFvMUOzJVpjPL1YMfZ3bInYwBDuMfaXTPp5KXh-&utm_source=tactile&gei=uZX4aaWWMJqSseMPxp7piQ0&ei=uZX4aaWWMJqSseMPxp7piQ0&fo_s=OA&opi=79508299&orderType=1&ebb=1&cs=0&foub=mcpp","Pesan online",""
"https://www.google.com/maps/place/Shaera+Coffee+and+Dessert/data=!4m7!3m6!1s0x2e6ee3223f146d5d:0xd31bfa2cdc17fde6!8m2!3d-6.7114594!4d108.5341752!16s%2Fg%2F11y44xnn8b!19sChIJXW0UPyLjbi4R5v0X3Cz6G9M?authuser=0&hl=id&rclk=1","Shaera Coffee and Dessert","4,8","(142)","·","Rp 25–50 rb","Kafe","·","Patra Park, Jl. Tuparev No.11 Block A10","Buka","· Tutup pukul 21.00","https://lh3.googleusercontent.com/gps-cs-s/APNQkAGwUzSFM_x-NINsEKX3pEJx_-NNVUNj2N7ycwYLbLm4bs9bsO19XFtJSQnfZmBmHFdMFvGUOR-20vhzEzm6NyZ9aOVSgQhxYqO2Q8ZHc_YVe5mfTPKk-nANepkPgBnFkkrCZOF4UOIQKc_Z=w80-h142-k-no","https://ssl.gstatic.com/local/servicebusiness/default_user.png","""Rasa kopi benar-benar enak, aromanya kuat tapi tetap balance.""","https://www.google.com/searchviewer/42?cvd=CLw_EicKJeICIjIgEhkiF9LX29IPEQoNL2cvMTF5NDR4bm44YhgBOgMI8A0%3D&hl=id-ID&gl=id&fo_m=MfohQo559jFvMUOzJVpjPL1YMfZ3bInYwBDuMfaXTPp5KXh-&utm_source=tactile&gei=uZX4aaWWMJqSseMPxp7piQ0&ei=uZX4aaWWMJqSseMPxp7piQ0&fo_s=OA&opi=79508299&orderType=1&ebb=1&cs=0&foub=mcpp","Pesan online",""
"https://www.google.com/maps/place/Kopi+KABI/data=!4m7!3m6!1s0x2e6ee3fc6245ee11:0xf30482fdb382627f!8m2!3d-6.7149062!4d108.5367216!16s%2Fg%2F11qmr10_0g!19sChIJEe5FYvzjbi4Rf2KCs_2CBPM?authuser=0&hl=id&rclk=1","Kopi KABI","4,9","(383)","·","Rp 25–50 rb","Kafe","·","Jl. Sikranji 5 No.A2","Buka","· Tutup pukul 23.00","https://lh3.googleusercontent.com/gps-cs-s/APNQkAG5QQtW6o8dTUbKeQv67uoER-zhO4VQYBjV5kNqgNxkyETd7Uxv-rI3vsyuv1X4QrAQncOg7g8RdI6Asxc_1v0ic7z-a-rZRRKw-VpWFVt9xb4dFmpyczu9bWGW9R7nHQCG0B12=w122-h92-k-no","https://ssl.gstatic.com/local/servicebusiness/default_user.png","""kopi nya legit, matcha nya enak, gak lupa makanan nya juga enak-enak.""","https://www.google.com/searchviewer/42?cvd=CLw_EicKJeICIjIgEhkiF9LX29IPEQoNL2cvMTFxbXIxMF8wZxgCOgMI8A0%3D&hl=id-ID&gl=id&fo_m=MfohQo559jFvMUOzJVpjPL1YMfZ3bInYwBDuMfaXTPp5KXh-&utm_source=tactile&gei=uZX4aaWWMJqSseMPxp7piQ0&ei=uZX4aaWWMJqSseMPxp7piQ0&fo_s=OA&opi=79508299&orderType=2&ebb=1&cs=0&foub=mcpp","Pesan online",""
"https://www.google.com/maps/place/Kedai+Rare/data=!4m7!3m6!1s0x2e6f1d060d4e0485:0x21612b0b896122e5!8m2!3d-6.7424868!4d108.5363368!16s%2Fg%2F11k2hrxd64!19sChIJhQRODQYdby4R5SJhiQsrYSE?authuser=0&hl=id&rclk=1","Kedai Rare","4,6","(286)","·","Rp 25–50 rb","Kafe","·","Jl. Sekar Kemuning II No.96","Tutup","· Buka Sel pukul 11.00","https://lh3.googleusercontent.com/gps-cs-s/APNQkAFITqDHbpRZtlcLPs-X4OT1w_weOBsRf8xlibo6adiBiHzfCItze9QmqhRN8z0CoI0Qj05iK8bEjUCTEoL5Kx-FUhpbGktfhGV_QMT7_cO_TLaVu2fypWVFPOpEJhaoXiUEBoIVgw=w138-h92-k-no","https://ssl.gstatic.com/local/servicebusiness/default_user.png","""Kafe yang bagus untuk nongki, nugas atau bahkan meeting.""","","",""
"https://www.google.com/maps/place/UUS+Coffee+and+Eatery/data=!4m7!3m6!1s0x2e6f1d020c0e5a2f:0xb9db38fe3bed8b66!8m2!3d-6.7372624!4d108.5524248!16s%2Fg%2F11ybnjp4ch!19sChIJL1oODAIdby4RZovtO_4427k?authuser=0&hl=id&rclk=1","UUS Coffee and Eatery","4,6","(138)","·","Rp 25–50 rb","Kedai Kopi","·","Jl. Pangeran Drajat No.146","","","https://lh3.googleusercontent.com/gps-cs-s/APNQkAFWu7yRPm-JPoy1TgdsDCY37LItimOROImO689xabjXLUeATRNGsThgxAW0hf88spbYAr-Wio6VgpGKc_zzCatBjMzOUXfKQzLnjxQd7fUEP6ElkNnDLmPxAhMrRry5Eatu4FVgSRvkGFFm=w80-h106-k-no","https://ssl.gstatic.com/local/servicebusiness/default_user.png","""Cozy ,Aesthetic dan harga nya affortable 🤍""","https://www.google.com/searchviewer/42?cvd=CLw_EicKJeICIjIgEhkiF9LX29IPEQoNL2cvMTF5Ym5qcDRjaBgBOgMI8A0%3D&hl=id-ID&gl=id&fo_m=MfohQo559jFvMUOzJVpjPL1YMfZ3bInYwBDuMfaXTPp5KXh-&utm_source=tactile&gei=uZX4aaWWMJqSseMPxp7piQ0&ei=uZX4aaWWMJqSseMPxp7piQ0&fo_s=OA&opi=79508299&orderType=1&ebb=1&cs=0&foub=mcpp","Pesan online",""
"https://www.google.com/maps/place/INdzic+Kaffeehaus+Cirebon/data=!4m7!3m6!1s0x2e6f1d0059a32677:0x3ef0133edc7c5816!8m2!3d-6.7296067!4d108.5448692!16s%2Fg%2F11y626_sp7!19sChIJdyajWQAdby4RFlh83D4T8D4?authuser=0&hl=id&rclk=1","INdzic Kaffeehaus Cirebon","4,9","(36)","·","Rp 25–50 rb","Kedai Kopi","·","7GCV+4X4, Jl. Pemuda Raya","Buka","· Tutup pukul 01.00","https://lh3.googleusercontent.com/gps-cs-s/APNQkAFTNXi698-3DIiBfUeRriCijWueciCYIsCczANFn6tZrxQxBHlJRRKtTXwsxW69zs5bpsVbJvHtPR5xgDysxBPf0hJlM68sw0fP914oAhQByYuwK94YCHLoduzmykG477ZVAnlnJg=w92-h92-k-no","https://ssl.gstatic.com/local/servicebusiness/default_user.png","""Kaffe asik untuk nongkrong""","","",""
"https://www.google.com/maps/place/Sasmita+Coffee/data=!4m7!3m6!1s0x2e6f1e07a4d3247b:0x98aa2d60803d6d17!8m2!3d-6.7373986!4d108.520477!16s%2Fg%2F11d_bhnr_s!19sChIJeyTTpAceby4RF209gGAtqpg?authuser=0&hl=id&rclk=1","Sasmita Coffee","4,7","(244)","·","Rp 25–50 rb","Kedai Kopi","·","Jl. Garut B7 No. 8 Taman Nuansa Majasem","Buka","· Tutup pukul 00.00","https://lh3.googleusercontent.com/gps-cs-s/APNQkAHpl5S_Dq7R_XZ9bVbMGU-bE9ArtT0vXNzTpDjO1SQKrZfTA1WorQBRbrXf6p7RNIVIcs7JnGyncH4kGWm4FdvRBs5VcKzv8knH2DtaonS1v-J4mEUTjR11ubInwhriUqv-_m2VBg=w163-h92-k-no","https://ssl.gstatic.com/local/servicebusiness/default_user.png","""kopi susunya josss👍🏼""","","",""
"https://www.google.com/maps/place/With+Us+kopi/data=!4m7!3m6!1s0x2e6f1dfcde1651cd:0xc14d02511ca6370!8m2!3d-6.7377931!4d108.5258983!16s%2Fg%2F11r9h73wnq!19sChIJzVEW3vwdby4RcGPKESXQFAw?authuser=0&hl=id&rclk=1","With Us kopi","4,9","(36)","·","Rp 1–25.000","Kedai Kopi","·","Komplek Jembar Agung, Jl. Majasem","Buka","· Tutup pukul 23.30","https://lh3.googleusercontent.com/gps-cs-s/APNQkAE3Dr0a0hrGOyLyAWqezt_jqjxPhqUAtEtKHPU_G89UlxfOaeV-citEnaVSvGOBZHRZxhYOpH73mDlqDk8XcjGxZZe8xyKSCrj_ia6fW5tKemoCx9rLFKMqqS1aTx01VMKIrNak9A=w163-h92-k-no","https://ssl.gstatic.com/local/servicebusiness/default_user.png","""buruan join kesini, makanan dan minumannya  ga ada yg gagal🔥🔥🔥""","","",""
"https://www.google.com/maps/place/Boothcin+Coffee+Cirebon/data=!4m7!3m6!1s0x2e6ee37f176c0853:0xfea678ac198a512a!8m2!3d-6.7215973!4d108.5689948!16s%2Fg%2F11tp5m9g1q!19sChIJUwhsF3_jbi4RKlGKGax4pv4?authuser=0&hl=id&rclk=1","Boothcin Coffee Cirebon","4,8","(94)","·","Rp 25–50 rb","Kedai Kopi","·","Jl. Lemahwungkuk No.75","Buka","· Tutup pukul 21.30","https://lh3.googleusercontent.com/gps-cs-s/APNQkAHafC3xwrySdj7ueNpYAN7V6b-_3uLSPYv1LJrJOlJI8nh8S871kcVTaJkdvaQ9U-vTvHCXMQ63q2O6OVRkeBg_mFRcu-1fK6pWYTQP2LV-VwrEWhXExtDUUP7iEqy1BL_CuGVECw=w80-h106-k-no","https://ssl.gstatic.com/local/servicebusiness/default_user.png","""Tempat nya nyaman, makanannya enak2, service nya oke, wifi lancar""","https://www.google.com/searchviewer/42?cvd=CLw_EicKJeICIjIgEhkiF9LX29IPEQoNL2cvMTF0cDVtOWcxcRgBOgMI8A0%3D&hl=id-ID&gl=id&fo_m=MfohQo559jFvMUOzJVpjPL1YMfZ3bInYwBDuMfaXTPp5KXh-&utm_source=tactile&gei=uZX4aaWWMJqSseMPxp7piQ0&ei=uZX4aaWWMJqSseMPxp7piQ0&fo_s=OA&opi=79508299&orderType=1&ebb=1&cs=0&foub=mcpp","Pesan online",""
"https://www.google.com/maps/place/Wee+by+Paper+%26+Sip+%7C+Coffee+Croissant+Gelato/data=!4m7!3m6!1s0x2e6ee35e4800011f:0x651bbdc657daafe1!8m2!3d-6.7213196!4d108.5468048!16s%2Fg%2F11m5qhk3xx!19sChIJHwEASF7jbi4R4a_aV8a9G2U?authuser=0&hl=id&rclk=1","Wee by Paper & Sip | Coffee Croissant Gelato","5,0","(121)","·","Rp 25–50 rb","Kedai Kopi","·","Jl. Terusan Cipto No.88","Buka","· Tutup pukul 22.00","https://lh3.googleusercontent.com/gps-cs-s/APNQkAE2NkNUodIrny1NM0tCKMJsE1ccVlFjKYPTRVBMk39g-V1k6uNYQ3dnU8FxqmUPd3GTzjUzRZ93cFlx2LvTrwEAgZLvlfYX8RP4fBC73RUJTJ_sg8XLSq05rUDuBU1T6gZ0DVItFdcRBqjk=w122-h92-k-no","https://ssl.gstatic.com/local/servicebusiness/default_user.png","""Staff baik2 dan gercep, gelato enak, kopi enak.""","https://www.google.com/searchviewer/42?cvd=CLw_EicKJeICIjIgEhkiF9LX29IPEQoNL2cvMTFtNXFoazN4eBgBOgMI8A0%3D&hl=id-ID&gl=id&fo_m=MfohQo559jFvMUOzJVpjPL1YMfZ3bInYwBDuMfaXTPp5KXh-&utm_source=tactile&gei=uZX4aaWWMJqSseMPxp7piQ0&ei=uZX4aaWWMJqSseMPxp7piQ0&fo_s=OA&opi=79508299&orderType=1&ebb=1&cs=0&foub=mcpp","Pesan online",""
"https://www.google.com/maps/place/Mekayo+Coffee/data=!4m7!3m6!1s0x2e6f1d8463991ce5:0x90c7975b1708af6!8m2!3d-6.7288932!4d108.5483137!16s%2Fg%2F11h0_7gt3z!19sChIJ5RyZY4Qdby4R9opwsXV5DAk?authuser=0&hl=id&rclk=1","Mekayo Coffee","4,7","(137)","·","Rp 25–50 rb","Kedai Kopi","·","Jl. Pemuda Raya No.11a","Buka","· Tutup pukul 22.00","https://lh3.googleusercontent.com/gps-cs-s/APNQkAEGDB9QqZE-srVVgtVI-NMjHmrU9Q_AosTzyA_-AgJeYhJ_uaRv2MRw-dRjoooNybX7i5IwllTWLHE2MEMDRUxEguPnwaVKemiQ0DjxMO_DchrhbzvWJg-ROdiFbdASI8uj9rIfZQ=w80-h106-k-no","https://ssl.gstatic.com/local/servicebusiness/default_user.png","""Bagian indoornya nyaman terutama di meja dekat area barista.""","https://www.google.com/searchviewer/42?cvd=CLw_EicKJeICIjIgEhkiF9LX29IPEQoNL2cvMTFoMF83Z3QzehgBOgMI8A0%3D&hl=id-ID&gl=id&fo_m=MfohQo559jFvMUOzJVpjPL1YMfZ3bInYwBDuMfaXTPp5KXh-&utm_source=tactile&gei=uZX4aaWWMJqSseMPxp7piQ0&ei=uZX4aaWWMJqSseMPxp7piQ0&fo_s=OA&opi=79508299&orderType=1&ebb=1&cs=0&foub=mcpp","Pesan online",""
"https://www.google.com/maps/place/The+Caffeinology/data=!4m7!3m6!1s0x2e6ee39d5851344f:0x94b661ad5c81c766!8m2!3d-6.7134856!4d108.5332262!16s%2Fg%2F11rdgjd9c8!19sChIJTzRRWJ3jbi4RZseBXK1htpQ?authuser=0&hl=id&rclk=1","The Caffeinology","4,7","(152)","·","Rp 25–50 rb","Kedai Kopi","·","Patra Park, Jl. Tuparev Blok E9","Buka","· Tutup pukul 23.30","https://lh3.googleusercontent.com/gps-cs-s/APNQkAE9jOAMSSou8S2NqxCkXMYmefvQevn9sVZrAYZksa395nSXnuXGqfmLZ5_0qbg-W1Fo_fKjnAM28zYbXS9TIRsxpDhw84kdSSYmbWM3Dn3BmDGZcBU8YJsSlNX6lugmWkjqMDE=w122-h92-k-no","https://ssl.gstatic.com/local/servicebusiness/default_user.png","""makanannya juga surprisingly enak2, belum coba kopinya karena bawa bayi.""","","",""
"https://www.google.com/maps/place/Rengganis+rumah+buku+%26+kopi/data=!4m7!3m6!1s0x2e6f1d51f425a3eb:0xf0f160ec0257d584!8m2!3d-6.7514592!4d108.5420437!16s%2Fg%2F11j0sqz2ms!19sChIJ66Ml9FEdby4RhNVXAuxg8fA?authuser=0&hl=id&rclk=1","Rengganis rumah buku & kopi","4,8","(207)","·","Rp 25–50 rb","Kedai Kopi","·","Jl. Lap. Udara Jl. Penggung Selatan No.30","Buka","· Tutup pukul 22.00","https://lh3.googleusercontent.com/gps-cs-s/APNQkAGm2SsrcVKwjoTFssGAXlvx1aqm1n8PJ9B-H5zVYTFQwqLt-JrcvCtXqbAwywbZnAQo3T2q_2KrA6eyK79MJZaWy8JC6_9qr4WLdHDq39Q4GVdNOaOke0hjmozvoFj5aAMNyOnn=w80-h99-k-no","https://ssl.gstatic.com/local/servicebusiness/default_user.png","""Coffee lattenya enak, creamy dan tidak manis.""","","",""
"https://www.google.com/maps/place/Oksigen+Coffee+Cirebon/data=!4m7!3m6!1s0x2e6ee39efe6d5659:0x78afea2b549d324b!8m2!3d-6.7247396!4d108.5546471!16s%2Fg%2F11frtc061y!19sChIJWVZt_p7jbi4RSzKdVCvqr3g?authuser=0&hl=id&rclk=1","Oksigen Coffee Cirebon","4,7","(1.298)","·","Rp 25–50 rb","Kedai Kopi","·","Jl. DR. Sutomo No.31","Buka","· Tutup pukul 23.00","https://lh3.googleusercontent.com/gps-cs-s/APNQkAEbgo_VcHc-mLUAAlFMEqLkV3L3wG46Km-OL0MjVTH3dlJie_9oVVloADT9DOhyMebEC2xLs6CTuVFUENH5f_2WGbhg1j8cwBH9RDDFZyIedEhcOPghYsyG8vhZ-rcvkm7S9J8=w80-h106-k-no","https://ssl.gstatic.com/local/servicebusiness/default_user.png","""","https://www.google.com/searchviewer/42?cvd=CLw_EicKJeICIjIgEhkiF9LX29IPEQoNL2cvMTFmcnRjMDYxeRgBOgMI8A0%3D&hl=id-ID&gl=id&fo_m=MfohQo559jFvMUOzJVpjPL1YMfZ3bInYwBDuMfaXTPp5KXh-&utm_source=tactile&gei=uZX4aaWWMJqSseMPxp7piQ0&ei=uZX4aaWWMJqSseMPxp7piQ0&fo_s=OA&opi=79508299&orderType=1&ebb=1&cs=0&foub=mcpp","Pesan online",""
"https://www.google.com/maps/place/Cafe+Koplakers+the+garden/data=!4m7!3m6!1s0x2e6f1df09c1a9ea3:0x5fd5cf7dadc801fc!8m2!3d-6.7351359!4d108.5347738!16s%2Fg%2F11hc_fyps0!19sChIJo54anPAdby4R_AHIrX3P1V8?authuser=0&hl=id&rclk=1","Cafe Koplakers the garden","5,0","(1)","","","Kafe","·","Jl. Yudhasari II No.99","","","https://streetviewpixels-pa.googleapis.com/v1/thumbnail?panoid=H4TSzv9OyJLpbG6UTWJksg&cb_client=search.gws-prod.gps&w=80&h=92&yaw=100.38357&pitch=0&thumbfov=100","","Makan di tempat","","",""
"https://www.google.com/maps/place/Kopi+Calf+To+Go+Tuparev+Cirebon/data=!4m7!3m6!1s0x2e6ee3002fe1f4a3:0x2170a53a2e40a97c!8m2!3d-6.7109953!4d108.5429409!16s%2Fg%2F11lz4647nw!19sChIJo_ThLwDjbi4RfKlALjqlcCE?authuser=0&hl=id&rclk=1","Kopi Calf To Go Tuparev Cirebon","4,8","(253)","·","Rp 25–50 rb","Kedai Kopi","·","Jl. Tuparev No.34","Buka","· Tutup pukul 22.00","https://lh3.googleusercontent.com/gps-cs-s/APNQkAFBxlozGyJIw3FYoKOgLhYIxr4Exll4-SCsdSnsz6MLGbVMime6N2JH7U3wuwO762-AClF3ayrY7Uu8BHd9yNyGiIc2wYC-4lwgVSYAxXDdLZoTjSyxjRCT7I10r57EO9QVfGudzE-sHwgj=w163-h92-k-no","https://ssl.gstatic.com/local/servicebusiness/default_user.png","""Staff nya lucu-lucu, humble, friendly, kopinya enaaaaaak, recommended""","https://www.google.com/searchviewer/42?cvd=CLw_EicKJeICIjIgEhkiF9LX29IPEQoNL2cvMTFsejQ2NDdudxgBOgMI8A0%3D&hl=id-ID&gl=id&fo_m=MfohQo559jFvMUOzJVpjPL1YMfZ3bInYwBDuMfaXTPp5KXh-&utm_source=tactile&gei=uZX4aaWWMJqSseMPxp7piQ0&ei=uZX4aaWWMJqSseMPxp7piQ0&fo_s=OA&opi=79508299&orderType=1&ebb=1&cs=0&foub=mcpp","Pesan online",""
"https://www.google.com/maps/place/Seia+Sekata+Roastery+%26+Espresso+Bar/data=!4m7!3m6!1s0x2e6f1fd8409fb769:0xba4ee6dadc853962!8m2!3d-6.7393854!4d108.5264427!16s%2Fg%2F11fhnl1z6t!19sChIJabefQNgfby4RYjmF3NrmTro?authuser=0&hl=id&rclk=1","Seia Sekata Roastery & Espresso Bar","4,8","(53)","","","Kedai Kopi","·","·","Tutup","· Buka Sel pukul 10.00","https://lh3.googleusercontent.com/gps-cs-s/APNQkAH9L3qnU_BPKSvut41dt4_GW0wkbM-UM6J9kFwXS1Zp8IvToMVQSq68ucbzexrhBCy3iCYQy1Oqt-YhrKzDZcd1P-afHd-3t6RCn1T1g4wYR7iIuR57sGECjuIN08_vS1-HHSjbzHoSuhHh=w80-h106-k-no","https://ssl.gstatic.com/local/servicebusiness/default_user.png","""Menu yg disajikan only espresso based dan cm bisa hot.""","","",""
"https://www.google.com/maps/place/Point+Break+Cafe+%26+Resto/data=!4m7!3m6!1s0x2e6f1f578cb3d5f9:0x85ffc320ca3a4147!8m2!3d-6.7530149!4d108.5174924!16s%2Fg%2F11l2tgqtg4!19sChIJ-dWzjFcfby4RR0E6yiDD_4U?authuser=0&hl=id&rclk=1","Point Break Cafe & Resto","4,5","(178)","·","Rp 25–50 rb","Hidangan Laut","·","6GW8+QX8, Jl. Pangeran Cakrabuana","Buka","· Tutup pukul 22.00","https://lh3.googleusercontent.com/gps-cs-s/APNQkAEXUpyV7TGNK1lD1vPNso0Sstbzk8lgmNVFsOF5IuK_ojqrpPyxzV2OJ8AX8nHPJ4gYaIoJXLt1gPdIyO4Gklz_lWEpN14Hwk-vUik664mnJshM0SCVKnAmXSH1O8LQMP_jRqb9IA=w163-h92-k-no","https://ssl.gstatic.com/local/servicebusiness/default_user.png","""Kalau untuk makanan, rasa biasa saja dan cenderung kering""","https://www.google.com/searchviewer/42?cvd=CLw_EicKJeICIjIgEhkiF9LX29IPEQoNL2cvMTFsMnRncXRnNBgBOgMI8A0%3D&hl=id-ID&gl=id&fo_m=MfohQo559jFvMUOzJVpjPL1YMfZ3bInYwBDuMfaXTPp5KXh-&utm_source=tactile&gei=uZX4aaWWMJqSseMPxp7piQ0&ei=uZX4aaWWMJqSseMPxp7piQ0&fo_s=OA&opi=79508299&orderType=1&ebb=1&cs=0&foub=mcpp","Pesan online",""
"https://www.google.com/maps/place/Namucoffee/data=!4m7!3m6!1s0x2e6f1dcecd209bad:0x95b70792474f25d7!8m2!3d-6.7250863!4d108.5582013!16s%2Fg%2F11hy9hnnvg!19sChIJrZsgzc4dby4R1yVPR5IHt5U?authuser=0&hl=id&rclk=1","Namucoffee","4,8","(277)","·","Rp 25–50 rb","Kedai Kopi","·","Jl. Satria No.7","Buka","· Tutup pukul 23.00","https://lh3.googleusercontent.com/gps-cs-s/APNQkAE5RAv8nDBSwG7RW8FTUO2ozQ-bctpU86FM914dlzJtpY-gmC0Sa4IS9gW6EsLkfpoG88qdpsjv-wYfvKAWzjPmCk2IzvSEVvHv1BYYpQi3XzKXYGVqnYKsrQlcpOHZWA8ffQg=w122-h92-k-no","https://ssl.gstatic.com/local/servicebusiness/default_user.png","""Creame latte salted caramelnya enak.""","https://www.google.com/searchviewer/42?cvd=CLw_EicKJeICIjIgEhkiF9LX29IPEQoNL2cvMTFoeTlobm52ZxgBOgMI8A0%3D&hl=id-ID&gl=id&fo_m=MfohQo559jFvMUOzJVpjPL1YMfZ3bInYwBDuMfaXTPp5KXh-&utm_source=tactile&gei=uZX4aaWWMJqSseMPxp7piQ0&ei=uZX4aaWWMJqSseMPxp7piQ0&fo_s=OA&opi=79508299&orderType=1&ebb=1&cs=0&foub=mcpp","Pesan online",""
"https://www.google.com/maps/place/Cafe+Campus+Double+C/data=!4m7!3m6!1s0x2e6f1df6e40ca7d3:0xe6e1a30b079dc2b6!8m2!3d-6.7316985!4d108.5378398!16s%2Fg%2F11c0xhdngd!19sChIJ06cM5PYdby4RtsKdBwuj4eY?authuser=0&hl=id&rclk=1","Cafe Campus Double C","4,3","(565)","·","Rp 25–50 rb","Restoran","·","Jl. Terusan Pemuda No.12","Buka","· Tutup pukul 21.00","https://lh3.googleusercontent.com/gps-cs-s/APNQkAEkSQslleD0jeh3gWEE0Cnhlv6LhkYY-G-A_kl9pVMm40n_3YTmNz6-miXI1oIRCcKZ4bb92b60QHeaaXR3-5iNYoO2f2pPYsSmG8-ZYFrRqz3JOVrlhapk7GM51dJ-ZqWDUlQcvw=w122-h92-k-no","https://ssl.gstatic.com/local/servicebusiness/default_user.png","""Suasana yg sepi bisa mencari inspirasi dan tempat ngobrol yg adem""","","",""
"https://www.google.com/maps/place/Macarius+All+Day+Brunch+%26+Gelateria/data=!4m7!3m6!1s0x2e6ee30063e72b89:0xe979ae1df2512edb!8m2!3d-6.7191612!4d108.5591889!16s%2Fg%2F11j1z5yp4m!19sChIJiSvnYwDjbi4R2y5R8h2ueek?authuser=0&hl=id&rclk=1","Macarius All Day Brunch & Gelateria","4,6","(403)","·","Rp 50–75 rb","Kafe","·","Jl. Pekalangan No.118","Buka","· Tutup pukul 21.30","https://lh3.googleusercontent.com/gps-cs-s/APNQkAEV3N1Gf3GI7yGNh8d13zDHbVdSrsbFaAHvtS5mtZBNpa6en4HsX5B7cKXgUO97xdA6XcHdbDqc_xnxlkWI9ejT0k10i779xDRwawPPcH7i7wZ720pHq_hhyuFoLiU9tO-lDXBY=w122-h92-k-no","https://ssl.gstatic.com/local/servicebusiness/default_user.png","""Minumannya:
1. Watermelon juice, 9.5/10.""","","",""
"https://www.google.com/maps/place/SELERA+Cafe/data=!4m7!3m6!1s0x2e6ee3005828f619:0xac915ee76cb2ad83!8m2!3d-6.7198812!4d108.5508137!16s%2Fg%2F11wy2wfjs1!19sChIJGfYoWADjbi4Rg62ybOdekaw?authuser=0&hl=id&rclk=1","SELERA Cafe","4,5","(158)","·","Rp 25–50 rb","Kedai Kopi","·","Jl. DR. Cipto Mangunkusumo","Buka","· Tutup pukul 02.00","https://lh3.googleusercontent.com/gps-cs-s/APNQkAGokFzU3Xr4taeWVsdMtKcDZ8x0B8KzTLaqAL8pMKBR9RZcP77rmdp6VYXJPAj6Wi9LL4UYl-QQ_kMk0fuKJTrBBXU-i2MrGEnj9yYx7g7wcqRGfiwhj8HVJElvIjsa2KXv5o6nTA=w138-h92-k-no","https://ssl.gstatic.com/local/servicebusiness/default_user.png","""kopi selera nya biasa aja hehe, tpi service nya oke crew nya sopan'.""","","",""
"https://www.google.com/maps/place/KRK+%7C+Kopi+Roemah+Kesambi/data=!4m7!3m6!1s0x2e6ee2763113b15f:0x32e8129b4722b1e2!8m2!3d-6.728466!4d108.556626!16s%2Fg%2F11fxdylv6j!19sChIJX7ETMXbibi4R4rEiR5sS6DI?authuser=0&hl=id&rclk=1","KRK | Kopi Roemah Kesambi","4,7","(1.192)","·","$$","Kedai Kopi","·","Jl. Kesambi Baru Jl. Mawar No.8A","Buka","· Tutup pukul 23.00","https://lh3.googleusercontent.com/gps-cs-s/APNQkAFM52CUk2fygoMi8-yG9MgmMNdtTEFxkq8NOn8P919Qn_iFX-tzZxIuNIh8iz6y6khEUMHyHPPcnfLs00UstLsTlKiZFJk2HwjgcqFNuKPnn3BnFc1ulYJt_bTL-5-fySLvN59S=w80-h106-k-no","https://ssl.gstatic.com/local/servicebusiness/default_user.png","""Great coffee, good service.""","https://www.google.com/searchviewer/42?cvd=CLw_EicKJeICIjIgEhkiF9LX29IPEQoNL2cvMTFmeGR5bHY2ahgBOgMI8A0%3D&hl=id-ID&gl=id&fo_m=MfohQo559jFvMUOzJVpjPL1YMfZ3bInYwBDuMfaXTPp5KXh-&utm_source=tactile&gei=v5X4aejQB9aWwcsP3_zxsAM&ei=v5X4aejQB9aWwcsP3_zxsAM&fo_s=OA&opi=79508299&orderType=1&ebb=1&cs=0&foub=mcpp","Pesan online",""
"https://www.google.com/maps/place/Kopi+Manao/data=!4m7!3m6!1s0x2e6ee216549aa4b5:0x18db52bf923bb20f!8m2!3d-6.7096242!4d108.5377242!16s%2Fg%2F11f1jxkl52!19sChIJtaSaVBbibi4RD7I7kr9S2xg?authuser=0&hl=id&rclk=1","Kopi Manao","4,7","(1.187)","·","Rp 25–50 rb","Kafe","·","Jl. Tuparev No.64","Buka","· Tutup pukul 22.00","https://lh3.googleusercontent.com/gps-cs-s/APNQkAGnoGtcQn1AI5uRNDRzv7z_YAdBUTY0BstGGrwnmIkQq1sTOoemiDnlQXru9UggEDeloP7waTFFU-BrrUoSpRTHhZ6FgEmdUXjvwgSTQZ4i35cphr0Qm2bEZoTQr34VR5fYKI2F_g=w122-h92-k-no","https://ssl.gstatic.com/local/servicebusiness/default_user.png","""Wifi lancar jaya, drinks and beverage nya yummyyyy, kopinya enak.""","https://www.google.com/searchviewer/42?cvd=CLw_EicKJeICIjIgEhkiF9LX29IPEQoNL2cvMTFmMWp4a2w1MhgBOgMI8A0%3D&hl=id-ID&gl=id&fo_m=MfohQo559jFvMUOzJVpjPL1YMfZ3bInYwBDuMfaXTPp5KXh-&utm_source=tactile&gei=v5X4aejQB9aWwcsP3_zxsAM&ei=v5X4aejQB9aWwcsP3_zxsAM&fo_s=OA&opi=79508299&orderType=1&ebb=1&cs=0&foub=mcpp","Pesan online",""
"https://www.google.com/maps/place/SCBD+Cafe/data=!4m7!3m6!1s0x2e6ee3dc9ae92bb3:0x57b505b6cc43190d!8m2!3d-6.7147535!4d108.5633448!16s%2Fg%2F11vyhc3lz9!19sChIJsyvpmtzjbi4RDRlDzLYFtVc?authuser=0&hl=id&rclk=1","SCBD Cafe","4,7","(190)","·","Rp 25–50 rb","Kafe","·","AIO Premium Store Building, Jl. Pekarungan No.15 Lt. 4-5","Buka","· Tutup pukul 22.00","https://lh3.googleusercontent.com/gps-cs-s/APNQkAGSoUoAq5obIPjmBjxopGBZSPfwGGAcNg2vXvXeBxNfO4fCnRpOO9s8MqYeY6ZYhPRiZ8rxI-h0IJ6o5OhacohTi1AIZA93j5RQXkQjn3mCCQzsjDbjras3mio1T3TGVFQQXaQ=w80-h142-k-no","https://ssl.gstatic.com/local/servicebusiness/default_user.png","""Kemaren order choco royal dan tiramisu latte""","","",""
"https://www.google.com/maps/place/Macchi+by+Ruang+Teduh/data=!4m7!3m6!1s0x2e6f1d0c75ed7cf3:0x42a1a8d4dd47e946!8m2!3d-6.7421965!4d108.5414621!16s%2Fg%2F11rg42_stm!19sChIJ83ztdQwdby4RRulH3dSooUI?authuser=0&hl=id&rclk=1","Macchi by Ruang Teduh","4,8","(36)","","","Kedai Kopi","·","Kios II, Jl. Evakuasi No.18","Tutup","· Buka Sel pukul 08.00","https://lh3.googleusercontent.com/gps-cs-s/APNQkAEL-U-nvIzskyCW7dut9gg0OPQio8xSkO_QW1WULhhpFHitfF-04TZmCRJ-WSVrzAsl7nD_fTe4vWUjd-AiUq59KQWn9T6rZjsgf5osCD3uj8B8mA7hwB-hJqfnm6xC4CXGhW4=w80-h107-k-no","https://ssl.gstatic.com/local/servicebusiness/default_user.png","""Kalo malam, lebih enak duduk di luar.""","","",""
"https://www.google.com/maps/place/Seero+coffee/data=!4m7!3m6!1s0x2e6ee36dfccf0c31:0x650c7e4757863137!8m2!3d-6.710681!4d108.5432637!16s%2Fg%2F11nrp8blsk!19sChIJMQzP_G3jbi4RNzGGV0d-DGU?authuser=0&hl=id&rclk=1","Seero coffee","4,6","(166)","·","Rp 25–50 rb","Kedai Kopi","·","Jl. Tuparev No.36","Buka","· Tutup pukul 23.00","https://lh3.googleusercontent.com/gps-cs-s/APNQkAE7ey0GEjnZ5gA38LX05tSNir4AgQm3cfNOTe9HcfKbYXHchCm6NHsxwuMyvpNpCCNEYbp6Il8yxjEg3AhVhefm0nL7iPcLug3PcRNW1NCsEfLqKDreUD-nkTVed_IiY4rgjDMq=w80-h99-k-no","https://ssl.gstatic.com/local/servicebusiness/default_user.png","""Coffee nya enak bgt deh so creamy 😍""","https://www.google.com/searchviewer/42?cvd=CLw_EicKJeICIjIgEhkiF9LX29IPEQoNL2cvMTFucnA4YmxzaxgBOgMI8A0%3D&hl=id-ID&gl=id&fo_m=MfohQo559jFvMUOzJVpjPL1YMfZ3bInYwBDuMfaXTPp5KXh-&utm_source=tactile&gei=v5X4aejQB9aWwcsP3_zxsAM&ei=v5X4aejQB9aWwcsP3_zxsAM&fo_s=OA&opi=79508299&orderType=1&ebb=1&cs=0&foub=mcpp","Pesan online",""
"https://www.google.com/maps/place/Karasu+Koffie/data=!4m7!3m6!1s0x2e6f1d0057014e67:0x74fd9414ed00875f!8m2!3d-6.7301411!4d108.5514012!16s%2Fg%2F11w9ybhsqn!19sChIJZ04BVwAdby4RX4cA7RSU_XQ?authuser=0&hl=id&rclk=1","Karasu Koffie","4,9","(40)","·","Rp 25–50 rb","Kedai Kopi","·","Gg. Makmur No.210","Buka","· Tutup pukul 23.00","https://lh3.googleusercontent.com/gps-cs-s/APNQkAFRS6c62yBLI7-33-4Uc5eCHzQIljIDM5ePCc6f9Ycqrc8j3-KNYZT2pP5FNnS5EdWC9ixcJ44VaivzmLS65V8ez-yWtqpKVvsHvToOgnCNWdEdgQqUSVYV9ruWJL5GiYvmmD-FUE-o1W5T=w80-h106-k-no","https://ssl.gstatic.com/local/servicebusiness/default_user.png","""Coffee","","",""
"https://www.google.com/maps/place/Say+Ya!+Cafe+%26+Resto+-+Working+Space,+Music+%26+Sky+View/data=!4m7!3m6!1s0x2e6ee30920fe55b5:0xf27454f5f6f39631!8m2!3d-6.7242294!4d108.5499116!16s%2Fg%2F11pcv76n27!19sChIJtVX-IAnjbi4RMZbz9vVUdPI?authuser=0&hl=id&rclk=1","Say Ya! Cafe & Resto - Working Space, Music & Sky View","4,2","(163)","·","Rp 25–50 rb","Restoran","·","Jl. DR. Cipto Mangunkusumo No.162","Buka","· Tutup pukul 23.00","https://lh3.googleusercontent.com/gps-cs-s/APNQkAGIQFOUXOu83uHlGtsBMH1aTSP3c7t416VvhLeD5BBB3RtNIxacZZx9baWYDd9AWOnM-xeSFtpIaZDgMFL7xPrxwcTdVAeAeQ6RS8Og8tcWyqzs1TvD0j0Ii6ZT4saPcGRxkPrRRA=w122-h92-k-no","https://ssl.gstatic.com/local/servicebusiness/default_user.png","""Tempatnya enak, live musiknya asik, kopinya mantap""","https://www.google.com/searchviewer/42?cvd=CLw_EicKJeICIjIgEhkiF9LX29IPEQoNL2cvMTFwY3Y3Nm4yNxgBOgMI8A0%3D&hl=id-ID&gl=id&fo_m=MfohQo559jFvMUOzJVpjPL1YMfZ3bInYwBDuMfaXTPp5KXh-&utm_source=tactile&gei=v5X4aejQB9aWwcsP3_zxsAM&ei=v5X4aejQB9aWwcsP3_zxsAM&fo_s=OA&opi=79508299&orderType=1&ebb=1&cs=0&foub=mcpp","Pesan online",""
"https://www.google.com/maps/place/Ini+Kopi+Ulon+Ciremai+Raya/data=!4m7!3m6!1s0x2e6f1d4037000fed:0x5882be45c13c701f!8m2!3d-6.7470171!4d108.5629368!16s%2Fg%2F11qn8rgn48!19sChIJ7Q8AN0Adby4RH3A8wUW-glg?authuser=0&hl=id&rclk=1","Ini Kopi Ulon Ciremai Raya","4,8","(481)","·","Rp 25–50 rb","Kafe","·","Jl. Ciremai Raya","Buka","· Tutup pukul 00.00","https://lh3.googleusercontent.com/gps-cs-s/APNQkAEIuzKcEh5ugWChxabnfS9wdYHngwsZA9u7Ve3Fr5J2WOqgKPCE1L9FNnV-I-pdSWiQPBFNMs9-UE6HlaDXi3ET8hI_D8GqYYykFmOYSQoIy9b6MvtoqcTF12SJqn-I9QAi7LbjTQ=w161-h92-k-no","https://ssl.gstatic.com/local/servicebusiness/default_user.png","""kopinya enak, staffnya ramah dan sopan, indoornya adem banget""","https://www.google.com/searchviewer/42?cvd=CLw_EicKJeICIjIgEhkiF9LX29IPEQoNL2cvMTFxbjhyZ240OBgBOgMI8A0%3D&hl=id-ID&gl=id&fo_m=MfohQo559jFvMUOzJVpjPL1YMfZ3bInYwBDuMfaXTPp5KXh-&utm_source=tactile&gei=v5X4aejQB9aWwcsP3_zxsAM&ei=v5X4aejQB9aWwcsP3_zxsAM&fo_s=OA&opi=79508299&orderType=1&ebb=1&cs=0&foub=mcpp","Pesan online",""
"https://www.google.com/maps/place/Lucky+Monkey+Coffee+%26+Bistro/data=!4m7!3m6!1s0x2e6ee34aafe93b67:0x6751242253dbbdda!8m2!3d-6.7108808!4d108.5576865!16s%2Fg%2F11kk0y0ngd!19sChIJZzvpr0rjbi4R2r3bUyIkUWc?authuser=0&hl=id&rclk=1","Lucky Monkey Coffee & Bistro","4,2","(373)","·","Rp 25–50 rb","Kedai Kopi","·","Jl. Kartini No.15 a","Buka","· Tutup pukul 01.00","https://lh3.googleusercontent.com/gps-cs-s/APNQkAFgYawehLQoFVMX-dP9tuhjp5yIDWWjtnuz_13WJvC1eqG4pdMjAH6jIYbzit7ChVXjs6ikVYIqhUeqMg9Vni-GKBSvhtKbp6IDd0QAbxVaKhp4h0kInqSIUOt0chkx60zXa2xbYw=w80-h106-k-no","https://ssl.gstatic.com/local/servicebusiness/default_user.png","""Menunya banyak dan enak, paling favorit yg kopi Lucky Monkey.""","","",""
"https://www.google.com/maps/place/Limalas+Cafe/data=!4m7!3m6!1s0x2e6ee1d28f17b83d:0xf3261f33cae66de!8m2!3d-6.7125389!4d108.503259!16s%2Fg%2F11rhpndmr3!19sChIJPbgXj9Lhbi4R3mauPPNhMg8?authuser=0&hl=id&rclk=1","Limalas Cafe","4,8","(470)","·","Rp 25–50 rb","Kafe","·","Jl. Kusuma Indah II No.2","Buka","· Tutup pukul 23.00","https://lh3.googleusercontent.com/gps-cs-s/APNQkAGiWSR-2gLhW6ySCPGIynjvQO0sYNoDIrmrXWn99ETpZyuPDI22vVFthNXZT8ZcBSNvGNHInsWHrMZ1yNxEJQRDpnUf0P-cNsZUOujIxjFnvrdmQa-c2f6ssojvgeg87M4WdCkQQg=w80-h106-k-no","https://ssl.gstatic.com/local/servicebusiness/default_user.png","""Ini tempat nyelip tapi oke bangett..
Aku suka rotinya, kopinya juga oke.""","https://www.google.com/searchviewer/42?cvd=CLw_EicKJeICIjIgEhkiF9LX29IPEQoNL2cvMTFyaHBuZG1yMxgBOgMI8A0%3D&hl=id-ID&gl=id&fo_m=MfohQo559jFvMUOzJVpjPL1YMfZ3bInYwBDuMfaXTPp5KXh-&utm_source=tactile&gei=v5X4aejQB9aWwcsP3_zxsAM&ei=v5X4aejQB9aWwcsP3_zxsAM&fo_s=OA&opi=79508299&orderType=1&ebb=1&cs=0&foub=mcpp","Pesan online",""
"https://www.google.com/maps/place/Syntax+Coffee+Indonesia/data=!4m7!3m6!1s0x2e6ee322b7fd5955:0x3296cd16a238c8c1!8m2!3d-6.7186801!4d108.5250569!16s%2Fg%2F11sdc684v_!19sChIJVVn9tyLjbi4Rwcg4ohbNljI?authuser=0&hl=id&rclk=1","Syntax Coffee Indonesia","5,0","(57)","·","Rp 1–25.000","Kedai Kopi","·","Jl. Sultan Ageng Tirtayasa No.12","Buka","· Tutup pukul 21.00","https://lh3.googleusercontent.com/gps-cs-s/APNQkAGHrktjx4c-vAtXplRAPjXT2bJTTKLf3CtuB61-yWebqa5b1739jbkDFf_8wMd6p6vKwlneQEKlnozz1-U3yCeRG5ESmk6aZU8028pe51lwF8-apV_yuE9nO2RPsaWGkasL8kU34Q=w122-h92-k-no","https://ssl.gstatic.com/local/servicebusiness/default_user.png","""Kopinya enak, manis nya pas, pelayanannya ramah sekali 🫶🏻🫶🏻""","","",""
"https://www.google.com/maps/place/Himas+Coffee+%26+Eatery+%28Himas+Social+Space%29/data=!4m7!3m6!1s0x2e6ee3c0db3a0b73:0xabb42a3a130edd50!8m2!3d-6.7123928!4d108.5659905!16s%2Fg%2F11j7lbf0b8!19sChIJcws628Djbi4RUN0OEzoqtKs?authuser=0&hl=id&rclk=1","Himas Coffee & Eatery (Himas Social Space)","4,5","(415)","·","Rp 25–50 rb","Kafe","·","·","Buka","· Tutup pukul 22.00","https://lh3.googleusercontent.com/gps-cs-s/APNQkAFJ8ug69ZG77UU1ACv6DcQB__ycS8SF9dFj32mzAienEqegvykfKvm1jFvMO3QQAKrB4qg8HKClghYaEsrhnoJ45JCpmMwhcKV43BgrvbEzVlIcpKXn7BfFeTIj0Mt2ptIKHIU=w163-h92-k-no","https://ssl.gstatic.com/local/servicebusiness/default_user.png","""OK makanannya enak,tapi harga kopinya agak sedikit high price.""","https://www.google.com/searchviewer/42?cvd=CLw_EicKJeICIjIgEhkiF9LX29IPEQoNL2cvMTFqN2xiZjBiOBgBOgMI8A0%3D&hl=id-ID&gl=id&fo_m=MfohQo559jFvMUOzJVpjPL1YMfZ3bInYwBDuMfaXTPp5KXh-&utm_source=tactile&gei=v5X4aejQB9aWwcsP3_zxsAM&ei=v5X4aejQB9aWwcsP3_zxsAM&fo_s=OA&opi=79508299&orderType=1&ebb=1&cs=0&foub=mcpp","Pesan online",""
"https://www.google.com/maps/place/219+Coffee/data=!4m7!3m6!1s0x2e6f1dc4fd883561:0x4c31b4b30e9d0434!8m2!3d-6.7571252!4d108.5364437!16s%2Fg%2F11dxs8r9s4!19sChIJYTWI_cQdby4RNASdDrO0MUw?authuser=0&hl=id&rclk=1","219 Coffee","4,9","(14)","·","Rp 1–25.000","Kedai Kopi","·","Jl. Jenderal Sudirman No.219","Buka","· Tutup pukul 22.00","https://lh3.googleusercontent.com/gps-cs-s/APNQkAEUghPCxDiRN_pBTczinyToi0J_3y6fMOKAKr-hUzO_qyM2DbYO3jEmnsFf5lIQB-CRL88KLV1buuWmcj7umYAFRWP-IX4kKLHvdjDa3uttkWj-Qi5jdqp__y5RL04xquF9U6dM=w80-h106-k-no","https://ssl.gstatic.com/local/servicebusiness/default_user.png","""Minumannya enak semua disini yang jualan ramah 🥰😍""","","",""
"https://www.google.com/maps/place/Le+Cafe+De+Juna/data=!4m7!3m6!1s0x2e6ee3b19c677ba5:0xd87ff5f1bf78b3f1!8m2!3d-6.7242918!4d108.5520605!16s%2Fg%2F11y2fqng18!19sChIJpXtnnLHjbi4R8bN4v_H1f9g?authuser=0&hl=id&rclk=1","Le Cafe De Juna","4,5","(100)","·","Rp 25–50 rb","Kafe","·","Jl. DR. Sutomo No.40","Buka","· Tutup pukul 22.00","https://lh3.googleusercontent.com/gps-cs-s/APNQkAFESeMeN-xOqVwu_xt35fM08uf7qls-geH0QrLhAxCaFqesvhnDcwrcH0lfTx3PLA4wQZ9Q69pOwvSFYD_QeXvy2PR41Gpy8u-iMbodLrEeh6DfyiPAMu-x9ppj3JiJP91nhOb5=w138-h92-k-no","https://ssl.gstatic.com/local/servicebusiness/default_user.png","""Coffe shop terbaikk pelayanan nyaa, makanan, dan kopi nya yang enak enakk""","https://www.google.com/searchviewer/42?cvd=CLw_EicKJeICIjIgEhkiF9LX29IPEQoNL2cvMTF5MmZxbmcxOBgBOgMI8A0%3D&hl=id-ID&gl=id&fo_m=MfohQo559jFvMUOzJVpjPL1YMfZ3bInYwBDuMfaXTPp5KXh-&utm_source=tactile&gei=v5X4aejQB9aWwcsP3_zxsAM&ei=v5X4aejQB9aWwcsP3_zxsAM&fo_s=OA&opi=79508299&orderType=1&ebb=1&cs=0&foub=mcpp","Pesan online",""
"https://www.google.com/maps/place/Usmah+farm+Cafe+n+Resto/data=!4m7!3m6!1s0x2e6f1dd50715cdf3:0x2dceb5a685933621!8m2!3d-6.760257!4d108.5457479!16s%2Fg%2F11y7f6z_1c!19sChIJ880VB9Udby4RITaThaa1zi0?authuser=0&hl=id&rclk=1","Usmah farm Cafe n Resto","4,8","(21)","·","Rp 1–25.000","Restoran","·","Jl. Pramuka Sitopeng, RT.01/RW.10","Buka 24 jam","","https://lh3.googleusercontent.com/gps-cs-s/APNQkAFBQ-SDmlH_b50piPyb92WiJDQKtnU71KOJ8zeqUYu36cpHVNMqQbJmDIy5_cVh2MIypziqWwLJ2JQc9fyqsxslCCeCvMoiSrYAWq6t1l0RIt7b2ORmRwPyzqjtW5pCtqDuAQ=w80-h142-k-no","https://ssl.gstatic.com/local/servicebusiness/default_user.png","""sotonya enak, bisa request (dipedesin,dimanisin ) enak pookoke""","","",""