"hfpxzc href","qBF1Pd","MW4etd","UY7F9","W4Efsd","W4Efsd 2","W4Efsd 3","W4Efsd 4","W4Efsd 5","FQ2IWe src","Jn12ke src","ah5Ghc","ah5Ghc 2","ah5Ghc 3","A1zNzb href","J8zHNe","bbPy1"
"","","","","","","","","","","","","","","","",""
"","","","","","","","","","","","","","","","",""
"https://www.google.com/maps/place/Momoyo+Perjuangan+Cirebon/data=!4m7!3m6!1s0x2e6f1db9bd06ff95:0xfabb66641ef39fcb!8m2!3d-6.735715!4d108.5344366!16s%2Fg%2F11v3xkq477!19sChIJlf8Gvbkdby4Ry5_zHmRmu_o?authuser=0&hl=id&rclk=1","Momoyo Perjuangan Cirebon","4,6","(356)","Es Krim","·","Jl. Perjuangan No.12A","Buka","· Tutup pukul 22.00","https://lh3.googleusercontent.com/gps-cs-s/APNQkAHiY7ftGQTYeonjOGwAlOBiXe8NMPpJ2br20zC5xmkV3OFITkkIMk2lwrVxWMuDVzZIqB7l4tWBz42nOgSzjrtY__US8a5QIGRlK8-KlY7dwCQirN1lSLFCsLNf1Knmt5zROk0TozsKFbw=w80-h106-k-no","https://ssl.gstatic.com/local/servicebusiness/default_user.png","""My go-to-","ice cream","adalah Momoyo, gak ada tandingannya!!""","https://www.google.com/searchviewer/42?cvd=CLw_EicKJeICIjIgEhkiF9LX29IPEQoNL2cvMTF2M3hrcTQ3NxgBOgMI8A0%3D&hl=id-ID&gl=id&fo_m=MfohQo559jFvMUOzJVpjPL1YMfZ3bInYwBDuMfaXTPp5KXh-&utm_source=tactile&gei=LJr4adbHD6-6seMPmqTr8AI&ei=LJr4adbHD6-6seMPmqTr8AI&fo_s=OA&opi=79508299&orderType=1&ebb=1&cs=0&foub=mcpp","Pesan online",""
"https://www.google.com/maps/place/MIXUE+Perjuangan+Cirebon/data=!4m7!3m6!1s0x2e6f1def2ad4bda7:0xff730ae0c2b38adc!8m2!3d-6.7366331!4d108.5302881!16s%2Fg%2F11rkfgk0n1!19sChIJp73UKu8dby4R3IqzwuAKc_8?authuser=0&hl=id&rclk=1","MIXUE Perjuangan Cirebon","4,5","(450)","Es Krim","·","7G7J+84V","Segera tutup","· 21.00 · Buka Sel pukul 09.00","https://lh3.googleusercontent.com/gps-cs-s/APNQkAEQnrOkNeLOlT5ZjlFwudlBLHyeJLl-sssJRcyNBhs9uHk_q-U_zec6NLr6MHU7TCIHawqTS68DLGBQdELwmbYogItZLgvgnSt5xHlYjgrov84UyfmedzNAGX1MhI9KPOiW30IV=w80-h142-k-no","https://ssl.gstatic.com/local/servicebusiness/default_user.png","""Rasa","es","krimnya enak, ruangannya cukup besar, bersih dan nyaman.""","https://www.google.com/searchviewer/42?cvd=CLw_EicKJeICIjIgEhkiF9LX29IPEQoNL2cvMTFya2ZnazBuMRgBOgMI8A0%3D&hl=id-ID&gl=id&fo_m=MfohQo559jFvMUOzJVpjPL1YMfZ3bInYwBDuMfaXTPp5KXh-&utm_source=tactile&gei=LJr4adbHD6-6seMPmqTr8AI&ei=LJr4adbHD6-6seMPmqTr8AI&fo_s=OA&opi=79508299&orderType=1&ebb=1&cs=0&foub=mcpp","Pesan online",""
"https://www.google.com/maps/place/Bingxue+Kanggraksan/data=!4m7!3m6!1s0x2e6f1d00423e64b5:0x5dc08f6c36494757!8m2!3d-6.7424998!4d108.5446976!16s%2Fg%2F11mt5c2vrr!19sChIJtWQ-QgAdby4RV0dJNmyPwF0?authuser=0&hl=id&rclk=1","Bingxue Kanggraksan","4,8","(18)","Es Krim","·","Jl. Kanggraksan No.110","Buka","· Tutup pukul 21.30","https://lh3.googleusercontent.com/gps-cs-s/APNQkAHkmmxulpwFc3KDRUbXrOHqQskvCoiLgVv8zdfKuupBJW2tmicPVFTXQCFvHCDIYOhAMYCAXkF981D5pruR_3C568wHxqpx_TCYdqrM0ZIKFjRBo6b3j5FAJ6HxxY06pp0nNuicVtt1O2SC=w80-h106-k-no","https://ssl.gstatic.com/local/servicebusiness/default_user.png","""Tempatnya nyaman, bagus.""","","","https://www.google.com/searchviewer/42?cvd=CLw_EicKJeICIjIgEhkiF9LX29IPEQoNL2cvMTFtdDVjMnZychgBOgMI8A0%3D&hl=id-ID&gl=id&fo_m=MfohQo559jFvMUOzJVpjPL1YMfZ3bInYwBDuMfaXTPp5KXh-&utm_source=tactile&gei=LJr4adbHD6-6seMPmqTr8AI&ei=LJr4adbHD6-6seMPmqTr8AI&fo_s=OA&opi=79508299&orderType=1&ebb=1&cs=0&foub=mcpp","Pesan online",""
"https://www.google.com/maps/place/Tiga+Delapan/data=!4m7!3m6!1s0x2e6f1d258e318d15:0x24c46bf8e11d7910!8m2!3d-6.7349962!4d108.5603082!16s%2Fg%2F11llfgp2rz!19sChIJFY0xjiUdby4REHkd4fhrxCQ?authuser=0&hl=id&rclk=1","Tiga Delapan","4,7","(986)","Es Krim","·","Jl. Pangeran Drajat No.47","Buka","· Tutup pukul 00.00","https://lh3.googleusercontent.com/gps-cs-s/APNQkAHhESO56ntO-O6kLKWl3WfhochMB5IoJFbgt3n4kXvSYsjvE0Ouflt5dLpu0UlOvmk773M-J5_SOTSbrm8p5wjcyFzdf6GaLIcntfbgBeyiNXoT57ObdOHANKfebq_St14SvB3V8lbXk34j=w194-h92-k-no","https://ssl.gstatic.com/local/servicebusiness/default_user.png","""Dari segi rasa, baik kopi atau","es krim","gelato nya Ok (7/10 menurut saya).""","https://www.google.com/searchviewer/42?cvd=CLw_EicKJeICIjIgEhkiF9LX29IPEQoNL2cvMTFsbGZncDJyehgBOgMI8A0%3D&hl=id-ID&gl=id&fo_m=MfohQo559jFvMUOzJVpjPL1YMfZ3bInYwBDuMfaXTPp5KXh-&utm_source=tactile&gei=LJr4adbHD6-6seMPmqTr8AI&ei=LJr4adbHD6-6seMPmqTr8AI&fo_s=OA&opi=79508299&orderType=1&ebb=1&cs=0&foub=mcpp","Pesan online",""
"https://www.google.com/maps/place/Mixue+Cipto+Cirebon/data=!4m7!3m6!1s0x2e6ee31ff8082fc5:0x3c5ff702e69517fe!8m2!3d-6.7236248!4d108.5505622!16s%2Fg%2F11tj_p6_xj!19sChIJxS8I-B_jbi4R_heV5gL3Xzw?authuser=0&hl=id&rclk=1","Mixue Cipto Cirebon","4,6","(139)","Es Krim","·","Jl. DR. Cipto Mangunkusumo No.105","Buka","· Tutup Sel pukul 04.55","https://lh3.googleusercontent.com/gps-cs-s/APNQkAGeYz0gZ_BuY8RVva-LSnKjv2gWN1yV3Y6nwOLrlQNDbBnZCMNkjk-dmxq6T1M5_DjW3CJfy0nw5GYq8k6uMt0nmKgsjb-mtid6N2AxxNzSCDwMvd9jfyjlzKgFI1MRJy9g_OmBqA=w80-h106-k-no","https://ssl.gstatic.com/local/servicebusiness/default_user.png","""The","ice cream","always amazing!""","https://www.google.com/searchviewer/42?cvd=CLw_EicKJeICIjIgEhkiF9LX29IPEQoNL2cvMTF0al9wNl94ahgBOgMI8A0%3D&hl=id-ID&gl=id&fo_m=MfohQo559jFvMUOzJVpjPL1YMfZ3bInYwBDuMfaXTPp5KXh-&utm_source=tactile&gei=LJr4adbHD6-6seMPmqTr8AI&ei=LJr4adbHD6-6seMPmqTr8AI&fo_s=OA&opi=79508299&orderType=1&ebb=1&cs=0&foub=mcpp","Pesan online",""
"https://www.google.com/maps/place/DEPOT+ICE+CREAM+%28MANG+MUL%29/data=!4m7!3m6!1s0x2e6f1d0028ffd473:0xf1d242e85a28f13d!8m2!3d-6.7350262!4d108.5257558!16s%2Fg%2F11z118np4f!19sChIJc9T_KAAdby4RPfEoWuhC0vE?authuser=0&hl=id&rclk=1","DEPOT ICE CREAM (MANG MUL)","5,0","(1)","Es Krim","·","Gg. Family Jl. Kayuwalang No.2, RT.04/RW.07","Buka 24 jam","","https://lh3.googleusercontent.com/gps-cs-s/APNQkAFdjMdFvZXSZHiQ8iKaJOOW_uqa7wPXxsTy88Fr-b1GgxSzGzSQ5YZD1bO-EzukRJ5AQUHEPjdPObPuIOSBgP06KIX2SktVnjvDKaxZa8plnydPncb2w-VTSbyBhPaFe2CuZ6MBy9Sw3fIx=w122-h92-k-no","https://ssl.gstatic.com/local/servicebusiness/default_user.png","""","Es","krimnya mantap, harga terjangkau ...""","","",""
"https://www.google.com/maps/place/ISTANA+KELAPA+MUDA+1+-+CIREBON/data=!4m7!3m6!1s0x2e6f1d0001a39f99:0xcad8fe620b488010!8m2!3d-6.7383384!4d108.5371806!16s%2Fg%2F11ythh7249!19sChIJmZ-jAQAdby4REIBIC2L-2Mo?authuser=0&hl=id&rclk=1","ISTANA KELAPA MUDA 1 - CIREBON","4,0","(1)","Es Krim","·","7G6P+MV7, Jl. Kandang Perahu","","","https://streetviewpixels-pa.googleapis.com/v1/thumbnail?panoid=OlWZ-J2u6a7wBTRBxlmSyg&cb_client=search.gws-prod.gps&w=80&h=92&yaw=351.7691&pitch=0&thumbfov=100","","Bawa pulang","","","","",""
"https://www.google.com/maps/place/Gelatopedia+Cirebon/data=!4m7!3m6!1s0x2e6f1df90c9d830b:0xc0c4ed2ee2ee28be!8m2!3d-6.73568!4d108.5366745!16s%2Fg%2F11tt2690ms!19sChIJC4OdDPkdby4Rviju4i7txMA?authuser=0&hl=id&rclk=1","Gelatopedia Cirebon","5,0","(17)","Es Krim","·","Jl. Perjuangan Ruko No.8","Tutup","· Buka Sel pukul 09.00","https://lh3.googleusercontent.com/gps-cs-s/APNQkAGhteyyJCBS6E3CJQZ9r_1WZsisD1uKTc3HydktWNYUYaGp1a8YP3Hq0DuE01NnvdlVSil8_H0pdt-N6umD9IHmvBw0GwVfoqwL2_d29iuufCowYH0Tc2G1LZ_udCU8TlmbB29Xeogn8Bb0=w80-h106-k-no","https://ssl.gstatic.com/local/servicebusiness/default_user.png","""tempatnya kecil, tapi cozy buat sekedar makan","es krim",".""","","",""
"https://www.google.com/maps/place/NARAA+ES+CREAM/data=!4m7!3m6!1s0x2e6f1d0078a6cc79:0xa12b079497a3e7d0!8m2!3d-6.7355929!4d108.5325924!16s%2Fg%2F11y87hsvf8!19sChIJecymeAAdby4R0Oejl5QHK6E?authuser=0&hl=id&rclk=1","NARAA ES CREAM","5,0","(1)","Es Krim","·","7G7M+Q28","","","https://streetviewpixels-pa.googleapis.com/v1/thumbnail?panoid=PiBhZfjAajSO7DOeknQyhA&cb_client=search.gws-prod.gps&w=80&h=92&yaw=355.44897&pitch=0&thumbfov=100","","Bawa pulang","","","","",""
"https://www.google.com/maps/place/MIXUE+PERUMNAS+CIREBON/data=!4m7!3m6!1s0x2e6f1d636da68919:0x285b90560e4b9def!8m2!3d-6.752904!4d108.5598259!16s%2Fg%2F11t75tldd7!19sChIJGYmmbWMdby4R751LDlaQWyg?authuser=0&hl=id&rclk=1","MIXUE PERUMNAS CIREBON","4,8","(215)","Es Krim","·","Jl. Ciremai Raya No.161","Buka","· Tutup pukul 22.00","https://lh3.googleusercontent.com/gps-cs-s/APNQkAGrKRnu-1EVMOHmHo4Cu22rvNWqJRXOoAJyYSNgQW6lz6ov7J-JdzcnlhQzO_Kz4ZxKfD9lzNKp87xKm1mmmTOkXzYEylHqZim5y29K_RARS6ac_hVr8A9TsK1ytqPTo7E84DRMmg=w205-h92-k-no","https://ssl.gstatic.com/local/servicebusiness/default_user.png","""","es krim","nya enak,tempat nya nyaman ademm""","https://www.google.com/searchviewer/42?cvd=CLw_EicKJeICIjIgEhkiF9LX29IPEQoNL2cvMTF0NzV0bGRkNxgBOgMI8A0%3D&hl=id-ID&gl=id&fo_m=MfohQo559jFvMUOzJVpjPL1YMfZ3bInYwBDuMfaXTPp5KXh-&utm_source=tactile&gei=LJr4adbHD6-6seMPmqTr8AI&ei=LJr4adbHD6-6seMPmqTr8AI&fo_s=OA&opi=79508299&orderType=1&ebb=1&cs=0&foub=mcpp","Pesan online",""
"https://www.google.com/maps/place/Bingxue/data=!4m7!3m6!1s0x2e6f1d00079e55e9:0x12e0345aabbb2ff2!8m2!3d-6.7427799!4d108.5634347!16s%2Fg%2F11ybk7ffr2!19sChIJ6VWeBwAdby4R8i-7q1o04BI?authuser=0&hl=id&rclk=1","Bingxue","4,7","(65)","Es Krim","·","Jl. Ciremai Raya No.D 15","Buka","· Tutup pukul 21.30","https://lh3.googleusercontent.com/gps-cs-s/APNQkAEdUf_eRxJ6jff84F0CLtHwBj9--eZWKPzbjib7zQJ3twKp_LXhSpspWeY-sdsa0oOifC4nukX09x5aYYa9fWUbjCR72o9mIgRVCrFuJgHJ83n6d1W59R77rqngfa7QdbEmBd4kXlBvkC7J=w80-h117-k-no","https://ssl.gstatic.com/local/servicebusiness/default_user.png","""Rasa icecream nya enak dan banyak rasanya.""","","","https://www.google.com/searchviewer/42?cvd=CLw_EicKJeICIjIgEhkiF9LX29IPEQoNL2cvMTF5Yms3ZmZyMhgBOgMI8A0%3D&hl=id-ID&gl=id&fo_m=MfohQo559jFvMUOzJVpjPL1YMfZ3bInYwBDuMfaXTPp5KXh-&utm_source=tactile&gei=LJr4adbHD6-6seMPmqTr8AI&ei=LJr4adbHD6-6seMPmqTr8AI&fo_s=OA&opi=79508299&orderType=1&ebb=1&cs=0&foub=mcpp","Pesan online",""
"https://www.google.com/maps/place/ES+TEH+%C2%B3PUTRI/data=!4m7!3m6!1s0x2e6f1d004ab4af47:0x208123a14435dfe4!8m2!3d-6.7354615!4d108.5349719!16s%2Fg%2F11n3rg44tr!19sChIJR6-0SgAdby4R5N81RKEjgSA?authuser=0&hl=id&rclk=1","ES TEH ³PUTRI","5,0","(1)","Es Krim","·","depan untag cirebon, Alfamart, Jl. Yudhasari II","","","https://lh3.googleusercontent.com/gps-cs-s/APNQkAF3lFx_NNlfXhqytEPlHtbt1L9OEcIJUpgqlS40PIBRhikg2XvmJc25w5JvVc5b-KXLxvobJP2KfCZXJhekTFmJE_kJPRzX5DmJkXidZoASu4dVz5-Ajt4-5Me7lYOcBJDBZvarwqQyo88=w80-h106-k-no","","","","","","",""
"https://www.google.com/maps/place/Sehidup+Secoklat/data=!4m7!3m6!1s0x2e6f1d0da3370b43:0xdc32731cc2e58d1f!8m2!3d-6.7368008!4d108.5323416!16s%2Fg%2F11t46vr6jh!19sChIJQws3ow0dby4RH43lwhxzMtw?authuser=0&hl=id&rclk=1","Sehidup Secoklat","5,0","(8)","Kafe Coklat","·","Jl. Kandang Perahu No.9A","Buka","· Tutup pukul 22.00","https://lh3.googleusercontent.com/gps-cs-s/APNQkAEXyukKV57npl2Mqhk4UHY_nf0gW9JQyx7Q0BF24TA7_h3UzDCyEObwj0Bc48ySjE7BV5yeQ7_JLip4AV0j2eGbQFiNnfpNFxINksD_NuRBwMpQv0VW_8oTWkfAA0UNrNJTHnEx=w80-h177-k-no","https://ssl.gstatic.com/local/servicebusiness/default_user.png","""Coklatnya enak,manisnya pas fix nagih ini mah""","","","","",""
"https://www.google.com/maps/place/MIXUE+CIREBON+PEKALANGAN/data=!4m7!3m6!1s0x2e6ee371628b7a0b:0x4cdf4e6abbc03438!8m2!3d-6.7183119!4d108.5633308!16s%2Fg%2F11sgz09cvf!19sChIJC3qLYnHjbi4RODTAu2pO30w?authuser=0&hl=id&rclk=1","MIXUE CIREBON PEKALANGAN","4,8","(743)","Es Krim","·","Jl. Pekalangan No.36","Buka","· Tutup pukul 21.30","https://lh3.googleusercontent.com/gps-cs-s/APNQkAFV3QUP2i5yOcvdBLtbKYlNhzAV0fWzZlXGKq_gCGRiN7JERukzdFBWZqGA0hlsbQR5Zs5b93IhQDCYpfw06KimkA0Tj_KAK21LtnUeC-yrM4KD6Btp61EVnXBix9RFovbJsPnifg=w80-h142-k-no","https://ssl.gstatic.com/local/servicebusiness/default_user.png","""Enak banget","es","krimnya lembut harga terjangkau""","https://www.google.com/searchviewer/42?cvd=CLw_EicKJeICIjIgEhkiF9LX29IPEQoNL2cvMTFzZ3owOWN2ZhgBOgMI8A0%3D&hl=id-ID&gl=id&fo_m=MfohQo559jFvMUOzJVpjPL1YMfZ3bInYwBDuMfaXTPp5KXh-&utm_source=tactile&gei=LJr4adbHD6-6seMPmqTr8AI&ei=LJr4adbHD6-6seMPmqTr8AI&fo_s=OA&opi=79508299&orderType=1&ebb=1&cs=0&foub=mcpp","Pesan online",""
"https://www.google.com/maps/place/Bingxue+Pamijahan/data=!4m7!3m6!1s0x2e6f1f88964deb31:0x28d953c419de813e!8m2!3d-6.7362137!4d108.4701337!16s%2Fg%2F11yklml9zw!19sChIJMetNlogfby4RPoHeGcRT2Sg?authuser=0&hl=id&rclk=1","Bingxue Pamijahan","4,9","(240)","Es Krim","·","Jl. Pangeran Suryanegara","Buka","· Tutup pukul 22.00","https://lh3.googleusercontent.com/gps-cs-s/APNQkAFMIGPQbrw25rQwnkZAtyzz2py2o6dBL96hh1ouSVjCkeuyWge9pAR6VGCpbnx24VhY5OFbi8qKZbVP5BP_V1jPWwzXxhQrHRoHztEsgLkHcc7mDsb9mYUl4igAnagMmFhHHZhBwB6_1so=w80-h142-k-no","https://ssl.gstatic.com/local/servicebusiness/default_user.png","""","Es krim","enak tempat adem harga murah""","https://www.google.com/searchviewer/42?cvd=CLw_EicKJeICIjIgEhkiF9LX29IPEQoNL2cvMTF5a2xtbDl6dxgBOgMI8A0%3D&hl=id-ID&gl=id&fo_m=MfohQo559jFvMUOzJVpjPL1YMfZ3bInYwBDuMfaXTPp5KXh-&utm_source=tactile&gei=LJr4adbHD6-6seMPmqTr8AI&ei=LJr4adbHD6-6seMPmqTr8AI&fo_s=OA&opi=79508299&orderType=1&ebb=1&cs=0&foub=mcpp","Pesan online",""
"https://www.google.com/maps/place/Diamond+es+krim+Subhan/data=!4m7!3m6!1s0x2e6f1d33e1937da1:0x885dc4d912b27327!8m2!3d-6.7389117!4d108.5204028!16s%2Fg%2F11n3zxxspv!19sChIJoX2T4TMdby4RJ3OyEtnEXYg?authuser=0&hl=id&rclk=1","Diamond es krim Subhan","5,0","(1)","Es Krim","·","Asrama Phb Taman Saluyu Depan Showroom Piaggio/Vespario, Jl.Cipto Mangunkusumo, RT.07/RW.04","Buka 24 jam","","https://lh3.googleusercontent.com/gps-cs-s/APNQkAHEJ1XNlP0OZkvptuA2LFH0HwlY0gXlSM01GFQZrXY_kK5c7I3LnDKleYBW_iEAEapc60tIXAG_x5rUqfP_reao8B7VVqyBl4Whbu-LRIiBdOCBQnayLxlNEAXlEcqfSGy6TssO7gld6em8=w80-h113-k-no","","","","","","",""
"https://www.google.com/maps/place/Waroeng+ferseri/data=!4m7!3m6!1s0x2e6f1d47281e0261:0x7ee658e994362189!8m2!3d-6.7425176!4d108.5346522!16s%2Fg%2F11tfk3489f!19sChIJYQIeKEcdby4RiSE2lOlY5n4?authuser=0&hl=id&rclk=1","Waroeng ferseri","","","Es Krim","·","Jl. Sekar Kemuning I No.31, RT.001/RW.013","Buka","· Tutup pukul 22.00","https://lh3.googleusercontent.com/gps-cs-s/APNQkAEyfxRe4lBqHhFQs6GeTUPySfo-xjjX8RRih6w4mY5UvfVLk40cd-lqZlizg5P2f4c_BNyn7Lfkr85yLqKISUj9mgYksxk_oF-MxzqmpLIUknwbnIvKe_4c2DbiSJ1C22dJS8QD=w122-h92-k-no","","Makan di tempat","Bawa pulang","Pesan antar","","",""
"https://www.google.com/maps/place/MOMOYO+KESAMBI+RAYA+CIREBON/data=!4m7!3m6!1s0x2e6f1d0051047afd:0xc275c1e97aef548c!8m2!3d-6.7287103!4d108.5581757!16s%2Fg%2F11ylz71h9g!19sChIJ_XoEUQAdby4RjFTveunBdcI?authuser=0&hl=id&rclk=1","MOMOYO KESAMBI RAYA CIREBON","4,6","(14)","Es Krim","·","Jl. Kesambi No.117","Segera tutup","· 21.00 · Buka Sel pukul 10.00","https://lh3.googleusercontent.com/gps-cs-s/APNQkAFI0lR_Xy5_thokABXfNSvyGamZ42gegR8-IUBl3AugMjdaBqd1HbrJRdp1jmzeowB4gZ4m2xgaUdn3_S8RWp-plX5PGT9XXMKGBfcgw9ofGu8z-rki1IZlOcCxy3Yu-FmSVCoTlvyWeO-C=w80-h106-k-no","https://ssl.gstatic.com/local/servicebusiness/default_user.png","""come here and enjoy the new variants!!""","","","","",""
"https://www.google.com/maps/place/Ali+Ice+Cream/data=!4m7!3m6!1s0x2e6f1dfc8324d8bb:0xa808888f377c0903!8m2!3d-6.7368126!4d108.5286556!16s%2Fg%2F11c1vms02b!19sChIJu9gkg_wdby4RAwl8N4-ICKg?authuser=0&hl=id&rclk=1","Ali Ice Cream","4,5","(4)","Es Krim","·","·","Tutup","· Buka Sel pukul 09.00","https://lh6.googleusercontent.com/ZRj_C67UjxPcZxRJsvLtK0mIwr15vqGJz2CpbA-VHjR0T2NUQ0m39O0m3Y22lrPA=w122-h92-k-no","","Bawa pulang","","","","",""
"https://www.google.com/maps/place/HAUS!/data=!4m7!3m6!1s0x2e6f1de05a0f9c41:0xadf9c2e353892dd!8m2!3d-6.7356476!4d108.533898!16s%2Fg%2F11nnvw7h9_!19sChIJQZwPWuAdby4R3ZI4NS6c3wo?authuser=0&hl=id&rclk=1","HAUS!","4,3","(340)","Es Krim","","","Buka sekarang","","https://lh3.googleusercontent.com/gps-cs-s/APNQkAGBjTn8PmXVxBv_WcPrJ9rALf4vdjYO_Hq0uMorSqkSd_z2MXdQvGmZW2EZ68pr9tEQ8ESkjHZT-pblSHIsLOHT34o0veOVeZ-iSecz6Rjc-8gMm80589hCaNeCMMIc6A3Ztge8UA=w122-h92-k-no","https://ssl.gstatic.com/local/servicebusiness/default_user.png","""Produk minuman dan","ice","creamnya enak, service agak.""","","",""
"https://www.google.com/maps/place/Wedrink+Perumnas+Cirebon/data=!4m7!3m6!1s0x2e6f1d2abe80a61b:0x527d06020decffa1!8m2!3d-6.7522015!4d108.5602772!16s%2Fg%2F11v5sp41pm!19sChIJG6aAviodby4Rof_sDQIGfVI?authuser=0&hl=id&rclk=1","Wedrink Perumnas Cirebon","4,3","(45)","Es Krim","·","Jl. Ciremai Raya No.8, RW.9","Buka","· Tutup pukul 22.00","https://lh3.googleusercontent.com/gps-cs-s/APNQkAH-QG4kDwsWHmlhJ-2P8eL8TEE4fUn8-HU-fqPFMnpnKPY4DVPkuGCBBb99-eWulxmwRN7LFeqxcBzZurAU5DHoGHfI2xj6VwgCM8vN-fEfXuU3lGXs9CRRGGi28ugGmHi05xR1=w80-h142-k-no","https://ssl.gstatic.com/local/servicebusiness/default_user.png","""Suka","es krim","matchanya enak, tempat bersih.""","","",""
"https://www.google.com/maps/place/Mixue+Kedawung+Cirebon/data=!4m7!3m6!1s0x2e6ee3b9941f9e13:0xca7794517e9e8029!8m2!3d-6.7130992!4d108.527421!16s%2Fg%2F11thd6cwcd!19sChIJE54flLnjbi4RKYCeflGUd8o?authuser=0&hl=id&rclk=1","Mixue Kedawung Cirebon","4,6","(142)","Es Krim","·","·","Segera tutup","· 21.00 · Buka Sel pukul 09.00","https://lh3.googleusercontent.com/gps-cs-s/APNQkAGw7PsmKnfPeIUq4LJvYvlN3L-Yyqe-qcg9IURTqELlmN-NRFx586yLx9THeFUfyk53msbl8hO2lSq9Eb2oVEaLZi4bnraqTRNOvYpwQZ__PulTXWu5XUiyPANyPdK8x5FZEXhP=w80-h106-k-no","https://ssl.gstatic.com/local/servicebusiness/default_user.png","""","Es Krim","nya enak 😍.""","https://www.google.com/searchviewer/42?cvd=CLw_EicKJeICIjIgEhkiF9LX29IPEQoNL2cvMTF0aGQ2Y3djZBgBOgMI8A0%3D&hl=id-ID&gl=id&fo_m=MfohQo559jFvMUOzJVpjPL1YMfZ3bInYwBDuMfaXTPp5KXh-&utm_source=tactile&gei=MZr4ac-APfGYseMPgrKKYQ&ei=MZr4ac-APfGYseMPgrKKYQ&fo_s=OA&opi=79508299&orderType=1&ebb=1&cs=0&foub=mcpp","Pesan online",""
"https://www.google.com/maps/place/Kedai+es+coklat+mantep/data=!4m7!3m6!1s0x2e6f1d417528ff3d:0x1f78b5670e339868!8m2!3d-6.7355844!4d108.5320155!16s%2Fg%2F11sdnjn07x!19sChIJPf8odUEdby4RaJgzDme1eB8?authuser=0&hl=id&rclk=1","Kedai es coklat mantep","5,0","(5)","Kafe Coklat","·","7G7J+QR6 Pascasarjana Iain Syekh Nurjati","Buka","· Tutup Sel pukul 04.30","https://lh3.googleusercontent.com/gps-cs-s/APNQkAFzXDMW0JwPVVFOSnt2RlPdDlBvEgBb_3O50QiVN2wOzftw_Q42C8iy5coyXTrjQqNttlzaQyAZHJYe1qWX2ZzzYkPeLoFan3G8vyL56XnanDQT57nzCPXD855xqy3hoUTwC8OTNw=w80-h105-k-no","https://ssl.gstatic.com/local/servicebusiness/default_user.png","""","Es","coklat ya enak
Bahan ya juga kelas premium""","","",""
"https://www.google.com/maps/place/Ice+cream+Jaelani/data=!4m7!3m6!1s0x2e6ee3005c662235:0x228970dc6608d8fb!8m2!3d-6.7270405!4d108.5608037!16s%2Fg%2F11mksqt_bv!19sChIJNSJmXADjbi4R-9gIZtxwiSI?authuser=0&hl=id&rclk=1","Ice cream Jaelani","5,0","(2)","Es Krim","·","7HF6+58M, Jl. Karanganyar","","","https://lh3.googleusercontent.com/gps-cs-s/APNQkAHUuzihek2sDPZZOXdLtzJc7MSQCR40nFgx_AWtUD6qU5eGF1Mx0qvt1M4lps28gY2C_AAvq_WFCvNQxgOCTOweuVkze8Cqs2ik2Pb6oBOjfjZEXg_Sam4ZIIjZMcG2Rh3U-yqnxA=w122-h92-k-no","","Bawa pulang","","","","",""
"https://www.google.com/maps/place/Es+Cream+Sadulur+Klaten/data=!4m7!3m6!1s0x2e6f1d83fa3c9881:0x4049c6ce87bfc228!8m2!3d-6.7328827!4d108.5646137!16s%2Fg%2F1hm2yksh6!19sChIJgZg8-oMdby4RKMK_h87GSUA?authuser=0&hl=id&rclk=1","Es Cream Sadulur Klaten","4,7","(6)","Es Krim","·","Jl. Pangeran Drajat Jl. Karang Anyar No.46","Buka 24 jam","","https://streetviewpixels-pa.googleapis.com/v1/thumbnail?panoid=EcxkKfJdvrHTwRlu-kXVpA&cb_client=search.gws-prod.gps&w=80&h=92&yaw=165.40164&pitch=0&thumbfov=100","","Makan di tempat","Bawa pulang","","","",""
"https://www.google.com/maps/place/MIXUE+KASEPUHAN+-+CIREBON/data=!4m7!3m6!1s0x2e6ee3d9006de2d5:0x2dbfa16264cc035f!8m2!3d-6.7243238!4d108.571139!16s%2Fg%2F11t3h0ls7j!19sChIJ1eJtANnjbi4RXwPMZGKhvy0?authuser=0&hl=id&rclk=1","MIXUE KASEPUHAN - CIREBON","4,4","(111)","Es Krim","·","Jl. Ariodinoto No.Kel, RW.3","Buka","· Tutup pukul 21.30","https://lh3.googleusercontent.com/gps-cs-s/APNQkAHaxY_9K8rOPf_K9Omm-W0UCnamYY74qGSx1tCdfmNf0kDpGvxxCtLjHqyfjaBF8vCQ__P8cbpxJ5MhUHV1AiYavi4tJaTmI9Cjcb2yp3jkH7FGofQMP4REkl-e0jANlpqfVE-l_Du9zeKY=w80-h142-k-no","https://ssl.gstatic.com/local/servicebusiness/default_user.png","""Cobain","es krim","yang lembut di cuaca panas Cirebon.""","https://www.google.com/searchviewer/42?cvd=CLw_EicKJeICIjIgEhkiF9LX29IPEQoNL2cvMTF0M2gwbHM3ahgBOgMI8A0%3D&hl=id-ID&gl=id&fo_m=MfohQo559jFvMUOzJVpjPL1YMfZ3bInYwBDuMfaXTPp5KXh-&utm_source=tactile&gei=MZr4ac-APfGYseMPgrKKYQ&ei=MZr4ac-APfGYseMPgrKKYQ&fo_s=OA&opi=79508299&orderType=1&ebb=1&cs=0&foub=mcpp","Pesan online",""
"https://www.google.com/maps/place/Campina+Es+Krim/data=!4m7!3m6!1s0x2e6f1de4e3f2ba4b:0xe87542110c662bb7!8m2!3d-6.7404629!4d108.5311645!16s%2Fg%2F11f9j10szm!19sChIJS7ry4-Qdby4RtytmDBFCdeg?authuser=0&hl=id&rclk=1","Campina Es Krim","4,0","(3)","Kedai Hidangan Penutup","·","7G5J+RF7, Jl. Mahoni Tengah VI","","","https://streetviewpixels-pa.googleapis.com/v1/thumbnail?panoid=ZDUYkYG1s9ugG1O5iQWxDA&cb_client=search.gws-prod.gps&w=80&h=92&yaw=60.05184&pitch=0&thumbfov=100","","Bawa pulang","","","","",""
"https://www.google.com/maps/place/Alaska+Fresh+Juice+Majasem/data=!4m7!3m6!1s0x2e6f1d0025334a0f:0x188248ada784ebb6!8m2!3d-6.7372874!4d108.5268555!16s%2Fg%2F11x2034x2b!19sChIJD0ozJQAdby4RtuuEp61Ighg?authuser=0&hl=id&rclk=1","Alaska Fresh Juice Majasem","4,0","(5)","Es Krim","·","7G7G+3PQ, Jl. Majasem","Buka","· Tutup pukul 22.00","https://lh3.googleusercontent.com/gps-cs-s/APNQkAGmp0WbfPtJ6ELCa72tg-sA0z700q5Hkp_NdL8KD4t_nQ_FCrXtE4WlldUiAcMXgmU3Cd1XwXrB5Km796QvWA0NeK4GIWTNS8ebJ25YkRuM0_J7L0y4QY69SkyFh0-8LLUsso-zZvAZuiQ=w80-h142-k-no","https://ssl.gstatic.com/local/servicebusiness/default_user.png","""Harganya murah meriah.""","","","","",""
"https://www.google.com/maps/place/Es+teler+Podomoro99/data=!4m7!3m6!1s0x2e6f1d001c2e177d:0xbc614ad5e2c36695!8m2!3d-6.7302535!4d108.5337149!16s%2Fg%2F11yf05nxl6!19sChIJfRcuHAAdby4RlWbD4tVKYbw?authuser=0&hl=id&rclk=1","Es teler Podomoro99","5,0","(14)","Es Krim","·","kompleks, Jl. Yudhasari II No.9b","Tutup","· Buka Sel pukul 09.00","https://lh3.googleusercontent.com/gps-cs-s/APNQkAGNZS9VHwbMPdbQ0LjDnYkXg-PHqlYOMbBQZ-9-648SW70P2AOQ4-QcQRhlsBGdIOgxMhG-QLib7I5p2Otd99Ul0hM2frbnfW31L607T4dzsQ-pJ3TN8F08NYIxYUwha_8j_hWOipD6MFBE=w80-h106-k-no","https://ssl.gstatic.com/local/servicebusiness/default_user.png","""Enak, creamy, porsi banyak, bersih, terjangkau❤""","","","","",""
"https://www.google.com/maps/place/Momoyo+Pagongan/data=!4m7!3m6!1s0x2e6ee3958441930b:0xd55ac099eb7daeda!8m2!3d-6.7151487!4d108.5621191!16s%2Fg%2F11kqdckgjf!19sChIJC5NBhJXjbi4R2q5965nAWtU?authuser=0&hl=id&rclk=1","Momoyo Pagongan","4,6","(190)","Es Krim","·","Jl. Pagongan No.6a","Segera tutup","· 21.00 · Buka Sel pukul 09.00","https://lh3.googleusercontent.com/gps-cs-s/APNQkAHy8ogtrhgtU7RG6RfCEZMvvdw_uxZDmjzGns17tj9AptmLBM99TVoRoKD0KpVzL_PaO-iEZgR-Tikz4DvdXMt-nrCYYe5hMDH9Z3IxbetqXN2YjNqbmPHjr245fTqAEVQOJvY=w80-h142-k-no","https://ssl.gstatic.com/local/servicebusiness/default_user.png","""Ke momoyo ngincer","es krim","matchanya, enak sekaliiii.""","https://www.google.com/searchviewer/42?cvd=CLw_EicKJeICIjIgEhkiF9LX29IPEQoNL2cvMTFrcWRja2dqZhgBOgMI8A0%3D&hl=id-ID&gl=id&fo_m=MfohQo559jFvMUOzJVpjPL1YMfZ3bInYwBDuMfaXTPp5KXh-&utm_source=tactile&gei=MZr4ac-APfGYseMPgrKKYQ&ei=MZr4ac-APfGYseMPgrKKYQ&fo_s=OA&opi=79508299&orderType=1&ebb=1&cs=0&foub=mcpp","Pesan online",""
"https://www.google.com/maps/place/Xiyue+Cirebon/data=!4m7!3m6!1s0x2e6ee3d3704186f5:0xde98d1f70c3847a!8m2!3d-6.7130304!4d108.5620204!16s%2Fg%2F11l2zq4rzv!19sChIJ9YZBcNPjbi4ReoTDcB-N6Q0?authuser=0&hl=id&rclk=1","Xiyue Cirebon","4,5","(22)","Es Krim","·","Jl. Siliwangi No.237","Segera tutup","· 21.00 · Buka Sel pukul 09.30","https://lh3.googleusercontent.com/gps-cs-s/APNQkAGGQIXMrOUnFGt_C73FglmPQkm2SADL4yDUtpwIFJKynq2cAjPK7Whmf9s_nMG3pB0CrilyZh4qZTGjXkNtJur0dl0IXl3DA68Tpf8UQ4o90oIjpSH6HZ_CYKpvDvB8PvRgPf_Vxw=w80-h106-k-no","https://ssl.gstatic.com/local/servicebusiness/default_user.png","""","Es","creamnya enak, rekomend varian Golden caramel choco pop sundae.""","","",""
"https://www.google.com/maps/place/Bingxue+Megu/data=!4m7!3m6!1s0x2e6ee1001c356f37:0xb28900c68718b0ea!8m2!3d-6.7216204!4d108.5010552!16s%2Fg%2F11m5_dxqm0!19sChIJN281HADhbi4R6rAYh8YAibI?authuser=0&hl=id&rclk=1","Bingxue Megu","4,5","(106)","Es Krim","·","7GH2+98H, Jl. Fatahillah","Segera tutup","· 21.00 · Buka Sel pukul 09.00","https://lh3.googleusercontent.com/gps-cs-s/APNQkAEzM4C-5gYCa_vitkowT_Jb1tMUPHioeUJYaNf_5rPfuBVf7uySFZhevBDEJlMvTwFn-buggoNSvp9rxW5UrvaMawM-ElK8lpZNHnmc6hGec3Mxw-oDGhhfFtf1F6YFUWTjQBCuGk07gt0-=w80-h106-k-no","https://ssl.gstatic.com/local/servicebusiness/default_user.png","""","Es","krimnya lembut banget dan manisnya pas, gak bikin eneg.""","https://www.google.com/searchviewer/42?cvd=CLw_EicKJeICIjIgEhkiF9LX29IPEQoNL2cvMTFtNV9keHFtMBgBOgMI8A0%3D&hl=id-ID&gl=id&fo_m=MfohQo559jFvMUOzJVpjPL1YMfZ3bInYwBDuMfaXTPp5KXh-&utm_source=tactile&gei=MZr4ac-APfGYseMPgrKKYQ&ei=MZr4ac-APfGYseMPgrKKYQ&fo_s=OA&opi=79508299&orderType=1&ebb=1&cs=0&foub=mcpp","Pesan online",""
"https://www.google.com/maps/place/Kopi+Nako+Cirebon/data=!4m7!3m6!1s0x2e6ee3c14aff61bd:0x9348261054078e63!8m2!3d-6.7212021!4d108.5477232!16s%2Fg%2F11td0hbr23!19sChIJvWH_SsHjbi4RY44HVBAmSJM?authuser=0&hl=id&rclk=1","Kopi Nako Cirebon","4,7","(1.153)","Kedai Kopi","·","·","Buka","· Tutup pukul 00.00","https://lh3.googleusercontent.com/gps-cs-s/APNQkAGnLXOUjhiGOxbi54eV47MAF0_1-DLJZaLjGEy4WNzCsONt8OwGBXYZO_BwHO162cD6cSFUt-KtH_qSkYOyb6Q7gNK1thpFSwbPsR1gH1v12UD6s6mSDvf97q_9SU4Xzs_VFN1GiQ=w80-h142-k-no","https://ssl.gstatic.com/local/servicebusiness/default_user.png","""Gak pesan banyak sih, tapi kopi susu gula aren dan","es krim","kopinya enak.""","https://www.google.com/searchviewer/42?cvd=CLw_EicKJeICIjIgEhkiF9LX29IPEQoNL2cvMTF0ZDBoYnIyMxgBOgMI8A0%3D&hl=id-ID&gl=id&fo_m=MfohQo559jFvMUOzJVpjPL1YMfZ3bInYwBDuMfaXTPp5KXh-&utm_source=tactile&gei=MZr4ac-APfGYseMPgrKKYQ&ei=MZr4ac-APfGYseMPgrKKYQ&fo_s=OA&opi=79508299&orderType=1&ebb=1&cs=0&foub=mcpp","Pesan online",""
"https://www.google.com/maps/place/Day%27s+ice+cream+homemade/data=!4m7!3m6!1s0x2e6ee358e02fd7e1:0xb846e2a2171219e8!8m2!3d-6.7083316!4d108.5532667!16s%2Fg%2F11nynlt84h!19sChIJ4dcv4Fjjbi4R6BkSF6LiRrg?authuser=0&hl=id&rclk=1","Day's ice cream homemade","5,0","(1)","Es Krim","·","Jl. Pancuran Utara Gg ll No.200","Buka","· Tutup pukul 22.00","https://lh3.googleusercontent.com/gps-cs-s/APNQkAGpzZvlMsTvrys9FKK_WZViIHzfTHCcrzXg9LxwTmYhgsO8modkvdHsXe76ifO96O4ROgQqXKmhqlKIPCVR-0NYNh5UNKOaVL3tSZ3JdoZD2PS6Uzoqp4ksDOccAkEwdkiIIau1=w80-h106-k-no","","Pesan antar","","","","",""
"https://www.google.com/maps/place/Luuca+Cirebon+Super+Block+Mall/data=!4m7!3m6!1s0x2e6ee3002d9b7453:0x752fd936a8a1c7a3!8m2!3d-6.7180944!4d108.5496375!16s%2Fg%2F11lymtr_64!19sChIJU3SbLQDjbi4Ro8ehqDbZL3U?authuser=0&hl=id&rclk=1","Luuca Cirebon Super Block Mall","5,0","(8)","Es Krim","·","Super Blok, Jl. Cipto Mangunkusumo No.26 Lantai LG","Buka","· Tutup pukul 22.00","https://lh3.googleusercontent.com/gps-cs-s/APNQkAHXvjqw6aH9_l5emhs43e5Bc9Y_A9Zhpgxct6Jq3VkaAwx5AiggRuWT9EHqUPau1y6xAyhMAVAyr6x4Ed2GbN0kHDzNu8H4OC43NFDyS6_tpoPyk34kRzUTcshxgFXNviq9nnx3OV4kmPiF=w80-h106-k-no","https://ssl.gstatic.com/local/servicebusiness/default_user.png","""","Es krim","varian coklatnya enak banget, worth it dan harga masih terjangkau""","","",""
"https://www.google.com/maps/place/ES+KING+COKLAT/data=!4m7!3m6!1s0x2e6f1db0cf6242e5:0xd42e502b658c9835!8m2!3d-6.7358355!4d108.5350228!16s%2Fg%2F11j23hqc9r!19sChIJ5UJiz7Adby4RNZiMZStQLtQ?authuser=0&hl=id&rclk=1","ES KING COKLAT","","","Kafe Coklat","·","Jl. Perjuangan No.17","Segera tutup","· 21.00 · Buka Sel pukul 09.00","https://lh3.googleusercontent.com/gps-cs-s/APNQkAEwRGnovUUvUwQIzGV_bUx4NRfAFPnxSw64rgye9I8tsDpCOfhhgG8MN0gbfeU5nloakdfSycdNX1d5My_K4_APaGIWgHcuMHcp3aFIylfJt2IWoWlfoKpk3dPb6FrTIzBHog-lHg=w80-h142-k-no","","Makan di tempat","Bawa pulang","","","",""
"https://www.google.com/maps/place/depo+eskrim+arsya/data=!4m7!3m6!1s0x2e6ee3006dcae73f:0x76596405864f492e!8m2!3d-6.7222767!4d108.5300283!16s%2Fg%2F11y3yjszw0!19sChIJP-fKbQDjbi4RLklPhgVkWXY?authuser=0&hl=id&rclk=1","depo eskrim arsya","5,0","(1)","Es Krim","·","7GHJ+32J, Jl. Pancuran Mas","","","https://streetviewpixels-pa.googleapis.com/v1/thumbnail?panoid=fTvkWuRRyYdHpEOpEwPQ2w&cb_client=search.gws-prod.gps&w=80&h=92&yaw=225.87779&pitch=0&thumbfov=100","","Bawa pulang","","","","",""
"https://www.google.com/maps/place/SweetlyBee+Cirebon/data=!4m7!3m6!1s0x2e6ee3d66861bb8f:0x3779a9d89deadb39!8m2!3d-6.7189896!4d108.5684212!16s%2Fg%2F11wg4mlf0p!19sChIJj7thaNbjbi4ROdvqndipeTc?authuser=0&hl=id&rclk=1","SweetlyBee Cirebon","5,0","(22)","Es Krim","·","Kawasan Cirebon Mall, Jalan Syarif Abdul Rachman No.159","Segera tutup","· 21.00 · Buka Sel pukul 10.00","https://lh3.googleusercontent.com/gps-cs-s/APNQkAHxsldOBpU9DAc0cgcMYIeIFbL_M2ERC7dIe8PIBIbJXlEfHYShVcQwrL3G3-nrM2ez3ZiajegRC3Z1jw4uKo7fAwwvLiFSUGmKusJBzyNta2jre_jM98X8vppkvBYlaaJsZ-DgZXs1SFQX=w80-h106-k-no","https://ssl.gstatic.com/local/servicebusiness/default_user.png","""","Es","krimnya enak""","https://www.google.com/searchviewer/42?cvd=CLw_EicKJeICIjIgEhkiF9LX29IPEQoNL2cvMTF3ZzRtbGYwcBgBOgMI8A0%3D&hl=id-ID&gl=id&fo_m=MfohQo559jFvMUOzJVpjPL1YMfZ3bInYwBDuMfaXTPp5KXh-&utm_source=tactile&gei=MZr4ac-APfGYseMPgrKKYQ&ei=MZr4ac-APfGYseMPgrKKYQ&fo_s=OA&opi=79508299&orderType=1&ebb=1&cs=0&foub=mcpp","Pesan online",""
"https://www.google.com/maps/place/Es+Duren+Dhika+Es+Puter/data=!4m7!3m6!1s0x2e6ee310ef565ead:0xfb0a85748a506846!8m2!3d-6.7196291!4d108.5506729!16s%2Fg%2F11v9lh25_k!19sChIJrV5W7xDjbi4RRmhQinSFCvs?authuser=0&hl=id&rclk=1","Es Duren Dhika Es Puter","5,0","(21)","Es Krim","·","Jl. DR. Cipto Mangunkusumo","Buka","· Tutup pukul 22.00","https://lh3.googleusercontent.com/gps-cs-s/APNQkAGiduXY5_gkbCx6FmHsIAUq6TSsQiYT-skqXOpFbuVNX5VG3W0ucEeSLS0Es3-Pyg-nc-xVUad7k3bU8lzIX6ZRfRsGzk6EDDyJ9ildPD1gvicVDxY6R8IXRO8m5mDIyD7mayi5tv-fE9F4=w163-h92-k-no","https://ssl.gstatic.com/local/servicebusiness/default_user.png","""Enak bangett""","","","https://www.google.com/searchviewer/42?cvd=CLw_EicKJeICIjIgEhkiF9LX29IPEQoNL2cvMTF2OWxoMjVfaxgBOgMI8A0%3D&hl=id-ID&gl=id&fo_m=MfohQo559jFvMUOzJVpjPL1YMfZ3bInYwBDuMfaXTPp5KXh-&utm_source=tactile&gei=MZr4ac-APfGYseMPgrKKYQ&ei=MZr4ac-APfGYseMPgrKKYQ&fo_s=OA&opi=79508299&orderType=1&ebb=1&cs=0&foub=mcpp","Pesan online",""
"https://www.google.com/maps/place/Sulis+Cell/data=!4m7!3m6!1s0x2e6ee325bc3ff76f:0xe7a4c99af53f8305!8m2!3d-6.7261567!4d108.5251744!16s%2Fg%2F11nmmhhkjf!19sChIJb_c_vCXjbi4RBYM_9ZrJpOc?authuser=0&hl=id&rclk=1","Sulis Cell","5,0","(1)","Es Krim","·","7GFG+G3M, Jl. Nyimas Pakungwati","Buka 24 jam","","https://lh3.googleusercontent.com/gps-cs-s/APNQkAHaPw5ByLsowzc7W1j8se_tp2-gI0VhzSx9VIyldE8I1wTwQvL9CTnk4lOoL_WR2AbIEmfXkocwH6wcgcTRDFWc_YBWZt--SGXNg4PyOj6ZPDF6T7Pm_QNVRcoCwOC0s9hFkMn1=w92-h92-k-no","","Bawa pulang","","","","",""
"https://www.google.com/maps/place/Felicee+Gelato/data=!4m7!3m6!1s0x2e6ee3f573e79a3f:0xaf0f609ca746c9c4!8m2!3d-6.7181477!4d108.5495758!16s%2Fg%2F11hz37bq7r!19sChIJP5rnc_Xjbi4RxMlGp5xgD68?authuser=0&hl=id&rclk=1","Felicee Gelato","4,0","(4)","Es Krim","·","CSB Mall, Ground Floor, Jl. DR. Cipto Mangunkusumo No.26","Segera tutup","· 20.30 · Buka kembali pukul 21.00","https://lh3.googleusercontent.com/gps-cs-s/APNQkAFsZBp-inq_yLk05lpZMT86eW6r1ABRVLv4i4SA__TahV-aDm4QBvnWKzXXtlftA_U6Uco3HsrwFVRr8Pr22ZoA4C8VgcRiBtDivovBDDOi_wDfcNDQPSiuPq9c6I_RTFPHTJo=w122-h92-k-no","https://ssl.gstatic.com/local/servicebusiness/default_user.png","""Pelayanan yg sangat ramah yg bikin rindu

D""","","","","",""
"https://www.google.com/maps/place/ES+CREAM+AWAN/data=!4m7!3m6!1s0x2e6f1d0030a8755d:0x2fad1b05d9afd572!8m2!3d-6.7533278!4d108.5468183!16s%2Fg%2F11y79xk845!19sChIJXXWoMAAdby4RctWv2QUbrS8?authuser=0&hl=id&rclk=1","ES CREAM AWAN","4,0","(1)","Es Krim","·","6GWW+MP8 rt02 rw04, Jl. Tugu Dalam","Buka 24 jam","","https://lh3.googleusercontent.com/gps-cs-s/APNQkAH82U2auiE4Nr8CsR9fgVDY6t4mFlaXAuvRlq26mV5cWayi6Gl1uzividqS8ctMy-WI5yZl8ti9itpbr2PlyOK94bTkLZf1cgazIyaxowiXVPSrkWxKxLVebSHmjDFshA-nSzdM=w80-h141-k-no","","Bawa pulang","","","","",""
"https://www.google.com/maps/place/Zio+Ice+Cream+Cirebon+Super+Block+Mall/data=!4m7!3m6!1s0x2e6ee35002421fc7:0xb334c2e86bc57833!8m2!3d-6.718171!4d108.5497582!16s%2Fg%2F11gnq22zcw!19sChIJxx9CAlDjbi4RM3jFa-jCNLM?authuser=0&hl=id&rclk=1","Zio Ice Cream Cirebon Super Block Mall","5,0","(2)","Es Krim","·","Jl. DR. Cipto Mangunkusumo No.26","Segera tutup","· 21.00 · Buka Sel pukul 09.00","https://lh3.googleusercontent.com/gps-cs-s/APNQkAHnLyUkE06cEisxs3OzfyJCPc0jlw4qG2vfzb_Ct6uTv4X91Jg3iqIFEDfxDalED_GSp4UWXkgvqajwySvVJkuwoBs1ZoF48VfA3DZE-fly1lHynpmJUe-NrtL_OQMYUFw1rwf-ng=w80-h106-k-no","","Makan di tempat","Bawa pulang","","","",""
"https://www.google.com/maps/place/Happinice+cream/data=!4m7!3m6!1s0x2e6f1f176b2ecd0b:0x84f7856511ade707!8m2!3d-6.7584286!4d108.4727088!16s%2Fg%2F11ptgv435k!19sChIJC80uaxcfby4RB-etEWWF94Q?authuser=0&hl=id&rclk=1","Happinice cream","4,7","(25)","Es Krim","·","Jl. R.Dewi Sartika No.21","Segera tutup","· 21.00 · Buka Sel pukul 06.00","https://lh3.googleusercontent.com/gps-cs-s/APNQkAFi10aXy6-_C2aQNOjLljun3WCurd_r7rzIaNA0R2QGm7jGyqd_hUNed14K4GlDu3T5-8Gi95RPUkEtBq0lSaAEIwPcywmeK85JlGUboXfY1b3Xl67v_RkL1n5aUac7T1KdgqD4=w80-h106-k-no","https://ssl.gstatic.com/local/servicebusiness/default_user.png","""Enak sekali,recomendes banget, harga murah ,kualitas mantap""","","","","",""
"https://www.google.com/maps/place/Cincau+Es+Cream+Cendol/data=!4m7!3m6!1s0x2e6f1dd6009fb051:0x8ded9d5d55704d6a!8m2!3d-6.7290425!4d108.5368362!16s%2Fg%2F11qh2qxnwb!19sChIJUbCfANYdby4Rak1wVV2d7Y0?authuser=0&hl=id&rclk=1","Cincau Es Cream Cendol","5,0","(1)","Es Krim","·","Bima Stadion No.9","Tutup","· Buka Sel pukul 09.00","https://lh3.googleusercontent.com/gps-cs-s/APNQkAGnRR9YJgK0plUOlpq4mziVNKJV0K0vutDGsX4xAwn9GvoU2b2QaV_CyqClYAoyDwAKtmRp_a3nrBBnTOOqJS5u6Yz7L6J4C-9EEAh1vZlCKu6TSjEEJwW-3T1MAauEuU4tUb1i=w80-h106-k-no","https://ssl.gstatic.com/local/servicebusiness/default_user.png","""Enak mantap manisnya""","","","","",""
"https://www.google.com/maps/place/Sijati+Gelato/data=!4m7!3m6!1s0x2e6ee30070c5ede7:0xbc100573faeea690!8m2!3d-6.7181986!4d108.5360782!16s%2Fg%2F11lclhp9hw!19sChIJ5-3FcADjbi4RkKbu-nMFELw?authuser=0&hl=id&rclk=1","Sijati Gelato","4,8","(4)","Es Krim","·","Jl. Sijati No.19","Tutup","· Buka Sel pukul 11.00","https://lh3.googleusercontent.com/gps-cs-s/APNQkAHlL6rsSKwiMm4bijZ6vty-ZWB2dPuaOwpzCjXG143mrwriZk0Vi3E-Zw26o7G4E9FfskGLe9ZSYzMlHYvfGJWV8vSmrL1HaroZp0JjKOxBg8Oj_U-mjx49oFAZcm_wM0HwDufzyA=w80-h106-k-no","https://ssl.gstatic.com/local/servicebusiness/default_user.png","""Gelatonya enak enggak terlalu manis juga mantap deh 👍""","","","","",""
"https://www.google.com/maps/place/MIXUE+FATAHILLAH+PLERED+CIREBON/data=!4m7!3m6!1s0x2e6ee13c89b5922d:0xd7e8d1d1f8f62a94!8m2!3d-6.7113757!4d108.5043934!16s%2Fg%2F11td0p0xkk!19sChIJLZK1iTzhbi4RlCr2-NHR6Nc?authuser=0&hl=id&rclk=1","MIXUE FATAHILLAH PLERED CIREBON","4,4","(76)","Es Krim","·","Jl. Fatahillah No.12 A","Buka","· Tutup pukul 21.30","https://lh3.googleusercontent.com/gps-cs-s/APNQkAFBr_H6uPXfI4bYsQoNUiMVdcEfEdogwHKl9Iqi5HntflqBQlFGGKZFaeWU7I83LkD_XQ-eVEx1jn3k1ISwdTKAojvgMf2TvTDFvR4xAaiJZLA2fDuQXXhDjI7duZdK8M27pWCIgw=w80-h106-k-no","https://ssl.gstatic.com/local/servicebusiness/default_user.png","""Bagus banget pelayanan nya ramah,","es krim","nya juga enak banget""","https://www.google.com/searchviewer/42?cvd=CLw_EicKJeICIjIgEhkiF9LX29IPEQoNL2cvMTF0ZDBwMHhraxgBOgMI8A0%3D&hl=id-ID&gl=id&fo_m=MfohQo559jFvMUOzJVpjPL1YMfZ3bInYwBDuMfaXTPp5KXh-&utm_source=tactile&gei=NZr4aZOXLKajnesP3v-x6QU&ei=NZr4aZOXLKajnesP3v-x6QU&fo_s=OA&opi=79508299&orderType=1&ebb=1&cs=0&foub=mcpp","Pesan online",""
"https://www.google.com/maps/place/Es+Dawet+Durian+Bar+Bar+Cirebon+%26+Radja+Es+Teler+Sultan/data=!4m7!3m6!1s0x2e6f1d0001f1176b:0x735e735f1476ee2c!8m2!3d-6.7297204!4d108.55243!16s%2Fg%2F11w1zd903x!19sChIJaxfxAQAdby4RLO52FF9zXnM?authuser=0&hl=id&rclk=1","Es Dawet Durian Bar Bar Cirebon & Radja Es Teler Sultan","4,5","(223)","Es Krim","·","7HC2+3XV, Jl. Dr. Setiabudi","Segera tutup","· 21.00 · Buka Sel pukul 09.00","https://lh3.googleusercontent.com/gps-cs-s/APNQkAGHKvyQZnTNnQKEpf2xKBcQ9wwM-V6pNjCwFzTtE88aid1PDTxQVAQZq-zlf6oI7kuXelcCLP7VsfdesVXEVUP60wn2KMp2Sw8BCVBdBdc80srvC7nMOO2k7qquiF5QIGJ8mzwMyIFtlMQ=w80-h106-k-no","https://ssl.gstatic.com/local/servicebusiness/default_user.png","""Saya order","es","teler,","","",""
"https://www.google.com/maps/place/Agen+Camelo+%2B+Rumah+Galih/data=!4m7!3m6!1s0x2e6f1df295706111:0x4c15457e0c882e58!8m2!3d-6.7371668!4d108.5445323!16s%2Fg%2F11df0lvbb_!19sChIJEWFwlfIdby4RWC6IDH5FFUw?authuser=0&hl=id&rclk=1","Agen Camelo + Rumah Galih","3,8","(4)","Es Krim","·","Jl. Sunyaragi Gg. Taman Sari III","Segera tutup","· 21.00 · Buka Sel pukul 07.00","https://lh3.googleusercontent.com/gps-cs-s/APNQkAFsBvIRHnVvZZrHCGHc5uvwyCuRDxPfEGFdDbpyCQ4ULvOcIum8bEDe-K_qL-ChunHjQcw8w-pA1YpqLaIGLG6V-IJf4oVxva_qxdXIesl3iU64R4J08F2tBRul5aVNZKDiizAY=w80-h142-k-no","","Bawa pulang","","","","",""
"https://www.google.com/maps/place/Kedai+Ice+Cream+Putri/data=!4m7!3m6!1s0x2e6ee333dc3fd2f1:0xff426110fcdf4c8c!8m2!3d-6.6931441!4d108.5319754!16s%2Fg%2F11gv21tqrq!19sChIJ8dI_3DPjbi4RjEzf_BBhQv8?authuser=0&hl=id&rclk=1","Kedai Ice Cream Putri","4,5","(2)","Es Krim","·","Lovina Village, C No.37","Buka","· Tutup pukul 22.00","https://lh3.googleusercontent.com/gps-cs-s/APNQkAGxMoZB1P5cdlf0tYwDVZw1d8pS13gqoWNGswKaaDFARDlyZRe_27Y7B-sFMwhUJ5op8PsL9zhxyqOigfD1GONhoqmw-BsmyfvHL92j_wRK1ySrD_oca6F4ImkJ4Qqw9G8rzt6kdQ=w80-h106-k-no","","Makan di tempat","Bawa pulang","","","",""
"https://www.google.com/maps/place/Es+Krim+Mang+Kiman/data=!4m7!3m6!1s0x2e6f1d8d1c0f46dd:0xe3d3d4a2490512bb!8m2!3d-6.7335653!4d108.5510756!16s%2Fg%2F11h5s41_5y!19sChIJ3UYPHI0dby4RuxIFSaLU0-M?authuser=0&hl=id&rclk=1","Es Krim Mang Kiman","5,0","(1)","Es Krim","·","Jl. Gotong Royong, (Depan rumah ketua RT. 03 ) Gang Jari No. 54, Jl. Kesambi Dalam","Tutup","· Buka Sel pukul 09.00","https://lh3.googleusercontent.com/gps-cs-s/APNQkAGSSTO_9oPP0zZUSvAeA0oLikZg9X3wH3T-4uIM5BICCky0YcDwuytdxOLC1aVuENvQHaMH4InjXyuEZ0NZmC1pRBi6JN2jCT0Z0wqKjIKjDICheX6UNrFPEYK9KqNsPSW2H-akbQ=w163-h92-k-no","","Bawa pulang","","","","",""
"https://www.google.com/maps/place/c%27ADEM+mineral/data=!4m7!3m6!1s0x2e6f1d10b726d16f:0xc2c7b5d3d9b39d0c!8m2!3d-6.7583167!4d108.5615745!16s%2Fg%2F11mw46q6vx!19sChIJb9EmtxAdby4RDJ2z2dO1x8I?authuser=0&hl=id&rclk=1","c'ADEM mineral","4,3","(3)","Es Krim","·","Jl. Pamengkang Raya No.23","Segera tutup","· 21.00 · Buka Sel pukul 08.00","https://lh3.googleusercontent.com/gps-cs-s/APNQkAG_RFyUsN_b2c_DfVwvoQOTv-9_0Yroa2QhvcQdV7nul5vZL4xQ9xEfxv-EpaSUrvNmhfzXTI8Zp8Ht5JdwYPRH2A_mnwlRlhe5fTO4UgDB-HD_i1vPyZeqgYbYS58wOvdLGjO2tg=w163-h92-k-no","","Bawa pulang","","","","",""
"https://www.google.com/maps/place/haus!+Cirebon+Super+Block+Mall/data=!4m7!3m6!1s0x2e6ee302379f9b2d:0x29fb134faa97042c!8m2!3d-6.7186755!4d108.5497486!16s%2Fg%2F11stzy65qc!19sChIJLZufNwLjbi4RLASXqk8T-yk?authuser=0&hl=id&rclk=1","haus! Cirebon Super Block Mall","4,4","(127)","Es Krim","·","Komplek Chelsea, Blue Ruko, Jl. DR. Cipto Mangunkusumo No.26 9 - 10","Buka","· Tutup pukul 22.00","https://lh3.googleusercontent.com/gps-cs-s/APNQkAHgPdimrhQpsQLA6LxUdqkrNy7_2JFzVHNxgVXN6pjOMeQ38Pd6kkm-d_DDxXXi7CQ5X7EfkhAI82L7Os7nRNdvkIf947-VrQ1Yt9l8VodUKoUH-LeGf5VHTGyj9MDjfis1atnG=w80-h142-k-no","https://ssl.gstatic.com/local/servicebusiness/default_user.png","""Produknya enak""","","","https://www.google.com/searchviewer/42?cvd=CLw_EicKJeICIjIgEhkiF9LX29IPEQoNL2cvMTFzdHp5NjVxYxgBOgMI8A0%3D&hl=id-ID&gl=id&fo_m=MfohQo559jFvMUOzJVpjPL1YMfZ3bInYwBDuMfaXTPp5KXh-&utm_source=tactile&gei=NZr4aZOXLKajnesP3v-x6QU&ei=NZr4aZOXLKajnesP3v-x6QU&fo_s=OA&opi=79508299&orderType=1&ebb=1&cs=0&foub=mcpp","Pesan online",""
"https://www.google.com/maps/place/aice+cream/data=!4m7!3m6!1s0x2e6ee35ab6aa0fe1:0x6d2fb09ef6b998cb!8m2!3d-6.7216477!4d108.5623871!16s%2Fg%2F11sf44jc54!19sChIJ4Q-qtlrjbi4Ry5i59p6wL20?authuser=0&hl=id&rclk=1","aice cream","5,0","(2)","Es Krim","·","Jl. Pekalipan No.19","","","https://streetviewpixels-pa.googleapis.com/v1/thumbnail?panoid=d913MevoipL3Iwi0K-6qkw&cb_client=search.gws-prod.gps&w=80&h=92&yaw=83.81931&pitch=0&thumbfov=100","","Bawa pulang","","","","",""
"https://www.google.com/maps/place/Es+Krim+Swasta+Wahidin/data=!4m7!3m6!1s0x2e6ee32a217eca61:0xc9f39fab6f8fd09d!8m2!3d-6.7110442!4d108.5507237!16s%2Fg%2F11wj5dx9rx!19sChIJYcp-ISrjbi4RndCPb6uf88k?authuser=0&hl=id&rclk=1","Es Krim Swasta Wahidin","5,0","(12)","Es Krim","·","Jl. Dr. Wahidin Sudirohusodo No.66","Tutup","· Buka Sel pukul 11.00","https://lh3.googleusercontent.com/gps-cs-s/APNQkAEFAg-TUNKzdtsVGWwgc5mDRFhm1uQZePnsLV7SLCLOXvctD0JKRvgyY0-mu3-CWvWzFU0Y7iBrRYRBF0R1SkBb0ofzGmeOlHeZxier0X2RtmPd6t0pmb2q5B332I4oVa5EgdREZA=w163-h92-k-no","https://ssl.gstatic.com/local/servicebusiness/default_user.png","""","Es krim","Swasta pake topping matcha tuh bener-bener enak!""","","",""
"https://www.google.com/maps/place/M2D+Ice+Cream/data=!4m7!3m6!1s0x2e6f1d21daa665ed:0x3d923656336cfe1!8m2!3d-6.7493382!4d108.5606583!16s%2Fg%2F11gjn8cqw5!19sChIJ7WWm2iEdby4R4c82Y2Uj2QM?authuser=0&hl=id&rclk=1","M2D Ice Cream","","","Es Krim","·","Jl. Ciremai Raya No.144 A","Segera tutup","· 21.00 · Buka Sel pukul 09.00","https://streetviewpixels-pa.googleapis.com/v1/thumbnail?panoid=U0CZ1YWjWnI4WEygmXveSw&cb_client=search.gws-prod.gps&w=80&h=92&yaw=256.61554&pitch=0&thumbfov=100","","Bawa pulang","","","","",""
"https://www.google.com/maps/place/Es+Krim+Naraa/data=!4m7!3m6!1s0x2e6ee352efc916e3:0x797a074bf264fcd1!8m2!3d-6.7219863!4d108.5273951!16s%2Fg%2F11wjjz9xwb!19sChIJ4xbJ71Ljbi4R0fxk8ksHenk?authuser=0&hl=id&rclk=1","Es Krim Naraa","","","Es Krim","·","Jl. Nyimas Pakungwati","Buka 24 jam","","https://lh3.googleusercontent.com/gps-cs-s/APNQkAFAmFZ_EjSqCmjYqyOgc7kckqsYA0gxy7yEtpdBxawdjdBXEsyrix7s_Y058bQf5fz6b_PHvAEeMJM0EqrWKJeXb7kcVgE9Cxx2yd_PsiEz6cydpuVrd1x_sE0-1CLbdNs1XRvc=w80-h106-k-no","","Bawa pulang","","","","",""
"https://www.google.com/maps/place/Depo+Eskrim+lokal+dan+Diamon+SSR+gruop+putra+mandiri+es+krim+%28Bapak+arifin%2Fibu+lingling%29/data=!4m7!3m6!1s0x2e6ee1a9dcaf323f:0x492a9652ee601639!8m2!3d-6.7007942!4d108.5209463!16s%2Fg%2F11q2n9jxsl!19sChIJPzKv3Knhbi4RORZg7lKWKkk?authuser=0&hl=id&rclk=1","Depo Eskrim lokal dan Diamon SSR gruop putra mandiri es krim (Bapak arifin/ibu lingling)","5,0","(3)","Es Krim","·","Jl. Triguna No.20","Tutup","· Buka Sel pukul 07.00","https://maps.gstatic.com/tactile/pane/result-no-thumbnail-2x.png","https://ssl.gstatic.com/local/servicebusiness/default_user.png","""Esnya enak rasa susu dan vanila asli merek diamond,,, makyuuuss,,,""","","","","",""
"https://www.google.com/maps/place/Ice+Cream+Cingcau+Lugina/data=!4m7!3m6!1s0x2e6f1d8650f65129:0xf3bd9abf2aed2fc6!8m2!3d-6.7374339!4d108.5498626!16s%2Fg%2F11whdpgd0d!19sChIJKVH2UIYdby4Rxi_tKr-avfM?authuser=0&hl=id&rclk=1","Ice Cream Cingcau Lugina","","","Toko Makanan","·","Jl. Kesambi","Segera tutup","· 21.00 · Buka Sel pukul 09.00","https://lh3.googleusercontent.com/gps-cs-s/APNQkAFA_cFrxZuEAjMq0HpyneUs6ip9gaMOE_wNY2JbEGDEMb1UrYFYccDVhoSd4wqHqsfb90CEPT1M1QMyZI4_Y5aOklj_QTP379QR5yqcnO28XycrqYt6o9cDNpkny_8Yw9a8Ite7=w80-h106-k-no","","Bawa pulang","","","","",""
"https://www.google.com/maps/place/Haus!+Ciremai+Raya/data=!4m7!3m6!1s0x2e6f1d13290e4691:0xc92ea1be4dffc8e2!8m2!3d-6.7513519!4d108.5604353!16s%2Fg%2F11rgg5fff6!19sChIJkUYOKRMdby4R4sj_Tb6hLsk?authuser=0&hl=id&rclk=1","Haus! Ciremai Raya","4,4","(128)","Es Krim","·","Jl. Ciremai Raya No.67 B","Buka","· Tutup pukul 22.00","https://lh3.googleusercontent.com/gps-cs-s/APNQkAGDFkYK3w_vAMIc7SWvo215Vcfkzd2e6lFh4C_WGL4M5D7ezfboGeXo6w_sigaJYuKwaRP1DsS9tsnzK9kdgFmjN4jp7cV4u2d9JKxAMVoilkLcoWJBrmWkJbW6jwE-v0MzHxXV=w80-h142-k-no","https://ssl.gstatic.com/local/servicebusiness/default_user.png","""","Es","creamnya enak tp Sayangnya utk makan d tempat suasananya kurang nyaman""","https://www.google.com/searchviewer/42?cvd=CLw_EicKJeICIjIgEhkiF9LX29IPEQoNL2cvMTFyZ2c1ZmZmNhgBOgMI8A0%3D&hl=id-ID&gl=id&fo_m=MfohQo559jFvMUOzJVpjPL1YMfZ3bInYwBDuMfaXTPp5KXh-&utm_source=tactile&gei=NZr4aZOXLKajnesP3v-x6QU&ei=NZr4aZOXLKajnesP3v-x6QU&fo_s=OA&opi=79508299&orderType=1&ebb=1&cs=0&foub=mcpp","Pesan online",""