"hfpxzc href","qBF1Pd","MW4etd","UY7F9","W4Efsd","W4Efsd 2","W4Efsd 3","W4Efsd 4","W4Efsd 5","UsdlK","lcr4fd href","Cw1rxd","R8c4Qb","Cw1rxd 2","R8c4Qb 2","Jn12ke src","ah5Ghc","W4Efsd 6"
"","","","","","","","","","","","","","","","","",""
"","","","","","","","","","","","","","","","","",""
"https://www.google.com/maps/place/Apotek+K-24+Akses+UI/data=!4m7!3m6!1s0x2e69ec5dd284064f:0x7e1f7cb7899318d8!8m2!3d-6.3546382!4d106.8454769!16s%2Fg%2F1jkym26bb!19sChIJTwaE0l3saS4R2BiTibd8H34?authuser=0&hl=id&rclk=1","Apotek K-24 Akses UI","4,7","(201)","Apotek","·","Ruko Graha Citra, Jl. Akses UI No.45","Buka 24 jam","·","0812-9317-0276","https://www.apotek-k24.com/location/detail/154/K-24-AKSES-UI","","Situs Web","","Rute","https://ssl.gstatic.com/local/servicebusiness/default_user.png","""Apoteknya bersih, pelayanannya oke, obat’nya lengkap""",""
"https://www.google.com/maps/place/Apotek+Kimia+Farma+382+Kelapa+Dua+Depok/data=!4m7!3m6!1s0x2e69ec3927a02259:0xb62271215cbdb272!8m2!3d-6.354632!4d106.845489!16s%2Fg%2F1tfdgrsl!19sChIJWSKgJznsaS4RcrK9XCFxIrY?authuser=0&hl=id&rclk=1","Apotek Kimia Farma 382 Kelapa Dua Depok","4,2","(197)","Apotek","·","Jl. Akses UI No.45 C","Buka 24 jam","·","0811-1067-8339","http://kimiafarmaapotek.co.id/","","Situs Web","","Rute","https://ssl.gstatic.com/local/servicebusiness/default_user.png","""Bisa melayani reaep bpjs, apoteknya bersih""",""
"https://www.google.com/maps/place/Apotek+Nebi+Farma/data=!4m7!3m6!1s0x2e69ec4398d8d549:0x439ae88311029d89!8m2!3d-6.3556049!4d106.8498668!16s%2Fg%2F11b88k8_cs!19sChIJSdXYmEPsaS4RiZ0CEYPomkM?authuser=0&hl=id&rclk=1","Apotek Nebi Farma","4,7","(35)","Apotek","·","Jl. Akses UI No.1","Segera tutup","· 21.30 · Buka Sel pukul 08.00","(021) 87714973","","","Rute","","","https://ssl.gstatic.com/local/servicebusiness/default_user.png","""Pelayanannya bagus dan ramah banget apalagi yg mas masnya.""","·"
"https://www.google.com/maps/place/APOTEK+ALPRO+Akses+UI/data=!4m7!3m6!1s0x2e69ed002e958f71:0x49ef6b79f8983e5b!8m2!3d-6.3549566!4d106.8468933!16s%2Fg%2F11m6jmp54n!19sChIJcY-VLgDtaS4RWz6Y-Hlr70k?authuser=0&hl=id&rclk=1","APOTEK ALPRO Akses UI","5,0","(200)","Apotek","·","Jl. Akses UI, RT.010/RW.010","Segera tutup","·","0877-8739-4210","http://www.apotekalpro.id/","","Situs Web","","Rute","https://ssl.gstatic.com/local/servicebusiness/default_user.png","""","· 22.00 · Buka Sel pukul 08.00"
"https://www.google.com/maps/place/Apotek+Kimia+Farma+1070+Kukusan/data=!4m7!3m6!1s0x2e69ef4eafc7cc83:0x8165be355f3cc1bb!8m2!3d-6.3621795!4d106.8167111!16s%2Fg%2F11gnrvj_q9!19sChIJg8zHr07vaS4Ru8E8XzW-ZYE?authuser=0&hl=id&rclk=1","Apotek Kimia Farma 1070 Kukusan","4,3","(49)","Apotek","·","Jl. K.H.M. Usman No.59, RT.3/RW.4","Segera tutup","· 22.00 · Buka Sel pukul 08.00","0811-1067-8331","","","Rute","","","https://ssl.gstatic.com/local/servicebusiness/default_user.png","""Apoteknya lengkap,pelayanan nya juga proper""","·"
"https://www.google.com/maps/place/CENTURY/data=!4m7!3m6!1s0x2e69ec4153fb6ecd:0xafa2fb60ca612970!8m2!3d-6.3549384!4d106.8468492!16s%2Fg%2F1pzrrbgg8!19sChIJzW77U0HsaS4RcClhymD7oq8?authuser=0&hl=id&rclk=1","CENTURY","4,0","(42)","Apotek","·","Jl. Akses UI No.KEL 10","Segera tutup","·","(021) 87713959","http://www.century-pharma.com/","","Situs Web","","Rute","https://ssl.gstatic.com/local/servicebusiness/default_user.png","""","· 22.00 · Buka Sel pukul 08.00"
"https://www.google.com/maps/place/Apotek+Kimia+Farma+352+Margonda/data=!4m7!3m6!1s0x2e69ec08d4ba2cd9:0x2897443e295b8707!8m2!3d-6.3755!4d106.832461!16s%2Fg%2F1ptw2kmgd!19sChIJ2Sy61AjsaS4RB4dbKT5Elyg?authuser=0&hl=id&rclk=1","Apotek Kimia Farma 352 Margonda","3,8","(416)","Apotek","·","·","Buka 24 jam","·","0811-1067-8325","http://kimiafarmaapotek.co.id/","","Situs Web","","Rute","https://ssl.gstatic.com/local/servicebusiness/default_user.png","""Kalau butuh",""
"https://www.google.com/maps/place/Apotek+K-24+Kelapa+Dua+Depok/data=!4m7!3m6!1s0x2e69ed6e4e98f22b:0x78e86f55a3727b3b!8m2!3d-6.3657857!4d106.8430677!16s%2Fg%2F11mth7hkq3!19sChIJK_KYTm7taS4RO3tyo1Vv6Hg?authuser=0&hl=id&rclk=1","Apotek K-24 Kelapa Dua Depok","4,5","(174)","Apotek","·","Jl. Klp. Dua Raya Jl. Rtm No.17C, RT.2/RW.11","Buka 24 jam","·","0821-7319-1790","https://www.apotek-k24.com/location/detail/769/K-24-KELAPA-DUA","","Situs Web","","Rute","https://ssl.gstatic.com/local/servicebusiness/default_user.png","""Pelayanan prima, obat lengkap, harga ekonomis.""",""
"https://www.google.com/maps/place/Apotek+Inofarma+Asmawi/data=!4m7!3m6!1s0x2e69ef8aa24ff6ad:0x2cbea25430cd8885!8m2!3d-6.3773017!4d106.8136641!16s%2Fg%2F11y5vzmbgn!19sChIJrfZPoorvaS4RhYjNMFSiviw?authuser=0&hl=id&rclk=1","Apotek Inofarma Asmawi","4,9","(42)","Apotek","·","Jl. H. Asmawi No.62 A","Buka","·","0822-6662-2264","https://inofarma.com/","","Situs Web","","Rute","https://ssl.gstatic.com/local/servicebusiness/default_user.png","""Harga obat nya murcidaa , dapet gratis minuman vitamin jugaa.""","· Tutup pukul 00.00"
"https://www.google.com/maps/place/APOTEK+AL-KAHFI/data=!4m7!3m6!1s0x2e69efea9accdc23:0x948af2bf283d7fc0!8m2!3d-6.3635655!4d106.8065764!16s%2Fg%2F11kq89rwf9!19sChIJI9zMmurvaS4RwH89KL_yipQ?authuser=0&hl=id&rclk=1","APOTEK AL-KAHFI","4,8","(58)","Apotek","·","Jl. Moh. Kahfi 1 RUKO ARIOBIMO No.3, RT.4/RW.007","Buka","· Tutup pukul 23.30","0812-9228-4964","","","Rute","","","https://ssl.gstatic.com/local/servicebusiness/default_user.png","""Obat lengkap & pelayanan OK banget, cepat sampai, bisa COD & transfer.""","·"
"https://www.google.com/maps/place/Apotek+Kimia+Farma+143+Depok+Margonda+Raya/data=!4m7!3m6!1s0x2e69ec086a724fed:0x628e88ce3289fdce!8m2!3d-6.388452!4d106.826727!16s%2Fg%2F1hd_f2511!19sChIJ7U9yagjsaS4Rzv2JMs6IjmI?authuser=0&hl=id&rclk=1","Apotek Kimia Farma 143 Depok Margonda Raya","4,1","(132)","Apotek","·","Jl. Margonda No.154A","Buka","·","0811-1067-8334","http://kimiafarmaapotek.co.id/","","Situs Web","","Rute","https://ssl.gstatic.com/local/servicebusiness/default_user.png","""Pelayanan memuaskan, obatnya lengkap dan bisa pakek asuransi juga sini""","· Tutup pukul 23.00"
"https://www.google.com/maps/place/Apotek+Manjur/data=!4m7!3m6!1s0x2e69ed5931847209:0x2ce30ed7768538f5!8m2!3d-6.3593276!4d106.8331104!16s%2Fg%2F11xvm73cpm!19sChIJCXKEMVntaS4R9TiFdtcO4yw?authuser=0&hl=id&rclk=1","Apotek Manjur","4,6","(70)","Apotek","·","·","Segera tutup","·","0821-3778-5242","http://manjur.co.id/","","Situs Web","","Rute","https://ssl.gstatic.com/local/servicebusiness/default_user.png","""Pelayanan memuaskan,harga murah,","· 22.00 · Buka Sel pukul 08.00"
"https://www.google.com/maps/place/APOTEK+ALPRO+Raya+Kukusan/data=!4m7!3m6!1s0x2e69ef68c2a904e5:0xa900d8d15678c292!8m2!3d-6.3717797!4d106.8132675!16s%2Fg%2F11xkcx_37y!19sChIJ5QSpwmjvaS4RksJ4VtHYAKk?authuser=0&hl=id&rclk=1","APOTEK ALPRO Raya Kukusan","5,0","(206)","Apotek","·","Jl. Kukusan Raya, RT.08/RW.00","Segera tutup","·","0877-8573-7535","https://apotekalpro.id/","","Situs Web","","Rute","https://ssl.gstatic.com/local/servicebusiness/default_user.png","""","· 22.00 · Buka Sel pukul 08.00"
"https://www.google.com/maps/place/Apotek+Roxy+Depok/data=!4m7!3m6!1s0x2e69e95500000001:0xff1c1fd5f1ac2405!8m2!3d-6.384327!4d106.8148341!16s%2Fg%2F1tsr5htf!19sChIJAQAAAFXpaS4RBSSs8dUfHP8?authuser=0&hl=id&rclk=1","Apotek Roxy Depok","4,3","(342)","Apotek","·","Jl. Nusantara Raya No.76","Buka 24 jam","·","0811-2850-0140","http://www.apotekroxy.com/","","Situs Web","","Rute","https://ssl.gstatic.com/local/servicebusiness/default_user.png","""Kata Noval apoteknya bagus, pelayanan juga bagus, overall mantap""",""
"https://www.google.com/maps/place/Apotek+Mars/data=!4m7!3m6!1s0x2e69ed003d6fee9b:0xa76363f9fb9acd06!8m2!3d-6.3540704!4d106.8427166!16s%2Fg%2F11x6htmbk8!19sChIJm-5vPQDtaS4RBs2a-_ljY6c?authuser=0&hl=id&rclk=1","Apotek Mars","4,9","(81)","Apotek","·","JRWV+93P, Jl. Nusantara","Segera tutup","· 22.00 · Buka Sel pukul 07.00","0812-9109-0139","","","Rute","","","https://ssl.gstatic.com/local/servicebusiness/default_user.png","""Pelayanan nya ramah... Obatnya lengkap &  harga terjangkau.""","·"
"https://www.google.com/maps/place/Apotek+K-24+-+Asmawi/data=!4m7!3m6!1s0x2e69eeabaaaaaaab:0x18c534530dc15bef!8m2!3d-6.3797255!4d106.8138578!16s%2Fg%2F11c6_980zj!19sChIJq6qqqqvuaS4R71vBDVM0xRg?authuser=0&hl=id&rclk=1","Apotek K-24 - Asmawi","4,3","(199)","Apotek","·","·","Buka 24 jam","·","0821-1146-9670","https://www.apotek-k24.com/location/detail/370/K-24-ASMAWI","","Situs Web","","Rute","https://ssl.gstatic.com/local/servicebusiness/default_user.png","""... cpt,ramah,lengkap & harga jg brsahabat d banding",""
"https://www.google.com/maps/place/APOTEK+ALPRO+Margonda+Raya/data=!4m7!3m6!1s0x2e69ed001e0183d7:0x479e0aa2f4c8edb2!8m2!3d-6.3830719!4d106.8298405!16s%2Fg%2F11x7vj0gq1!19sChIJ14MBHgDtaS4Rsu3I9KIKnkc?authuser=0&hl=id&rclk=1","APOTEK ALPRO Margonda Raya","4,9","(714)","Apotek","·","JR8H+QW3","Segera tutup","·","0877-8739-4190","https://www.apotekalpro.id/","","Situs Web","","Rute","https://ssl.gstatic.com/local/servicebusiness/default_user.png","""Staff nya baik, edukatif
Banyak promo
Obat dan vitamin nya lengkap""","· 22.00 · Buka Sel pukul 08.00"
"https://www.google.com/maps/place/Apotek+Merapi/data=!4m7!3m6!1s0x2e69eb90eb46b813:0xb43db651589526f5!8m2!3d-6.3923176!4d106.8518998!16s%2Fg%2F11r8sk9rv!19sChIJE7hG65DraS4R9SaVWFG2PbQ?authuser=0&hl=id&rclk=1","Apotek Merapi","4,3","(59)","Apotek","·","Jl. Kejayaan No.09 Blok X","Buka","· Tutup pukul 02.00","0812-1849-9818","","","Rute","","","https://ssl.gstatic.com/local/servicebusiness/default_user.png","""Buka sampai larut malam, segala jenis obat tersedia di tempat ini.""","·"
"https://www.google.com/maps/place/Apotek+K-24+Raden+Sanim+Depok/data=!4m7!3m6!1s0x2e69ef52101be7e5:0xa7dcc8209879a8f6!8m2!3d-6.3759403!4d106.8014558!16s%2Fg%2F11rql6rcxf!19sChIJ5ecbEFLvaS4R9qh5mCDI3Kc?authuser=0&hl=id&rclk=1","Apotek K-24 Raden Sanim Depok","4,4","(115)","Apotek","·","Ruko Villa Berlian Jl. Raden Sanim No.10","Buka 24 jam","·","0812-2349-9482","https://www.apotek-k24.com/location/detail/831/K-24-RADEN-SANIM","","Situs Web","","Rute","https://ssl.gstatic.com/local/servicebusiness/default_user.png","""tempat bersih, pelayanan rumah, gratis konsul, bisa tanya smpai mengerti""",""
"https://www.google.com/maps/place/Apotek+Mariz/data=!4m7!3m6!1s0x2e69eea8e072f3e3:0x839b353d7a0ebada!8m2!3d-6.3591979!4d106.8163045!16s%2Fg%2F11fkn10llt!19sChIJ4_Ny4KjuaS4R2roOej01m4M?authuser=0&hl=id&rclk=1","Apotek Mariz","3,6","(12)","Apotek","·","Jl. K.H.M. Usman No.19 B","Segera tutup","· 21.30 · Buka Sel pukul 07.30","0812-1175-3207","","","Rute","","","","","·"
"https://www.google.com/maps/place/Apotek+Century+D%E2%80%99Mall+Depok/data=!4m7!3m6!1s0x2e69ebeab104b223:0x26bb7ab7ba7f7bb!8m2!3d-6.3872799!4d106.8271308!16s%2Fg%2F11ym346536!19sChIJI7IEserraS4Ru_ene6u3awI?authuser=0&hl=id&rclk=1","Apotek Century D’Mall Depok","4,6","(28)","Apotek","·","Jl. Margonda Raya No.88","Segera tutup","· 22.00 · Buka Sel pukul 10.00","(021) 77216632","","","Rute","","","https://ssl.gstatic.com/local/servicebusiness/default_user.png","""Dibantu rekomendasi obat dan vitamin yang bagus.""","·"
"https://www.google.com/maps/place/Apotek+Imani/data=!4m7!3m6!1s0x2e69efb64e1c3b11:0x8f2aed0dc30db916!8m2!3d-6.3590914!4d106.8161494!16s%2Fg%2F11fswz922f!19sChIJETscTrbvaS4RFrkNww3tKo8?authuser=0&hl=id&rclk=1","Apotek Imani","4,3","(18)","Apotek","·","Jl. K.H.M. Usman No.17D","Tutup","· Buka Sel pukul 08.00","0819-0549-0028","","","Rute","","","https://ssl.gstatic.com/local/servicebusiness/default_user.png","""apoteknya lengkap banget 👍🏼👍🏼👍🏼""","·"
"https://www.google.com/maps/place/Apotek+Kimia+Farma+Radar+Auri/data=!4m7!3m6!1s0x2e69edbda0434673:0x10d433832feb2824!8m2!3d-6.3723883!4d106.86573!16s%2Fg%2F11s4bvjh0n!19sChIJc0ZDoL3taS4RJCjrL4Mz1BA?authuser=0&hl=id&rclk=1","Apotek Kimia Farma Radar Auri","4,6","(28)","Apotek","·","Jl. Radar Auri, RT.002/RW.005","Buka","·","0857-7949-2694","http://kimiafarmaapotek.co.id/","","Situs Web","","Rute","https://ssl.gstatic.com/local/servicebusiness/default_user.png","""Jadi tolong dievaluasi lagi apoteker dan sistem pembayarannya.""","· Tutup pukul 23.00"
"https://www.google.com/maps/place/Indomaret+Plus+Akses+Ui/data=!4m7!3m6!1s0x2e69ec38d0c767c7:0xe6af565b73d66366!8m2!3d-6.3547006!4d106.8404468!16s%2Fg%2F1tmwkz1p!19sChIJx2fH0DjsaS4RZmPWc1tWr-Y?authuser=0&hl=id&rclk=1","Indomaret Plus Akses Ui","4,6","(12)","Apotek","·","·","Segera tutup","· 22.00 · Buka Sel pukul 07.00","0816-500-580","","","Rute","","","https://ssl.gstatic.com/local/servicebusiness/default_user.png","""Lumayan luas, bisa parkir mobil & motor""","Jl. Akses Ui No 26 Rt 02/09 Tugu, Pasir Gunung Selatan, Cimanggis"
"https://www.google.com/maps/place/APOTEK+INDOSEHAT+BEJI+DEPOK/data=!4m7!3m6!1s0x2e69efc2b6e6519d:0xea2bc27026b009bb!8m2!3d-6.3799174!4d106.8136046!16s%2Fg%2F11nf_0d4cp!19sChIJnVHmtsLvaS4RuwmwJnDCK-o?authuser=0&hl=id&rclk=1","APOTEK INDOSEHAT BEJI DEPOK","5,0","(42)","Apotek","·","Jl. H. Asmawi No.105c, RT.2/RW.5","Segera tutup","·","0851-7407-7398","https://linktr.ee/apotekindosehatbeji","","Situs Web","","Rute","https://ssl.gstatic.com/local/servicebusiness/default_user.png","""Obat nya lengkap,pelayanan nya ramah,harganya murah""","· 22.00 · Buka Sel pukul 07.00"
"https://www.google.com/maps/place/Apotik+Yenni+Farma/data=!4m7!3m6!1s0x2e69ec38b2593adf:0x91db1acd6015a0e8!8m2!3d-6.354662!4d106.840581!16s%2Fg%2F1ptx0qx4w!19sChIJ3zpZsjjsaS4R6KAVYM0a25E?authuser=0&hl=id&rclk=1","Apotik Yenni Farma","","","Apotek","·","Jl. Akses UI No.47","","","(021) 96817249","","","Rute","","","","",""
"https://www.google.com/maps/place/Apotik+Prima+Farma/data=!4m7!3m6!1s0x2e69ec719e62798b:0x9d088d25dc4e89f6!8m2!3d-6.3724665!4d106.8484679!16s%2Fg%2F1pzsgx09z!19sChIJi3linnHsaS4R9olO3CWNCJ0?authuser=0&hl=id&rclk=1","Apotik Prima Farma","4,7","(58)","Apotek","·","·","Buka","· Tutup pukul 00.00","(021) 87700086","","","Rute","","","https://ssl.gstatic.com/local/servicebusiness/default_user.png","""Harga murah beli obat disini besok langsung sembuh 😀""","Perumahan Pondok Duta II Jl. Raya Pd. Duta No.9"
"https://www.google.com/maps/place/Apotek+Kimia+Farma+696+HM+Yusuf/data=!4m7!3m6!1s0x2e69eb8ab657deaf:0x3263cd6058389f62!8m2!3d-6.3814317!4d106.8418501!16s%2Fg%2F11cmsgfpp2!19sChIJr95XtorraS4RYp84WGDNYzI?authuser=0&hl=id&rclk=1","Apotek Kimia Farma 696 HM Yusuf","4,6","(22)","Apotek","·","Ruko Pesona Khayangan, Jl. Hmyusuf Jl. K.H.M. Yusuf Raya No.6 Blok B","Segera tutup","·","0811-902-064","http://kimiafarmaapotek.co.id/","","Situs Web","","Rute","https://ssl.gstatic.com/local/servicebusiness/default_user.png","""Pelayanannya ramah dan sopan , apoteknya bersih dan wangi""","· 22.00 · Buka Sel pukul 08.00"
"https://www.google.com/maps/place/Apotek+K-24+Tole+Iskandar+Depok/data=!4m7!3m6!1s0x2e69ebb8393b2e13:0x74ca4e8d978e1fd8!8m2!3d-6.4054529!4d106.8504203!16s%2Fg%2F11rqj84bck!19sChIJEy47ObjraS4R2B-Ol41OynQ?authuser=0&hl=id&rclk=1","Apotek K-24 Tole Iskandar Depok","4,9","(247)","Apotek","·","Jl. Tole Iskandar No.6E","Buka 24 jam","·","0822-4961-7382","https://www.apotek-k24.com/location/detail/850/K-24-TOLE-ISKANDAR","","Situs Web","","Rute","https://ssl.gstatic.com/local/servicebusiness/default_user.png","""obat lengkap, harga terjangkau, pelayanan bagus dan ada delivery juga👍🏼""",""
"https://www.google.com/maps/place/Apotek+Kimia+Farma+Kemakmuran/data=!4m7!3m6!1s0x2e69ebea170d49d3:0x91fc85374537ffde!8m2!3d-6.4005338!4d106.8364398!16s%2Fg%2F1ptx3w90p!19sChIJ00kNF-rraS4R3v83RTeF_JE?authuser=0&hl=id&rclk=1","Apotek Kimia Farma Kemakmuran","4,7","(84)","Apotek","·","Jl. Kemakmuran Raya No.8","Buka","·","0811-1067-8341","http://kimiafarmaapotek.co.id/","","Situs Web","","Rute","https://ssl.gstatic.com/local/servicebusiness/default_user.png","""","· Tutup pukul 23.00"
"https://www.google.com/maps/place/Apotek+K-24+Mekarsari+Depok/data=!4m7!3m6!1s0x2e69ec89fabb23cd:0x69283f724c6de46c!8m2!3d-6.3652627!4d106.8630295!16s%2Fg%2F1vd397zs!19sChIJzSO7-onsaS4RbORtTHI_KGk?authuser=0&hl=id&rclk=1","Apotek K-24 Mekarsari Depok","4,5","(68)","Apotek","·","Jl. Mekarsari Raya No.12B Blok U","Buka 24 jam","·","0812-9128-8167","https://www.apotek-k24.com/location/detail/id/121/K-24-MEKARSARI","","Situs Web","","Rute","https://ssl.gstatic.com/local/servicebusiness/default_user.png","""",""
"https://www.google.com/maps/place/Apotek+Kimia+Farma+802+Tole+Iskandar/data=!4m7!3m6!1s0x2e69ebbea7a03a07:0x46b6bd22f7a711b4!8m2!3d-6.4048465!4d106.8466528!16s%2Fg%2F11crzx1vzt!19sChIJBzqgp77raS4RtBGn9yK9tkY?authuser=0&hl=id&rclk=1","Apotek Kimia Farma 802 Tole Iskandar","4,4","(27)","Apotek","·","Jl. Tole Iskandar No.17 Lantai 2","Segera tutup","·","0811-1011-1862","http://kimiafarmaapotek.co.id/","","Situs Web","","Rute","https://ssl.gstatic.com/local/servicebusiness/default_user.png","""Ada mie ayam dan yamin, kwetiaw, bakso dan pangsit, dan toping2 lainnya.""","· 22.00 · Buka Sel pukul 08.00"
"https://www.google.com/maps/place/Apotek+PNF/data=!4m7!3m6!1s0x2e69ed31f5d9022d:0x25466caf80c564cd!8m2!3d-6.3608641!4d106.8487013!16s%2Fg%2F11s43c7ht5!19sChIJLQLZ9THtaS4RzWTFgK9sRiU?authuser=0&hl=id&rclk=1","Apotek PNF","4,9","(19)","Apotek","·","Pondok Nurul Fikri, Jl. Tugu Raya No.11","Segera tutup","· 22.00 · Buka Sel pukul 07.00","","","","Rute","","","https://ssl.gstatic.com/local/servicebusiness/default_user.png","""Harga yang terjangkau, pelayanan ramah dan dokter juga ada untuk support.""",""
"https://www.google.com/maps/place/Apotek+Kimia+Farma+366+Maharaja/data=!4m7!3m6!1s0x2e69e9477c2d0317:0x6ac8bc22faffd436!8m2!3d-6.3947506!4d106.7941882!16s%2Fg%2F1hc12vbw6!19sChIJFwMtfEfpaS4RNtT_-iK8yGo?authuser=0&hl=id&rclk=1","Apotek Kimia Farma 366 Maharaja","3,9","(252)","Apotek","·","·","Buka 24 jam","·","0811-1067-8336","http://kimiafarmaapotek.co.id/","","Situs Web","","Rute","https://ssl.gstatic.com/local/servicebusiness/default_user.png","""pelayanan nya bagus,",""
"https://www.google.com/maps/place/Apotek+K-24+Kemakmuran+Raya+Depok/data=!4m7!3m6!1s0x2e69eb3c8b02006f:0x3173ab18922f4048!8m2!3d-6.4005641!4d106.8362174!16s%2Fg%2F11nsmssspv!19sChIJbwACizzraS4RSEAvkhirczE?authuser=0&hl=id&rclk=1","Apotek K-24 Kemakmuran Raya Depok","4,4","(76)","Apotek","·","Jl. Kemakmuran Raya No.9C","Buka 24 jam","·","0856-9212-5097","https://www.apotek-k24.com/location/detail/id/118/K-24-KEMAKMURAN-RAYA","","Situs Web","","Rute","https://ssl.gstatic.com/local/servicebusiness/default_user.png","""baru2 ini blnja di sni trnyta harganya paling murah diantara",""
"https://www.google.com/maps/place/Apotek+Kimia+Farma+389+Nusantara/data=!4m7!3m6!1s0x2e69e95ec69e0e71:0x75e21150f9a46a50!8m2!3d-6.3977645!4d106.8138195!16s%2Fg%2F11g6qwg_nf!19sChIJcQ6exl7paS4RUGqk-VAR4nU?authuser=0&hl=id&rclk=1","Apotek Kimia Farma 389 Nusantara","4,2","(82)","Apotek","·","Jl. Nusantara Raya No.33","Buka","· Tutup pukul 23.00","0811-1067-8340","","","Rute","","","https://ssl.gstatic.com/local/servicebusiness/default_user.png","""Pelayanan","·"
"https://www.google.com/maps/place/Apotek+Kimia+Farma+Pondok+Duta/data=!4m7!3m6!1s0x2e69ed8d0d8c7e3f:0x4a62c2716d9dadad!8m2!3d-6.372248!4d106.8537713!16s%2Fg%2F11h63jrc2c!19sChIJP36MDY3taS4Rra2dbXHCYko?authuser=0&hl=id&rclk=1","Apotek Kimia Farma Pondok Duta","4,7","(47)","Apotek","·","·","Segera tutup","·","0821-1801-1941","http://kimiafarmaapotek.co.id/","","Situs Web","","Rute","https://ssl.gstatic.com/local/servicebusiness/default_user.png","""Tempatnta bagus rapu,pelayanan cepat,ada ATMnya juga""","· 22.00 · Buka Sel pukul 08.00"
"https://www.google.com/maps/place/Apotek+Kasih/data=!4m7!3m6!1s0x2e69ec3c1a663a45:0x7ef79bf85f8ff59e!8m2!3d-6.3555571!4d106.8492511!16s%2Fg%2F1hdz069xy!19sChIJRTpmGjzsaS4RnvWPX_ib934?authuser=0&hl=id&rclk=1","Apotek Kasih","4,6","(56)","Apotek","·","·","Segera tutup","· 22.00 · Buka Sel pukul 08.00","0812-1934-3304","","","Rute","","","https://ssl.gstatic.com/local/servicebusiness/default_user.png","""apoteknya bagus, lengkap, bersih, dan pelayanannya sangat ramah👍🏻""","Jl. Komjen. Pol. M. Jasin No.4"
"https://www.google.com/maps/place/Apotek+Umminda/data=!4m7!3m6!1s0x2e69ec4c56910537:0xeaa01c14f9d511ed!8m2!3d-6.3418639!4d106.8499415!16s%2Fg%2F11bzzyq500!19sChIJNwWRVkzsaS4R7RHV-RQcoOo?authuser=0&hl=id&rclk=1","Apotek Umminda","2,7","(9)","Apotek","·","Jl. Garuda No.3","Segera tutup","· 22.00 · Buka Sel pukul 08.00","","","","Rute","","","https://ssl.gstatic.com/local/servicebusiness/default_user.png","""Pelayanan nya sangay baik dan sigap""",""
"https://www.google.com/maps/place/Apotek+Lafinia/data=!4m7!3m6!1s0x2e69eec917c42851:0x364edd7428f2774!8m2!3d-6.3753375!4d106.7899455!16s%2Fg%2F11bzrpdjny!19sChIJUSjEF8nuaS4RdCePQtftZAM?authuser=0&hl=id&rclk=1","Apotek Lafinia","3,3","(24)","Apotek","·","Jl. Pramuka Raya No.6, RT.1/RW.4","Segera tutup","· 22.00 · Buka Sel pukul 07.00","0898-4000-383","","","Rute","","","https://ssl.gstatic.com/local/servicebusiness/default_user.png","""tempat nya cukup ngumpet, kudu jeli kalo mau ke","·"
"https://www.google.com/maps/place/Afiat+Yasmin+Apotek/data=!4m7!3m6!1s0x2e69ee5fd0d8a875:0xc7f3e2abd717c569!8m2!3d-6.3380164!4d106.7941626!16s%2Fg%2F1q5gswj0y!19sChIJdajY0F_uaS4RacUX16vi88c?authuser=0&hl=id&rclk=1","Afiat Yasmin Apotek","4,5","(18)","Apotek","·","·","Segera tutup","· 22.00 · Buka Sel pukul 08.00","(021) 7537640","","","Rute","","","https://ssl.gstatic.com/local/servicebusiness/default_user.png","""pelayanannya ramah ramah dan bersih tokonya""","MQ6V+QMV, Jl. Raya Gandul Depan SD 1"
"https://www.google.com/maps/place/Apotek+Via/data=!4m7!3m6!1s0x2e69efed8e889bc7:0xde88c54ed2524879!8m2!3d-6.368618!4d106.7913975!16s%2Fg%2F11j5fjrtww!19sChIJx5uIju3vaS4ReUhS0k7FiN4?authuser=0&hl=id&rclk=1","Apotek Via","4,7","(80)","Apotek","·","Jl. Raya Krukut, RT.06/RW.01","Segera tutup","· 22.00 · Buka Sel pukul 07.00","0811-9988-989","","","Rute","","","https://ssl.gstatic.com/local/servicebusiness/default_user.png","""Pelayan sangat memuaskan, obat lengkap, harga terjangkau""","·"
"https://www.google.com/maps/place/APOTEK+AISHA+FARMA/data=!4m7!3m6!1s0x2e69ef884f1846f9:0xe7af549304b91d2!8m2!3d-6.3538696!4d106.8180199!16s%2Fg%2F11lf6fnfnw!19sChIJ-UYYT4jvaS4R0pFLMEn1eg4?authuser=0&hl=id&rclk=1","APOTEK AISHA FARMA","4,3","(27)","Apotek","·","Jl. SMP 211 No.100 B, RT.5/RW.7","Buka","· Tutup pukul 23.00","0895-4111-45152","","","Rute","","","https://ssl.gstatic.com/local/servicebusiness/default_user.png","""Pelayanan nya ramah, tempatnya strategis, harga obatnya terjangkau""","·"
"https://www.google.com/maps/place/Apotek+K-24+Kartini+Depok/data=!4m7!3m6!1s0x2e69ebe4068ba4d5:0xcdadf5f3012337c6!8m2!3d-6.4059313!4d106.8190481!16s%2Fg%2F11hz_3wv_9!19sChIJ1aSLBuTraS4RxjcjAfP1rc0?authuser=0&hl=id&rclk=1","Apotek K-24 Kartini Depok","4,2","(150)","Apotek","·","Jl. Raya Citayam No.2B","Buka 24 jam","·","0811-1002-424","https://www.apotek-k24.com/location/detail/122/K-24-KARTINI-","","Situs Web","","Rute","https://ssl.gstatic.com/local/servicebusiness/default_user.png","""Pdhl Apoteknya kecil tp cukup lengkap buat yg nyari antibiotik.""",""
"https://www.google.com/maps/place/Apotek+Kimia+Farma+Srengseng+Sawah/data=!4m7!3m6!1s0x2e69ec2e849ef7b1:0x6c73871600cd045a!8m2!3d-6.345324!4d106.826097!16s%2Fg%2F1s04ctmqc!19sChIJsfeehC7saS4RWgTNABaHc2w?authuser=0&hl=id&rclk=1","Apotek Kimia Farma Srengseng Sawah","4,5","(67)","Apotek","·","Jl. Srengseng Sawah No.99, RT.5/RW.6","Buka","·","0812-1910-1247","http://kimiafarmaapotek.co.id/","","Situs Web","","Rute","https://ssl.gstatic.com/local/servicebusiness/default_user.png","""Bagus dokter gigi nya sudah ahli dan senior""","· Tutup pukul 23.00"
"https://www.google.com/maps/place/Apotek+Auri+Farma/data=!4m7!3m6!1s0x2e69ec7e3df85d39:0xce5420475da60c1b!8m2!3d-6.3720314!4d106.8617108!16s%2Fg%2F1pzw11_63!19sChIJOV34PX7saS4RGwymXUcgVM4?authuser=0&hl=id&rclk=1","Apotek Auri Farma","5,0","(10)","Apotek","·","Jl. Raya Bogor km 31 no 23 b","Segera tutup","· 22.00 · Buka Sel pukul 07.30","(021) 87715455","","","Rute","","","https://ssl.gstatic.com/local/servicebusiness/default_user.png","""Pertahankan keramahan dan pelayanannya yaa👏""","·"
"https://www.google.com/maps/place/Ibu+Suri+QFJH/data=!4m7!3m6!1s0x2e69ed8263f9fda3:0x1eed3acdec1111f4!8m2!3d-6.3583061!4d106.8218027!16s%2Fg%2F11f9yqj_pq!19sChIJo_35Y4LtaS4R9BER7M067R4?authuser=0&hl=id&rclk=1","Ibu Suri QFJH","","","Apotek","·","Perumahan Pondok Darussalam, Jl. Juragan Sinda I Blok F3","","","0852-8683-9600","","","Rute","","","","",""
"https://www.google.com/maps/place/APOTEK+SENTRA+BERKAT+DEPOK/data=!4m7!3m6!1s0x2e69ebd731827f53:0x8912db497f056d23!8m2!3d-6.3914291!4d106.8670564!16s%2Fg%2F11q430kjq3!19sChIJU3-CMdfraS4RI20Ff0nbEok?authuser=0&hl=id&rclk=1","APOTEK SENTRA BERKAT DEPOK","4,7","(14)","Apotek","·","Raya bogor cimanggis depok JL. Raya Bogor blok mahardika, RT. 3 RW. 1, Jl. Raya Bogor, RT.03/RW.01","Buka","· Tutup pukul 22.30","0877-8830-6380","","","Rute","","","https://ssl.gstatic.com/local/servicebusiness/default_user.png","""harga obat yg di jual murah dan pelayanannya ramah""","·"
"https://www.google.com/maps/place/Apotek+Nafisah/data=!4m7!3m6!1s0x2e69e934c51993c3:0xdcdbfac4b25240ec!8m2!3d-6.3828998!4d106.7903793!16s%2Fg%2F11fxy1dx0z!19sChIJw5MZxTTpaS4R7EBSssT629w?authuser=0&hl=id&rclk=1","Apotek Nafisah","3,5","(24)","Apotek","·","·","Segera tutup","· 21.30 · Buka Sel pukul 07.00","0812-9738-1238","","","Rute","","","https://ssl.gstatic.com/local/servicebusiness/default_user.png","""Pelayanan baik.""","Jl. Pramuka Raya"
"https://www.google.com/maps/place/Apotek+K-24+Pitara+Depok/data=!4m7!3m6!1s0x2e69e9001ade223d:0xac6d9b03aa776935!8m2!3d-6.4005569!4d106.809057!16s%2Fg%2F11w4chmc6y!19sChIJPSLeGgDpaS4RNWl3qgObbaw?authuser=0&hl=id&rclk=1","Apotek K-24 Pitara Depok","4,8","(89)","Apotek","·","Jl. Pitara No.16, RT.003/RW.009","Buka 24 jam","·","0811-1989-948","https://www.apotek-k24.com/location/detail/1011/K-24-PITARA","","Situs Web","","Rute","https://ssl.gstatic.com/local/servicebusiness/default_user.png","""",""
"https://www.google.com/maps/place/Apotek+K-24+Sahabat+Keluarga+Depok/data=!4m7!3m6!1s0x2e69ef5a7d5ba61b:0x3bbe288cf8caa8b8!8m2!3d-6.3210528!4d106.7951987!16s%2Fg%2F11x7zj_wfs!19sChIJG6ZbfVrvaS4RuKjK-Iwovjs?authuser=0&hl=id&rclk=1","Apotek K-24 Sahabat Keluarga Depok","4,7","(40)","Apotek","·","Jl. Pangkalan Jati 1 No.75B","Buka 24 jam","·","0811-1959-099","https://www.apotek-k24.com/location/detail/1074/K-24-SAHABAT-KELUARGA","","Situs Web","","Rute","https://ssl.gstatic.com/local/servicebusiness/default_user.png","""Apotekny lengkap, harga terjangkau, pelayanan ramah""",""
"https://www.google.com/maps/place/Apotek+Griya+Farma+-+Jagakarsa/data=!4m7!3m6!1s0x2e69ee9b62fc0c5d:0xceb7ee5261c621b0!8m2!3d-6.3534274!4d106.8114761!16s%2Fg%2F11c5rpd34s!19sChIJXQz8YpvuaS4RsCHGYVLut84?authuser=0&hl=id&rclk=1","Apotek Griya Farma - Jagakarsa","4,9","(26)","Apotek","·","·","Segera tutup","·","(021) 29120299","https://www.facebook.com/griyafarma.jagakarsa","","Situs Web","","Rute","https://ssl.gstatic.com/local/servicebusiness/default_user.png","""Griya farma solusinya.""","· 21.30 · Buka Sel pukul 07.00"
"https://www.google.com/maps/place/Apotek+KF+Sentosa/data=!4m7!3m6!1s0x2e69ebed91612c15:0x7b4aa113d91f53fa!8m2!3d-6.3915988!4d106.8373409!16s%2Fg%2F11d_d2dhbv!19sChIJFSxhke3raS4R-lMf2ROhSns?authuser=0&hl=id&rclk=1","Apotek KF Sentosa","5,0","(3)","Apotek","·","JR5P+9W8, Jl. Sentosa Raya","Buka","· Tutup pukul 22.30","","","","Rute","","","https://ssl.gstatic.com/local/servicebusiness/default_user.png","""Obat obatnya lengkap 👍""",""
"https://www.google.com/maps/place/Apotek+Roxy+Pitara/data=!4m7!3m6!1s0x2e69e9d5cd0baa55:0xb0e970ffe9eb66b6!8m2!3d-6.4000548!4d106.8105272!16s%2Fg%2F11f7sp91vn!19sChIJVaoLzdXpaS4Rtmbr6f9w6bA?authuser=0&hl=id&rclk=1","Apotek Roxy Pitara","4,2","(106)","Apotek","·","Jl. Pitara No.16, RT.2/RW.9","Buka","·","0812-9616-4050","http://www.apotekroxy.com/","","Situs Web","","Rute","https://ssl.gstatic.com/local/servicebusiness/default_user.png","""Obatnya murah terjangkau dibanding apotik lain.pelayanannya baik""","· Tutup pukul 00.00"
"https://www.google.com/maps/place/CENTURY/data=!4m7!3m6!1s0x2e69eb3ce4a380c1:0x3a7d4a26b98846e!8m2!3d-6.372867!4d106.834858!16s%2Fg%2F11gvdhjh0p!19sChIJwYCj5DzraS4RboSYa6LUpwM?authuser=0&hl=id&rclk=1","CENTURY","4,1","(23)","Apotek","·","Margo City, Jalan Margonda Raya No. 358, Margo City LG, RT.38","Segera tutup","·","(021) 38810038","http://www.century-pharma.com/","","Situs Web","","Rute","https://ssl.gstatic.com/local/servicebusiness/default_user.png","""Sering belanja disini pelayanan nya ramah dan bagus tempatnya juga bersih""","· 22.00 · Buka Sel pukul 10.00"
"https://www.google.com/maps/place/Apotek+Kartini/data=!4m7!3m6!1s0x2e69ebe03eada8ab:0x9331fda7ccc85c12!8m2!3d-6.4000897!4d106.8190541!16s%2Fg%2F11ddxs0ldk!19sChIJq6itPuDraS4RElzIzKf9MZM?authuser=0&hl=id&rclk=1","Apotek Kartini","4,7","(52)","Apotek","·","HRX9+XJ7, Jl. Kartini No.78","Segera tutup","· 21.30 · Buka Sel pukul 08.00","(021) 7778007","","","Rute","","","https://ssl.gstatic.com/local/servicebusiness/default_user.png","""Toko obat yang cukup baik pelayanannya juga komplit""","·"
"https://www.google.com/maps/place/Apotek+Kimia+Farma+Adelina+Tanah+Baru/data=!4m7!3m6!1s0x2e69e939c2bea435:0x290ba457e75d17da!8m2!3d-6.383256!4d106.8076192!16s%2Fg%2F11px9xx5xc!19sChIJNaS-wjnpaS4R2hdd51ekCyk?authuser=0&hl=id&rclk=1","Apotek Kimia Farma Adelina Tanah Baru","3,7","(46)","Apotek","·","Perumahan Exclusive","Segera tutup","· 22.00 · Buka Sel pukul 08.00","0811-9708-994","","","Rute","","","https://ssl.gstatic.com/local/servicebusiness/default_user.png","""Tempatnya bersih, ada klinik dan","·"
"https://www.google.com/maps/place/Apotek+Kimia+Farma+937+Raya+Bogor/data=!4m7!3m6!1s0x2e69ec5e0a80228f:0x5a0e3991410dbca6!8m2!3d-6.3582955!4d106.8593826!16s%2Fg%2F11g0204_fp!19sChIJjyKACl7saS4RprwNQZE5Dlo?authuser=0&hl=id&rclk=1","Apotek Kimia Farma 937 Raya Bogor","4,2","(36)","Apotek","·","Jl. Raya Jakarta-Bogor No.9, RT.4/RW.01","Segera tutup","· 22.00 · Buka Sel pukul 08.00","0853-1197-5773","","","Rute","","","https://ssl.gstatic.com/local/servicebusiness/default_user.png","""bisa langsung tebus resep BPJS.""","·"
"https://www.google.com/maps/place/Apotek+Amandara/data=!4m7!3m6!1s0x2e69ebe0ef541ff9:0xf7310073504ce5c3!8m2!3d-6.3996044!4d106.8218721!16s%2Fg%2F1q6kk8w47!19sChIJ-R9U7-DraS4Rw-VMUHMAMfc?authuser=0&hl=id&rclk=1","Apotek Amandara","4,8","(116)","Apotek","·","Jl. Siliwangi No.3","Segera tutup","· 22.00 · Buka Sel pukul 08.00","0812-8493-6215","","","Rute","","","https://ssl.gstatic.com/local/servicebusiness/default_user.png","""Harga bagus untuk beberapa obat Patent, dan ketersediaan cukup baik""","·"
"https://www.google.com/maps/place/APOTEK+PRATAMA+MEDIKA/data=!4m7!3m6!1s0x2e69efe52bfd4f4d:0x66183d93f4d10602!8m2!3d-6.3579083!4d106.8114175!16s%2Fg%2F11vcrb5syv!19sChIJTU_9K-XvaS4RAgbR9JM9GGY?authuser=0&hl=id&rclk=1","APOTEK PRATAMA MEDIKA","5,0","(21)","Apotek","·","Jl. Srengseng Sawah No.10 D, RT.2/RW.9","Segera tutup","· 22.00 · Buka Sel pukul 07.00","0896-1399-3926","","","Rute","","","https://ssl.gstatic.com/local/servicebusiness/default_user.png","""Pelayanan ramah dan obat nya murah murah""","·"
"https://www.google.com/maps/place/Apotek+Mutiara+1+ARH/data=!4m7!3m6!1s0x2e69ebfd1d4cb791:0x533b1b820d572406!8m2!3d-6.3890874!4d106.8159733!16s%2Fg%2F11h0vth38b!19sChIJkbdMHf3raS4RBiRXDYIbO1M?authuser=0&hl=id&rclk=1","Apotek Mutiara 1 ARH","4,8","(392)","Apotek","·","Jl. Arif Rahman Hakim No.32","Tutup","·","(021) 29867873","https://www.apotek-mutiara1.id/","","Situs Web","","Rute","https://ssl.gstatic.com/local/servicebusiness/default_user.png","""Apoteknya lengkap, pelayanannya bagus & ramah, harganya juga terjangkau✨""","· Buka Sel pukul 08.00"
"https://www.google.com/maps/place/Apotek+Mitra+Sehat+Pondok+Duta/data=!4m7!3m6!1s0x2e69ec719e19f1e3:0x47ede15a39636aa0!8m2!3d-6.372456!4d106.848516!16s%2Fg%2F11f2t4v3y8!19sChIJ4_EZnnHsaS4RoGpjOVrh7Uc?authuser=0&hl=id&rclk=1","Apotek Mitra Sehat Pondok Duta","3,7","(94)","Apotek","·","Jl. Pondok Duta Raya No.7 Blok AA1","Segera tutup","· 22.00 · Buka Sel pukul 06.30","(021) 8713991","","","Rute","","","https://ssl.gstatic.com/local/servicebusiness/default_user.png","""apotekernya menjelaskan obat dengan baik dan jelas""","·"
"https://www.google.com/maps/place/Apotek+Sehati/data=!4m7!3m6!1s0x2e69e957b56f976d:0x8679f488df1d439!8m2!3d-6.3890163!4d106.8164229!16s%2Fg%2F1pzpgnl_f!19sChIJbZdvtVfpaS4ROdTxjUifZwg?authuser=0&hl=id&rclk=1","Apotek Sehati","4,3","(96)","Apotek","·","·","Tutup","· Buka Sel pukul 08.00","(021) 7520239","","","Rute","","","https://ssl.gstatic.com/local/servicebusiness/default_user.png","""Bisa dianter area Depok dengan nominal tertentu, admin komunikatif.""","Jl. Arif Rahman Hakim"
"https://www.google.com/maps/place/CENTURY/data=!4m7!3m6!1s0x2e69ed3811bd394f:0x143acd00b304b584!8m2!3d-6.3700364!4d106.8352782!16s%2Fg%2F11gpnhl7sy!19sChIJTzm9ETjtaS4RhLUEswDNOhQ?authuser=0&hl=id&rclk=1","CENTURY","5,0","(2)","Apotek","·","JL. MARGONDA RAYA NO. 8 RUKO PESONA KHAYANGAN KEL","Segera tutup","·","(021) 77211057","http://www.century-pharma.com/","","Situs Web","","Rute","","Pesan antar","· 22.00 · Buka Sel pukul 08.00"
"https://www.google.com/maps/place/Apotek+K-24+Cinere+Depok/data=!4m7!3m6!1s0x2e69ee5abb968e3f:0x957bb6cd110129a6!8m2!3d-6.3319499!4d106.7835844!16s%2Fg%2F1q5bq3k89!19sChIJP46Wu1ruaS4RpikBEc22e5U?authuser=0&hl=id&rclk=1","Apotek K-24 Cinere Depok","4,3","(189)","Apotek","·","·","Buka 24 jam","·","0838-7772-2424","https://www.apotek-k24.com/location/detail/352/K-24-CINERE","","Situs Web","","Rute","https://ssl.gstatic.com/local/servicebusiness/default_user.png","""Pelayanan yang bagus, bisa konsultasi obat dan mba nya very helpfull👍""",""
"https://www.google.com/maps/place/Apotik+Berkah+Sehat/data=!4m7!3m6!1s0x2e69ec731f30b839:0xe029728c57021f96!8m2!3d-6.3725169!4d106.8445162!16s%2Fg%2F11dx9fstb3!19sChIJObgwH3PsaS4Rlh8CV4xyKeA?authuser=0&hl=id&rclk=1","Apotik Berkah Sehat","4,1","(62)","Apotek","·","·","Segera tutup","· 22.00 · Buka Sel pukul 08.00","0812-9070-7060","","","Rute","","","https://ssl.gstatic.com/local/servicebusiness/default_user.png","""Dokter gigi nya bagus banget, pelayanan ny juga bagus 😍""","Jalan Perindustrian, Jl. Rtm Jl. Blk. B No.76"
"https://www.google.com/maps/place/apotek+beji+sehat/data=!4m7!3m6!1s0x2e69ef001c200789:0x8cebcfefbb30c627!8m2!3d-6.3735278!4d106.8134167!16s%2Fg%2F11y6dqgtjy!19sChIJiQcgHADvaS4RJ8Ywu-_P64w?authuser=0&hl=id&rclk=1","apotek beji sehat","","","Apotek","·","Jl. K.H.M. Usman No.191","","","","","","Rute","","","","",""
"https://www.google.com/maps/place/Apotek+Mudita/data=!4m7!3m6!1s0x2e69eeab121afecd:0x55201cf25c648235!8m2!3d-6.379464!4d106.813745!16s%2Fg%2F1pp2twhtl!19sChIJzf4aEqvuaS4RNYJkXPIcIFU?authuser=0&hl=id&rclk=1","Apotek Mudita","","","Apotek","·","Jl. H. Asmawi No.65","Segera tutup","· 22.00 · Buka Sel pukul 08.00","(021) 77202081","","","Rute","","","","","·"
"https://www.google.com/maps/place/Apotek+Azka+Farma/data=!4m7!3m6!1s0x2e69ed0023c43205:0xbca8e65b86565b73!8m2!3d-6.3794884!4d106.8250234!16s%2Fg%2F11z00v6w16!19sChIJBTLEIwDtaS4Rc1tWhlvmqLw?authuser=0&hl=id&rclk=1","Apotek Azka Farma","","","Apotek","·","JRCG+622, Jl. Ridwan Rais","","","","","","Rute","","","","",""
"https://www.google.com/maps/place/Apotek+Neglasari/data=!4m7!3m6!1s0x2e69ebe3e9d615cf:0xc59e618f81626df4!8m2!3d-6.3960633!4d106.8213263!16s%2Fg%2F1tnl3ppn!19sChIJzxXW6ePraS4R9G1igY9hnsU?authuser=0&hl=id&rclk=1","Apotek Neglasari","4,2","(6)","Apotek","·","Jl. Margonda No.44 2, RT.2/RW.11","Segera tutup","· 22.00 · Buka Sel pukul 08.00","","","","Rute","","","","",""
"https://www.google.com/maps/place/VIVA+Apotek+Sukmajaya+Depok/data=!4m7!3m6!1s0x2e69eb13aecfc3f7:0xe48e620493bb63d!8m2!3d-6.3851637!4d106.839473!16s%2Fg%2F11w58r3fbx!19sChIJ98PPrhPraS4RPbY7SSDmSA4?authuser=0&hl=id&rclk=1","VIVA Apotek Sukmajaya Depok","4,9","(31)","Apotek","·","Jl. Sentosa Raya, RT.008/RW.022","Segera tutup","·","0814-0055-2930","https://vivaapotek.co.id/","","Situs Web","","Rute","https://ssl.gstatic.com/local/servicebusiness/default_user.png","""pelayanann baguss obat murah""","· 21.30 · Buka Sel pukul 08.00"
"https://www.google.com/maps/place/Universitas+Indonesia/data=!4m7!3m6!1s0x2e69ec1a804e8b85:0xd7bf80e1977cea07!8m2!3d-6.3606229!4d106.8272343!16zL20vMDF6bHJ2!19sChIJhYtOgBrsaS4RB-p8l-GAv9c?authuser=0&hl=id&rclk=1","Universitas Indonesia","4,7","(7.304)","Universitas Negeri","·","·","Tutup","Universitas dengan fokus sains & riset","(021) 7867222","http://www.ui.ac.id/","","Situs Web","","Rute","https://ssl.gstatic.com/local/servicebusiness/default_user.png","""Terutama bagi orang luar & yg baru pertama kali.""","· Buka Sel pukul 08.00"
"https://www.google.com/maps/place/Apotek+Sadar+Raya/data=!4m7!3m6!1s0x2e69ef210f1419e3:0x3d71b6bd50845751!8m2!3d-6.3439076!4d106.8122262!16s%2Fg%2F11k3pcxm6t!19sChIJ4xkUDyHvaS4RUVeEUL22cT0?authuser=0&hl=id&rclk=1","Apotek Sadar Raya","4,5","(36)","Apotek","·","Jl. Sadar Raya Jl. Gudang Baru No.40","Buka 24 jam","","0895-4141-17221","","","Rute","","","https://ssl.gstatic.com/local/servicebusiness/default_user.png","""","·"
"https://www.google.com/maps/place/APOTEK+H%2B/data=!4m7!3m6!1s0x2e69ed26db9af401:0xef6a96bb3a27f573!8m2!3d-6.3511721!4d106.8197053!16s%2Fg%2F11yk4j7xb1!19sChIJAfSa2ybtaS4Rc_UnOruWau8?authuser=0&hl=id&rclk=1","APOTEK H+","4,9","(11)","Apotek","·","Jl. Srengseng Sawah No.25 4, RT.4/RW.17","Buka","· Tutup pukul 23.00","0817-5792-806","","","Rute","","","https://ssl.gstatic.com/local/servicebusiness/default_user.png","""Gak nyangka di jagakarsa ada","·"
"https://www.google.com/maps/place/Apotek+%26+Klinik+Raditya+Farma/data=!4m7!3m6!1s0x2e69ebfb49919289:0x550b18a3b7dce43c!8m2!3d-6.3829378!4d106.8301267!16s%2Fg%2F1ptz58t89!19sChIJiZKRSfvraS4RPOTct6MYC1U?authuser=0&hl=id&rclk=1","Apotek & Klinik Raditya Farma","5,0","(2)","Apotek","·","JL. Margonda Raya, No 45, Ruko Pesona Khayangan No 9, Depok","","","(021) 77201010","","","Rute","","","https://ssl.gstatic.com/local/servicebusiness/default_user.png","""Sangat membantu bila kita bingung tentang obat.""",""
"https://www.google.com/maps/place/Apotek+Plus/data=!4m7!3m6!1s0x2e69ec0e89b654c5:0x2b063684aa40dfbd!8m2!3d-6.373047!4d106.834581!16s%2Fg%2F11bc7ptnyx!19sChIJxVS2iQ7saS4Rvd9AqoQ2Bis?authuser=0&hl=id&rclk=1","Apotek Plus","","","Apotek","·","Mall Margocity Lantai LG No. 37 - 38, JL. Margonda Raya, No. 358","","","(021) 78870888","","","Rute","","","","",""
"https://www.google.com/maps/place/Apotek+Raya+Gandul/data=!4m7!3m6!1s0x2e69ee5e1d96b05f:0xfbd55932e59ca73f!8m2!3d-6.3329975!4d106.7964303!16s%2Fg%2F1pzsrq53y!19sChIJX7CWHV7uaS4RP6ec5TJZ1fs?authuser=0&hl=id&rclk=1","Apotek Raya Gandul","4,6","(47)","Apotek","·","·","Segera tutup","·","(021) 29409560","https://www.tokopedia.com/apotekr","","Situs Web","","Rute","https://ssl.gstatic.com/local/servicebusiness/default_user.png","""Gua rasa harganya lebih murah dari","· 22.00 · Buka Sel pukul 07.00"
"https://www.google.com/maps/place/APOTEK+BERKAT+DEPOK/data=!4m7!3m6!1s0x2e69e992d436bf2f:0xaaea0f3bbe72b8e5!8m2!3d-6.3996073!4d106.8151697!16s%2Fg%2F11p6drxgc9!19sChIJL7821JLpaS4R5bhyvjsP6qo?authuser=0&hl=id&rclk=1","APOTEK BERKAT DEPOK","4,5","(63)","Apotek","·","Ruko Dewi Sartika, Jl. Dewi Sartika","Segera tutup","·","(021) 77278399","https://sites.google.com/view/apotekberkat/home?authuser=0","","Situs Web","","Rute","https://ssl.gstatic.com/local/servicebusiness/default_user.png","""Obatnya lengkap, gedungnya bersih, penjaganya ramah2, mantap pokoknya""","· 22.00 · Buka Sel pukul 08.00"
"https://www.google.com/maps/place/Boston+Drugs/data=!4m7!3m6!1s0x2e69ec0fa5768ed7:0xbe7004cc114030e!8m2!3d-6.3725596!4d106.8317842!16s%2Fg%2F1tmwkz1m!19sChIJ1452pQ_saS4RDgMUwUwA5ws?authuser=0&hl=id&rclk=1","Boston Drugs","4,5","(2)","Apotek","·","Jl. Margonda No.1","Segera tutup","· 22.00 · Buka Sel pukul 10.00","(021) 78870281","","","Rute","","","","","·"
"https://www.google.com/maps/place/Ikatan+Senat+Mahasiswa+Farmasi+Seluruh+Indonesia+%28Ismafarsi%29/data=!4m7!3m6!1s0x2e69ec100b639c3d:0xf8aac2836444cf80!8m2!3d-6.3683633!4d106.8261044!16s%2Fg%2F1pt_rt00g!19sChIJPZxjCxDsaS4RgM9EZIPCqvg?authuser=0&hl=id&rclk=1","Ikatan Senat Mahasiswa Farmasi Seluruh Indonesia (Ismafarsi)","","","Apotek","·","JRJG+MC5, Ground Floor, Gedung Farmasi FMIPA Universitas Indonesiapok","","","(021) 7270031","","","Rute","","","","",""
"https://www.google.com/maps/place/Fakultas+Farmasi+Universitas+Indonesia/data=!4m7!3m6!1s0x2e69ec1b06364e27:0x7553c24b5b78bebe!8m2!3d-6.3683097!4d106.8260334!16s%2Fg%2F119pg5yq4!19sChIJJ042BhvsaS4Rvr54W0vCU3U?authuser=0&hl=id&rclk=1","Fakultas Farmasi Universitas Indonesia","4,5","(86)","Universitas","·","·","","","(021) 7270031","http://www.farmasi.ui.ac.id/","","Situs Web","","Rute","https://ssl.gstatic.com/local/servicebusiness/default_user.png","""Semoga sehat selalu""",""
"https://www.google.com/maps/place/Apotik+Damai/data=!4m7!3m6!1s0x2e69ec5d203a4661:0xc457ed696425bcda!8m2!3d-6.358!4d106.856311!16s%2Fg%2F11r8flc6r!19sChIJYUY6IF3saS4R2rwlZGntV8Q?authuser=0&hl=id&rclk=1","Apotik Damai","4,3","(68)","Apotek","·","·","Tutup","· Buka Sel pukul 07.30","(021) 8719032","","","Rute","","","https://ssl.gstatic.com/local/servicebusiness/default_user.png","""Obat-obatan dan vitaminnya lengkap, harganya murah, pelayanan ramah.""","Jl. Menpor No.12"
"https://www.google.com/maps/place/Apotek+Mama/data=!4m7!3m6!1s0x2e69eb92fc34f6e3:0x2bf1bc82e9b973bd!8m2!3d-6.3926179!4d106.8465442!16s%2Fg%2F11r8bvgs4!19sChIJ4_Y0_JLraS4RvXO56YK88Ss?authuser=0&hl=id&rclk=1","Apotek Mama","3,5","(55)","Apotek","·","·","Segera tutup","","","https://www.apotek-k24.com/","","Situs Web","","Rute","https://ssl.gstatic.com/local/servicebusiness/default_user.png","""barang barang nya komplit, kosmetik yg saya cari jg tersedia.""","· 22.00 · Buka Sel pukul 08.00"
"https://www.google.com/maps/place/Apotek+La+Finia+Farma+2/data=!4m7!3m6!1s0x2e69ef375074b031:0x15733b865e65bf3e!8m2!3d-6.3419582!4d106.7926687!16s%2Fg%2F11q9tjbkc2!19sChIJMbB0UDfvaS4RPr9lXoY7cxU?authuser=0&hl=id&rclk=1","Apotek La Finia Farma 2","2,9","(10)","Apotek","·","Jl. Raya Gandul No.13","Segera tutup","· 21.45 · Buka Sel pukul 07.00","0896-5472-2864","","","Rute","","","","","·"
"https://www.google.com/maps/place/Apotek+Teratai/data=!4m7!3m6!1s0x2e69ec392575f1bf:0x836c45ed61e255b0!8m2!3d-6.3542274!4d106.8379364!16s%2Fg%2F11b7l1x34h!19sChIJv_F1JTnsaS4RsFXiYe1FbIM?authuser=0&hl=id&rclk=1","Apotek Teratai","","","Apotek","·","Jl. R 2 Gg. Buhar No.1","","","(021) 70243446","","","Rute","","","","Pesan antar",""
"https://www.google.com/maps/place/Apotek+Kimia+Farma+375+Kartini/data=!4m7!3m6!1s0x2e69e90155555545:0x1a6d76398226f9ef!8m2!3d-6.4046383!4d106.8189143!16s%2Fg%2F1q62d756f!19sChIJRVVVVQHpaS4R7_kmgjl2bRo?authuser=0&hl=id&rclk=1","Apotek Kimia Farma 375 Kartini","4,4","(42)","Apotek","·","Jl. Kartini No.5, RT.001/RW.009","","·","0811-1067-8337","http://www.kimiafarmaapotek.co.id/","","Situs Web","","Rute","https://ssl.gstatic.com/local/servicebusiness/default_user.png","""Tempat nya juga bersih dan nyaman, pelayanan nya juga sangat baikk😍""",""
"https://www.google.com/maps/place/APOTEK+SAHABAT+FARMA/data=!4m7!3m6!1s0x2e69ed1c898d08fb:0x30a41d2f2fdf61e1!8m2!3d-6.3509585!4d106.850922!16s%2Fg%2F11mkbt32zx!19sChIJ-wiNiRztaS4R4WHfLy8dpDA?authuser=0&hl=id&rclk=1","APOTEK SAHABAT FARMA","5,0","(1)","Apotek","·","Jl. Kol. Pol Pranoto No.36","Tutup","· Buka Sel pukul 08.00","0898-4587-797","","","Rute","","","https://ssl.gstatic.com/local/servicebusiness/default_user.png","""Harga lumayan terjangkau, pelayanan ramah""","·"
"https://www.google.com/maps/place/Apotek+Kemiri/data=!4m7!3m6!1s0x2e69ebb1a157289f:0x51b8abe26cb7d542!8m2!3d-6.3830141!4d106.8268262!16s%2Fg%2F11w1mw6x53!19sChIJnyhXobHraS4RQtW3bOKruFE?authuser=0&hl=id&rclk=1","Apotek Kemiri","5,0","(2)","Apotek","·","Jl. Kemiri Muka No.48A","","·","0811-682-953","https://www.apotek-k24.com/","","Situs Web","","Rute","https://ssl.gstatic.com/local/servicebusiness/default_user.png","""Lumayan murah, deket rumah jadi ga bayar parkir🤣""",""
"https://www.google.com/maps/place/Klinik+Utama+Bidakara+Medical+Center+dan+Apotek+Farmarin+Depok/data=!4m7!3m6!1s0x2e69eb6727b15773:0x1ce2c62f8542fe6a!8m2!3d-6.3967611!4d106.8213874!16s%2Fg%2F11fd4jzk2j!19sChIJc1exJ2fraS4Rav5ChS_G4hw?authuser=0&hl=id&rclk=1","Klinik Utama Bidakara Medical Center dan Apotek Farmarin Depok","4,9","(27)","Apotek","·","Jl. Margonda Raya No.23B, RT.001/RW.011","Tutup","·","(021) 7757117","https://bidakaramedical.co.id/klinik/klinik-utama-bidakara-medical-center-depok","","Situs Web","","Rute","https://ssl.gstatic.com/local/servicebusiness/default_user.png","""Fasilitas bagus, pelayanan cepat dan ramah.""","· Buka Sel pukul 08.00"
"https://www.google.com/maps/place/Iwpq/data=!4m7!3m6!1s0x2e69ed0077465673:0x771bdee06a605069!8m2!3d-6.3539171!4d106.8401015!16s%2Fg%2F11vspb3ft4!19sChIJc1ZGdwDtaS4RaVBgauDeG3c?authuser=0&hl=id&rclk=1","Iwpq","","","Apotek","·","JRWR+C2Q, Gg. Darma 1","","","","","","Rute","","","","",""
"https://www.google.com/maps/place/Apotek+Rima+Farma/data=!4m7!3m6!1s0x2e69ef81fd7a5c9f:0x9b0448d7188493d4!8m2!3d-6.3434169!4d106.8123437!16s%2Fg%2F11k3m39_34!19sChIJn1x6_YHvaS4R1JOEGNdIBJs?authuser=0&hl=id&rclk=1","Apotek Rima Farma","4,8","(15)","Apotek","·","Jl. Sadar Raya, RT.1/RW.5","Segera tutup","· 22.00 · Buka Sel pukul 08.00","0857-8182-6200","","","Rute","","","https://ssl.gstatic.com/local/servicebusiness/default_user.png","""Pelayanan ambil obat cukup baik, harga obat terjangkau.""","·"
"https://www.google.com/maps/place/Apotek+nusantara+%28sar%29/data=!4m7!3m6!1s0x2e69e99c3af5648b:0xcc68a15393afb239!8m2!3d-6.381815!4d106.8144532!16s%2Fg%2F11h23mj215!19sChIJi2T1OpzpaS4RObKvk1OhaMw?authuser=0&hl=id&rclk=1","Apotek nusantara (sar)","","","Apotek","·","Jl. Swadaya III No.94","","","","","","Rute","","","","",""
"https://www.google.com/maps/place/Sumber+Sehat+Medika/data=!4m7!3m6!1s0x2e69ec015881972f:0x5e447eb4ad5e134f!8m2!3d-6.3759605!4d106.8227901!16s%2Fg%2F11bc7t_zh7!19sChIJL5eBWAHsaS4RTxNerbR-RF4?authuser=0&hl=id&rclk=1","Sumber Sehat Medika","1,0","(1)","Apotek","·","ITC Depok, JL Margonda Raya No.122A Lantai 1 Blok B","","","(021) 7775333","","","Rute","","","","",""
"https://www.google.com/maps/place/Apotek+Aji+Waras/data=!4m7!3m6!1s0x2e69ee8e4403bb9d:0xa2a52796ffdca06a!8m2!3d-6.349461!4d106.8018873!16s%2Fg%2F1pzpq44_z!19sChIJnbsDRI7uaS4RaqDc_5YnpaI?authuser=0&hl=id&rclk=1","Apotek Aji Waras","4,4","(238)","Apotek","·","MR22+6Q6, Jalan Mohammad Kafi 1, RT.6/RW.4","Segera tutup","· 22.00 · Buka Sel pukul 07.00","0815-8299-906","","","Rute","","","https://ssl.gstatic.com/local/servicebusiness/default_user.png","""Tempat nya nyari obat baik resep atau non resep yg terpercaya saat ini""","·"
"https://www.google.com/maps/place/Apotek+Athira+Pharmacy/data=!4m7!3m6!1s0x2e69ed006243f7cb:0xf66af11fd387705b!8m2!3d-6.3709376!4d106.8426972!16s%2Fg%2F11wfcjcynp!19sChIJy_dDYgDtaS4RW3CH0x_xavY?authuser=0&hl=id&rclk=1","Apotek Athira Pharmacy","5,0","(11)","Apotek","·","Jl. Klp. Dua Raya","Tutup","· Buka Sel pukul 09.00","0821-2552-9337","","","Rute","","","https://ssl.gstatic.com/local/servicebusiness/default_user.png","""Obatnya lengkap, harga bersaing, staff nya sangat membantu""","·"
"https://www.google.com/maps/place/Apotek+Alam+Sehat+Farma/data=!4m7!3m6!1s0x2e69e995578de161:0xb9aaf656bc83de4b!8m2!3d-6.393758!4d106.8142372!16s%2Fg%2F11fk1r2fhn!19sChIJYeGNV5XpaS4RS96DvFb2qrk?authuser=0&hl=id&rclk=1","Apotek Alam Sehat Farma","5,0","(16)","Apotek","·","Jl. Anggrek Raya No.27-28, RT.1/RW.4","Tutup","· Buka Sel pukul 08.00","0812-1165-8211","","","Rute","","","https://ssl.gstatic.com/local/servicebusiness/default_user.png","""Obatnya cukup lengkap dan harganya lumayan terjangkau""","·"
"https://www.google.com/maps/place/APOTEK+TIMBUL+SEHAT/data=!4m7!3m6!1s0x2e69efddf63c8711:0xf7e6549c7770f46a!8m2!3d-6.351974!4d106.8106742!16s%2Fg%2F11tnrsfq13!19sChIJEYc89t3vaS4RavRwd5xU5vc?authuser=0&hl=id&rclk=1","APOTEK TIMBUL SEHAT","4,7","(12)","Apotek","·","Jl. Timbul No.36, RT.1/RW.3","Segera tutup","· 22.00 · Buka Sel pukul 07.00","0813-9981-9918","","","Rute","","","https://ssl.gstatic.com/local/servicebusiness/default_user.png","""","·"
"https://www.google.com/maps/place/Persada+Apotek/data=!4m7!3m6!1s0x2e69ec71ab0f5953:0x46867785c441dde!8m2!3d-6.3722207!4d106.8501302!16s%2Fg%2F1ptxtcscn!19sChIJU1kPq3HsaS4R3h1EXHhnaAQ?authuser=0&hl=id&rclk=1","Persada Apotek","","","Apotek","·","Jl. Raya Duta Pelni No.8","","","","","","Rute","","","","",""
"https://www.google.com/maps/place/APOTEK+ALPRO+EXPRESS+Kahfi+Jagakarsa/data=!4m7!3m6!1s0x2e69ed26648b5e6d:0x6bdab0e01ef4213e!8m2!3d-6.3519921!4d106.8117383!16s%2Fg%2F11ycslh7fd!19sChIJbV6LZCbtaS4RPiH0HuCw2ms?authuser=0&hl=id&rclk=1","APOTEK ALPRO EXPRESS Kahfi Jagakarsa","5,0","(52)","Apotek","·","Jalan Moh Kahfi Ii No No 23 Rt 005 Rw 005 Kelurahan Cipedak, Kecamatan, RT.5/RW.5","Segera tutup","·","0877-8739-4256","https://apotekalpro.id/","","Situs Web","","Rute","https://ssl.gstatic.com/local/servicebusiness/default_user.png","""Pelayanan bagus cepat ramah top buat apoteker nya juga""","· 22.00 · Buka Sel pukul 08.00"
"https://www.google.com/maps/place/Mitra+Produk+Suki+Apotek+Margonda+Medika/data=!4m7!3m6!1s0x2e69ebe3c7497ccd:0x3ce21592c73a4ed!8m2!3d-6.395222!4d106.8218697!16s%2Fg%2F1pzrz2dpr!19sChIJzXxJx-PraS4R7aRzLFkhzgM?authuser=0&hl=id&rclk=1","Mitra Produk Suki Apotek Margonda Medika","5,0","(1)","Apotek","·","Jl. Margonda No.54, RT.2/RW.11","","","(021) 91971222","","","Rute","","","","Pesan antar",""
"https://www.google.com/maps/place/APOTEK+RAJA+SEHAT+JAGAKARSA/data=!4m7!3m6!1s0x2e69ef9c2d2a15bd:0x5cd8ab4f424503d5!8m2!3d-6.3435249!4d106.8168379!16s%2Fg%2F11vsdfng2f!19sChIJvRUqLZzvaS4R1QNFQk-r2Fw?authuser=0&hl=id&rclk=1","APOTEK RAJA SEHAT JAGAKARSA","5,0","(5)","Apotek","·","Jl. Moch. Kahfi 2 No.5A, Ciganjur, Jagakarsa RT.5, RT.5/RW.4","Buka 24 jam","","0878-6611-3193","","","Rute","","","https://ssl.gstatic.com/local/servicebusiness/default_user.png","""tempat nya nyamannn bangett, pelayanan nya juga bagus, dan cepat.""","·"
"https://www.google.com/maps/place/APOTEK+MUTIARA+1+PONDOK+DUTA/data=!4m7!3m6!1s0x2e69ed00660a3b15:0x3d981be56938396f!8m2!3d-6.3719678!4d106.8480522!16s%2Fg%2F11ys6_m3bw!19sChIJFTsKZgDtaS4Rbzk4aeUbmD0?authuser=0&hl=id&rclk=1","APOTEK MUTIARA 1 PONDOK DUTA","5,0","(3)","Apotek","·","Ruko, Jl. Duta Cimanggis Residence Jl. Raya Pd. Duta No.01","Tutup","· Buka Sel pukul 08.00","0855-4229-1212","","","Rute","","","https://ssl.gstatic.com/local/servicebusiness/default_user.png","""Apotik baru sebulan buka..harga obat2annya murah, tempatnya bersih""","·"
"https://www.google.com/maps/place/Apotek+tanah+baru+%28sar%29/data=!4m7!3m6!1s0x2e69ef0ba5800743:0x33a3f100824a2ae2!8m2!3d-6.3768424!4d106.8078453!16s%2Fg%2F11h43263yh!19sChIJQweApQvvaS4R4ipKggDxozM?authuser=0&hl=id&rclk=1","Apotek tanah baru (sar)","","","Apotek","·","Jl. M. Ali I No.1","","","","","","Rute","","","","Pesan antar",""
"https://www.google.com/maps/place/Apotek+K-24+Lapangan+Tembak/data=!4m7!3m6!1s0x2e69edf643c57057:0x8dec5d02341134e6!8m2!3d-6.3487215!4d106.8770728!16s%2Fg%2F11lkxnm1hw!19sChIJV3DFQ_btaS4R5jQRNAJd7I0?authuser=0&hl=id&rclk=1","Apotek K-24 Lapangan Tembak","4,8","(213)","Apotek","·","Jl. Lap. Tembak No.2 1, RT.1/RW.10","Buka 24 jam","·","0813-5994-6950","https://www.apotek-k24.com/location/detail/167/K-24-LAPANGAN-TEMBAK-----","","Situs Web","","Rute","https://ssl.gstatic.com/local/servicebusiness/default_user.png","""Tempat yg pas utk mendapatkan obat murah berkualitas""",""
"https://www.google.com/maps/place/Apotek+Profesi+Mandiri/data=!4m7!3m6!1s0x2e69ec2a7e214807:0xcef9829bcfa600b2!8m2!3d-6.3437554!4d106.8194468!16s%2Fg%2F11c2nzxv3v!19sChIJB0ghfirsaS4RsgCmz5uC-c4?authuser=0&hl=id&rclk=1","Apotek Profesi Mandiri","5,0","(16)","Apotek","·","Gg. Damai 20A, RT.7/RW.8","","","0812-8016-754","https://www.booking.com/Share-DGa509","","Situs Web","","Rute","https://ssl.gstatic.com/local/servicebusiness/default_user.png","""Recommended bangett dehh""",""
"https://www.google.com/maps/place/Apotek+K-24+dr.+Bambang+Soelistyo/data=!4m7!3m6!1s0x2e69ed2dc48de615:0xaedce4ae33d58b7a!8m2!3d-6.3272326!4d106.8339949!16s%2Fg%2F11qn766m3p!19sChIJFeaNxC3taS4ReovVM67k3K4?authuser=0&hl=id&rclk=1","Apotek K-24 dr. Bambang Soelistyo","4,0","(101)","Apotek","·","Jl. Raya Lenteng Agung No.20A, RT.1/RW.3","Buka 24 jam","","0812-8390-4255","","","Rute","","","https://ssl.gstatic.com/local/servicebusiness/default_user.png","""Harga nya lebih murah dari","·"
"https://www.google.com/maps/place/Apotek+Zentrum+2/data=!4m7!3m6!1s0x2e69ebe011d1f8d7:0xaa0084b8ef017da5!8m2!3d-6.4009857!4d106.8188415!16s%2Fg%2F11g6xmv7d7!19sChIJ1_jREeDraS4RpX0B77iEAKo?authuser=0&hl=id&rclk=1","Apotek Zentrum 2","3,5","(222)","Apotek","·","·","Tutup","· Buka Sel pukul 08.00","(021) 77802693","","","Rute","","","https://ssl.gstatic.com/local/servicebusiness/default_user.png","""","Jl. Kartini No.58-60"
"https://www.google.com/maps/place/Apotek+Nusantara+Jaya/data=!4m7!3m6!1s0x2e69e982b230ee01:0x250e505bce5efd78!8m2!3d-6.3815572!4d106.8146958!16s%2Fg%2F11gh951bfm!19sChIJAe4wsoLpaS4ReP1ezltQDiU?authuser=0&hl=id&rclk=1","Apotek Nusantara Jaya","4,7","(3)","Apotek","·","·","Tutup","· Buka Sel pukul 08.00","(021) 77211709","","","Rute","","","","Belanja di toko","Jl. Depok Indah"
"https://www.google.com/maps/place/Apotek+Eka+Mitra+Sehat/data=!4m7!3m6!1s0x2e69ec2e02040377:0xd7c85009a5ef3042!8m2!3d-6.345167!4d106.8294343!16s%2Fg%2F1hdz6hr0s!19sChIJdwMEAi7saS4RQjDvpQlQyNc?authuser=0&hl=id&rclk=1","Apotek Eka Mitra Sehat","4,0","(25)","Apotek","·","Jl. Srengseng Sawah No.14, RT.10/RW.3","Segera tutup","· 22.00 · Buka Sel pukul 08.00","0813-8587-3112","","","Rute","","","https://ssl.gstatic.com/local/servicebusiness/default_user.png","""Untuk kelengkapan obat lumayan lengkap, harga obat relatif terjangkau.""","·"
"https://www.google.com/maps/place/Bima+Sakti/data=!4m7!3m6!1s0x2e69ec083e6b2d03:0xd9d7aa2a274b7684!8m2!3d-6.3784109!4d106.8278934!16s%2Fg%2F1hc77vp5c!19sChIJAy1rPgjsaS4RhHZLJyqq19k?authuser=0&hl=id&rclk=1","Bima Sakti","3,0","(1)","Apotek","·","Jl. Al Hidayah No.62","","","(021) 77210529","","","Rute","","","","",""
"https://www.google.com/maps/place/Apotek+Irenk+Medical+Center/data=!4m7!3m6!1s0x2e69ec765d953c6f:0x18b59562aa6386b0!8m2!3d-6.3972994!4d106.8513948!16s%2Fg%2F11bc7qw3rg!19sChIJbzyVXXbsaS4RsIZjqmKVtRg?authuser=0&hl=id&rclk=1","Apotek Irenk Medical Center","3,0","(4)","Apotek","·","Jl. Bahagia Raya No.18","","","(021) 7715039","","","Rute","","","","",""
"https://www.google.com/maps/place/Warung+jamu+Dilla/data=!4m7!3m6!1s0x2e69ed83ead8d82d:0xf586f506eb630a0!8m2!3d-6.3650794!4d106.8340411!16s%2Fg%2F11h6cs4d_r!19sChIJLdjY6oPtaS4RoDC2blBvWA8?authuser=0&hl=id&rclk=1","Warung jamu Dilla","5,0","(2)","Apotek","·","JRMM+XJ7, Unnamed Road","","","0857-1115-597","","","Rute","","","https://ssl.gstatic.com/local/servicebusiness/default_user.png","""Sei indonesia enak""",""
"https://www.google.com/maps/place/Apotek+Sehat+Sehati/data=!4m7!3m6!1s0x2e69ed167095f01f:0x31702d78addd8a17!8m2!3d-6.364901!4d106.8597751!16s%2Fg%2F11rckpdyzx!19sChIJH_CVcBbtaS4RF4rdrXgtcDE?authuser=0&hl=id&rclk=1","Apotek Sehat Sehati","5,0","(10)","Apotek","·","Ruko No. 10 Apartemen Cimanggis City, Jl. Raya Bogor","Tutup","· Buka Sel pukul 08.00","","","","Rute","","","https://ssl.gstatic.com/local/servicebusiness/default_user.png","""Cari obat apa aj ad, hrganya murmer""",""
"https://www.google.com/maps/place/Apotek+Darma+Farma/data=!4m7!3m6!1s0x2e69ebf49e661199:0xf7047a7bd16199a!8m2!3d-6.3854697!4d106.8396662!16s%2Fg%2F1q2vz6c3r!19sChIJmRFmnvTraS4RmhkWvadHcA8?authuser=0&hl=id&rclk=1","Apotek Darma Farma","","","Apotek","·","No. 12, Jalan KH. M. Yusuf","Tutup","· Buka Sel pukul 07.00","(021) 29441378","","","Rute","","","","","·"
"https://www.google.com/maps/place/H.+Ahmad+Rudiyat/data=!4m7!3m6!1s0x2e69ec071b18812f:0x2ca141ef03939898!8m2!3d-6.3787719!4d106.8258809!16s%2Fg%2F11hz8yhmfr!19sChIJL4EYGwfsaS4RmJiTA-9BoSw?authuser=0&hl=id&rclk=1","H. Ahmad Rudiyat","","","Apotek","·","Jl. KH. Ahmad Dahlan No.33","","","","","","Rute","","","","Pesan antar",""
"https://www.google.com/maps/place/Apotek+Heka+Depok/data=!4m7!3m6!1s0x2e69edebcb9411a5:0xf9e083c362825afa!8m2!3d-6.3596531!4d106.8592861!16s%2Fg%2F11rxzj61z9!19sChIJpRGUy-vtaS4R-lqCYsOD4Pk?authuser=0&hl=id&rclk=1","Apotek Heka Depok","4,9","(20)","Apotek","·","Km 29 No.9, Jl. Raya Jakarta-Bogor","Tutup","·","0877-4031-1508","https://shopee.co.id/apotekheka.depok","","Situs Web","","Rute","https://ssl.gstatic.com/local/servicebusiness/default_user.png","""","· Buka Sel pukul 08.00"
"https://www.google.com/maps/place/Toko+Obat+Asy-Syifa+Margonda/data=!4m7!3m6!1s0x2e69ed000d1820db:0x16292f65224b9032!8m2!3d-6.3683192!4d106.8349962!16s%2Fg%2F11w2cn4clf!19sChIJ2yAYDQDtaS4RMpBLImUvKRY?authuser=0&hl=id&rclk=1","Toko Obat Asy-Syifa Margonda","5,0","(6)","Apotek","·","Jl. H. M. Tohir No.4i","Tutup","· Buka Sel pukul 08.00","0818-0819-3757","","","Rute","","","https://ssl.gstatic.com/local/servicebusiness/default_user.png","""Alhamdulillah ada toko obat di Gg.""","·"
"https://www.google.com/maps/place/Toko+Obat+Ika+Farma+%28Babeh+Nasir%29/data=!4m7!3m6!1s0x2e69ec1185bc7c7f:0xd56202e4e7a30ae7!8m2!3d-6.3653217!4d106.83824!16s%2Fg%2F11cmswgg1q!19sChIJf3y8hRHsaS4R5wqj5-QCYtU?authuser=0&hl=id&rclk=1","Toko Obat Ika Farma (Babeh Nasir)","4,3","(8)","Apotek","·","Jl. Karya Bakti 3 No.19A","Tutup","· Buka Sel pukul 09.00","0857-1096-1841","","","Rute","","","https://ssl.gstatic.com/local/servicebusiness/default_user.png","""toko obat terlengkap di pondok cina""","·"
"https://www.google.com/maps/place/Apotek+Laluna/data=!4m7!3m6!1s0x2e69ec6b69d121cf:0xec612bc43ace5e29!8m2!3d-6.3641676!4d106.842941!16s%2Fg%2F11sq13_9yn!19sChIJzyHRaWvsaS4RKV7OOsQrYew?authuser=0&hl=id&rclk=1","Apotek Laluna","","","Apotek","","","","","","","","Rute","","","","",""
"https://www.google.com/maps/place/SRI+REJEKI+Apotek/data=!4m7!3m6!1s0x2e69ee9c205e45a1:0xd219e43233cf8a55!8m2!3d-6.3556462!4d106.8135826!16s%2Fg%2F11vzdtmn_x!19sChIJoUVeIJzuaS4RVYrPMzLkGdI?authuser=0&hl=id&rclk=1","SRI REJEKI Apotek","","","Apotek","","","","","","","","Rute","","","","",""
"","","","","","","","","","","","","","","","","",""