"hfpxzc href","qBF1Pd","MW4etd","UY7F9","W4Efsd","W4Efsd 2","doJOZc","W4Efsd 3","W4Efsd 4","W4Efsd 5","W4Efsd 6","UsdlK","Cw1rxd","R8c4Qb","Jn12ke src","ah5Ghc","lcr4fd href","Cw1rxd 2","R8c4Qb 2","W4Efsd 7"
"https://www.google.com/maps/place/Ridwan+Fotocopy+Digital+Printing+jln.+Akses+UI+depok./data=!4m7!3m6!1s0x2e69ec40aa33cf0f:0xe7c2c002b1bd51ff!8m2!3d-6.3550534!4d106.8417454!16s%2Fg%2F1ptwzl6ys!19sChIJD88zqkDsaS4R_1G9sQLAwuc?authuser=0&hl=id&rclk=1","Ridwan Fotocopy Digital Printing jln. Akses UI depok.","4,8","(79)","Toko Fotokopi","·","","·","Jl. Akses UI No.26C, RT.3/RW.9","Buka 24 jam","·","0815-9884-803","","Rute","https://ssl.gstatic.com/local/servicebusiness/default_user.png","""Langganan kalau","","","",""
"https://www.google.com/maps/place/Acong+Copy+Service/data=!4m7!3m6!1s0x2e69ec17cb3d0fed:0xf5b5920bd3ba8535!8m2!3d-6.361432!4d106.8329292!16s%2Fg%2F11csrvn7cp!19sChIJ7Q89yxfsaS4RNYW60wuStfU?authuser=0&hl=id&rclk=1","Acong Copy Service","4,5","(4)","Toko Fotokopi","·","","Blok Stasiun Ui Depok, Jl. Sawo Blok Stasiun Ui Depok No.5","","","","","","Rute","https://ssl.gstatic.com/local/servicebusiness/default_user.png","""Nyaman di kantong""","","","",""
"https://www.google.com/maps/place/Pandawa+24+jam+Fotocopy+Digital+Printing/data=!4m7!3m6!1s0x2e69ec11d9cd36c7:0x7ab95aebc3feee5f!8m2!3d-6.3703053!4d106.8333054!16s%2Fg%2F11cn947lys!19sChIJxzbN2RHsaS4RX-7-w-tauXo?authuser=0&hl=id&rclk=1","Pandawa 24 jam Fotocopy Digital Printing","4,4","(4.633)","Percetakan Komersial","·","","Jl. Margonda No.397A","Buka 24 jam","·","","(021) 7875686","","Situs Web","https://ssl.gstatic.com/local/servicebusiness/default_user.png","""Hasil bagus, harga relatif murah, pelayanan baik""","https://pandawa24jam.com/","","Rute",""
"https://www.google.com/maps/place/Rizky+Mandiri+Foto+copy/data=!4m7!3m6!1s0x2e69ed4ff282d089:0x8edd134eb55304e4!8m2!3d-6.3550274!4d106.8407945!16s%2Fg%2F11f7n18f6z!19sChIJidCC8k_taS4R5ARTtU4T3Y4?authuser=0&hl=id&rclk=1","Rizky Mandiri Foto copy","4,8","(21)","Toko Fotokopi","·","","Jl. Akses UI No.54, RT.3/RW.9","·","Buka 24 jam","","0858-8256-1448","","Rute","https://ssl.gstatic.com/local/servicebusiness/default_user.png","""Murah , pengerjaan cepet , masih gratis kalo revisi.. Mantapp""","","","",""
"https://www.google.com/maps/place/ACE+DIGITAL+PRINTING+%26+COPY+CENTER/data=!4m7!3m6!1s0x2e69edc0feeca54b:0xdc1587fb6d179a9c!8m2!3d-6.3550199!4d106.8413732!16s%2Fg%2F11pqld3zwl!19sChIJS6Xs_sDtaS4RnJoXbfuHFdw?authuser=0&hl=id&rclk=1","ACE DIGITAL PRINTING & COPY CENTER","4,9","(78)","Layanan cetak digital","·","","Depan Kampus Gunadarma E, Jl. Akses UI No.26","Buka","·","· Tutup pukul 00.00","0857-1187-7581","","Situs Web","https://ssl.gstatic.com/local/servicebusiness/default_user.png","""intinya kl disini cocoknya buat","https://aceprintingdepok.blogspot.com/","","Rute",""
"https://www.google.com/maps/place/Esther+Fotokopi/data=!4m7!3m6!1s0x2e69ec3f5289ec51:0xef269c6ac93fd1ed!8m2!3d-6.3550251!4d106.8408513!16s%2Fg%2F11c4k6yz_y!19sChIJUeyJUj_saS4R7dE_yWqcJu8?authuser=0&hl=id&rclk=1","Esther Fotokopi","4,5","(43)","Toko Fotokopi","·","","Jl. Akses UI No.8","·","Buka 24 jam","","0838-0404-3178","","Rute","https://ssl.gstatic.com/local/servicebusiness/default_user.png","""recommended buat yang mau konsultasi IT, soalnya paling baguss👍👍""","","","",""
"https://www.google.com/maps/place/Photocopy+Bima/data=!4m7!3m6!1s0x2e69ec17c92538db:0x50c0d1ad77954fa7!8m2!3d-6.361244!4d106.8320761!16s%2Fg%2F11g9sxkk2_!19sChIJ2zglyRfsaS4Rp0-Vd63RwFA?authuser=0&hl=id&rclk=1","Photocopy Bima","5,0","(36)","Toko Fotokopi","·","","·","Jl. Sawo Blok Stasiun Ui Depok Rt.02 Rw.07 No.7","Tutup","·","0812-9381-605","","Rute","https://ssl.gstatic.com/local/servicebusiness/default_user.png","""murah, worth it hasil bagus memuaskan
top markotop 👍👍👍""","","","","· Buka Sel pukul 08.00"
"https://www.google.com/maps/place/FOTOCOPY+CENTRAL+KUTEK/data=!4m7!3m6!1s0x2e69ed5edb450c9f:0x4b0e42f2a213e2f6!8m2!3d-6.3611821!4d106.8222842!16s%2Fg%2F11ns157mjj!19sChIJnwxF217taS4R9uITovJCDks?authuser=0&hl=id&rclk=1","FOTOCOPY CENTRAL KUTEK","3,5","(8)","Toko Percetakan","·","","Jl. H. Amat I No.28","·","Segera tutup","","0898-7999-199","","Rute","","Belanja di toko","","","","· 22.00 · Buka Sel pukul 08.00"
"https://www.google.com/maps/place/SANTOEN+FOTOCOPY/data=!4m7!3m6!1s0x2e69ec21d96e7aab:0x11c4278f0277c558!8m2!3d-6.3601737!4d106.8217562!16s%2Fg%2F11b5wmc72h!19sChIJq3pu2SHsaS4RWMV3Ao8nxBE?authuser=0&hl=id&rclk=1","SANTOEN FOTOCOPY","4,7","(149)","Toko Fotokopi","·","","·","Jl. H. Amat No.30","Tutup","·","0878-8951-3410","","Rute","https://ssl.gstatic.com/local/servicebusiness/default_user.png","""Langganan saya potocopy, hasilnya bagus harga bersahabat""","","","","· Buka Sel pukul 08.00"
"https://www.google.com/maps/place/Cano+Digital+Copy+%26+Printing/data=!4m7!3m6!1s0x2e69ec119fade4e9:0xf20c7e48f4c2281c!8m2!3d-6.3632067!4d106.8333408!16s%2Fg%2F1typrc2z!19sChIJ6eStnxHsaS4RHCjC9Eh-DPI?authuser=0&hl=id&rclk=1","Cano Digital Copy & Printing","4,5","(1.787)","Layanan cetak digital","·","","·","Segera tutup","·","· 22.00 · Buka Sel pukul 07.00","(021) 7863868","","Situs Web","https://ssl.gstatic.com/local/servicebusiness/default_user.png","""Tempat langganan mahasiswa untuk","http://canoprint.com/","","Rute","Jl. Margonda No.495"
"https://www.google.com/maps/place/Foto+Copy+Ratu+Agung+KUTEK/data=!4m7!3m6!1s0x2e69ec1f6ae30089:0x181ca77cdc416d59!8m2!3d-6.3626317!4d106.8217974!16s%2Fg%2F1q64rltt6!19sChIJiQDjah_saS4RWW1B3HynHBg?authuser=0&hl=id&rclk=1","Foto Copy Ratu Agung KUTEK","5,0","(51)","Toko Fotokopi","·","","Jl. H. Amat No.30, RT.004/RW.03","·","Tutup","","0813-9925-0955","","Rute","https://ssl.gstatic.com/local/servicebusiness/default_user.png","""Pelayanan baik,,, dan harga bersahabat cek aja sendiri""","","","","· Buka Sel pukul 08.00"
"https://www.google.com/maps/place/Printbox+FISIP+UI/data=!4m7!3m6!1s0x2e69edd10fe4cb87:0xbf7a92c0a889258a!8m2!3d-6.3620916!4d106.82939!16s%2Fg%2F11t3_zvxh9!19sChIJh8vkD9HtaS4RiiWJqMCSer8?authuser=0&hl=id&rclk=1","Printbox FISIP UI","5,0","(1)","Layanan cetak digital","·","","Fisip, Universitas Indonesia Gedung F","Buka 24 jam","·","","0896-9090-2020","","Situs Web","","","https://www.inventing.id/","","Rute",""
"https://www.google.com/maps/place/Foto+Copy+Ratu+Agung+Palakali+%28Cabang+Palakali%29/data=!4m7!3m6!1s0x2e69edbffca7af3d:0x1fcd45888a11af39!8m2!3d-6.367745!4d106.82015!16s%2Fg%2F11gmhysrf2!19sChIJPa-n_L_taS4ROa8RiohFzR8?authuser=0&hl=id&rclk=1","Foto Copy Ratu Agung Palakali (Cabang Palakali)","4,9","(103)","Toko Fotokopi","·","","·","Jl. Palakali No.81A","Tutup","·","0857-8084-4873","","Rute","https://ssl.gstatic.com/local/servicebusiness/default_user.png","""Kualitasnya oke, pelayanannya jga responsif, cepat harganya jga murah""","","","","· Buka Sel pukul 08.00"
"https://www.google.com/maps/place/KARET+DIGITAL+PRINTING+24JAM/data=!4m7!3m6!1s0x2e69ec0e2f1f955f:0x9cbdc8c2879a303f!8m2!3d-6.3715519!4d106.8329825!16s%2Fg%2F1q62fnf28!19sChIJX5UfLw7saS4RPzCah8LIvZw?authuser=0&hl=id&rclk=1","KARET DIGITAL PRINTING 24JAM","3,8","(184)","Layanan cetak digital","·","","Jl. Margonda No.383","·","Buka 24 jam","","0819-7340-0003","","Rute","https://ssl.gstatic.com/local/servicebusiness/default_user.png","""","","","",""
"https://www.google.com/maps/place/Anugerah+Printshop+Depok/data=!4m7!3m6!1s0x2e69ed33642d150d:0x1c23612e3b2b8eeb!8m2!3d-6.3595169!4d106.8331911!16s%2Fg%2F11k8j87ydd!19sChIJDRUtZDPtaS4R644rOy5hIxw?authuser=0&hl=id&rclk=1","Anugerah Printshop Depok","4,5","(423)","Layanan cetak digital","·","","·","Segera tutup","·","· 22.00 · Buka Sel pukul 07.00","0822-9999-3439","","Situs Web","https://ssl.gstatic.com/local/servicebusiness/default_user.png","""Kesini lagi","http://www.anugerahprint.com/","","Rute","Jl. Margonda No.514F"
"https://www.google.com/maps/place/Rutan+Fotocopy+Digital+Depok/data=!4m7!3m6!1s0x2e69ed52c4a1460d:0x3425d509ffc16bb6!8m2!3d-6.3547774!4d106.8424565!16s%2Fg%2F11r8bvgs7!19sChIJDUahxFLtaS4RtmvB_wnVJTQ?authuser=0&hl=id&rclk=1","Rutan Fotocopy Digital Depok","4,8","(51)","Toko Fotokopi","·","","Jl. Klp. Dua Raya Jl. Akses UI No.10","Tutup","·","· Buka Sel pukul 08.00","0812-8928-2471","","Situs Web","https://ssl.gstatic.com/local/servicebusiness/default_user.png","""","http://rutanfotocopydigital.com/?utm_source=gmb&utm_medium=referral","","Rute",""
"https://www.google.com/maps/place/Sima/data=!4m7!3m6!1s0x2e69ec1da4be0621:0xa653fa5d7fc56d41!8m2!3d-6.3676644!4d106.8199348!16s%2Fg%2F1q64r13ns!19sChIJIQa-pB3saS4RQW3Ff136U6Y?authuser=0&hl=id&rclk=1","Sima","4,3","(109)","Toko Fotokopi","·","","·","Universitas Indonesia, Jalan Pala Kali Raya No.79 depan pintu masuk, kampus","Tutup","·","(021) 78883537","","Rute","https://ssl.gstatic.com/local/servicebusiness/default_user.png","""Cukup murah untuk kalangan mahasiswa atau konsumen papan bawah.""","","","","· Buka Sel pukul 07.00"
"https://www.google.com/maps/place/Pelangi+Mandiri/data=!4m7!3m6!1s0x2e69ec3f53c6fda9:0x3885d44f82612d32!8m2!3d-6.3549651!4d106.8412573!16s%2Fg%2F11glx2bq34!19sChIJqf3GUz_saS4RMi1hgk_UhTg?authuser=0&hl=id&rclk=1","Pelangi Mandiri","4,2","(11)","Toko Fotokopi","·","","Jl. Akses UI No.60B, RT.3/RW.9","Buka 24 jam","·","","0857-1730-0201","","Situs Web","https://ssl.gstatic.com/local/servicebusiness/default_user.png","""Sangat membantu 24 jam""","https://wa.me/message/LLKB32FZCV73M1","","Rute",""
"https://www.google.com/maps/place/Gentur+Photocopy/data=!4m7!3m6!1s0x2e69ec21da4b18e5:0x45ac98faadb2bf84!8m2!3d-6.3600529!4d106.8217845!16s%2Fg%2F11b5qrvqgx!19sChIJ5RhL2iHsaS4RhL-yrfqYrEU?authuser=0&hl=id&rclk=1","Gentur Photocopy","4,7","(55)","Toko Fotokopi","·","","·","Jalan Haji Ahmad","Tutup","·","0812-7818-0426","","Rute","https://ssl.gstatic.com/local/servicebusiness/default_user.png","""Terimakasih abang-abang Gentur Photocopy.""","","","","· Buka Sel pukul 08.00"
"https://www.google.com/maps/place/Printbox+FEB+UI/data=!4m7!3m6!1s0x2e69ede3de231cd3:0xe0bea6922253f7e7!8m2!3d-6.3618215!4d106.8236497!16s%2Fg%2F11s3xczcvn!19sChIJ0xwj3uPtaS4R5_dTIpKmvuA?authuser=0&hl=id&rclk=1","Printbox FEB UI","5,0","(1)","Layanan cetak digital","·","","FEB, Universitas Indonesia Gedung A","Buka 24 jam","·","","0896-9090-2020","","Situs Web","https://ssl.gstatic.com/local/servicebusiness/default_user.png","""Cocok buat yang kepepet cari fotokopian""","https://www.inventing.id/","","Rute",""
"https://www.google.com/maps/place/BAREL+Photo+Copy+Pusat+Diktat+S1%26+S2+Mkn+FH+UI/data=!4m7!3m6!1s0x2e69ed17b7e69249:0xeb28b147edb48bb3!8m2!3d-6.3639707!4d106.8324232!16s%2Fg%2F11h3gghr68!19sChIJSZLmtxftaS4Rs4u07UexKOs?authuser=0&hl=id&rclk=1","BAREL Photo Copy Pusat Diktat S1& S2 Mkn FH UI","4,7","(3)","Toko Fotokopi","·","","Jl. Sawo No.21D, RT.3/RW.7","·","Tutup","","0859-9807-3523","","Rute","","","","","","· Buka Sel pukul 07.30"
"https://www.google.com/maps/place/DEPOK+DIGITAL+PRINTING+24JAM/data=!4m7!3m6!1s0x2e69ec119856733f:0xb90fc9fd5bf16625!8m2!3d-6.3682817!4d106.8342309!16s%2Fg%2F1hm48x5js!19sChIJP3NWmBHsaS4RJWbxW_3JD7k?authuser=0&hl=id&rclk=1","DEPOK DIGITAL PRINTING 24JAM","4,0","(197)","Layanan cetak digital","·","","·","Buka 24 jam","·","","0819-7340-0004","","Situs Web","https://ssl.gstatic.com/local/servicebusiness/default_user.png","""Walaupun harga murah namun kualitas tidak murahan.""","http://www.smgroup24jam.com/","","Rute","Jl. Margonda Raya No.21"
"https://www.google.com/maps/place/SNAPY+digital+printing+%26+fotocopy+depok+-+margonda+raya/data=!4m7!3m6!1s0x2e69ec16eae77305:0xc0d28ceb0d41018f!8m2!3d-6.363912!4d106.8340637!16s%2Fg%2F1vq89n65!19sChIJBXPn6hbsaS4RjwFBDeuM0sA?authuser=0&hl=id&rclk=1","SNAPY digital printing & fotocopy depok - margonda raya","4,1","(228)","Layanan cetak digital","·","","·","Segera tutup","·","· 22.00 · Buka Sel pukul 07.00","(021) 78884463","","Situs Web","https://ssl.gstatic.com/local/servicebusiness/default_user.png","""Tempatnya nyaman sekalii untuk menunggu, wangi bersihh sekalii.""","https://www.snapy.co.id/branch/snapy-depok","","Rute","Apartemen &, Margonda Residence, Jl. Margonda No.Kav.462-465"
"https://www.google.com/maps/place/Radja+Coppier+%28+Rental+Foto+Copy+%29/data=!4m7!3m6!1s0x2e69ed38c5138c53:0x283178400add9077!8m2!3d-6.3549842!4d106.8414783!16s%2Fg%2F11gvt40c38!19sChIJU4wTxTjtaS4Rd5DdCkB4MSg?authuser=0&hl=id&rclk=1","Radja Coppier ( Rental Foto Copy )","3,4","(14)","Toko Fotokopi","·","","Jl. Akses UI No.26, RT.3/RW.9","·","Buka 24 jam","","0856-7666-177","","Rute","https://ssl.gstatic.com/local/servicebusiness/default_user.png","""Bagus bngt tempatnya bisa kirim wa klau","","","",""
"https://www.google.com/maps/place/SIMAS+%28+Sinar+Mahasiswa+%29+Printing+Photocopy/data=!4m7!3m6!1s0x2e69ec17d525260b:0x23e791579645b7d2!8m2!3d-6.3600189!4d106.8325025!16s%2Fg%2F11fz9v_g_l!19sChIJCyYl1RfsaS4R0rdFlleR5yM?authuser=0&hl=id&rclk=1","SIMAS ( Sinar Mahasiswa ) Printing Photocopy","5,0","(1)","Layanan cetak digital","·","","Ruko Apartment, Jl. Margonda Taman Melati No.525 A","·","Segera tutup","","0878-8513-1159","","Rute","","","","","","· 22.00 · Buka Sel pukul 07.00"
"https://www.google.com/maps/place/Data+Digital+Copy+and+Printing/data=!4m7!3m6!1s0x2e69ec0e20f65a17:0x3a7856b1dd8079c6!8m2!3d-6.3627834!4d106.8334121!16s%2Fg%2F1ptx8lb_d!19sChIJF1r2IA7saS4RxnmA3bFWeDo?authuser=0&hl=id&rclk=1","Data Digital Copy and Printing","4,5","(182)","Toko Fotokopi","·","","·","Jl. Margonda No.501","Tutup","·","(021) 7864177","","Rute","https://ssl.gstatic.com/local/servicebusiness/default_user.png","""Buat yg urgent,,disini ceper bgt tanpa mengurangi kualitas""","","","","· Buka Sel pukul 07.00"
"https://www.google.com/maps/place/Photocopy+Kavita/data=!4m7!3m6!1s0x2e69ec040e78a5dd:0x8932534c47e60407!8m2!3d-6.3749436!4d106.8244542!16s%2Fg%2F11gnnm8pxk!19sChIJ3aV4DgTsaS4RBwTmR0xTMok?authuser=0&hl=id&rclk=1","Photocopy Kavita","4,6","(22)","Toko Fotokopi","·","","·","Jl. Baitul Rohim No.05","Segera tutup","·","0822-9999-3490","","Rute","https://ssl.gstatic.com/local/servicebusiness/default_user.png","""Alhamdulillah, berkali-kali","","","","· 22.00 · Buka Sel pukul 07.00"
"https://www.google.com/maps/place/MEGA+DIGITAL+PRINTING+24+JAM/data=!4m7!3m6!1s0x2e69ec0e3198b3ef:0x813c0f5d7627aeee!8m2!3d-6.3708466!4d106.8331455!16s%2Fg%2F11b8__r0vs!19sChIJ77OYMQ7saS4R7q4ndl0PPIE?authuser=0&hl=id&rclk=1","MEGA DIGITAL PRINTING 24 JAM","4,1","(179)","Layanan cetak digital","·","","Jl. Margonda No.788","·","Buka 24 jam","","0819-7340-0002","","Rute","https://ssl.gstatic.com/local/servicebusiness/default_user.png","""Terimakasih telah membantu,pelayanan ramah,cepat dan tepat waktu.""","","","",""
"https://www.google.com/maps/place/Np+Foto+Copy/data=!4m7!3m6!1s0x2e69ec40d6b585cb:0x56bf2ee1a4437446!8m2!3d-6.355152!4d106.8440008!16s%2Fg%2F1ptwh8qsw!19sChIJy4W11kDsaS4RRnRDpOEuv1Y?authuser=0&hl=id&rclk=1","Np Foto Copy","5,0","(1)","Toko Percetakan","·","","JRVV+WJJ, Jl. Akses UI","·","Buka","","0812-2000-1390","","Rute","https://ssl.gstatic.com/local/servicebusiness/default_user.png","""Lengkap peralatan gammingnya recommend lah pokoknya.""","","","","· Tutup pukul 23.00"
"https://www.google.com/maps/place/Sinar+Pelangi+Digital+Printing+%26+Copy+Center/data=!4m7!3m6!1s0x2e69ec1db94fb3eb:0x3d7de2d72f525506!8m2!3d-6.367818!4d106.8193465!16s%2Fg%2F11bbtl_q7z!19sChIJ67NPuR3saS4RBlVSL9fifT0?authuser=0&hl=id&rclk=1","Sinar Pelangi Digital Printing & Copy Center","4,6","(146)","Layanan cetak digital","·","","·","Jl. Palakali No.62","Tutup","·","(021) 7271382","","Rute","https://ssl.gstatic.com/local/servicebusiness/default_user.png","""Mas P yang suka bantu proses, kualitas cetak bagus dan harga sesuai.""","","","","· Buka Sel pukul 08.00"
"https://www.google.com/maps/place/Metro+Fotocopy+-+PRINT+-+ATK/data=!4m7!3m6!1s0x2e69ec04602b66ad:0x4e4848ae26498359!8m2!3d-6.3753367!4d106.8250875!16s%2Fg%2F11cs46cd_v!19sChIJrWYrYATsaS4RWYNJJq5ISE4?authuser=0&hl=id&rclk=1","Metro Fotocopy - PRINT - ATK","4,4","(62)","Toko Fotokopi","·","","·","Jl. Ridwan Rais No.111","Tutup","·","0816-733-110","","Rute","https://ssl.gstatic.com/local/servicebusiness/default_user.png","""Hasil","","","","· Buka Sel pukul 07.30"
"https://www.google.com/maps/place/Damar+Fotocopy/data=!4m7!3m6!1s0x2e69ed89a3d88f35:0xb18e21e00cad07bb!8m2!3d-6.3556602!4d106.8549024!16s%2Fg%2F11gpgsbq6x!19sChIJNY_Yo4ntaS4RuwetDOAhjrE?authuser=0&hl=id&rclk=1","Damar Fotocopy","5,0","(2)","Toko Fotokopi","·","","Jl. Akses UI No.26, RT.3/RW.9","·","Segera tutup","","0856-7666-177","","Rute","","","","","","· 22.00 · Buka Sel pukul 07.00"
"https://www.google.com/maps/place/Nazar+Printing+Kelapa+Dua/data=!4m7!3m6!1s0x2e69ed8fefa1b0b5:0x7a456ccc455b0fd9!8m2!3d-6.3550221!4d106.8413732!16s%2Fg%2F11gvrpxvn_!19sChIJtbCh74_taS4R2Q9bRcxsRXo?authuser=0&hl=id&rclk=1","Nazar Printing Kelapa Dua","4,4","(8)","Toko Fotokopi","·","","Depan Kampus E Universitas Gunadarma, Jl. Akses UI Jl. Klp. Dua Raya No.26B","·","Buka","","0813-8586-5547","","Rute","https://ssl.gstatic.com/local/servicebusiness/default_user.png","""","","","","· Tutup pukul 23.00"
"https://www.google.com/maps/place/Charles+Fotocopy/data=!4m7!3m6!1s0x2e69ec434e95ee73:0xa3d031f738ef111b!8m2!3d-6.3555586!4d106.8497652!16s%2Fg%2F1hm6c7xhl!19sChIJc-6VTkPsaS4RGxHvOPcx0KM?authuser=0&hl=id&rclk=1","Charles Fotocopy","4,6","(20)","Toko Fotokopi","·","","Jl. Akses UI No 8","·","Segera tutup","","(021) 90330549","","Rute","","","","","","· 22.00 · Buka Sel pukul 07.00"
"https://www.google.com/maps/place/Era+Print+%28+Digital+%26+Offset+Print+%29/data=!4m7!3m6!1s0x2e69ec3d84b6c805:0xa81191a3dda6d026!8m2!3d-6.3596898!4d106.8332512!16s%2Fg%2F11b6d7qr_0!19sChIJBci2hD3saS4RJtCm3aOREag?authuser=0&hl=id&rclk=1","Era Print ( Digital & Offset Print )","4,5","(797)","Percetakan Komersial","·","","Jl. Margonda No.512","Segera tutup","·","· 22.00 · Buka Sel pukul 07.00","(021) 7863628","","Situs Web","https://ssl.gstatic.com/local/servicebusiness/default_user.png","""Hasil cetaknya bagus, warna tajam dan sesuai dengan desain.""","http://eraprint.com/","","Rute",""
"https://www.google.com/maps/place/foto+copy+OMEGA+antar+jemput+24jam/data=!4m7!3m6!1s0x2e69eea7911ebec9:0xc5c4415b1a3c6a55!8m2!3d-6.3678724!4d106.8199869!16s%2Fg%2F11bbtj4q7k!19sChIJyb4ekafuaS4RVWo8GltBxMU?authuser=0&hl=id&rclk=1","foto copy OMEGA antar jemput 24jam","3,6","(25)","Toko Percetakan","·","","JRJ9+VX5, Jl. Palakali","Jam tangan dan perhiasan mewah Swiss","Segera tutup","·","(021) 22711113","","Rute","https://ssl.gstatic.com/local/servicebusiness/default_user.png","""Dekat dengan kampus Universitas Indonesia.""","","","","· 22.00 · Buka Sel pukul 07.00"
"https://www.google.com/maps/place/Fotocopy+Senyum/data=!4m7!3m6!1s0x2e69ec19ea4f70d5:0x2b9800fa2871faf5!8m2!3d-6.3643244!4d106.8284057!16s%2Fg%2F11c5sw5g7n!19sChIJ1XBP6hnsaS4R9fpxKPoAmCs?authuser=0&hl=id&rclk=1","Fotocopy Senyum","4,6","(5)","Toko Percetakan","","","·","","Tutup","","0856-9475-5937","","Rute","https://ssl.gstatic.com/local/servicebusiness/default_user.png","""Murah
1 halaman hitam putih kena Rp300,-""","","","","· Buka Sel pukul 07.00"
"https://www.google.com/maps/place/Buring+Copy+%26+Digital+Printing/data=!4m7!3m6!1s0x2e69edb88d46f67b:0x6605b7dfd755f5da!8m2!3d-6.3705474!4d106.8332188!16s%2Fg%2F11bbrfs7fr!19sChIJe_ZGjbjtaS4R2vVV19-3BWY?authuser=0&hl=id&rclk=1","Buring Copy & Digital Printing","4,4","(800)","Percetakan Komersial","·","","·","Segera tutup","·","· 22.00 · Buka Sel pukul 07.00","(021) 7866286","","Situs Web","https://ssl.gstatic.com/local/servicebusiness/default_user.png","""Pertama kali kesini, tempatnya oke, staff ramah, harga oke banget""","http://www.buringprint.com/","","Rute","Jl. Margonda No.393"
"https://www.google.com/maps/place/Printbox+FMIPA+UI/data=!4m7!3m6!1s0x2e69ed96b50f96d5:0xa36a86773d509202!8m2!3d-6.3694143!4d106.8265052!16s%2Fg%2F11t5l41sdy!19sChIJ1ZYPtZbtaS4RApJQPXeGaqM?authuser=0&hl=id&rclk=1","Printbox FMIPA UI","","","Layanan cetak digital","·","","JRJG+7JG","Buka","·","· Tutup pukul 00.00","0896-9090-2020","","Situs Web","","","https://www.inventing.id/","","Rute",""
"https://www.google.com/maps/place/SUKSES+DIGITAL+PRINTING+24+JAM/data=!4m7!3m6!1s0x2e69ed775e110d89:0x307f802b582675a3!8m2!3d-6.3685308!4d106.8339121!16s%2Fg%2F11ff5h0zc6!19sChIJiQ0RXnftaS4Ro3UmWCuAfzA?authuser=0&hl=id&rclk=1","SUKSES DIGITAL PRINTING 24 JAM","3,9","(43)","Printer Digital","·","","Jl. Margonda No.430","Buka 24 jam","·","","0819-7340-0001","","Situs Web","https://ssl.gstatic.com/local/servicebusiness/default_user.png","""Rekomen sih disini, penolong dikala yg lain libur disini ttap buka""","http://smgroup24jam.com/","","Rute",""
"https://www.google.com/maps/place/ERA3+Foto+Copy+pocin/data=!4m7!3m6!1s0x2e69ec0fc8985ccf:0x4c642a38396259dc!8m2!3d-6.3700358!4d106.833248!16s%2Fg%2F11cmhxtyzk!19sChIJz1yYyA_saS4R3FliOTgqZEw?authuser=0&hl=id&rclk=1","ERA3 Foto Copy pocin","4,5","(10)","Toko Fotokopi","·","","Jl. Stasiun Pondok Cina No.9A","·","Tutup","","0895-0954-0260","","Rute","","","","","","· Buka Sel pukul 08.00"
"https://www.google.com/maps/place/Printbox+FIB+UI/data=!4m7!3m6!1s0x2e69ed95a7414479:0x53dfd16b78335d9d!8m2!3d-6.3639248!4d106.8233969!16s%2Fg%2F11t5l3cszq!19sChIJeURBp5XtaS4RnV0zeGvR31M?authuser=0&hl=id&rclk=1","Printbox FIB UI","5,0","(1)","Layanan cetak digital","·","","JRPF+C9J Universitas Indonesia","","","","","","Situs Web","","","https://www.inventing.id/","","Rute",""
"https://www.google.com/maps/place/Savin+Photocopy/data=!4m7!3m6!1s0x2e69ec18d89c5acd:0x4d94ca5fc7e1ed4b!8m2!3d-6.3630309!4d106.8247196!16s%2Fg%2F11cs1_41b2!19sChIJzVqc2BjsaS4RS-3hx1_KlE0?authuser=0&hl=id&rclk=1","Savin Photocopy","4,8","(8)","Toko Fotokopi","·","","JRPF+QVQ","","Tutup","","","","Rute","","","","","","· Buka Sel pukul 08.00"
"https://www.google.com/maps/place/Fotocopy+Sumur+Bor/data=!4m7!3m6!1s0x2e69e931032f7919:0xf3ea1acd73857256!8m2!3d-6.3837689!4d106.8151821!16s%2Fg%2F11ff4g03pd!19sChIJGXkvAzHpaS4RVnKFc80a6vM?authuser=0&hl=id&rclk=1","Fotocopy Sumur Bor","5,0","(11)","Toko Fotokopi","·","","Jl. H. Muslih No.79","","Buka","","","","Rute","https://ssl.gstatic.com/local/servicebusiness/default_user.png","""Pelayanan ramah bersahabat, harga murah, kualitas oke""","","","","· Tutup pukul 23.00"
"https://www.google.com/maps/place/Foto+Copy+Andalas/data=!4m7!3m6!1s0x2e69ebe0ffffffc7:0x2fbea25df18bf1ec!8m2!3d-6.4051929!4d106.8172514!16s%2Fg%2F11b5wmfp2x!19sChIJx____-DraS4R7PGL8V2ivi8?authuser=0&hl=id&rclk=1","Foto Copy Andalas","4,1","(140)","Toko Fotokopi","·","","·","1, Jl. St. Depok Lama No.11, RT.1/RW.2","Segera tutup","·","0858-8586-2056","","Rute","https://ssl.gstatic.com/local/servicebusiness/default_user.png","""Fast response, service bagus, harga standar dan lengkap""","","","","· 22.00 · Buka Sel pukul 07.00"
"https://www.google.com/maps/place/JIWO+DIGITAL+PRINTING+%26+COPY+CENTER/data=!4m7!3m6!1s0x2e69eddc279d96d7:0xdc1aba9df92521ce!8m2!3d-6.3549965!4d106.8411445!16s%2Fg%2F11r8zrqnsv!19sChIJ15adJ9ztaS4RziEl-Z26Gtw?authuser=0&hl=id&rclk=1","JIWO DIGITAL PRINTING & COPY CENTER","4,9","(11)","Toko Percetakan","·","","DEPAN KAMPUS GUNADARMA E JL. Akses UI, Jl. Komjen. Pol. M. Jasin Jl. Klp. Dua Raya","·","Tutup","","0856-9511-1933","","Rute","https://ssl.gstatic.com/local/servicebusiness/default_user.png","""Harganya juga gausah diraguin lagi, murah banget!""","","","","· Buka Sel pukul 08.00"
"https://www.google.com/maps/place/Printbox+RIK+UI+Gedung+B/data=!4m7!3m6!1s0x2e69edea2c77ea93:0x4cf7aa834aa83ac1!8m2!3d-6.3705535!4d106.8278663!16s%2Fg%2F11t5l39jl9!19sChIJk-p3LOrtaS4RwTqoSoOq90w?authuser=0&hl=id&rclk=1","Printbox RIK UI Gedung B","","","Layanan cetak digital","·","","Universitas Indonesia, Gedung B RIK","Buka","·","· Tutup pukul 00.00","0896-9090-2020","","Situs Web","","","https://www.inventing.id/","","Rute",""
"https://www.google.com/maps/place/Printbox+STP+UI/data=!4m7!3m6!1s0x2e69eda6c33426c5:0x8bc63cc675b4fb6!8m2!3d-6.3653938!4d106.8272973!16s%2Fg%2F11t3__c845!19sChIJxSY0w6btaS4Rtk9bZ8xjvAg?authuser=0&hl=id&rclk=1","Printbox STP UI","5,0","(2)","Layanan cetak digital","·","","Universitas Indonesia, Science Techno Park, Building ground floor","Tutup","·","· Buka Sel pukul 07.00","0896-9090-2020","","Situs Web","https://ssl.gstatic.com/local/servicebusiness/default_user.png","""Revolusioner 👍🏼""","https://www.inventing.id/","","Rute",""
"https://www.google.com/maps/place/Printbox+Fakultas+Teknik+UI/data=!4m7!3m6!1s0x2e69ed3db812021f:0x704c6845b3f7197c!8m2!3d-6.3631791!4d106.8243205!16s%2Fg%2F11s3xc95kp!19sChIJHwISuD3taS4RfBn3s0VoTHA?authuser=0&hl=id&rclk=1","Printbox Fakultas Teknik UI","","","Layanan cetak digital","·","","Fakultas Teknik, Universitas Indonesia","","","","","","Situs Web","","","https://www.inventing.id/","","Rute",""
"https://www.google.com/maps/place/SHOFY+FOTOCOPY/data=!4m7!3m6!1s0x2e69ef00108e0399:0xcd6f0a429bacff68!8m2!3d-6.3675641!4d106.8154773!16s%2Fg%2F11yfg8xfhp!19sChIJmQOOEADvaS4RaP-sm0IKb80?authuser=0&hl=id&rclk=1","SHOFY FOTOCOPY","5,0","(11)","Toko Percetakan","·","","Jl. Kh. Ahmad Dahlan No.21 F","·","Tutup","","0821-2972-3429","","Rute","https://ssl.gstatic.com/local/servicebusiness/default_user.png","""tempatnya bersih dan wangi, servicenya juga ok""","","","","· Buka Sel pukul 07.00"
"https://www.google.com/maps/place/Printbox+Vokasi+UI/data=!4m7!3m6!1s0x2e69effa4c12ece9:0xe85489b4831b1714!8m2!3d-6.3687367!4d106.821444!16s%2Fg%2F11s3xd6sx9!19sChIJ6ewSTPrvaS4RFBcbg7SJVOg?authuser=0&hl=id&rclk=1","Printbox Vokasi UI","","","Layanan cetak digital","·","","Jl. Akses Vokasi UI","Buka","·","· Tutup pukul 00.00","0896-9090-2020","","Situs Web","","","https://www.inventing.id/","","Rute",""
"https://www.google.com/maps/place/KAWAN+PRINT85/data=!4m7!3m6!1s0x2e69ed467d55c45f:0x4b08ab47ea3ae808!8m2!3d-6.3549378!4d106.8413161!16s%2Fg%2F11fmc29d40!19sChIJX8RVfUbtaS4RCOg66kerCEs?authuser=0&hl=id&rclk=1","KAWAN PRINT85","4,9","(10)","Kantor Perusahaan","·","","JRWR+2GG sebrang kampus gundarma e cat warna pink, Jl. Akses UI","·","Segera tutup","","0857-8207-3800","","Rute","https://ssl.gstatic.com/local/servicebusiness/default_user.png","""Saya","","","","· 22.00 · Buka Sel pukul 08.00"
"https://www.google.com/maps/place/Printbox+RIK+UI+Gedung+C/data=!4m7!3m6!1s0x2e69ed0a7ff1c53f:0xd706d11c55b988a!8m2!3d-6.3701422!4d106.8280123!16s%2Fg%2F11t5l3rjjp!19sChIJP8XxfwrtaS4RiphbxRFtcA0?authuser=0&hl=id&rclk=1","Printbox RIK UI Gedung C","5,0","(1)","Layanan cetak digital","·","","Universitas Indonesia Gedung C RIK","","","","","","Situs Web","","","https://www.inventing.id/","","Rute",""
"https://www.google.com/maps/place/Fotocopy+Berkah/data=!4m7!3m6!1s0x2e69ec1b20a5a6fb:0x33e1a6de83da66c1!8m2!3d-6.369699!4d106.8274351!16s%2Fg%2F11csrqg4zg!19sChIJ-6alIBvsaS4RwWbag96m4TM?authuser=0&hl=id&rclk=1","Fotocopy Berkah","4,7","(13)","Toko Percetakan","·","","JRJG+4XF","","Tutup","","","","Rute","https://ssl.gstatic.com/local/servicebusiness/default_user.png","""Bagus hasilnya""","","","","· Buka Sel pukul 07.00"
"https://www.google.com/maps/place/The+print+And+Copyshop/data=!4m7!3m6!1s0x2e69ec123ea394f9:0x622ad3f35d392e2d!8m2!3d-6.3684532!4d106.835298!16s%2Fg%2F11b7hyf43y!19sChIJ-ZSjPhLsaS4RLS45XfPTKmI?authuser=0&hl=id&rclk=1","The print And Copyshop","4,5","(22)","Toko Percetakan","·","","·","Jl. H. M. Tohir No.8a","Segera tutup","·","0817-4111-004","","Rute","","","","","","· 22.00 · Buka Sel pukul 07.30"
"https://www.google.com/maps/place/Universitas+Indonesia/data=!4m7!3m6!1s0x2e69ec1a804e8b85:0xd7bf80e1977cea07!8m2!3d-6.3606229!4d106.8272343!16zL20vMDF6bHJ2!19sChIJhYtOgBrsaS4RB-p8l-GAv9c?authuser=0&hl=id&rclk=1","Universitas Indonesia","4,7","(7.304)","Universitas Negeri","·","","·","Tutup","Universitas dengan fokus sains & riset","· Buka Sel pukul 08.00","(021) 7867222","","Situs Web","https://ssl.gstatic.com/local/servicebusiness/default_user.png","""enak buat olahraga, walaupun besar univ nya terawat dan bersih, 👍""","http://www.ui.ac.id/","","Rute","Jl. Lingkar"
"https://www.google.com/maps/place/Listin+Fotocopy+Center/data=!4m7!3m6!1s0x2e69ebfd9d67da1b:0xae6192240c923b72!8m2!3d-6.3887501!4d106.8186647!16s%2Fg%2F11bzrk9t66!19sChIJG9pnnf3raS4RcjuSDCSSYa4?authuser=0&hl=id&rclk=1","Listin Fotocopy Center","4,5","(11)","Toko Fotokopi","·","","JR69+FFV, Jl. Arif Rahman Hakim, RT.1/RW.3","·","Tutup","","0852-1984-9372","","Rute","https://ssl.gstatic.com/local/servicebusiness/default_user.png","""Pelayanan ramah👍👍👍""","","","","· Buka Sel pukul 07.00"
"https://www.google.com/maps/place/buku+yasin+akses+ui+kelapadua+depok/data=!4m7!3m6!1s0x2e69ed06fb4a8067:0x2163deaf2c8c4c1f!8m2!3d-6.3550011!4d106.8411427!16s%2Fg%2F11n96fz_40!19sChIJZ4BK-wbtaS4RH0yMLK_eYyE?authuser=0&hl=id&rclk=1","buku yasin akses ui kelapadua depok","5,0","(2)","Layanan cetak digital","·","","Jl. Komjen. Pol. M. Jasin, RT.06/RW.9","·","Segera tutup","","0857-1187-7581","","Rute","","","","","","· 22.00 · Buka Sel pukul 08.00"
"https://www.google.com/maps/place/cetak+mug+akses+ui+depok/data=!4m7!3m6!1s0x2e69ed2e4c8b0caf:0xe5fd4bd121cdaac0!8m2!3d-6.355!4d106.8411427!16s%2Fg%2F11n96h7k_p!19sChIJrwyLTC7taS4RwKrNIdFL_eU?authuser=0&hl=id&rclk=1","cetak mug akses ui depok","","","Layanan cetak digital","·","","jl. komjen po. m. jasin, RT.6/RW.9","·","Segera tutup","","0857-1187-7581","","Rute","","","","","","· 22.00 · Buka Sel pukul 08.00"
"https://www.google.com/maps/place/Fotocopy+Hidayat+Digital+%26+Print/data=!4m7!3m6!1s0x2e69ec3daa5f3ed7:0xedd7dc8f7a181a79!8m2!3d-6.3570967!4d106.8332108!16s%2Fg%2F11cm148_lq!19sChIJ1z5fqj3saS4ReRoYeo_c1-0?authuser=0&hl=id&rclk=1","Fotocopy Hidayat Digital & Print","2,5","(2)","Toko Fotokopi","·","","Jl. Jambu Jl. Margonda, RT.02/RW.05","·","Tutup","","0812-8698-2459","","Rute","","","","","","· Buka Sel pukul 07.00"
"https://www.google.com/maps/place/Kiky+Fotocopy/data=!4m7!3m6!1s0x2e69ec38aab79629:0x8af038c3ee26d843!8m2!3d-6.3547345!4d106.841406!16s%2Fg%2F11cjhc4kbj!19sChIJKZa3qjjsaS4RQ9gm7sM48Io?authuser=0&hl=id&rclk=1","Kiky Fotocopy","5,0","(4)","Toko Fotokopi","·","","·","No.61Rt02Rw09, Jl. Akses UI","Tutup","·","0812-1330-1170","","Rute","https://ssl.gstatic.com/local/servicebusiness/default_user.png","""Harga murah....pelayanan baik""","","","","· Buka Sel pukul 07.00"
"https://www.google.com/maps/place/Isan+Jaya+Digital+Printing/data=!4m7!3m6!1s0x2e69ed4f8ce8d40b:0x5cd34a482eac7f2f!8m2!3d-6.3551481!4d106.8439071!16s%2Fg%2F11j1wdprcs!19sChIJC9TojE_taS4RL3-sLkhK01w?authuser=0&hl=id&rclk=1","Isan Jaya Digital Printing","3,3","(13)","Layanan cetak digital","·","","Jl. Akses UI No.23a","·","Tutup","","(021) 22330475","","Rute","","Layanan di tempat","","","","· Buka Sel pukul 08.00"
"https://www.google.com/maps/place/Almahyra+Hibatillah+%28+Foto+copy+dan+Print+laser+%29/data=!4m7!3m6!1s0x2e69ec1daf104369:0xb5c8e24d4d5ed4ec!8m2!3d-6.3678079!4d106.8195142!16s%2Fg%2F11cn92p_9k!19sChIJaUMQrx3saS4R7NReTU3iyLU?authuser=0&hl=id&rclk=1","Almahyra Hibatillah ( Foto copy dan Print laser )","5,0","(13)","Printer Digital","·","","Jl. Palakali Belakang Kampus UI No.64","·","Tutup","","(021) 78894158","","Rute","https://ssl.gstatic.com/local/servicebusiness/default_user.png","""tempat","","","","· Buka Sel pukul 08.00"
"https://www.google.com/maps/place/KARTINI+DIGITAL+PRINTING+24+JAM/data=!4m7!3m6!1s0x2e69ebf19fa0e93b:0xfe5bd1374ae3a739!8m2!3d-6.4048295!4d106.8188637!16s%2Fg%2F11shqddyk0!19sChIJO-mgn_HraS4ROafjSjfRW_4?authuser=0&hl=id&rclk=1","KARTINI DIGITAL PRINTING 24 JAM","4,1","(137)","Layanan cetak digital","·","","·","Jl. Kartini No.5","Buka 24 jam","·","0819-7340-0005","","Rute","https://ssl.gstatic.com/local/servicebusiness/default_user.png","""KARTINI DIGITAL PRINTING 24JAM SOLUSINYA PRINTING DI SEKITAR KARTINI/GDC""","","","",""
"https://www.google.com/maps/place/CAHAYA+SOUVENIR+DEPOK/data=!4m7!3m6!1s0x2e69ede0e3a1d9b3:0x60f4e745c8011159!8m2!3d-6.3686082!4d106.8324455!16s%2Fg%2F11hyhcvnmm!19sChIJs9mh4-DtaS4RWREByEXn9GA?authuser=0&hl=id&rclk=1","CAHAYA SOUVENIR DEPOK","4,9","(91)","Layanan cetak digital","·","","Jl. Stasiun Pondok Cina","Buka","·","· Tutup Sel pukul 05.00","0856-7092-112","","Situs Web","https://ssl.gstatic.com/local/servicebusiness/default_user.png","""Hasil memuaskan, fast respond, pelayanan sangat baik dan ramah.""","https://cahayasouvenirdepok.com/","","Rute",""
"https://www.google.com/maps/place/SKY+Print/data=!4m7!3m6!1s0x2e69ed393cd10637:0x9e17f7e8126ac5d0!8m2!3d-6.3552142!4d106.839649!16s%2Fg%2F11r_mfmcdy!19sChIJNwbRPDntaS4R0MVqEuj3F54?authuser=0&hl=id&rclk=1","SKY Print","5,0","(199)","Layanan cetak digital","·","","Satria Building 2 Jalan Komjen M Yasin, A Jl. Klp. Dua Raya No.104","Tutup","·","· Buka Sel pukul 08.00","0813-8547-7763","","Situs Web","https://ssl.gstatic.com/local/servicebusiness/default_user.png","""Sangat bagus hasil desain dan printing nya recomended banget deh""","https://linktr.ee/skyprint_id","","Rute",""
"https://www.google.com/maps/place/FOTOCOPY+MAJUPRINT+PONDOK+DUTA/data=!4m7!3m6!1s0x2e69ed05fd1aa6a7:0x9539369085ef3c87!8m2!3d-6.3724816!4d106.847541!16s%2Fg%2F11fn0jyhsg!19sChIJp6Ya_QXtaS4RhzzvhZA2OZU?authuser=0&hl=id&rclk=1","FOTOCOPY MAJUPRINT PONDOK DUTA","4,5","(13)","Toko Fotokopi","·","","Jl. Raya Pd. Duta No.57","·","Tutup","","0838-7310-3000","","Rute","https://ssl.gstatic.com/local/servicebusiness/default_user.png","""Bisa","","","","· Buka Sel pukul 06.00"
"https://www.google.com/maps/place/Delima+Photo+Copy/data=!4m7!3m6!1s0x2e69eb8fe862222f:0x9b471ad7da972768!8m2!3d-6.3898816!4d106.8519633!16s%2Fg%2F1hm58c83h!19sChIJLyJi6I_raS4RaCeX2tcaR5s?authuser=0&hl=id&rclk=1","Delima Photo Copy","4,6","(28)","Toko Fotokopi","·","","·","JV62+2QW, Jl. Keadilan Raya","Tutup","·","0856-9429-9854","","Rute","","","","","","· Buka Sel pukul 07.30"
"https://www.google.com/maps/place/Multi+Fotocopy/data=!4m7!3m6!1s0x2e69ec7a699dcdf9:0x131c12e57c9f9b9a!8m2!3d-6.373194!4d106.8545391!16s%2Fg%2F11bbwm0p2r!19sChIJ-c2daXrsaS4RmpuffOUSHBM?authuser=0&hl=id&rclk=1","Multi Fotocopy","4,6","(76)","Toko Fotokopi","·","","·","Tutup","·","· Buka Sel pukul 07.30","0852-8900-7899","","Situs Web","https://ssl.gstatic.com/local/servicebusiness/default_user.png","""Tempat","http://business.google.com/website/multi-fotocopy","","Rute","Jl. Raya Duta Pelni"
"https://www.google.com/maps/place/Nayla+Foto+Copy/data=!4m7!3m6!1s0x2e69e9304bc4da11:0xbfb70c1b7aed63fb!8m2!3d-6.3901514!4d106.7841129!16s%2Fg%2F11cjv5l2mv!19sChIJEdrESzDpaS4R-2PtehsMt78?authuser=0&hl=id&rclk=1","Nayla Foto Copy","4,5","(41)","Toko Fotokopi","·","","·","Jl. Samudera Jaya No.57D","Segera tutup","·","0852-1855-9828","","Rute","https://ssl.gstatic.com/local/servicebusiness/default_user.png","""Bisa","","","","· 22.00 · Buka Sel pukul 07.00"
"https://www.google.com/maps/place/Thinkplus+Indonesia/data=!4m7!3m6!1s0x2e69f31eda6dbbf7:0x316ba485c1946ca0!8m2!3d-6.3638229!4d106.8361388!16s%2Fg%2F11fj3cylsl!19sChIJ97tt2h7zaS4RoGyUwYWkazE?authuser=0&hl=id&rclk=1","Thinkplus Indonesia","4,7","(7)","Layanan cetak digital","·","","Jl. H. Mahali No.31B","Segera tutup","·","· 22.00 · Buka Sel pukul 08.00","0811-6007-000","","Situs Web","https://ssl.gstatic.com/local/servicebusiness/default_user.png","""Lagu nyari tempat cetak yang terjangkau untuk percetakan kecil.""","http://www.thinkplus.id/","","Rute",""
"https://www.google.com/maps/place/Aulia+FotoCopy/data=!4m7!3m6!1s0x2e69e95ec1cd6a67:0xbdecc31756f73612!8m2!3d-6.3979033!4d106.8135982!16s%2Fg%2F1q629jpqj!19sChIJZ2rNwV7paS4REjb3VhfD7L0?authuser=0&hl=id&rclk=1","Aulia FotoCopy","4,5","(12)","Toko Fotokopi","·","","Jl. Nusantara Raya No.186, RT.09/RW.01","·","Segera tutup","","0878-8131-7543","","Rute","","","","","","· 22.00 · Buka Sel pukul 08.00"
"https://www.google.com/maps/place/Garuda+Print+dan+Foto+Copy/data=!4m7!3m6!1s0x2e69ef798128a85f:0xf7c6db074fc919a0!8m2!3d-6.3545904!4d106.7754215!16s%2Fg%2F11jv71smkn!19sChIJX6gogXnvaS4RoBnJTwfbxvc?authuser=0&hl=id&rclk=1","Garuda Print dan Foto Copy","4,6","(18)","Toko Percetakan","·","","Jl. Limo Raya No.7, RT.2/RW.5","","","","","","Rute","https://ssl.gstatic.com/local/servicebusiness/default_user.png","""Pelayanan oke, gercep, bisa antar juga kalau lagi ngk bisa keluar RS👌""","","","",""
"https://www.google.com/maps/place/Prasasti+Digital+Printing/data=!4m7!3m6!1s0x2e69edef1046917f:0xc8122ae249f11365!8m2!3d-6.3921889!4d106.8657667!16s%2Fg%2F11fjbqwf15!19sChIJf5FGEO_taS4RZRPxSeIqEsg?authuser=0&hl=id&rclk=1","Prasasti Digital Printing","4,6","(44)","Layanan cetak digital","·","","Jl. Raya Bogor km.33,5 No.14, RT.1/RW./.1","·","Buka","","0812-9915-4450","","Rute","https://ssl.gstatic.com/local/servicebusiness/default_user.png","""Tempat cetak cepat dengan pelayanan prima""","","","","· Tutup pukul 00.00"
"https://www.google.com/maps/place/Lisda+Jaya+Foto+Copy/data=!4m7!3m6!1s0x2e69ec38b4c65369:0xb22721ff3ea3a421!8m2!3d-6.3548077!4d106.8406649!16s%2Fg%2F11cjg72_r2!19sChIJaVPGtDjsaS4RIaSjPv8hJ7I?authuser=0&hl=id&rclk=1","Lisda Jaya Foto Copy","5,0","(1)","Toko Fotokopi","·","","JRWR+37F, Jl. Komjen. Pol. M. Jasin","·","Tutup","","0821-6764-1638","","Rute","","","","","","· Buka Sel pukul 09.00"
"https://www.google.com/maps/place/Priangan+Print/data=!4m7!3m6!1s0x2e69eb8fe0edc2ab:0xdac4b064907a7d1e!8m2!3d-6.3892358!4d106.8520302!16s%2Fg%2F11b5wml71f!19sChIJq8Lt4I_raS4RHn16kGSwxNo?authuser=0&hl=id&rclk=1","Priangan Print","4,4","(14)","Toko Fotokopi","·","","Jl. Keadilan Raya","·","Segera tutup","","0812-1038-5710","","Rute","https://ssl.gstatic.com/local/servicebusiness/default_user.png","""Oke, pelayanan cukup baik, pegawai ramah""","","","","· 21.30 · Buka Sel pukul 08.00"
"https://www.google.com/maps/place/Berkah+Foto+Copy/data=!4m7!3m6!1s0x2e69ebe732f0bc8d:0x95894c734941b80!8m2!3d-6.399663!4d106.8233509!16s%2Fg%2F1ptxmljmh!19sChIJjbzwMufraS4RgBuUNMeUWAk?authuser=0&hl=id&rclk=1","Berkah Foto Copy","4,2","(54)","Toko Fotokopi","·","","·","Jl. Siliwangi No.22A","Tutup","·","0878-5434-9186","","Rute","https://ssl.gstatic.com/local/servicebusiness/default_user.png","""bisa cetak kartu bpjs ga bang""","","","","· Buka Sel pukul 08.00"
"https://www.google.com/maps/place/LowCost+Print+%26+PhotoCopy/data=!4m7!3m6!1s0x2e69ed82f189f9c7:0x6917457da518a262!8m2!3d-6.3691915!4d106.8304683!16s%2Fg%2F11j8_hpsgt!19sChIJx_mJ8YLtaS4RYqIYpX1FF2k?authuser=0&hl=id&rclk=1","LowCost Print & PhotoCopy","","","Toko Percetakan","·","","JRJJ+85G","","","","0852-7550-7141","","Rute","","","","","",""
"https://www.google.com/maps/place/Fotocopy+SAE/data=!4m7!3m6!1s0x2e69ec0415a0e641:0x9d25fd750efd1f4d!8m2!3d-6.3747224!4d106.8251039!16s%2Fg%2F11f1r6t55c!19sChIJQeagFQTsaS4RTR_9DnX9JZ0?authuser=0&hl=id&rclk=1","Fotocopy SAE","5,0","(3)","Kantor Perusahaan","·","","JRGG+429","·","Tutup","","0878-8412-0497","","Rute","https://ssl.gstatic.com/local/servicebusiness/default_user.png","""Cocok buat","","","","· Buka Sel pukul 07.30"
"https://www.google.com/maps/place/PERMATA+FOTO+COPY+4+CINERE/data=!4m7!3m6!1s0x2e69ef1215f806b7:0xf3088fa361256656!8m2!3d-6.3414956!4d106.7869284!16s%2Fg%2F11gjq0gt7s!19sChIJtwb4FRLvaS4RVmYlYaOPCPM?authuser=0&hl=id&rclk=1","PERMATA FOTO COPY 4 CINERE","4,7","(34)","Toko Alat Tulis Kantor","·","","·","Jl. PLN No.129","Segera tutup","·","0895-3599-30100","","Rute","https://ssl.gstatic.com/local/servicebusiness/default_user.png","""Lengkap banget, sellernya ramah, dan harga lumayan bersahabat""","","","","· 22.00 · Buka Sel pukul 07.00"
"https://www.google.com/maps/place/Raden+Print+Shop+%7C+Copy+-+Digital+Printing+%26+Percetakan/data=!4m7!3m6!1s0x2e69e96e9baa926f:0xd584569baf0f5ba!8m2!3d-6.382603!4d106.8039012!16s%2Fg%2F11sd8scwm0!19sChIJb5Kqm27paS4RuvXwumlFWA0?authuser=0&hl=id&rclk=1","Raden Print Shop | Copy - Digital Printing & Percetakan","4,9","(36)","Layanan cetak digital","·","","Ruko d'Living, Jl. Raden Sanim No.36 kav 5","Tutup","·","· Buka Sel pukul 08.00","0813-8882-9298","","Situs Web","https://ssl.gstatic.com/local/servicebusiness/default_user.png","""Recommended banget buat yang cari kualitas dengan harga kompetitif!""","http://radenprintshop.com/","","Rute",""
"https://www.google.com/maps/place/Print+%26+Photocopy+Orase/data=!4m7!3m6!1s0x2e69e95af64fa2a9:0x84216006568511cd!8m2!3d-6.393236!4d106.809383!16s%2Fg%2F11c1xjbnf3!19sChIJqaJP9lrpaS4RzRGFVgZgIYQ?authuser=0&hl=id&rclk=1","Print & Photocopy Orase","4,7","(21)","Toko Fotokopi","·","","Jl. Irian Jaya No.75, RT.8/RW.4","·","Tutup","","0851-7173-1607","","Rute","https://ssl.gstatic.com/local/servicebusiness/default_user.png","""Lumayan bagus.. sayang nya.. parkir mobil agak susah.. pelayanan bagus""","","","","· Buka Sel pukul 08.00"
"https://www.google.com/maps/place/Starpin+Depok/data=!4m7!3m6!1s0x2e69ed26bb80cacf:0x1f894210bb1374e0!8m2!3d-6.3697522!4d106.8325806!16s%2Fg%2F11cmhz8cms!19sChIJz8qAuybtaS4R4HQTuxBCiR8?authuser=0&hl=id&rclk=1","Starpin Depok","4,9","(115)","Toko Percetakan","·","","·","Tutup","·","· Buka Sel pukul 09.00","0813-1410-0940","","Situs Web","https://ssl.gstatic.com/local/servicebusiness/default_user.png","""Tempat untuk membuat sovenir gantungan kunci mug .dll""","http://www.starpindepok.com/","","Rute","Jl. Stasiun Pondok Cina No.28C"
"https://www.google.com/maps/place/Fotokopi+Permata+3/data=!4m7!3m6!1s0x2e69eef61f4b8ecb:0x7df920130225d4e3!8m2!3d-6.3415605!4d106.7869271!16s%2Fg%2F11f3qydggt!19sChIJy45LH_buaS4R49QlAhMg-X0?authuser=0&hl=id&rclk=1","Fotokopi Permata 3","4,6","(14)","Toko Fotokopi","·","","·","Jl. PLN No.77-54","","","","","Rute","","","","","",""
"https://www.google.com/maps/place/PIN+akses+ui+depok/data=!4m7!3m6!1s0x2e69ed04a8200aa3:0x3b42c40c96586315!8m2!3d-6.3549967!4d106.8411447!16s%2Fg%2F11nfbkt6nr!19sChIJowogqATtaS4RFWNYlgzEQjs?authuser=0&hl=id&rclk=1","PIN akses ui depok","","","Layanan cetak digital","·","","Jl. Komjen. Pol. M. Jasin, RT.06/RW.09","·","Tutup","","0856-9511-1933","","Rute","","","","","","· Buka Sel pukul 08.00"
"https://www.google.com/maps/place/Foto+copy+habibi/data=!4m7!3m6!1s0x2e69ed62d4b79dfb:0x4eb238cb9f8103fe!8m2!3d-6.3954287!4d106.8214867!16s%2Fg%2F11fhq_wtkk!19sChIJ-5231GLtaS4R_gOBn8s4sk4?authuser=0&hl=id&rclk=1","Foto copy habibi","4,3","(9)","Toko Fotokopi","·","","Jl. Margonda No.48A","·","Tutup","","0812-8187-0884","","Rute","https://ssl.gstatic.com/local/servicebusiness/default_user.png","""Keren jam 6 pagi udh buka👏👏👏👏👏""","","","","· Buka Sel pukul 06.30"
"https://www.google.com/maps/place/Mole+Fotokopi/data=!4m7!3m6!1s0x2e69ed2818977475:0xe8b82ea955ee1f1e!8m2!3d-6.3496527!4d106.8513169!16s%2Fg%2F11vx5fzr6n!19sChIJdXSXGCjtaS4RHh_uVakuuOg?authuser=0&hl=id&rclk=1","Mole Fotokopi","","","Percetakan Komersial","·","","Jl. Jend, Jl. Kol. Pol Pranoto RW05 No.4 RT07","·","Buka 24 jam","","0851-7434-1717","","Rute","","","","","",""
"https://www.google.com/maps/place/Photocopy/data=!4m7!3m6!1s0x2e69e955aa087131:0x6ad382df552c814!8m2!3d-6.3839754!4d106.8148749!16s%2Fg%2F11cn3vjtkp!19sChIJMXEIqlXpaS4RFMhS9S04rQY?authuser=0&hl=id&rclk=1","Photocopy","","","Toko Fotokopi","·","","Jl. H. Muslih No.6, RT.6/RW.2","·","Tutup","","0877-8159-2818","","Rute","","","","","","· Buka Sel pukul 10.00"
"https://www.google.com/maps/place/FOTOKOPI+ARUM+1/data=!4m7!3m6!1s0x2e69ef0061d2e489:0x3d42d3d3daaece2d!8m2!3d-6.3675639!4d106.7544938!16s%2Fg%2F11lyn1cwjz!19sChIJieTSYQDvaS4RLc6u2tPTQj0?authuser=0&hl=id&rclk=1","FOTOKOPI ARUM 1","5,0","(7)","Toko Fotokopi","·","","Jl. Raya Pahlawan No.66","·","Segera tutup","","0878-3093-1277","","Rute","https://ssl.gstatic.com/local/servicebusiness/default_user.png","""pelayanannya bagus dan motocopy nya cepet orangnya ramah😃😃""","","","","· 22.00 · Buka Sel pukul 06.00"
"https://www.google.com/maps/place/Yoes+Fotocopy+Digital/data=!4m7!3m6!1s0x2e69ef3c7f689be7:0x6ae62d8d24fbf523!8m2!3d-6.3678062!4d106.7555948!16s%2Fg%2F11c58pkjjp!19sChIJ55tofzzvaS4RI_X7JI0t5mo?authuser=0&hl=id&rclk=1","Yoes Fotocopy Digital","4,9","(9)","Toko Fotokopi","·","","JQJ4+V6H, Jl. Raya Pahlawan","·","Buka","","0852-1874-6423","","Rute","https://ssl.gstatic.com/local/servicebusiness/default_user.png","""Benar benar membanti, dan lengkap cocok bagi kalian yang suka mendadak""","","","","· Tutup pukul 23.30"
"https://www.google.com/maps/place/PERCETAKAN+H8+%7C+HEIGHT+COPY+%26+DIGITAL+PRINT/data=!4m7!3m6!1s0x2e69ec6b9b5425f3:0x3487b5b5fc40a6fc!8m2!3d-6.3642982!4d106.8447876!16s%2Fg%2F11by_ctqvr!19sChIJ8yVUm2vsaS4R_KZA_LW1hzQ?authuser=0&hl=id&rclk=1","PERCETAKAN H8 | HEIGHT COPY & DIGITAL PRINT","4,9","(52)","Percetakan Komersial","·","","Jl. Santri","Tutup","·","· Buka Sel pukul 08.00","0877-8688-0711","","Situs Web","https://ssl.gstatic.com/local/servicebusiness/default_user.png","""Hasilnya juga bagus dan request kita dikerjakan dengan baik.""","https://linktr.ee/heightprint","","Rute",""
"https://www.google.com/maps/place/Shalwa+Foto+Copy/data=!4m7!3m6!1s0x2e69ebdf7231608f:0xac4ffce9c7a0f1c2!8m2!3d-6.4024778!4d106.8190118!16s%2Fg%2F11bytsj135!19sChIJj2Axct_raS4RwvGgx-n8T6w?authuser=0&hl=id&rclk=1","Shalwa Foto Copy","4,1","(25)","Toko Fotokopi","·","","·","Jl. Kartini No.40","Tutup","·","0813-1552-9560","","Rute","","","","","","· Buka Sel pukul 08.00"
"https://www.google.com/maps/place/HAURA+FOTO+COPY/data=!4m7!3m6!1s0x2e69e96d4d6caf9f:0xff686a4a16aefb66!8m2!3d-6.3774853!4d106.7702202!16s%2Fg%2F11gv0vk2hx!19sChIJn69sTW3paS4RZvuuFkpqaP8?authuser=0&hl=id&rclk=1","HAURA FOTO COPY","5,0","(9)","Toko Alat Tulis","·","","Jl. Meruyung Raya No.17 C","·","Segera tutup","","0856-9318-8395","","Rute","","Belanja di toko","","","","· 22.00 · Buka Sel pukul 07.00"
"https://www.google.com/maps/place/Teman+Print/data=!4m7!3m6!1s0x2e69eb7a3c90ee11:0x4ee56c5c2f8a67aa!8m2!3d-6.3853233!4d106.8400978!16s%2Fg%2F11gs735pxr!19sChIJEe6QPHrraS4RqmeKL1xs5U4?authuser=0&hl=id&rclk=1","Teman Print","4,6","(204)","Percetakan Komersial","·","","Jl. K.H.M. Yusuf Raya No.57A","Segera tutup","·","· 22.00 · Buka Sel pukul 08.30","(021) 29441189","","Situs Web","https://ssl.gstatic.com/local/servicebusiness/default_user.png","""Hasil printnya bagus dibanding percetakan lain yang harganya serupa""","https://www.temanprint.com/","","Rute",""
"https://www.google.com/maps/place/A317+Print+Scan+Fotocopy/data=!4m7!3m6!1s0x2e69e9c4793040af:0x5c9667c1fab0c971!8m2!3d-6.4050867!4d106.8439738!16s%2Fg%2F11s3qdp1n2!19sChIJr0AwecTpaS4Rccmw-sFnllw?authuser=0&hl=id&rclk=1","A317 Print Scan Fotocopy","5,0","(1)","Toko Fotokopi","·","","Griya Lembah Depok, Jl. Griya Lembah Selatan 3 No.17 Blok A3, RT.002/RW.024","·","Buka","","0851-6148-3338","","Rute","https://ssl.gstatic.com/local/servicebusiness/default_user.png","""sangat membantu untuk yg rumah di lembah karena dekat""","","","","· Tutup pukul 23.00"
"https://www.google.com/maps/place/Tinis+Studio+Fotokopi/data=!4m7!3m6!1s0x2e69ef2dbc4eb6e1:0xee739aea4c8bcf30!8m2!3d-6.3797303!4d106.7605301!16s%2Fg%2F11c5_1yp2h!19sChIJ4bZOvC3vaS4RMM-LTOqac-4?authuser=0&hl=id&rclk=1","Tinis Studio Fotokopi","5,0","(3)","Toko Fotokopi","·","","Jl. Masjid Nurul Yaqin","·","Segera tutup","","0813-1434-4023","","Rute","","Layanan di tempat","","","","· 22.00 · Buka Sel pukul 09.00"
"https://www.google.com/maps/place/Depok+Printing/data=!4m7!3m6!1s0x2e69ebbd64ecf6b3:0xb51260c7be3e1dc7!8m2!3d-6.4009871!4d106.8511481!16s%2Fg%2F11c1_vzfgj!19sChIJs_bsZL3raS4Rxx0-vsdgErU?authuser=0&hl=id&rclk=1","Depok Printing","4,0","(333)","Layanan cetak digital","·","","·","Segera tutup","·","· 22.00 · Buka Sel pukul 09.00","0899-2222-099","","Situs Web","https://ssl.gstatic.com/local/servicebusiness/default_user.png","""Hasil printnya bagus, staf²nya jg ramah, & harga wajar.""","http://printingdepok.blogspot.com/","","Rute","Jl. Bahagia Raya No.9A"
"https://www.google.com/maps/place/Salehi+Photo+Copy+%26+Print/data=!4m7!3m6!1s0x2e69eb3cafbbc1e3:0x6fa890d4becbead4!8m2!3d-6.4007097!4d106.8605139!16s%2Fg%2F11fj_zk769!19sChIJ48G7rzzraS4R1OrLvtSQqG8?authuser=0&hl=id&rclk=1","Salehi Photo Copy & Print","4,8","(17)","Toko Fotokopi","·","","Jalan Pemancar 5 Komplek Departemen Penerangan RRI depan, Jl. Masjid Al Muttaqin","·","Tutup","","0812-8114-5614","","Rute","","","","","","· Buka Sel pukul 08.00"
"https://www.google.com/maps/place/Fotokopi+Sobo+Indah+2/data=!4m7!3m6!1s0x2e69ec63f48d9739:0xec1d912b1aa2b022!8m2!3d-6.3649454!4d106.8593381!16s%2Fg%2F1q5br5lg_!19sChIJOZeN9GPsaS4RIrCiGiuRHew?authuser=0&hl=id&rclk=1","Fotokopi Sobo Indah 2","4,8","(10)","Toko Fotokopi","·","","·","7, Jl. Raya Jakarta-Bogor No.85, RW.1","Tutup","·","0857-1909-2924","","Rute","https://ssl.gstatic.com/local/servicebusiness/default_user.png","""pelayanan nya ramah bangetttt, bintang 10000 pokonya""","","","","· Buka Sel pukul 07.00"
"https://www.google.com/maps/place/FOTOCOPY+FADILA,+PAS+FOTO+STUDIO+KRUKUT+DEPOK/data=!4m7!3m6!1s0x2e69efb5c27ed343:0xb70d5c9923658d8c!8m2!3d-6.3512815!4d106.7918857!16s%2Fg%2F11fhy28268!19sChIJQ9N-wrXvaS4RjI1lI5lcDbc?authuser=0&hl=id&rclk=1","FOTOCOPY FADILA, PAS FOTO STUDIO KRUKUT DEPOK","5,0","(8)","Toko Fotokopi","·","","Jl. Raya Krukut, RT.001/RW.06","·","Tutup","","0813-1972-1630","","Rute","https://ssl.gstatic.com/local/servicebusiness/default_user.png","""Pelayanannya ramah, harganya juga murah..""","","","","· Buka Sel pukul 08.00"
"https://www.google.com/maps/place/Duta+Print/data=!4m7!3m6!1s0x2e69ebfb0f59e7a5:0xc9c2295553af0b3b!8m2!3d-6.3889859!4d106.8258734!16s%2Fg%2F11bbrhy_7r!19sChIJpedZD_vraS4ROwuvU1Upwsk?authuser=0&hl=id&rclk=1","Duta Print","5,0","(1)","Toko Fotokopi","·","","Jl. Margonda No.71","·","Tutup","","(021) 77215606","","Rute","","","","","","· Buka Sel pukul 08.00"
"https://www.google.com/maps/place/Kios+Print+UI+Depok/data=!4m7!3m6!1s0x2e69ec1da4c79a17:0x13c97d8bc8d9a4dc!8m2!3d-6.3677414!4d106.8199038!16s%2Fg%2F1q64sq5ql!19sChIJF5rHpB3saS4R3KTZyIt9yRM?authuser=0&hl=id&rclk=1","Kios Print UI Depok","4,6","(13)","Toko Fotokopi","·","","·","Jl. Palakali No.75","","·","0895-3647-41870","","Rute","","","","","",""
"https://www.google.com/maps/place/Jaya+Print/data=!4m7!3m6!1s0x2e69ec1da51e89c1:0xba58d1caaa49b36!8m2!3d-6.3677437!4d106.8198779!16s%2Fg%2F11c20bmqp2!19sChIJwYkepR3saS4RNpukqhyNpQs?authuser=0&hl=id&rclk=1","Jaya Print","5,0","(7)","Toko Percetakan","·","","Jl. Palakali No.76","·","","","0813-5689-5512","","Rute","","","","","",""
"","","","","","","","","","","","","","","","","","","",""