"hfpxzc href","qBF1Pd","MW4etd","UY7F9","AJB7ye","AJB7ye 2","W4Efsd","W4Efsd 2","doJOZc","W4Efsd 3","W4Efsd 4","W4Efsd 6","W4Efsd 7","FQ2IWe src","Jn12ke src","ah5Ghc","A1zNzb href","J8zHNe","bbPy1"
"","","","","","","","","","","","","","","","","","",""
"","","","","","","","","","","","","","","","","","",""
"https://www.google.com/maps/place/Gubug+Makan+Mang+Engking/data=!4m7!3m6!1s0x2e69ec306e509193:0x25a371469eb859e9!8m2!3d-6.3492789!4d106.8315848!16s%2Fg%2F1tdhwjp8!19sChIJk5FQbjDsaS4R6Vm4nkZxoyU?authuser=0&hl=id&rclk=1","Gubug Makan Mang Engking","4,5","(6.748)","·","$$","Hidangan Laut","·","","·","Lingkar Utara, RW.3","Tutup","· Buka Sel pukul 10.00","https://lh3.googleusercontent.com/gps-cs-s/APNQkAFwHLL_jaDcpijpdnj-f5kGanpu0LUsfT1bmC9HtOdy_JlSd2PFdwYDLqdvTovuRfxHMt69lSRerpP710VXdYFnvCPH-D-tFNBSAqM6Uctt4d6zL7_d4OSlaiocQxJLaFjei1sq=w128-h92-k-no","https://ssl.gstatic.com/local/servicebusiness/default_user.png","""There are many food and drink menus available.""","","",""
"https://www.google.com/maps/place/JChicken+UI/data=!4m7!3m6!1s0x2e69ed450754ebe1:0x19ce8c605c6a1b23!8m2!3d-6.3627706!4d106.8295319!16s%2Fg%2F11w_rgzk8p!19sChIJ4etUB0XtaS4RIxtqXGCMzhk?authuser=0&hl=id&rclk=1","JChicken UI","4,9","(420)","·","Rp 25–50 rb","Ayam","·","","JRPH+VRV Universitas Indonesia, Gedung Takoru Fakultas Ilmu Sosial dan Ilmu Politik","","Tutup","· Buka Sel pukul 08.00","https://lh3.googleusercontent.com/gps-cs-s/APNQkAEmsrv3pZWVoJ70a4_GzA3FTMoWE6ZWvKrP4tR96XkVHnB29v5qFJDth1h53qDWbpBc6ULqHhFd4QAbjlRVr8VZ6jGFzTMmJPzQRpFfdzKZ2_z0oG5RRaZprKORi3_pmcjVVOIEscgS9FI=w80-h106-k-no","https://ssl.gstatic.com/local/servicebusiness/default_user.png","""Ayamnya bumbunya lebih terasa.""","https://www.google.com/searchviewer/42?cvd=CLw_EicKJeICIjIgEhkiF9LX29IPEQoNL2cvMTF3X3Jnems4cBgBOgMI8A0%3D&hl=id-ID&gl=id&fo_m=MfohQo559jFvMUOzJVpjPL1YMfZ3bInYwBDuMfaXTPp5KXh-&utm_source=tactile&gei=_a_4aeK1C6KdseMP2s7JuQQ&ei=_a_4aeK1C6KdseMP2s7JuQQ&fo_s=OA&opi=79508299&orderType=1&ebb=1&cs=0&foub=mcpp","Pesan online",""
"https://www.google.com/maps/place/Twin+House+Depok,+FISIP+UI/data=!4m7!3m6!1s0x2e69ed018ad15049:0x3d4d89824319aa0b!8m2!3d-6.3614721!4d106.8295012!16s%2Fg%2F11mlwzgcjc!19sChIJSVDRigHtaS4RC6oZQ4KJTT0?authuser=0&hl=id&rclk=1","Twin House Depok, FISIP UI","5,0","(14)","·","Rp 25–50 rb","Restoran","·","","Universitas Indonesia, Fakultas Ilmu Sosial dan Ilmu Politik, FISIP UI Jl. Prof. DR. Selo Soemardjan","","Segera tutup","· 22.00 · Buka Sel pukul 11.00","https://lh3.googleusercontent.com/gps-cs-s/APNQkAGuailg7otJmihpQRc838D8wtTloRitYWr7svXQTxakO4lvv70k6Oq2mapQWA70COaqE_C89hTCQTlisrn_dTAjx5uJ-JGBBq0sQaJPKI39Kkkk0NvM6M0FTET4bo4RG5OFRFm-STY7KKU=w80-h106-k-no","https://ssl.gstatic.com/local/servicebusiness/default_user.png","""Chicken popcorn & chicken steak very recommended.""","","",""
"https://www.google.com/maps/place/oi+coffee+%26+eatery/data=!4m7!3m6!1s0x2e69edfedc95fb0f:0x31a3503147a83394!8m2!3d-6.3541917!4d106.8368023!16s%2Fg%2F11m379k1l9!19sChIJD_uV3P7taS4RlDOoRzFQozE?authuser=0&hl=id&rclk=1","oi coffee & eatery","4,8","(2.593)","·","Rp 25–50 rb","Kedai Kopi","·","","·","Ruko River View Jl. Komjen. Pol. M. Jasin No.1","Buka","· Tutup pukul 00.00","https://lh3.googleusercontent.com/gps-cs-s/APNQkAEGtMprW1v5Ws3_gFMGCb4Ro0ZA8XkC1rJr4RcopPaGCYAsz-y4tgm1BggHXauHwR4HqgQp9Bt7i-IMaOu89ulOwZbuQqO2lNZohr0xFOcWF5iuO8Fjs48_T6M_jJS4mIWOdY2K=w122-h92-k-no","https://ssl.gstatic.com/local/servicebusiness/default_user.png","""good food, good ambiance.""","https://www.google.com/searchviewer/42?cvd=CLw_EicKJeICIjIgEhkiF9LX29IPEQoNL2cvMTFtMzc5azFsORgBOgMI8A0%3D&hl=id-ID&gl=id&fo_m=MfohQo559jFvMUOzJVpjPL1YMfZ3bInYwBDuMfaXTPp5KXh-&utm_source=tactile&gei=_a_4aeK1C6KdseMP2s7JuQQ&ei=_a_4aeK1C6KdseMP2s7JuQQ&fo_s=OA&opi=79508299&orderType=1&ebb=1&cs=0&foub=mcpp","Pesan online",""
"https://www.google.com/maps/place/Kantin+Pusat+Studi+Jepang+%28SK+Steak+UI%29/data=!4m7!3m6!1s0x2e69ed446171f265:0xa1fd7c03a3ba99af!8m2!3d-6.361741!4d106.8280298!16s%2Fg%2F11llv0gpfj!19sChIJZfJxYUTtaS4Rr5m6owN8_aE?authuser=0&hl=id&rclk=1","Kantin Pusat Studi Jepang (SK Steak UI)","4,2","(30)","·","Rp 25–50 rb","Masakan Asia","·","","JRQH+862","","Tutup","· Buka Sel pukul 07.00","https://lh3.googleusercontent.com/gps-cs-s/APNQkAEmh5_FGS8XTUS91IEiw6nq6GsczKuILZDOViIzHD5B2vaOlYlq3kORdaAPzApI-XTJk6h-XCn-xqKxVjmdRM2d7nbq6OpcsgnXRQQ3knStCEMGiHS44v_vShsT1yfq5ZBaMXNkVw=w163-h92-k-no","https://ssl.gstatic.com/local/servicebusiness/default_user.png","""Menu steak dengan aneka pilihan daging lokal dan impor.""","","",""
"https://www.google.com/maps/place/Green+Mipa+UI+Resto/data=!4m7!3m6!1s0x2e69ed7e5ce33849:0x971a2c14ee7673f!8m2!3d-6.3691102!4d106.8257261!16s%2Fg%2F11fl095_hb!19sChIJSTjjXH7taS4RP2fnTsGicQk?authuser=0&hl=id&rclk=1","Green Mipa UI Resto","4,5","(293)","·","Rp 25–50 rb","Restoran","","","","","Tutup","· Buka Sel pukul 08.00","https://lh3.googleusercontent.com/gps-cs-s/APNQkAEUhbaaoQwXCbl-eZAn-tmvoy9GlyftqLLHD3JbYFQiZOBmCwg1Wuinl4TorS0lnjmNedDSvpD0rnGJDeCSjY6sV9rpLG-IQr5Sto_dvhNcjpjZOE6FwfHzt7h26nGnpV2Zfe0-6mPKNNw=w163-h92-k-no","https://ssl.gstatic.com/local/servicebusiness/default_user.png","""2x dine in, 2x take out.""","","",""
"https://www.google.com/maps/place/Pondok+Laras/data=!4m7!3m6!1s0x2e69ec5cb41ed3df:0xdfd6d8d2eb933747!8m2!3d-6.3548895!4d106.8536157!16s%2Fg%2F1wfz1d51!19sChIJ39MetFzsaS4RRzeT69LY1t8?authuser=0&hl=id&rclk=1","Pondok Laras","4,5","(6.310)","·","Rp 25–50 rb","Jawa","·","","Jl. Akses UI No.2","Menu seafood klasik di restoran kasual","Tutup","· Buka Sel pukul 11.00","https://lh3.googleusercontent.com/gps-cs-s/APNQkAH6pDfjj1y3RcHXSTRwLvdkFREDQ09mygT4ZXYFwT78zaploaIA-6eZ4u-RXH1y2QsfYtyb7zwEvbd6NH5Lyv7r5FX-waicqjEnyOlPUmc0L4_m52vIrht-uIzrrlLjbf6UCRiW7g=w122-h92-k-no","https://ssl.gstatic.com/local/servicebusiness/default_user.png","""Great food, great atmosphere.""","https://www.google.com/searchviewer/42?cvd=CLw_EiUKI-ICIDIeEhciFdLX29IPDwoLL2cvMXdmejFkNTEYADoDCPAN&hl=id-ID&gl=id&fo_m=MfohQo559jFvMUOzJVpjPL1YMfZ3bInYwBDuMfaXTPp5KXh-&utm_source=tactile&gei=_a_4aeK1C6KdseMP2s7JuQQ&ei=_a_4aeK1C6KdseMP2s7JuQQ&fo_s=OA&opi=79508299&ebb=1&cs=0&foub=mcpp","Pesan online",""
"https://www.google.com/maps/place/Steak+Kiloan/data=!4m7!3m6!1s0x2e69eda90a659a1d:0xdd23e084a2b5f750!8m2!3d-6.3616354!4d106.8281323!16s%2Fg%2F11rfl1lzyp!19sChIJHZplCqntaS4RUPe1ooTgI90?authuser=0&hl=id&rclk=1","Steak Kiloan","4,2","(35)","","","Steak","·","","JRQH+87R Universitas Indonesia, Kantin PSJ UI Pusat Studi Jepang, Jl. Prof. DR. Selo Soemardjan","","","","https://lh3.googleusercontent.com/gps-cs-s/APNQkAEgqptzzH0gdBSD_VJnPUOHOuEukK1bKzo71jW49m-sAaZJtTIP3vxCOtkur2z_E8vPmyInMb6r17J_H1wAcJm-lJE1Hxj4IHm-UTw_kdaQz5CPU_Mq8Xg6IE9ZrWPpsH9rigeFJQ=w122-h92-k-no","https://ssl.gstatic.com/local/servicebusiness/default_user.png","""Pesan steak aussy.""","","",""
"https://www.google.com/maps/place/KOWAWA+PSJ+UI+Coffee+Shop/data=!4m7!3m6!1s0x2e69edd60b213ef3:0xa0004f42a0accab0!8m2!3d-6.3617495!4d106.8281429!16s%2Fg%2F11jmywl5xn!19sChIJ8z4hC9btaS4RsMqsoEJPAKA?authuser=0&hl=id&rclk=1","KOWAWA PSJ UI Coffee Shop","4,6","(106)","","","Kedai Kopi","·","","·","Universitas Indonesia, Kantin PSJ UI Pusat Studi Jepang, Jl. Prof. DR. Selo Soemardjan","Tutup","· Buka Sel pukul 08.00","https://lh3.googleusercontent.com/gps-cs-s/APNQkAHZGSHcHz8rV-1N3nrVBoej57_WHC0f5wmu8PEtgqDkCnQV1GKEm0a_ibjbYCdDQI3UuU3p6fbaAtHLm0AA3VcCSsbL1RY1cGHgBcPcc3CIl6Eh-TpzYNZXwqcBOHhSJ27ds3Qd=w122-h92-k-no","https://ssl.gstatic.com/local/servicebusiness/default_user.png","""steak mahasiswa, murah meriah lah.""","","",""
"https://www.google.com/maps/place/Mini+PiqueNique/data=!4m7!3m6!1s0x2e69ec18984d3cc3:0xd6b34edf14c99f33!8m2!3d-6.3611824!4d106.8254168!16s%2Fg%2F11c52_9qgk!19sChIJwzxNmBjsaS4RM5_JFN9Os9Y?authuser=0&hl=id&rclk=1","Mini PiqueNique","4,2","(59)","·","Rp 25–50 rb","Restoran","·","","JRQG+G5F Fakultas Ekonomi UI","","Tutup","· Buka Sel pukul 08.00","https://lh3.googleusercontent.com/gps-cs-s/APNQkAHno1-ofjUN5toNQQgT199ZYNqpCxJXeGVorhuyw4qLP-e8re1XGmTvp6i05dEmiIretEdbAU5Qoi1ad6UPbiQJHhRIHMCfzY0Pkb6IjjO-U-zLfSKNws2OImWwOwdzspAepsum=w122-h92-k-no","https://ssl.gstatic.com/local/servicebusiness/default_user.png","""Menu yang saya pesan adalah Chicken Kungpao.""","","",""
"https://www.google.com/maps/place/Waroeng+SS+Spesial+Sambal+Depok+Margonda/data=!4m7!3m6!1s0x2e69ec0858e36277:0xfeffdb8b4c7d91ec!8m2!3d-6.3783725!4d106.8317136!16s%2Fg%2F11c4bk0kc1!19sChIJd2LjWAjsaS4R7JF9TIvb__4?authuser=0&hl=id&rclk=1","Waroeng SS Spesial Sambal Depok Margonda","4,3","(10.361)","·","Rp 25–50 rb","Indonesia","·","","·","Jl. Margonda No.280","Tutup","· Buka Sel pukul 10.00","https://lh3.googleusercontent.com/gps-cs-s/APNQkAFtmwldFKINNxEwb-11kmPNtE2gE63dVWHIeL04i_tA5VU1f2-y0qJV_WGwaLcmX6nGGO_96g7u9hN0NBaiMvcqtID81H3G7W-AHuVGxzJM55MvQRbBDFZ8lsailr_3DTd-sb5X=w163-h92-k-no","https://ssl.gstatic.com/local/servicebusiness/default_user.png","""Tim di bagian kitchen mungkin perlu ditambah.""","https://www.google.com/searchviewer/42?cvd=CLw_EicKJeICIjIgEhkiF9LX29IPEQoNL2cvMTFjNGJrMGtjMRgBOgMI8A0%3D&hl=id-ID&gl=id&fo_m=MfohQo559jFvMUOzJVpjPL1YMfZ3bInYwBDuMfaXTPp5KXh-&utm_source=tactile&gei=_a_4aeK1C6KdseMP2s7JuQQ&ei=_a_4aeK1C6KdseMP2s7JuQQ&fo_s=OA&opi=79508299&orderType=1&ebb=1&cs=0&foub=mcpp","Pesan online",""
"https://www.google.com/maps/place/Walking+Drums+Margonda+Depok/data=!4m7!3m6!1s0x2e69ede92b77cd85:0x6d7bfa1c7a8425fe!8m2!3d-6.3671129!4d106.8343545!16s%2Fg%2F11hzn4nrmg!19sChIJhc13K-ntaS4R_iWEehz6e20?authuser=0&hl=id&rclk=1","Walking Drums Margonda Depok","4,5","(2.081)","·","$$","Restoran","·","","·","Jl. Margonda Raya No.426","Segera tutup","· 22.00 · Buka Sel pukul 07.00","https://lh3.googleusercontent.com/gps-cs-s/APNQkAFOWv6bN48Hp_5Qsjt9Idact2QCZBNhm8YSPUfS52jwBiG7Bub3ZL9LOGarrJhw6UNjOdxy1h35OEI2UiJVwe8eNBwEKQOW6OzvylMZV8y-QiIv6uFERyQtAz4TzCStBC1qf7IL=w197-h92-k-no","https://ssl.gstatic.com/local/servicebusiness/default_user.png","""Kami pesan burger, empal gentong, dan lasagna verde.""","https://www.google.com/searchviewer/42?cvd=CLw_EicKJeICIjIgEhkiF9LX29IPEQoNL2cvMTFoem40bnJtZxgAOgMI8A0%3D&hl=id-ID&gl=id&fo_m=MfohQo559jFvMUOzJVpjPL1YMfZ3bInYwBDuMfaXTPp5KXh-&utm_source=tactile&gei=_a_4aeK1C6KdseMP2s7JuQQ&ei=_a_4aeK1C6KdseMP2s7JuQQ&fo_s=OA&opi=79508299&ebb=1&cs=0&foub=mcpp","Pesan online",""
"https://www.google.com/maps/place/Mang+Kabayan/data=!4m7!3m6!1s0x2e69ec16e8ff0f7b:0xbc7e07e8cf18cef!8m2!3d-6.3638303!4d106.833454!16s%2Fg%2F1wjw92j4!19sChIJew__6BbsaS4R74zxjH7gxws?authuser=0&hl=id&rclk=1","Mang Kabayan","4,3","(1.330)","·","$$","Sunda","·","","Jl. Margonda No.488","Restoran spesial dengan menu Sunda","Tutup","· Buka Sel pukul 10.00","https://lh3.googleusercontent.com/gps-cs-s/APNQkAEssb8aseE0Qk41lRe2V8RBoWmoZviurjGHjs9UzmWrflO0bWKQvwi2s97MEefw80vqlAxL4PKRPYHFze9yo__vmciQsI3_BU9YJAUG-pNmGu9lLs3TaFXtC7pdXoeelO-im7W9=w189-h92-k-no","https://ssl.gstatic.com/local/servicebusiness/default_user.png","""Menunya lengkap dan enak-enak.""","","",""
"https://www.google.com/maps/place/deMargo+Restaurant/data=!4m7!3m6!1s0x2e69ed6cf575fb7b:0x4b6480bfeab400ec!8m2!3d-6.372279!4d106.8333012!16s%2Fg%2F11jssg4z5f!19sChIJe_t19WztaS4R7AC06r-AZEs?authuser=0&hl=id&rclk=1","deMargo Restaurant","4,8","(102)","","","Restoran","·","","The Margo Hotel, Jl margonda raya. 358 LG Floor","","Segera tutup","· 22.00 · Buka Sel pukul 06.00","https://lh3.googleusercontent.com/gps-cs-s/APNQkAENMmo1DEdrKHoBxCbGOhXPRQKXaRQ3i5TaDY-FDMp5eFZjz1nZFOMYZAVU-ezhCQDz-XNjRnXcWjeNrbS_tcaSxAUhDD09GlWHJ-h2_jKt_MzqOvsKN-DaMndNwbLEHiEOzqY=w122-h92-k-no","https://ssl.gstatic.com/local/servicebusiness/default_user.png","""... bukan tamu yang menginap mungkin tidak tahu tentang","","",""
"https://www.google.com/maps/place/Kantin+Vokasi+Universitas+Indonesia/data=!4m7!3m6!1s0x2e69edc39fa1dfc3:0xe59a725b3e18209f!8m2!3d-6.3688447!4d106.8217843!16s%2Fg%2F11fd71lwxr!19sChIJw9-hn8PtaS4RnyAYPltymuU?authuser=0&hl=id&rclk=1","Kantin Vokasi Universitas Indonesia","4,6","(104)","·","Rp 1–25.000","Indonesia","·","","Kantin vokasi, Jl. Akses Vokasi UI","","Tutup","· Buka Sel pukul 06.00","https://lh3.googleusercontent.com/gps-cs-s/APNQkAHQryKIvVWatHzwG_g2Yio9OO-4vd9PFh_B7sHtb7-OHaFyaWcgCM_Mv1FKXBay4j8upyV_CDoOIc_95Xn_ngZ6cSnpzURBk915SegFz1XEDZlRZDUl_Pxt3IgCiLJ68W2sZV-R=w122-h92-k-no","https://ssl.gstatic.com/local/servicebusiness/default_user.png","""tempat baguss, harga makanan tak terlalu mahal.""","","",""
"https://www.google.com/maps/place/de%27Clan+Resto+%26+Cafe+Depok/data=!4m7!3m6!1s0x2e69ebbfb4dc4b3f:0x88f0d769a1b2a0b7!8m2!3d-6.4037379!4d106.8323224!16s%2Fg%2F11k2g0578s!19sChIJP0vctL_raS4Rt6CyoWnX8Ig?authuser=0&hl=id&rclk=1","de'Clan Resto & Cafe Depok","4,7","(1.822)","·","$$","Restoran","·","","Jl. Tole Iskandar No.33","","Segera tutup","· 22.00 · Buka Sel pukul 07.00","https://lh3.googleusercontent.com/gps-cs-s/APNQkAG_UxwshkdsJbDbohWIS_PxT6GeLj8MXqvstQP96hjT0iC_fZ8gXd-GJfVSi9PcPp4ZotV_ExlPs0-goKF8dKy2GhrikVfS6Q2ndO-5Rx2QGTicKPEMMBpmAy0cncFiT-8H7jY6=w163-h92-k-no","https://ssl.gstatic.com/local/servicebusiness/default_user.png","""Menu andalan chicken cordon blue, avocado coffee.""","https://www.google.com/searchviewer/42?cvd=CLw_EicKJeICIjIgEhkiF9LX29IPEQoNL2cvMTFrMmcwNTc4cxgBOgMI8A0%3D&hl=id-ID&gl=id&fo_m=MfohQo559jFvMUOzJVpjPL1YMfZ3bInYwBDuMfaXTPp5KXh-&utm_source=tactile&gei=_a_4aeK1C6KdseMP2s7JuQQ&ei=_a_4aeK1C6KdseMP2s7JuQQ&fo_s=OA&opi=79508299&orderType=1&ebb=1&cs=0&foub=mcpp","Pesan online",""
"https://www.google.com/maps/place/Tamelo+Atap+Cafe/data=!4m7!3m6!1s0x2e69ed0d6f25ff5b:0xe945ec66de613c2a!8m2!3d-6.3599823!4d106.8324638!16s%2Fg%2F11h7sw1n18!19sChIJW_8lbw3taS4RKjxh3mbsRek?authuser=0&hl=id&rclk=1","Tamelo Atap Cafe","4,4","(1.602)","·","$$","Kafe","·","","·","Tower C, Apartemen Taman Melati Margonda 2 Jl. Margonda No.525A Lantai 25","Segera tutup","· 22.00 · Buka Sel pukul 10.00","https://lh3.googleusercontent.com/gps-cs-s/APNQkAEBPGT3xLNYV5zOpiUKEHJarTKJ2mCmNpLpJb-nqJ8NvuudsmjyAMRHu9pwYRgQs-nR3tjmaWg4K8Ca1VLb6NGKmVP4jbyzczGsuC15pOyDyaNpLQF1fbMjMsZR0P6PjKjPtUnCsA=w122-h92-k-no","https://ssl.gstatic.com/local/servicebusiness/default_user.png","""Kami pesan Fettuccine Carbonara, chiken steak, tamelo summer, lychee tea.""","","",""
"https://www.google.com/maps/place/Warung+Nasi+Sasari/data=!4m7!3m6!1s0x2e69ec171ed8efdf:0x50ea3195b3c45f7b!8m2!3d-6.363973!4d106.8324207!16s%2Fg%2F11clyd7_b1!19sChIJ3-_YHhfsaS4Re1_Es5Ux6lA?authuser=0&hl=id&rclk=1","Warung Nasi Sasari","4,4","(334)","·","Rp 1–25.000","Nasi","·","","·","Jl. Sawo No.21D, RT.3/RW.7","Buka 24 jam","","https://lh3.googleusercontent.com/gps-cs-s/APNQkAFn73nONs1i4-D4w3mE81c6lj2GbENF9X8VJh2D4EYUTxWaLhSpaQaHEfWquuOplCoI0ZjJN-4Uf-mDT9IlSVfRHDTgT-sH711fEpmyZmNxM0lqz66wld22A4tIVYtTOSmc_3yCWw=w163-h92-k-no","https://ssl.gstatic.com/local/servicebusiness/default_user.png","""Tempat makan bersih dan nyaman.""","","",""
"https://www.google.com/maps/place/Oh+My+Grill+Margonda/data=!4m7!3m6!1s0x2e69edbba7a05891:0xa224afbfd3a42359!8m2!3d-6.3656514!4d106.8342538!16s%2Fg%2F11q23yr1t2!19sChIJkVigp7vtaS4RWSOk07-vJKI?authuser=0&hl=id&rclk=1","Oh My Grill Margonda","4,3","(2.217)","·","Rp 100–125 rb","Prasmanan","·","","·","Jl. Margonda No.27","Segera tutup","· 22.00 · Buka Sel pukul 12.00","https://lh3.googleusercontent.com/gps-cs-s/APNQkAEdh9mMzNg9en_lrnjFpt79qIpQE4cmz8j38dRy5Hz1xrQQReWEG6QVU2dCUJ3ERiCcnLfajHSXToIGQU-IJBlq94m_OnHPcV4T8paRDEo6TaCz3AL2E15tdnmodUwrDIiKLHt-cg=w163-h92-k-no","https://ssl.gstatic.com/local/servicebusiness/default_user.png","""Food service was amazingg""","","",""
"https://www.google.com/maps/place/Jonkira+Depok/data=!4m7!3m6!1s0x2e69edb98c0265f9:0x735719064d0ec84!8m2!3d-6.3648182!4d106.833554!16s%2Fg%2F11qgkfkgjd!19sChIJ-WUCjLntaS4RhOzQZJBxNQc?authuser=0&hl=id&rclk=1","Jonkira Depok","4,8","(1.433)","·","Rp 25–50 rb","Ramen","·","","·","Pos Code, Jl. Margonda No.477","Segera tutup","· 22.00 · Buka Sel pukul 10.00","https://lh3.googleusercontent.com/gps-cs-s/APNQkAFuomw2T977AAR7VWczWCVDxO2ND_4b4KXsZlprJw5OmCVj4LY6BdiRrRKZL4Io26gz33-gU4RaDr5nnTyxyq2T5ICw6EpQgyWK-gnQExFXJDXXxHfIskViiKWfh8jxU6YhfxJCkQ=w122-h92-k-no","https://ssl.gstatic.com/local/servicebusiness/default_user.png","""The waitstaff are friendly, energetic, and informative.""","https://www.google.com/searchviewer/42?cvd=CLw_EicKJeICIjIgEhkiF9LX29IPEQoNL2cvMTFxZ2tma2dqZBgBOgMI8A0%3D&hl=id-ID&gl=id&fo_m=MfohQo559jFvMUOzJVpjPL1YMfZ3bInYwBDuMfaXTPp5KXh-&utm_source=tactile&gei=_a_4aeK1C6KdseMP2s7JuQQ&ei=_a_4aeK1C6KdseMP2s7JuQQ&fo_s=OA&opi=79508299&orderType=1&ebb=1&cs=0&foub=mcpp","Pesan online",""
"https://www.google.com/maps/place/KopiSastra+FIB+UI/data=!4m7!3m6!1s0x2e69ed33d3d0fb7b:0xca4c739d24bed4ce!8m2!3d-6.36263!4d106.8276958!16s%2Fg%2F11h91q2b6n!19sChIJe_vQ0zPtaS4RztS-JJ1zTMo?authuser=0&hl=id&rclk=1","KopiSastra FIB UI","4,8","(11)","·","Rp 25–50 rb","Kafe","·","","JRPH+W3W","","","","https://lh3.googleusercontent.com/gps-cs-s/APNQkAHge-G3ZugC5YLKzVTujGh9qqSP8EU4aqJ-KSGHqu7GFiFURzv-txhrrV5OyXSAdgJyZ-YDeFyFoDGp0WcmIEjXCLc7QVWNTrvI7n7ldDe3mXQukJic71m8kNnY9oeFt6Jv5QJ7=w80-h106-k-no","https://ssl.gstatic.com/local/servicebusiness/default_user.png","""Abang barista nya keren yg bewokan""","","",""
"https://www.google.com/maps/place/PARCO+Coffee+and+Eatery/data=!4m7!3m6!1s0x2e69efca2bcd2b0d:0x6c1f9a2a0a264f7b!8m2!3d-6.3496779!4d106.7763326!16s%2Fg%2F11q466n01g!19sChIJDSvNK8rvaS4Re08mCiqaH2w?authuser=0&hl=id&rclk=1","PARCO Coffee and Eatery","4,8","(1.126)","·","Rp 50–75 rb","Restoran","·","","·","Jl. Cinere Raya No.27","Segera tutup","· 22.00 · Buka Sel pukul 08.30","https://lh3.googleusercontent.com/gps-cs-s/APNQkAHvmignhkRUFwvADl8HD6oqPrhtX_V9i4vSl6MLpCirv6GFXv1vZ9FKKEiBa6aLDbW7XximlhtJ0cxyG29ZoouawzStB_fXlga9-sSW_NiMRTbZ5J1i3u-14VeCBBPKRrTZQre-jA=w122-h92-k-no","https://ssl.gstatic.com/local/servicebusiness/default_user.png","""Menu yg harus di coba: potato boom,  burger brisket, dan lychee cucumber.""","https://www.google.com/searchviewer/42?cvd=CLw_EicKJeICIjIgEhkiF9LX29IPEQoNL2cvMTFxNDY2bjAxZxgAOgMI8A0%3D&hl=id-ID&gl=id&fo_m=MfohQo559jFvMUOzJVpjPL1YMfZ3bInYwBDuMfaXTPp5KXh-&utm_source=tactile&gei=BrD4af32M9uvseMPl-j0CQ&ei=BrD4af32M9uvseMPl-j0CQ&fo_s=OA&opi=79508299&ebb=1&cs=0&foub=mcpp","Pesan online",""
"https://www.google.com/maps/place/Resto+Mie+Ayam+Berkat/data=!4m7!3m6!1s0x2e69ec1625ad9951:0x323e44f06e18cd1c!8m2!3d-6.3605711!4d106.8335936!16s%2Fg%2F1tdnt9j9!19sChIJUZmtJRbsaS4RHM0YbvBEPjI?authuser=0&hl=id&rclk=1","Resto Mie Ayam Berkat","4,4","(1.747)","·","Rp 25–50 rb","Mi","·","","·","Jl. Margonda No.504","Segera tutup","· 22.00 · Buka Sel pukul 10.00","https://lh3.googleusercontent.com/gps-cs-s/APNQkAFM0cKy4kBHyDr2-LDGwUTw1TBbMMtn_ywR8IFdRZ_AfG9CPLTFKMegQMO0zNBjEPQY4v_58wHoVAupyFDHAXnUYkLyWuZ33YRhaCBDhfK6WVBCgTl3wQ7_izYCWNRK7J7Y-9s=w122-h92-k-no","https://ssl.gstatic.com/local/servicebusiness/default_user.png","""Mengherankan tapi terjadi.""","https://www.google.com/searchviewer/42?cvd=CLw_EiUKI-ICIDIeEhciFdLX29IPDwoLL2cvMXRkbnQ5ajkYAToDCPAN&hl=id-ID&gl=id&fo_m=MfohQo559jFvMUOzJVpjPL1YMfZ3bInYwBDuMfaXTPp5KXh-&utm_source=tactile&gei=BrD4af32M9uvseMPl-j0CQ&ei=BrD4af32M9uvseMPl-j0CQ&fo_s=OA&opi=79508299&orderType=1&ebb=1&cs=0&foub=mcpp","Pesan online",""
"https://www.google.com/maps/place/Warung+Nastel/data=!4m7!3m6!1s0x2e69ec1d9840116b:0xa6f73daf3949696c!8m2!3d-6.36779!4d106.8191879!16s%2Fg%2F1q65fcsmv!19sChIJaxFAmB3saS4RbGlJOa8996Y?authuser=0&hl=id&rclk=1","Warung Nastel","4,6","(369)","·","Rp 1–25.000","Rumah Makan","·","","·","JRJ9+VMP, Jl. Palakali","Buka","· Tutup pukul 00.00","https://lh3.googleusercontent.com/gps-cs-s/APNQkAGJtW7A0I3wt8m3tN7a7ArTjHxXCc5B55_Lp5RJTEZhCjnL2ySQJTJjOlh27zXeSrgJOj8gkQGl-bP7pief6R9IUrH8d-2ful-dTv_BeMxJaw0pEuIbnDmuYH5LV9iSFGmtZ8lG=w80-h142-k-no","https://ssl.gstatic.com/local/servicebusiness/default_user.png","""Malah dominan rasa indomie dan kornetnya yg jadi base bumbunya.""","","",""
"https://www.google.com/maps/place/Segala+Cafe/data=!4m7!3m6!1s0x2e69ed6f2a9af32b:0x33b29a218a6a3a9!8m2!3d-6.3513045!4d106.8309805!16s%2Fg%2F11txrjtgbl!19sChIJK_OaKm_taS4RqaOmGKIpOwM?authuser=0&hl=id&rclk=1","Segala Cafe","4,9","(555)","·","Rp 25–50 rb","Kafe","·","","Felfest UI, Kompleks Kampus UI, Jl Prof. Dr. Miriam Budiarjo","","Tutup","· Buka Sel pukul 09.00","https://lh3.googleusercontent.com/gps-cs-s/APNQkAGyEmbKUooJ3Yzy1bzlk9JPF3MWaJzvtLu3-4jd2ctOC3uxXeqQA5pInHPBfo6snwYEtNqKmn5EeFQbTBuMU_jBNFtUPsxwMpZi2_SoW0LTzLeNly8X1D-lVzmSoOYpAxEj1ibWlKtLux4W=w80-h106-k-no","https://ssl.gstatic.com/local/servicebusiness/default_user.png","""Es cincau nya terlalu manis, tapi enak!""","https://www.google.com/searchviewer/42?cvd=CLw_EicKJeICIjIgEhkiF9LX29IPEQoNL2cvMTF0eHJqdGdibBgBOgMI8A0%3D&hl=id-ID&gl=id&fo_m=MfohQo559jFvMUOzJVpjPL1YMfZ3bInYwBDuMfaXTPp5KXh-&utm_source=tactile&gei=BrD4af32M9uvseMPl-j0CQ&ei=BrD4af32M9uvseMPl-j0CQ&fo_s=OA&opi=79508299&orderType=1&ebb=1&cs=0&foub=mcpp","Pesan online",""
"https://www.google.com/maps/place/Djati+Seruni+Kafe/data=!4m7!3m6!1s0x2e69ebb5b9c19be1:0xcc36cb98a0c7e2ce!8m2!3d-6.4118474!4d106.8644278!16s%2Fg%2F11td8_l9jy!19sChIJ4ZvBubXraS4RzuLHoJjLNsw?authuser=0&hl=id&rclk=1","Djati Seruni Kafe","4,9","(2.077)","","","Restoran","·","","Jl. Perumahan Jatijajar No.1 Blok b1","","Segera tutup","· 22.00 · Buka Sel pukul 10.00","https://lh3.googleusercontent.com/gps-cs-s/APNQkAGjU4zw2F0BmSBzSdKxEcf5UBqud2nFLCJsbS3hUyLDPpxrUkkKcpDEdvGDBdqyauE0BOph4e8ptPbl-v6vbkA3x_sDZ7r1uPtqsp0MYJSRz5zqTGo1Pi3VjBtMSA41feCdoU673aGvHPl8=w80-h106-k-no","https://ssl.gstatic.com/local/servicebusiness/default_user.png","""Recommend buat lunch atau dinner romantic.""","","",""
"https://www.google.com/maps/place/Tempat+Makan+Kimpul/data=!4m7!3m6!1s0x2e69ec16d921177f:0xf4ad9ccd0781712f!8m2!3d-6.3643124!4d106.8328946!16s%2Fg%2F11crz2035z!19sChIJfxch2RbsaS4RL3GBB82crfQ?authuser=0&hl=id&rclk=1","Tempat Makan Kimpul","4,6","(258)","·","Rp 1–25.000","Restoran","·","","·","Jl. Cengkeh No.17B","Tutup","· Buka Sel pukul 09.00","https://lh3.googleusercontent.com/gps-cs-s/APNQkAFtE3d5PPvrrGZUzLf75XPASrR9ezbkbwxwLzsFNDpHXDTbJV1yF7Udvt4w8uqWN5abMzxmor9EURpV3-27S9a1kOzEShdJ5agKP7FoyMrIrhv708-xlIbLySBLRHQee3W_zfqY=w122-h92-k-no","https://ssl.gstatic.com/local/servicebusiness/default_user.png","""Sudah makan di sini sejak masih SD sampai jadi mahasiswa tingkat akhir.""","","",""
"https://www.google.com/maps/place/Kotak+Coffee+@Depok/data=!4m7!3m6!1s0x2e69edcd47c52d19:0x927690baf54f75aa!8m2!3d-6.3618738!4d106.8337895!16s%2Fg%2F11r7xvsnnd!19sChIJGS3FR83taS4RqnVP9bqQdpI?authuser=0&hl=id&rclk=1","Kotak Coffee @Depok","4,5","(1.109)","·","Rp 25–50 rb","Kedai Kopi","·","","Jl. Margonda No.488","","Segera tutup","· 22.00 · Buka Sel pukul 10.00","https://lh3.googleusercontent.com/gps-cs-s/APNQkAFQjLRhCKD9vzMXi3YagPJjoYbCbna28yYk_f8VBSJSYfG9xSw_jPv31fWfjp3wJH8mL5VYH3oX5JcgxWYwFN9avzoYBUEHN-CwBwaXQCC88Uulyh--6rO4jF-agMie5yc6IZSY=w122-h92-k-no","https://ssl.gstatic.com/local/servicebusiness/default_user.png","""Mayoritas outdoor plus rooftop.""","https://www.google.com/searchviewer/42?cvd=CLw_EicKJeICIjIgEhkiF9LX29IPEQoNL2cvMTFyN3h2c25uZBgBOgMI8A0%3D&hl=id-ID&gl=id&fo_m=MfohQo559jFvMUOzJVpjPL1YMfZ3bInYwBDuMfaXTPp5KXh-&utm_source=tactile&gei=BrD4af32M9uvseMPl-j0CQ&ei=BrD4af32M9uvseMPl-j0CQ&fo_s=OA&opi=79508299&orderType=1&ebb=1&cs=0&foub=mcpp","Pesan online",""
"https://www.google.com/maps/place/A%26W+Depok+Town+Square/data=!4m7!3m6!1s0x2e69ec080242b165:0x222f3f9548d55723!8m2!3d-6.3727419!4d106.8322017!16s%2Fg%2F1tfcqnhr!19sChIJZbFCAgjsaS4RI1fVSJU_LyI?authuser=0&hl=id&rclk=1","A&W Depok Town Square","4,4","(452)","·","Rp 25–50 rb","Makanan Siap Saji","·","","Jalan Margonda Raya Blok Karet No.1 RT.1/RW.1 Kemiri Muka Kecamatan Beji, Depok Town Square, Ruko GE 1.6, Kios GS-1 No 1, 2, 3 & 5","Restoran cepat saji burger & root beer","Segera tutup","· 22.00 · Buka Sel pukul 10.00","https://lh3.googleusercontent.com/gps-cs-s/APNQkAGK_UCHz38UJxOSj_BnYXEWuR3LLAPg4B-bujvuojmQGnuXCyjpQgaDLUpj6xvaL7VqCWeM_vCPKWjpkjHazJe4rP7wxiktfx0shk_ewZYA5kVfj8J3FcB0jSjdJqJsmk8zYsoi=w122-h92-k-no","https://ssl.gstatic.com/local/servicebusiness/default_user.png","""Daging burger standar aw.""","https://www.google.com/searchviewer/42?cvd=CLw_EiUKI-ICIDIeEhciFdLX29IPDwoLL2cvMXRmY3FuaHIYAToDCPAN&hl=id-ID&gl=id&fo_m=MfohQo559jFvMUOzJVpjPL1YMfZ3bInYwBDuMfaXTPp5KXh-&utm_source=tactile&gei=BrD4af32M9uvseMPl-j0CQ&ei=BrD4af32M9uvseMPl-j0CQ&fo_s=OA&opi=79508299&orderType=1&ebb=1&cs=0&foub=mcpp","Pesan online",""
"https://www.google.com/maps/place/Warung+Nasi+Padaringan+Muda/data=!4m7!3m6!1s0x2e69ec1635e41a51:0x75950b067e97d32b!8m2!3d-6.3614321!4d106.8329292!16s%2Fg%2F11f3x7m5zw!19sChIJURrkNRbsaS4RK9OXfgYLlXU?authuser=0&hl=id&rclk=1","Warung Nasi Padaringan Muda","4,4","(17)","","","Nasi","·","","JRQM+C5F, jl. sawo stasiun UI","","Buka 24 jam","","https://lh3.googleusercontent.com/gps-cs-s/APNQkAFwN1pwwG2VU1KZzfVopD8nS7fuQwt3A4_8SzIS7NLaudOFtrgFUIU3HrTHZ3VRwMSpZIQVIpLkGEV6XE1eY5t-TLmcKUdlzXETED4NdLLObTDvzi3G31GUGDBfude39WGGu9Z3=w122-h92-k-no","https://ssl.gstatic.com/local/servicebusiness/default_user.png","""Langsung ke sini aja dah 👍""","","",""
"https://www.google.com/maps/place/Sambel+Neng+Icha/data=!4m7!3m6!1s0x2e69ed53f3b5023f:0x3a0de5372ca5337d!8m2!3d-6.3539621!4d106.8374995!16s%2Fg%2F11lgtfcfxz!19sChIJPwK181PtaS4RfTOlLDflDTo?authuser=0&hl=id&rclk=1","Sambel Neng Icha","4,5","(24)","·","Rp 25–50 rb","Prasmanan","·","","JRWP+CX9, Jl. Akses UI","","Segera tutup","· 22.00 · Buka Sel pukul 08.00","https://lh3.googleusercontent.com/gps-cs-s/APNQkAHu12DyGV9KxwcPE8YZSm1Fuy53y6VYG6BlYoaKAMG2UykhkoVuWLbZ1suSk8OYE-sEzSg0zwjobCZtjxw0Hr1fwYQGYYjRpsjD2Sf3qeVB08SGcijVxEcWjNcwksLFCDxCL6VAxw=w80-h106-k-no","","Makan di tempat","","",""
"https://www.google.com/maps/place/Hotway%27s+Chicken+Depok/data=!4m7!3m6!1s0x2e69edee93b92e39:0x72d72b5c7ef071ac!8m2!3d-6.374823!4d106.8321708!16s%2Fg%2F11vds24dwm!19sChIJOS65k-7taS4RrHHwflwr13I?authuser=0&hl=id&rclk=1","Hotway's Chicken Depok","4,8","(1.122)","·","Rp 25–50 rb","Ayam","·","","Jl. Margonda No.331-B","","Segera tutup","· 22.00 · Buka Sel pukul 10.00","https://lh3.googleusercontent.com/gps-cs-s/APNQkAEqmxNwvGr0kS-YrmrOSYYyt0bG9V_j-VRYS6kIB9Bzv4WZMfPNb38sNHvJh3FUycNmLiOjc-gmj2BvZ_486-ZA75d9iRB0QoLX8dbN_lazpa7VQVXyuombySXaZIxEAqVHuz-yKNPUBsQv=w80-h106-k-no","https://ssl.gstatic.com/local/servicebusiness/default_user.png","""Chicken saus Nashville autentich bikin panas seluruh tubuh""","https://www.google.com/searchviewer/42?cvd=CLw_EicKJeICIjIgEhkiF9LX29IPEQoNL2cvMTF2ZHMyNGR3bRgBOgMI8A0%3D&hl=id-ID&gl=id&fo_m=MfohQo559jFvMUOzJVpjPL1YMfZ3bInYwBDuMfaXTPp5KXh-&utm_source=tactile&gei=BrD4af32M9uvseMPl-j0CQ&ei=BrD4af32M9uvseMPl-j0CQ&fo_s=OA&opi=79508299&orderType=1&ebb=1&cs=0&foub=mcpp","Pesan online",""
"https://www.google.com/maps/place/Pawon+Joglo+Mbah+Srini/data=!4m7!3m6!1s0x2e69ef3ec659177d:0xe10aa4861be8fd22!8m2!3d-6.369512!4d106.808426!16s%2Fg%2F11ptqck4_v!19sChIJfRdZxj7vaS4RIv3oG4akCuE?authuser=0&hl=id&rclk=1","Pawon Joglo Mbah Srini","4,3","(687)","·","Rp 25–50 rb","Indonesia","·","","·","Jl. Tanah Baru No.78a","Tutup","· Buka Sel pukul 09.30","https://lh3.googleusercontent.com/gps-cs-s/APNQkAGQj5LfSBOa26p8TxiUOz44qVcbu09n9VX3_nNJp1X-DVNkDQwrytfIq6x0zhuD6dmo4Ao5SEEu9wC_sJ36-Qv4dHUc7o04OgtFUOhB--m85fQafXlgUudgfZSksEbUbzY-5A9K=w163-h92-k-no","https://ssl.gstatic.com/local/servicebusiness/default_user.png","""Mantab bnget , service exelent""","https://www.google.com/searchviewer/42?cvd=CLw_EicKJeICIjIgEhkiF9LX29IPEQoNL2cvMTFwdHFjazRfdhgAOgMI8A0%3D&hl=id-ID&gl=id&fo_m=MfohQo559jFvMUOzJVpjPL1YMfZ3bInYwBDuMfaXTPp5KXh-&utm_source=tactile&gei=BrD4af32M9uvseMPl-j0CQ&ei=BrD4af32M9uvseMPl-j0CQ&fo_s=OA&opi=79508299&ebb=1&cs=0&foub=mcpp","Pesan online",""
"https://www.google.com/maps/place/Dapur+Klapa+2+-+Cafe+%26+Resto/data=!4m7!3m6!1s0x2e69edf9164ce967:0xecae436f6048a5b3!8m2!3d-6.3545609!4d106.8397285!16s%2Fg%2F11ddwz4v4g!19sChIJZ-lMFvntaS4Rs6VIYG9Druw?authuser=0&hl=id&rclk=1","Dapur Klapa 2 - Cafe & Resto","4,2","(47)","","","Restoran","·","","Jl. Akses UI No.45","","Segera tutup","· 22.00 · Buka Sel pukul 11.00","https://lh3.googleusercontent.com/gps-cs-s/APNQkAH_uhoqKFlwjdaMPfuhICNNhc9A5hLTGE4eN0AzcpiBd_T2d5Ygjky8eg61QUoI6Aq11a89j-2q8R3BVOa3byEYT17a2NwVnIxUzBffVbyWp-7pB-SihseWE7t2NYBeNV7yVbOjCg=w163-h92-k-no","","Makan di tempat","","",""
"https://www.google.com/maps/place/Herafil+Cafe+%26+Resto/data=!4m7!3m6!1s0x2e69eb2aec17139b:0x2dad5e9326c501f!8m2!3d-6.391109!4d106.8540584!16s%2Fg%2F11tbz7rjm1!19sChIJmxMX7CrraS4RH1BsMunV2gI?authuser=0&hl=id&rclk=1","Herafil Cafe & Resto","4,8","(42)","·","Rp 25–50 rb","Kedai Kopi","·","","JV53+GJH, Jl. Perumahan Tirta Kencana","","Buka","· Tutup pukul 23.00","https://lh3.googleusercontent.com/gps-cs-s/APNQkAGia-tzPqfklHQiMfdCCiY7dKK3HedJ3VOKMb_Fh1sSI6Dd0k1anoxSFj-zX-zQgRD1NgB-gqJCRQw7N-vpBzIDBFc2syh6lPbd1kZjfSTsmEZ12FuylLbgKBXbvoDhOGD4ewM=w122-h92-k-no","https://ssl.gstatic.com/local/servicebusiness/default_user.png","""Americano standar.""","","",""
"https://www.google.com/maps/place/Laziiz+Restaurant,+Makanan+Khas+Timur+Tengah+Di+Depok/data=!4m7!3m6!1s0x2e69ebb8b9aaaaab:0x4bbf435dea1e001e!8m2!3d-6.4041117!4d106.8410417!16s%2Fg%2F11f_4s1x6_!19sChIJq6qqubjraS4RHgAe6l1Dv0s?authuser=0&hl=id&rclk=1","Laziiz Restaurant, Makanan Khas Timur Tengah Di Depok","4,6","(549)","·","$$","Timur Tengah","·","","Jl. Tole Iskandar","","Tutup","· Buka Sel pukul 10.00","https://lh3.googleusercontent.com/gps-cs-s/APNQkAFPCKpEqt9A5EqD3FVarL_EWr-CW1Mh38A6P6oY1W0aROb9Ekztu6xvORfWleiwVGCrz3ZVexy5UEggG5HPyN2f8o2d7KnDXDfU6KM4vzfO8VaOCHY7JwKVDOlIfbwbLj9jQ2HXeQ=w122-h92-k-no","https://ssl.gstatic.com/local/servicebusiness/default_user.png","""Worth the price""","https://www.google.com/searchviewer/42?cvd=CLw_EicKJeICIjIgEhkiF9LX29IPEQoNL2cvMTFmXzRzMXg2XxgBOgMI8A0%3D&hl=id-ID&gl=id&fo_m=MfohQo559jFvMUOzJVpjPL1YMfZ3bInYwBDuMfaXTPp5KXh-&utm_source=tactile&gei=BrD4af32M9uvseMPl-j0CQ&ei=BrD4af32M9uvseMPl-j0CQ&fo_s=OA&opi=79508299&orderType=1&ebb=1&cs=0&foub=mcpp","Pesan online",""
"https://www.google.com/maps/place/Kopi+Bar/data=!4m7!3m6!1s0x2e69ec11a195bbfd:0x7ab2ab115e9cbd3e!8m2!3d-6.369524!4d106.8335347!16s%2Fg%2F12m9hpmfj!19sChIJ_buVoRHsaS4RPr2cXhGrsno?authuser=0&hl=id&rclk=1","Kopi Bar","4,3","(1.228)","·","Rp 25–50 rb","Kedai Kopi","·","","Jl. Margonda No.417 E","","Tutup","· Buka Sel pukul 09.00","https://lh3.googleusercontent.com/gps-cs-s/APNQkAER3CGxI7CtAup4ZUWlw7BG2FxZWa8RFP_KBD05PR2Q5NA-lF9q6c49axaYDDWIGIdLo5PKTFuON_m9-RoRh4KwO030jMigmHbVklSMtqv3QjiwqQZCLx887zasAN0ooR767T4=w163-h92-k-no","https://ssl.gstatic.com/local/servicebusiness/default_user.png","""Pesen carbonara dan nasi sambal matah kurang asin.""","","",""
"https://www.google.com/maps/place/Telaga+Seafood+Resto+@Shila+Sawangan/data=!4m7!3m6!1s0x2e69e9187518aa73:0xabf590c43e1e5c76!8m2!3d-6.4058063!4d106.7504295!16s%2Fg%2F11t4bsmjdk!19sChIJc6oYdRjpaS4RdlwePsSQ9as?authuser=0&hl=id&rclk=1","Telaga Seafood Resto @Shila Sawangan","4,7","(659)","","","Hidangan Laut","·","","·","Jl. Raya Muchtar","Tutup","· Buka Sel pukul 11.00","https://lh3.googleusercontent.com/gps-cs-s/APNQkAEqorWOeLVa9VnYk90y8Wen8SGodVGIn1xk8Hg3Dy-_n9CE35ZEN7norvhrAOw8aIn5IdLoPLXaC5-x-PJDcAW2D5rd3BN8IAar_DnOMJZpe5BAiYWfdIW6aWjC3y7BDiYSjtwN=w122-h92-k-no","https://ssl.gstatic.com/local/servicebusiness/default_user.png","""My new favorite","","",""
"https://www.google.com/maps/place/Teras+Atas+Depok/data=!4m7!3m6!1s0x2e69ed5a07560a6b:0xc3bc52d0c273d579!8m2!3d-6.3502441!4d106.854292!16s%2Fg%2F11sf91s6nj!19sChIJawpWB1rtaS4RedVzwtBSvMM?authuser=0&hl=id&rclk=1","Teras Atas Depok","3,7","(118)","·","Rp 1–25.000","Restoran","·","","Jl. Setu Pedongkelan No.1, RT.1/RW.5","","Segera tutup","· 22.00 · Buka Sel pukul 10.00","https://lh3.googleusercontent.com/gps-cs-s/APNQkAF9ga_df3fZ3u72ZOw_JI2gIGbSyPeerru0LP9RN5tm5-o9Emttx6LG-6D_W32KHWSO-UPUdZuk5WOLVIEkux8cq_USz8-8yNuQLb2YFWWd0JYxCz1yNW8QNWSJ2BZHbhleiBpw=w122-h92-k-no","https://ssl.gstatic.com/local/servicebusiness/default_user.png","""Menu nya beragam!""","","",""
"https://www.google.com/maps/place/Waroeng+Steak+%26+Shake+Kelapa+Dua/data=!4m7!3m6!1s0x2e69ec43ffffffeb:0xb22f12d56d9ce836!8m2!3d-6.3556248!4d106.849059!16s%2Fg%2F11bwf75nl8!19sChIJ6____0PsaS4RNuicbdUSL7I?authuser=0&hl=id&rclk=1","Waroeng Steak & Shake Kelapa Dua","4,4","(5.167)","·","Rp 25–50 rb","Steak","·","","Jl. M. Yasin No.6","","Segera tutup","· 22.00 · Buka Sel pukul 11.00","https://lh3.googleusercontent.com/gps-cs-s/APNQkAHaBldAqina5JXGhojuJrRhSFOT25RhhjePRs1DJIKRIhHDnxUXCQTKmSHd5m2TuN4549HvHfIrltuYSD7OtFevh7COtiylDOA4tTUxVxL7pTkFhFrDT--itksVQAypwgrMoEfb=w190-h92-k-no","https://ssl.gstatic.com/local/servicebusiness/default_user.png","""Ambil pesanan gofòod""","https://www.google.com/searchviewer/42?cvd=CLw_EicKJeICIjIgEhkiF9LX29IPEQoNL2cvMTFid2Y3NW5sOBgBOgMI8A0%3D&hl=id-ID&gl=id&fo_m=MfohQo559jFvMUOzJVpjPL1YMfZ3bInYwBDuMfaXTPp5KXh-&utm_source=tactile&gei=BrD4af32M9uvseMPl-j0CQ&ei=BrD4af32M9uvseMPl-j0CQ&fo_s=OA&opi=79508299&orderType=1&ebb=1&cs=0&foub=mcpp","Pesan online",""
"https://www.google.com/maps/place/SPX+EXPRESS+DEPOK+HUB/data=!4m7!3m6!1s0x2e69ebaf9d1ac52d:0x90752e510bd10e73!8m2!3d-6.4019917!4d106.8185896!16s%2Fg%2F11z6qpzjvv!19sChIJLcUana_raS4Rcw7RC1EudZA?authuser=0&hl=id&rclk=1","SPX EXPRESS DEPOK HUB","2,6","(5)","","","Sup","·","","Jl. Kartini No.49","","Buka 24 jam","","https://maps.gstatic.com/tactile/pane/result-no-thumbnail-2x.png","","","","",""
"https://www.google.com/maps/place/Universitas+Indonesia/data=!4m7!3m6!1s0x2e69ec1a804e8b85:0xd7bf80e1977cea07!8m2!3d-6.3606229!4d106.8272343!16zL20vMDF6bHJ2!19sChIJhYtOgBrsaS4RB-p8l-GAv9c?authuser=0&hl=id&rclk=1","Universitas Indonesia","4,7","(7.304)","","","Universitas Negeri","·","","·","Jl. Lingkar","Tutup","· Buka Sel pukul 08.00","https://lh3.googleusercontent.com/gps-cs-s/APNQkAF-ZuU1SVnLTAUrKz2iPXhuXadaVM8Qe3BrlVUAIA2Ads2XjGpRyYjHCz6wVAcJ9ECgQy3hQmUWCB6S_p9YL6kO3aROuujNLs32NDpoS93iFFKWKkBFkqMH9_-js51MOwg-rLxf=w122-h92-k-no","https://ssl.gstatic.com/local/servicebusiness/default_user.png","""SUMPAH INI KEREN BANGET, KAMPUS IMPIAN!""","","",""
"https://www.google.com/maps/place/favehotel+Margonda+-+Depok/data=!4m10!3m9!1s0x2e69ebfa4fda5249:0xe9cb66f39204f122!5m2!4m1!1i2!8m2!3d-6.3879938!4d106.8274744!16s%2Fg%2F11c5r4yr0b!19sChIJSVLaT_rraS4RIvEEkvNmy-k?authuser=0&hl=id&rclk=1","favehotel Margonda - Depok","4,5","(7.134)","","","Hotel bintang 3","Hotel elegan dengan kamar sederhana","","","","","","https://lh3.googleusercontent.com/gps-cs-s/APNQkAGgW9-oOVjAb8Q_KHBsGZylwLJGnMku6zPNF4UWzMKjf5_kHPD29l46hyTMA4VARFL5Y-zwLl2kMz5HFYnc2EcOvOUQVjDhIJwG1t7yCf1hNariCVLaTdjc2ibG6qtRHUDWSsoshQ=w133-h92-k-no","https://ssl.gstatic.com/local/servicebusiness/default_user.png","""Cukup memuaskan.""","","",""
"https://www.google.com/maps/place/KFC+Margonda/data=!4m7!3m6!1s0x2e69ebf2ffffffff:0x9214853a449aafcb!8m2!3d-6.3745849!4d106.8328374!16s%2Fg%2F12ml2yn4r!19sChIJ______LraS4Ry6-aRDqFFJI?authuser=0&hl=id&rclk=1","KFC Margonda","4,4","(8.563)","·","Rp 25–50 rb","Makanan Siap Saji","·","","·","Jl. Margonda Raya, RT.01/RW.02","Buka 24 jam","","https://lh3.googleusercontent.com/gps-cs-s/APNQkAFoT9-PIxkoiuKic13XpavLd_Qpn298QFBcO75K2Iqbsz78UDj7KrU4R7cWMkhHUbTWaaRUBvvMpxyl1BdKcuvbxzwPcz1WEAGS2ahK-IYW5khHoF4ijvPZY4DEHz64u5Hmfv4=w122-h92-k-no","https://ssl.gstatic.com/local/servicebusiness/default_user.png","""Overall makanannya enak, hanya ada beberapa minus:
- AC kurang dingin.""","https://www.google.com/searchviewer/42?cvd=CLw_EiYKJOICITIfEhgiFtLX29IPEAoML2cvMTJtbDJ5bjRyGAE6AwjwDQ%3D%3D&hl=id-ID&gl=id&fo_m=MfohQo559jFvMUOzJVpjPL1YMfZ3bInYwBDuMfaXTPp5KXh-&utm_source=tactile&gei=ErD4aYH1MdyQnesP6OPHuQY&ei=ErD4aYH1MdyQnesP6OPHuQY&fo_s=OA&opi=79508299&orderType=1&ebb=1&cs=0&foub=mcpp","Pesan online",""
"https://www.google.com/maps/place/Golden+lamian+Pesona+Square+Mall/data=!4m7!3m6!1s0x2e69eb0286759c27:0x954f40d9ca7cc55f!8m2!3d-6.380082!4d106.8450562!16s%2Fg%2F11txhqvn88!19sChIJJ5x1hgLraS4RX8V8ytlAT5U?authuser=0&hl=id&rclk=1","Golden lamian Pesona Square Mall","4,3","(193)","·","Rp 50–75 rb","Masakan Asia","·","","Jl. Ir. H. Juanda No.27b","","Segera tutup","· 22.00 · Buka Sel pukul 10.00","https://lh3.googleusercontent.com/gps-cs-s/APNQkAHJUkFXg69DjBfjFMPHlYD1nK_m4-XvSIkR0gIW96ciSmCl5b0xyLmZlN4NK7aiGGNJlHxYfV9sGFaCeNQ7UD6D5ga6MdQHx1CaN6Tg-vr7p8cFm_RVQekXwmMLZ7M1RPpQeZfdzQ=w80-h106-k-no","https://ssl.gstatic.com/local/servicebusiness/default_user.png","""Wajib cobain kalo kesini!""","https://www.google.com/searchviewer/42?cvd=CLw_EicKJeICIjIgEhkiF9LX29IPEQoNL2cvMTF0eGhxdm44OBgBOgMI8A0%3D&hl=id-ID&gl=id&fo_m=MfohQo559jFvMUOzJVpjPL1YMfZ3bInYwBDuMfaXTPp5KXh-&utm_source=tactile&gei=ErD4aYH1MdyQnesP6OPHuQY&ei=ErD4aYH1MdyQnesP6OPHuQY&fo_s=OA&opi=79508299&orderType=1&ebb=1&cs=0&foub=mcpp","Pesan online",""
"https://www.google.com/maps/place/Bhumi+Rempah+Nusantara/data=!4m7!3m6!1s0x2e69ed7ab6221e09:0xeac25ae1ca1f0c1c!8m2!3d-6.3510036!4d106.8309248!16s%2Fg%2F11mdtdrh08!19sChIJCR4itnrtaS4RHAwfyuFawuo?authuser=0&hl=id&rclk=1","Bhumi Rempah Nusantara","4,8","(88)","","","Restoran","·","","Komplek Kampus UI, Felfet UI Jl. Prof. DR. Miriam Budiardjo, RW.3","","Tutup","· Buka Sel pukul 10.00","https://lh3.googleusercontent.com/gps-cs-s/APNQkAGzGdA9p9ZvZCwfsav7fkl4HFe2vzo6s-32Hqq3pQpjGYE7FT1yo_09Su1SMBejl9rJbMdzfmTq67UFYXWQ9xOlXljgBpXOuD35SCRjlGjP6un_ndTCvNyWrhaOiWmH7NYz3vw3VI7aj7SW=w80-h142-k-no","https://ssl.gstatic.com/local/servicebusiness/default_user.png","""mantap, menu worth it dan enakk""","","",""
"https://www.google.com/maps/place/Dapur+Mama+Ui/data=!4m7!3m6!1s0x2e69ef001a1b0a89:0xa36775bf9d580915!8m2!3d-6.3431821!4d106.7953568!16s%2Fg%2F11ykympbrt!19sChIJiQobGgDvaS4RFQlYnb91Z6M?authuser=0&hl=id&rclk=1","Dapur Mama Ui","5,0","(2)","","","Indonesia","·","","Jl. Melati IV No.84","","Buka 24 jam","","https://lh3.googleusercontent.com/gps-cs-s/APNQkAG_zHCIRD1snCE_7-FRNwnaZiZZZXJkPL5MqRmrqjpJ7LSp_6sSHgGD_-hubnUf2wC6D7Uri1jx3XCq-dGjbn4CznetxFZTU-Gc3MPur1QSHsPswYSBKeLVl7UO3Rlmf9--nnkYmSYJ6r8X=w132-h92-k-no","","Makan di tempat","","",""
"https://www.google.com/maps/place/Goeboek+Bamboe+Mampang/data=!4m7!3m6!1s0x2e69e94907c1137f:0x1aaa11a1e2be0d56!8m2!3d-6.3917062!4d106.7949125!16s%2Fg%2F1pv1y5shv!19sChIJfxPBB0npaS4RVg2-4qERqho?authuser=0&hl=id&rclk=1","Goeboek Bamboe Mampang","4,2","(892)","·","Rp 25–50 rb","Hidangan Laut","·","","·","Jl. Pramuka Raya No.12A, RT.1/RW.6","Tutup","· Buka Sel pukul 10.00","https://lh3.googleusercontent.com/gps-cs-s/APNQkAHq2DQlBGp3t1Ax9bM6dyAc_haprKIcTyyof5IWDdve7NJPV9TuXquYLYFbSnNbyQdS3dIvYIkDj90ciuBTEzFPsRcjZJqq3_BlB-pVAcRv5MLdi4qbMtqipm5ciqw5JQzXNaU=w122-h92-k-no","https://ssl.gstatic.com/local/servicebusiness/default_user.png","""tempat yang nyaman dan lokasi mudah terjangkau""","https://www.google.com/searchviewer/42?cvd=CLw_EiYKJOICITIfEhgiFtLX29IPEAoML2cvMXB2MXk1c2h2GAE6AwjwDQ%3D%3D&hl=id-ID&gl=id&fo_m=MfohQo559jFvMUOzJVpjPL1YMfZ3bInYwBDuMfaXTPp5KXh-&utm_source=tactile&gei=ErD4aYH1MdyQnesP6OPHuQY&ei=ErD4aYH1MdyQnesP6OPHuQY&fo_s=OA&opi=79508299&orderType=1&ebb=1&cs=0&foub=mcpp","Pesan online",""
"https://www.google.com/maps/place/RM.Seafood+Novi+Jaya+98/data=!4m7!3m6!1s0x2e69ebfb373e2a39:0x5a9ca85fef4a2139!8m2!3d-6.3907359!4d106.8254475!16s%2Fg%2F11csq5d3g2!19sChIJOSo-N_vraS4ROSFK71-onFo?authuser=0&hl=id&rclk=1","RM.Seafood Novi Jaya 98","4,4","(268)","·","Rp 25–50 rb","Hidangan Laut","·","","·","Jl. Margonda Raya Kp. Mangga No.48, RT.005/RW.012","Buka 24 jam","","https://lh3.googleusercontent.com/gps-cs-s/APNQkAFKNmkdkrzV3716w-gqFDu7xvPb38X9uLd_VZ21ihBbZDTcQjoHDIomqybvtart1MYdRYUk_gIxCdnvnEjTsa2fhVqm2pjzKSjsbF6ifLVfAyDhn0ZR7tp4gPtgkJptKVzQDs6j=w80-h106-k-no","https://ssl.gstatic.com/local/servicebusiness/default_user.png","""Tempat nya bersih, nyaman dan makanannya enak, langganan sejak dlu 😍""","https://www.google.com/searchviewer/42?cvd=CLw_EicKJeICIjIgEhkiF9LX29IPEQoNL2cvMTFjc3E1ZDNnMhgAOgMI8A0%3D&hl=id-ID&gl=id&fo_m=MfohQo559jFvMUOzJVpjPL1YMfZ3bInYwBDuMfaXTPp5KXh-&utm_source=tactile&gei=ErD4aYH1MdyQnesP6OPHuQY&ei=ErD4aYH1MdyQnesP6OPHuQY&fo_s=OA&opi=79508299&ebb=1&cs=0&foub=mcpp","Pesan online",""
"https://www.google.com/maps/place/Maji+Cafe/data=!4m7!3m6!1s0x2e69eb98bfd1ddd9:0xef86aa774f8846da!8m2!3d-6.4046131!4d106.8532203!16s%2Fg%2F11j4yklfsk!19sChIJ2d3Rv5jraS4R2kaIT3eqhu8?authuser=0&hl=id&rclk=1","Maji Cafe","4,5","(292)","·","Rp 25–50 rb","Restoran","·","","Jl. Jati Raya No.7-30","","Segera tutup","· 22.00 · Buka Sel pukul 10.00","https://lh3.googleusercontent.com/gps-cs-s/APNQkAGGrQelpgs0ilaOIsHO5Sca7G-mgittdw3x6RuM0ndcrA_X3E0jO8Bfr7xeUXH9F8uQtBLpz7SMbuTzqMMJ_IUcpm3Mh88TynP3bRPJh46KWTuWRXsS8CeE-Hvw7vzGnikVwRDhow=w80-h106-k-no","https://ssl.gstatic.com/local/servicebusiness/default_user.png","""Onion Rings-nya juara, mantap dehh.""","","",""
"https://www.google.com/maps/place/IKAN+BAKAR+MAS+DION/data=!4m7!3m6!1s0x2e69eea0ddf48efd:0xb49f7812ea71ebfc!8m2!3d-6.3646896!4d106.8154049!16s%2Fg%2F11h9zw33jm!19sChIJ_Y703aDuaS4R_Otx6hJ4n7Q?authuser=0&hl=id&rclk=1","IKAN BAKAR MAS DION","4,5","(65)","·","Rp 50–75 rb","Ikan Bakar","·","","·","Jl. K.H.M. Usman No.84, RT.02/RW.05","Buka","· Tutup pukul 23.00","https://lh3.googleusercontent.com/gps-cs-s/APNQkAH6ntWgDvPWweltF-4YvoWg-w8nK9gCDIiSta2hNVokca-k5qjKwsACQI7JAVXQO4d90vb2tog2XLGUDbSVOXBeI3--T_MmhujgK7-Jex0blWYKTEVyQlIMH8huuKb3402rOP-M=w122-h92-k-no","https://ssl.gstatic.com/local/servicebusiness/default_user.png","""Bumbunya juga  meresap.""","","",""
"https://www.google.com/maps/place/Soto+Ngawi+Margonda/data=!4m7!3m6!1s0x2e69ec111541ef73:0xf5b11e000a6da1e2!8m2!3d-6.3686444!4d106.8342308!16s%2Fg%2F11hb46rlcs!19sChIJc-9BFRHsaS4R4qFtCgAesfU?authuser=0&hl=id&rclk=1","Soto Ngawi Margonda","4,4","(560)","·","Rp 25–50 rb","Soto","·","","·","Jl. H. M. Tohir, RT.2/RW.1","Segera tutup","· 22.00 · Buka Sel pukul 10.00","https://lh3.googleusercontent.com/gps-cs-s/APNQkAH2RjIfxgZOnmRNsvBwg8xLtdPiry8rL_bleOe-Cw_zVXc8vdWSizySOPzo5mx23YL0yWdYghWuKhrL9gqjf5hl6oNzd9_j6AcnTQVrDkXR60KXhJZNsTCZL9qJJkFv-bPOmzxSjA=w80-h106-k-no","https://ssl.gstatic.com/local/servicebusiness/default_user.png","""Menu lengkap""","","",""
"https://www.google.com/maps/place/Sop+Buntut/data=!4m7!3m6!1s0x2e69ec0e89b6bfbb:0x627746d79f64f6e6!8m2!3d-6.3731167!4d106.8346153!16s%2Fg%2F1tcx9mht!19sChIJu7-2iQ7saS4R5vZkn9dGd2I?authuser=0&hl=id&rclk=1","Sop Buntut","4,2","(67)","","","Sulawesi Selatan","·","","Margo City Depok, Jl. Margonda No.358","","Tutup","· Buka Sel pukul 11.00","https://lh3.googleusercontent.com/gps-cs-s/APNQkAF3Xu0XlLhrjD7L066iEKICQAGZQMb-53NoRHcbf0puXJVloE2n4kQKlq09jkYsm_N5htbalRfBzzsDIxMZmNPTAjm8utbCHXSC7RFCFugVbREwYFQv8t2Pgp4Dat6PW7YZvJegkA=w163-h92-k-no","","Makan di tempat","","",""
"https://www.google.com/maps/place/GI+Depok/data=!4m7!3m6!1s0x2e69ed10d42dffbb:0xb8f6cad7ae07da46!8m2!3d-6.3777562!4d106.8231854!16s%2Fg%2F11m_jwvzgl!19sChIJu_8t1BDtaS4RRtoHrtfK9rg?authuser=0&hl=id&rclk=1","GI Depok","5,0","(26)","","","Kedai Kopi","·","","Jl. Taufiqurrahman No.10, RT.3/RW.2","","Tutup","· Buka Sel pukul 06.29","https://lh3.googleusercontent.com/gps-cs-s/APNQkAGLv-RiuhBCC6YwLUpu1JGv9o57S2_Mf6mYK0FU6WxtB8v-kXc6CA2MFy2E0ER45T4d_nVlPL2qXXv02XUYwqoeDGuhxwdZeyHQ7UTiIo11JvNtR5BVuotQWlzgHHQPHTocUs0W=w122-h92-k-no","","Makan di tempat","","",""
"https://www.google.com/maps/place/Rumah+Makan+Gandy/data=!4m7!3m6!1s0x2e69e92062d798c1:0x3c1fd0733a3777cf!8m2!3d-6.4055971!4d106.7480539!16s%2Fg%2F1pzq94m01!19sChIJwZjXYiDpaS4Rz3c3OnPQHzw?authuser=0&hl=id&rclk=1","Rumah Makan Gandy","4,3","(1.600)","·","Rp 25–50 rb","Indonesia","·","","·","Jalan Raya Muchtar No.24 Rt2 Rw5 Bojongsari Sawangan","Tutup","· Buka Sel pukul 09.00","https://lh3.googleusercontent.com/gps-cs-s/APNQkAGUdaiWxyB5aGlr7KbpKcxScKW-B-eKNE49GnwGLbmhnMieXYTQjSJfA-3pAKwmDiR8rwd26K35s518tKUTiwnTtMyquPLS49MZNOfSjvepJiOjNPxXQ3-PmkHAOjd7ICKCtLQc=w80-h106-k-no","https://ssl.gstatic.com/local/servicebusiness/default_user.png","""Variasi menu makanan sedikit.""","","",""
"https://www.google.com/maps/place/Paddock+Cafe/data=!4m7!3m6!1s0x2e69ebcb95feb9e3:0xc77125131fa910a2!8m2!3d-6.3995491!4d106.8196491!16s%2Fg%2F11gxhx5xsg!19sChIJ47n-lcvraS4RohCpHxMlccc?authuser=0&hl=id&rclk=1","Paddock Cafe","4,6","(128)","","","Kafe","·","","Jl. Kartini No.52","","Buka","· Tutup pukul 01.00","https://lh3.googleusercontent.com/gps-cs-s/APNQkAEcsBK8bCnTJNcdaXapCT_bbAPKIw4igX8Eu89eg4jTpk83SXGU7uv3ZLtkXsbVViQcLFBe3tJC5e53P5uUgjrg7fgj-_N5Z4GtorOqo_dRJBhieEw1UY2wjSoQIgzXZ_FxXISb=w194-h92-k-no","","Makan di tempat","","",""
"https://www.google.com/maps/place/Rustic+Kitchen+%26+Coffee/data=!4m7!3m6!1s0x2e69e9387adb6069:0x89c7a6f9d8edff98!8m2!3d-6.3943175!4d106.7936787!16s%2Fg%2F11g98tdy5p!19sChIJaWDbejjpaS4RmP_t2Pmmx4k?authuser=0&hl=id&rclk=1","Rustic Kitchen & Coffee","4,4","(295)","","","Kafe","·","","Jl. Raya Sawangan No.98-99","","Tutup","· Buka Sel pukul 11.00","https://lh3.googleusercontent.com/gps-cs-s/APNQkAGZQBDX3WgSAc3FyIVIVrYOvPygtGJkVfr221_lEjTo79xZKvt10zpLXW-U50TKPk23SDwT2omp7RkuRb5GUForPAIlIrk9QRMiE8PwYNv7BzqWg86bq7JYrWSH53rSNxryeVXN=w122-h92-k-no","","","","",""
"https://www.google.com/maps/place/Kopi+Sya/data=!4m7!3m6!1s0x2e69ed0640e7673f:0xfec9df5602fbcdb7!8m2!3d-6.3547676!4d106.840394!16s%2Fg%2F11k6ys2smp!19sChIJP2fnQAbtaS4Rt837Albfyf4?authuser=0&hl=id&rclk=1","Kopi Sya","4,9","(16)","","","Kedai Kopi","·","","Jl. Akses UI No.57b","","Tutup","· Buka Sel pukul 11.00","https://lh3.googleusercontent.com/gps-cs-s/APNQkAGWAL79oezj4zoSLai2bfdpYEhQ5ZHiUi8qJp3Uogoreo3cO19xic1_KhfWaMqbSNkfvrPIggaFHW4KrTHZZZctmRazXMOpmXGBl9uAaQx42PzzOaHi2I2zXqL1IBEFhjeKoXkp=w163-h92-k-no","","Makan di tempat","","",""
"https://www.google.com/maps/place/Emados+Sawangan+DTC+Depok/data=!4m7!3m6!1s0x2e69e98b9b4bc457:0x980c101882a5d56e!8m2!3d-6.3944393!4d106.7941032!16s%2Fg%2F11rvjt3sfh!19sChIJV8RLm4vpaS4RbtWlghgQDJg?authuser=0&hl=id&rclk=1","Emados Sawangan DTC Depok","4,3","(440)","·","Rp 25–50 rb","Indonesia","·","","Jl. Raya Sawangan No.36","","Segera tutup","· 22.30 · Buka Sel pukul 09.00","https://lh3.googleusercontent.com/gps-cs-s/APNQkAFSn32AIYP6Q1kELBqwbAM6iAGngRh_T3oBbS7J6JMsmFoKPJPB0s-0GFdox5z2TdITSR35_1UamMgM-lvmSckpA7T1_e_vjUwt5e9OcqyJ9wQ-nf_7GumQFLTnaU9TTbMP9Prp=w204-h92-k-no","https://ssl.gstatic.com/local/servicebusiness/default_user.png","""Recomended food and place.""","https://www.google.com/searchviewer/42?cvd=CLw_EicKJeICIjIgEhkiF9LX29IPEQoNL2cvMTFydmp0M3NmaBgAOgMI8A0%3D&hl=id-ID&gl=id&fo_m=MfohQo559jFvMUOzJVpjPL1YMfZ3bInYwBDuMfaXTPp5KXh-&utm_source=tactile&gei=ErD4aYH1MdyQnesP6OPHuQY&ei=ErD4aYH1MdyQnesP6OPHuQY&fo_s=OA&opi=79508299&ebb=1&cs=0&foub=mcpp","Pesan online",""
"https://www.google.com/maps/place/Kantin+Sastra/data=!4m7!3m6!1s0x2e69ec19a15342af:0xbf248ed0df3d6e05!8m2!3d-6.3639319!4d106.82703!16s%2Fg%2F11bxg01hw7!19sChIJr0JToRnsaS4RBW4939COJL8?authuser=0&hl=id&rclk=1","Kantin Sastra","4,5","(383)","·","Rp 25–50 rb","Kafetaria","·","","Universitas Indonesia","","Tutup","· Buka Sel pukul 07.00","https://lh3.googleusercontent.com/gps-cs-s/APNQkAFwAsex0CV0suD-Sj1IA1XhF04jKCgiYMQPy4tX8iDw_0vZy55m-7e5uB-zD1JZZYiNj1HIHMlhqEOvTiQbqWgwclfBUFBIj0kLl5Lo2FxxOnRohFzKKs3ihBBqkloInT8WyN5P=w122-h92-k-no","https://ssl.gstatic.com/local/servicebusiness/default_user.png","""Semua menu lengkap, tapi lebih ke menu Indonesia sih.""","","",""