"hfpxzc href","qBF1Pd","MW4etd","UY7F9","W4Efsd","W4Efsd 2","W4Efsd 3","W4Efsd 4","W4Efsd 5","UsdlK","lcr4fd href","Cw1rxd","R8c4Qb","Cw1rxd 2","R8c4Qb 2","Jn12ke src","ah5Ghc","doJOZc","W4Efsd 6"
"","","","","","","","","","","","","","","","","","",""
"","","","","","","","","","","","","","","","","","",""
"https://www.google.com/maps/place/Apotek+K-24+M.Isa+Palembang/data=!4m7!3m6!1s0x2e3b77f93cc470e7:0xc56adc0bb08087!8m2!3d-2.9720242!4d104.7698499!16s%2Fg%2F11k9wnstnr!19sChIJ53DEPPl3Oy4Rh4CwC9xqxQA?authuser=0&hl=id&rclk=1","Apotek K-24 M.Isa Palembang","4,2","(53)","Apotek","·","Jl. Dr. M. Isa No.7/133 3","Buka 24 jam","·","0822-1100-0224","https://www.apotek-k24.com/location","","Situs Web","","Rute","https://ssl.gstatic.com/local/servicebusiness/default_user.png","""apalgi apotekernya mantap tbe best sangat membantu.""","",""
"https://www.google.com/maps/place/K-24+Dempo+Luar/data=!4m7!3m6!1s0x2e3b7606b7c34079:0x8ac816c4f7db6550!8m2!3d-2.9809723!4d104.7626055!16s%2Fg%2F1pzvlwxbw!19sChIJeUDDtwZ2Oy4RUGXb98QWyIo?authuser=0&hl=id&rclk=1","K-24 Dempo Luar","4,7","(78)","Apotek","·","Jl. Lingkaran 1","Buka 24 jam","·","0822-8197-6929","http://www.apotek-k24.com/","","Situs Web","","Rute","https://ssl.gstatic.com/local/servicebusiness/default_user.png","""Harganya Oke pelayanan nya gercep staff nya ramah2""","",""
"https://www.google.com/maps/place/Apotek+Maggha+Mulia/data=!4m7!3m6!1s0x2e3b760df95589a3:0x2d5a03d363d94ed6!8m2!3d-2.9811718!4d104.7628645!16s%2Fg%2F1hf65tlnx!19sChIJo4lV-Q12Oy4R1k7ZY9MDWi0?authuser=0&hl=id&rclk=1","Apotek Maggha Mulia","4,1","(101)","Apotek","·","·","Jl. Lingkaran 1 No.408C","Segera tutup","","","","Rute","","","https://ssl.gstatic.com/local/servicebusiness/default_user.png","""Harganya murah obatnya lengkap""","","· 21.00 · Buka Sel pukul 08.00"
"https://www.google.com/maps/place/APOTEK+PRATAMA+K2/data=!4m7!3m6!1s0x2e3b7707d689124f:0x930b0d91b99b5cc!8m2!3d-2.9813789!4d104.7619429!16s%2Fg%2F11k5333fwm!19sChIJTxKJ1gd3Oy4RzLWZG9mwMAk?authuser=0&hl=id&rclk=1","APOTEK PRATAMA K2","4,7","(39)","Apotek","·","Jl. Lingkaran1 No.410D","Buka","·","0853-7990-8622","https://www.apotek-k24.com/","","Situs Web","","Rute","https://ssl.gstatic.com/local/servicebusiness/default_user.png","""Obat nya lengkap, harga terjangkau, pelayanan nya sip bgt 👍👍👍""","","· Tutup pukul 21.30"
"https://www.google.com/maps/place/Apotek+K-24+Sudirman+Palembang/data=!4m7!3m6!1s0x2e3b75d892ca7c95:0xbfe7b99c45a9c0a8!8m2!3d-2.9683979!4d104.7500457!16s%2Fg%2F1tkfw_82!19sChIJlXzKkth1Oy4RqMCpRZy5578?authuser=0&hl=id&rclk=1","Apotek K-24 Sudirman Palembang","4,0","(104)","Apotek","·","Jl. Jend. Sudirman No.504","Buka 24 jam","·","0896-5471-3554","http://www.apotek-k24.com/","","Situs Web","","Rute","https://ssl.gstatic.com/local/servicebusiness/default_user.png","""Minimal 2 orang kalau satu nya tidur ada temen lain yang gantiin jaga""","",""
"https://www.google.com/maps/place/Apotik+Indah+Medika/data=!4m7!3m6!1s0x2e3b76695372d259:0x978f11bc84d1b246!8m2!3d-2.9754529!4d104.7704143!16s%2Fg%2F1hf001sbt!19sChIJWdJyU2l2Oy4RRrLRhLwRj5c?authuser=0&hl=id&rclk=1","Apotik Indah Medika","4,6","(16)","Apotek","·","Jl. Veteran No.134","·","Buka","(0711) 372520","","","Rute","","","https://ssl.gstatic.com/local/servicebusiness/default_user.png","""Biaya dokternya terjangkau hanya 100 ribu rupiah.""","","· Tutup pukul 21.30"
"https://www.google.com/maps/place/Apotik+Dempo/data=!4m7!3m6!1s0x2e3b760e74f6d89d:0xea8db59df91c8369!8m2!3d-2.9811958!4d104.7621483!16s%2Fg%2F1hm2kt57l!19sChIJndj2dA52Oy4RaYMc-Z21jeo?authuser=0&hl=id&rclk=1","Apotik Dempo","3,4","(343)","Apotek","·","·","2Q96+GVC, Jl. Lingkaran1","Buka","(0711) 350170","","","Rute","","","https://ssl.gstatic.com/local/servicebusiness/default_user.png","""Ok soal pelayanan nya dan obat""an ny lengkap dan murah""","","· Tutup pukul 22.00"
"https://www.google.com/maps/place/Apotek+K-24+Sekip+Palembang/data=!4m7!3m6!1s0x2e3b767e9bcbcedf:0x5e132dcf406e794d!8m2!3d-2.9601686!4d104.7573917!16s%2Fg%2F11fy2q5cbg!19sChIJ387Lm352Oy4RTXluQM8tE14?authuser=0&hl=id&rclk=1","Apotek K-24 Sekip Palembang","4,9","(163)","Apotek","·","·","Buka 24 jam","Jl. Mayor Salim Batubara No.3, RT.001 / RW.001 Sekip Jaya","0821-8246-7663","http://wa.me/6282182467663","","Situs Web","","Rute","https://ssl.gstatic.com/local/servicebusiness/default_user.png","""Pelayanan","",""
"https://www.google.com/maps/place/Citra+Apotek/data=!4m7!3m6!1s0x2e3b7673a7948897:0x2282502fc2487580!8m2!3d-2.9738392!4d104.7603822!16s%2Fg%2F1hc15fc1s!19sChIJl4iUp3N2Oy4RgHVIwi9QgiI?authuser=0&hl=id&rclk=1","Citra Apotek","4,3","(7)","Apotek","·","·","Jl. Ong Len No.12","Segera tutup","(0711) 358366","","","Rute","","","","","","· 21.00 · Buka Sel pukul 09.00"
"https://www.google.com/maps/place/APOTEK+MANGGALA+UTAMA/data=!4m7!3m6!1s0x2e3b773b0f02d029:0xc2afba629280677e!8m2!3d-2.9806028!4d104.7695318!16s%2Fg%2F11t_sm08wn!19sChIJKdACDzt3Oy4RfmeAkmK6r8I?authuser=0&hl=id&rclk=1","APOTEK MANGGALA UTAMA","4,5","(39)","Apotek","·","Jl. Slamet Riady No.131","·","Segera tutup","0811-7105-858","","","Rute","","","https://ssl.gstatic.com/local/servicebusiness/default_user.png","""Obat-obatan lengkap, harga terjangkau, ada praktek dokter mantapppp 😍😍😍😍""","","· 21.00 · Buka Sel pukul 07.30"
"https://www.google.com/maps/place/Apotek+Bangau/data=!4m7!3m6!1s0x2e3b777fa8bbb359:0x4c69000baa95cc8c!8m2!3d-2.9680081!4d104.7680433!16s%2Fg%2F11tk342ylj!19sChIJWbO7qH93Oy4RjMyVqgsAaUw?authuser=0&hl=id&rclk=1","Apotek Bangau","4,7","(12)","Apotek","·","Jl. Bangau No.15D","·","Buka","0813-8800-4700","","","Rute","","","https://ssl.gstatic.com/local/servicebusiness/default_user.png","""Pihak suster bahkan menginformasikan bahwa dokter masih berada di rumah.""","","· Tutup pukul 22.00"
"https://www.google.com/maps/place/Apotek+Kimia+Farma+Rosarum/data=!4m7!3m6!1s0x2e3b7608e243492f:0x3164c5c8b4824023!8m2!3d-2.983875!4d104.75612!16s%2Fg%2F11r8h5mr2!19sChIJL0lD4gh2Oy4RI0CCtMjFZDE?authuser=0&hl=id&rclk=1","Apotek Kimia Farma Rosarum","4,4","(62)","Apotek","·","Jl. Letkol Iskandar No.222","Buka","·","0811-7853-170","https://www.instagram.com/kimiafarmapalembang/","","Situs Web","","Rute","https://ssl.gstatic.com/local/servicebusiness/default_user.png","""Fast responses... terima kasih banyak, sangat terbantu""","","· Tutup pukul 22.00"
"https://www.google.com/maps/place/Apotik+Puji/data=!4m7!3m6!1s0x2e3b760de36c7acf:0xe9a564836f9b3fea!8m2!3d-2.980807!4d104.7629177!16s%2Fg%2F11b77413c5!19sChIJz3ps4w12Oy4R6j-bb4Nkpek?authuser=0&hl=id&rclk=1","Apotik Puji","4,6","(10)","Apotek","·","Jalan Lingkaran No.357B","·","Buka","(0711) 362477","","","Rute","","","https://ssl.gstatic.com/local/servicebusiness/default_user.png","""Pelayanan ramah Dan cepat... 👍""","","· Tutup pukul 21.30"
"https://www.google.com/maps/place/Marada+Pharma+Medika.+PT/data=!4m7!3m6!1s0x2e3b766d9b818a7b:0xe8d7648e8c7043ce!8m2!3d-2.9735038!4d104.7646782!16s%2Fg%2F1ptz6nrgj!19sChIJe4qBm212Oy4RzkNwjI5k1-g?authuser=0&hl=id&rclk=1","Marada Pharma Medika. PT","","","Apotek","·","Jl. Rajawali No.585 C","","","","","","Rute","","","","","",""
"https://www.google.com/maps/place/Apotik+Ogan/data=!4m7!3m6!1s0x2e3b760ed3d77eeb:0xab5c63b142720f9a!8m2!3d-2.9831525!4d104.7582714!16s%2Fg%2F1hm4lz3_7!19sChIJ637X0w52Oy4Rmg9yQrFjXKs?authuser=0&hl=id&rclk=1","Apotik Ogan","4,3","(172)","Apotek","·","·","Buka","Jl. Letkol Iskandar No.646","(0711) 351401","https://www.honestdocs.id/apotik/apotik-ogan-palembang/details","","Situs Web","","Rute","https://ssl.gstatic.com/local/servicebusiness/default_user.png","""","","· Tutup pukul 22.00"
"https://www.google.com/maps/place/APOTEK+JITU/data=!4m7!3m6!1s0x2e3b7645be445f15:0x35faeae94e02e62b!8m2!3d-2.969785!4d104.7855209!16s%2Fg%2F11f15bgq__!19sChIJFV9EvkV2Oy4RK-YCTunq-jU?authuser=0&hl=id&rclk=1","APOTEK JITU","4,5","(68)","Apotek","·","·","Jl. R. E. Martadinata No.769","Buka","(0711) 713829","","","Rute","","","https://ssl.gstatic.com/local/servicebusiness/default_user.png","""Obat”an nya lengkap, harga lebih murah… sukses selalu""","","· Tutup pukul 23.00"
"https://www.google.com/maps/place/Apotek+Kimia+Farma+Sudirman+KM+3,5/data=!4m7!3m6!1s0x2e3b75ef6aaaaa95:0x8a674f0140f93d2f!8m2!3d-2.9711225!4d104.7507688!16s%2Fg%2F11bbrj2grb!19sChIJlaqqau91Oy4RLz35QAFPZ4o?authuser=0&hl=id&rclk=1","Apotek Kimia Farma Sudirman KM 3,5","3,7","(75)","Apotek","·","·","Jl. Jend. Sudirman No.85","Buka","0811-7808-270","","","Rute","","","https://ssl.gstatic.com/local/servicebusiness/default_user.png","""Tempatnya bersih dan pelayanan bagus""","","· Tutup pukul 23.30"
"https://www.google.com/maps/place/Apotik+Mandiri/data=!4m7!3m6!1s0x2e3b760dfcafc5dd:0x6fa0f96057dc238!8m2!3d-2.980848!4d104.7630889!16s%2Fg%2F1hm3tyzhr!19sChIJ3cWv_A12Oy4ROMJ9BZYP-gY?authuser=0&hl=id&rclk=1","Apotik Mandiri","4,4","(18)","Apotek","·","Jl. Lingkaran 1 No.480","·","Segera tutup","(0711) 363560","","","Rute","","","https://ssl.gstatic.com/local/servicebusiness/default_user.png","""Obat lengkap, pelayanannya ramah..""","","· 21.00 · Buka Sel pukul 08.00"
"https://www.google.com/maps/place/Apotek+Karnesien/data=!4m7!3m6!1s0x2e3b77e5926aae55:0x9acbd41e2110ca6a!8m2!3d-2.9807829!4d104.7637435!16s%2Fg%2F11twc3rxqj!19sChIJVa5qkuV3Oy4RasoQIR7Uy5o?authuser=0&hl=id&rclk=1","Apotek Karnesien","5,0","(2)","Apotek","·","Jl. Lingkaran 1 Jl. Dempo Luar No.312B","Segera tutup","·","0851-7515-1590","https://www.apotek-k24.com/","","Situs Web","","Rute","https://ssl.gstatic.com/local/servicebusiness/default_user.png","""pelayanan ramah banget
jadi semangat buat sembuh""","","· 21.00 · Buka Sel pukul 08.00"
"https://www.google.com/maps/place/Apotek+Nilam+2/data=!4m7!3m6!1s0x2e3b776d003b758d:0xc737956ce5cefe4d!8m2!3d-2.9780935!4d104.7709375!16s%2Fg%2F11kc93l7k9!19sChIJjXU7AG13Oy4RTf7O5WyVN8c?authuser=0&hl=id&rclk=1","Apotek Nilam 2","5,0","(4)","Apotek","·","Jl. Dr. M. Isa No.963","·","Buka","0852-6740-6878","","","Rute","","","https://ssl.gstatic.com/local/servicebusiness/default_user.png","""mbak2nya ramah dan informatif""","","· Tutup pukul 22.00"
"https://www.google.com/maps/place/Kimia+Farma+Apotek/data=!4m7!3m6!1s0x2e3b760ee62ca217:0x355e9bd950872583!8m2!3d-2.980792!4d104.756987!16s%2Fg%2F1ptw7mnzs!19sChIJF6Is5g52Oy4RgyWHUNmbXjU?authuser=0&hl=id&rclk=1","Kimia Farma Apotek","4,0","(47)","Apotek","·","2Q94+MRM, Jl. Kolonel Atmo No.1250","Segera tutup","·","0811-7853-168","http://kimiafarmaapotek.co.id/","","Situs Web","","Rute","https://ssl.gstatic.com/local/servicebusiness/default_user.png","""Gerai ini menjual beberapa obat-obatan.""","","· 21.00 · Buka Sel pukul 09.00"
"https://www.google.com/maps/place/Mujarab+Apotek/data=!4m7!3m6!1s0x2e3b760e08bdf33f:0x96d0f438d1260fb3!8m2!3d-2.981136!4d104.76299!16s%2Fg%2F1hc9spnbh!19sChIJP_O9CA52Oy4Rsw8m0Tj00JY?authuser=0&hl=id&rclk=1","Mujarab Apotek","5,0","(1)","Apotek","·","Jl. Lingkaran 1 No.40 Rt. 01/01","·","Buka","(0711) 322103","","","Rute","","","","","","· Tutup pukul 21.30"
"https://www.google.com/maps/place/Apotek+Ideal/data=!4m7!3m6!1s0x2e3b760929139d1d:0x535991d7f6687078!8m2!3d-2.9833424!4d104.7573621!16s%2Fg%2F1hc5936w2!19sChIJHZ0TKQl2Oy4ReHBo9teRWVM?authuser=0&hl=id&rclk=1","Apotek Ideal","4,3","(18)","Apotek","·","Jl. Letkol Iskandar No.901 A","·","Buka","(0711) 367666","","","Rute","","","https://ssl.gstatic.com/local/servicebusiness/default_user.png","""Terimakasih 🙏🏻""","","· Tutup pukul 22.30"
"https://www.google.com/maps/place/Apotek+Hera/data=!4m7!3m6!1s0x2e3b7613fc5bc92d:0xf3a4213d4e46419f!8m2!3d-2.9805641!4d104.7726222!16s%2Fg%2F1hf1y6kd7!19sChIJLclb_BN2Oy4Rn0FGTj0hpPM?authuser=0&hl=id&rclk=1","Apotek Hera","4,0","(14)","Apotek","·","·","Jl. Slamet Riady No.518-550","Segera tutup","","","","Rute","","","https://ssl.gstatic.com/local/servicebusiness/default_user.png","""Pelayanannya baik dan ramah""","","· 21.00 · Buka Sel pukul 08.00"
"https://www.google.com/maps/place/Apotik+Buana/data=!4m7!3m6!1s0x2e3b760e645dd12f:0xb9bd47a8aa935c75!8m2!3d-2.9820556!4d104.761271!16s%2Fg%2F1hm2rs6jd!19sChIJL9FdZA52Oy4RdVyTqqhHvbk?authuser=0&hl=id&rclk=1","Apotik Buana","4,3","(32)","Apotek","·","Jl. Letkol Iskandar No.677","·","Segera tutup","0853-6604-1460","","","Rute","","","https://ssl.gstatic.com/local/servicebusiness/default_user.png","""Mohon infonya jadwak dokter monica 🙏 atau daftarnya ada kontaknya tidak .""","","· 21.00 · Buka Sel pukul 10.00"
"https://www.google.com/maps/place/Apotik+Indra/data=!4m7!3m6!1s0x2e3b760c5fdec181:0xf287f74f5a2b2044!8m2!3d-2.9791871!4d104.7578383!16s%2Fg%2F1hc2_87kc!19sChIJgcHeXwx2Oy4RRCArWk_3h_I?authuser=0&hl=id&rclk=1","Apotik Indra","4,1","(43)","Apotek","·","·","Jl. Aipda Karel Satsuit Tubun No.72","Buka","(0711) 351897","","","Rute","","","https://ssl.gstatic.com/local/servicebusiness/default_user.png","""Apotik terlengkap, pelayanan ramah, harga obat terjangkau…""","","· Tutup pukul 22.00"
"https://www.google.com/maps/place/AA+APOTEK+ANUGRAH/data=!4m7!3m6!1s0x2e3b773a2517f393:0x11a6658b5303001!8m2!3d-2.9654468!4d104.7631842!16s%2Fg%2F11w4rhr1mg!19sChIJk_MXJTp3Oy4RATAwtVhmGgE?authuser=0&hl=id&rclk=1","AA APOTEK ANUGRAH","5,0","(13)","Apotek","·","Jl. Perwari No.6, RT.021/RW.19","·","Buka","0899-9008-007","","","Rute","","","https://ssl.gstatic.com/local/servicebusiness/default_user.png","""Lokasinya strategis, obat obatnya lengkap, sangat rekomendasi banget""","","· Tutup pukul 22.00"
"https://www.google.com/maps/place/APOTEK+HANAN/data=!4m7!3m6!1s0x2e3b77005281af37:0xf7990a9d3c588f7b!8m2!3d-2.9683966!4d104.7526864!16s%2Fg%2F11yyh5td79!19sChIJN6-BUgB3Oy4Re49YPJ0Kmfc?authuser=0&hl=id&rclk=1","APOTEK HANAN","5,0","(8)","Apotek","·","Jl. Inspektur Yazid Lrg. Hanan No.06, RT.34/RW.10","·","Segera tutup","0811-7873-4233","","","Rute","","","https://ssl.gstatic.com/local/servicebusiness/default_user.png","""","","· 21.00 · Buka Sel pukul 07.00"
"https://www.google.com/maps/place/Apotek+Keluarga+Medika+Palembang/data=!4m7!3m6!1s0x2e3b77ad9f92c041:0x6c2af44ca7e8e29f!8m2!3d-2.9447862!4d104.7568024!16s%2Fg%2F11yfdgyyrb!19sChIJQcCSn613Oy4Rn-Lop0z0Kmw?authuser=0&hl=id&rclk=1","Apotek Keluarga Medika Palembang","4,7","(25)","Apotek","·","Jalan Pipa Reja Ruko 1702A","·","Buka","0812-9200-6988","","","Rute","","","https://ssl.gstatic.com/local/servicebusiness/default_user.png","""Bestttt
Pelayanan ramah
Obatnya lengkap
Harganya murahhh
Pertahankann""","","· Tutup pukul 22.00"
"https://www.google.com/maps/place/klinik+%26+apotek+al-syifa/data=!4m7!3m6!1s0x2e3b7614c82b8fbd:0x8d74e53310c96d7b!8m2!3d-2.9766441!4d104.7710776!16s%2Fg%2F11cr_rynt1!19sChIJvY8ryBR2Oy4Re23JEDPldI0?authuser=0&hl=id&rclk=1","klinik & apotek al-syifa","4,7","(951)","Klinik Kesehatan","·","Jl. Dr. M. Isa No.112","·","Buka 24 jam","0812-7110-717","","","Rute","","","https://ssl.gstatic.com/local/servicebusiness/default_user.png","""pelayananny serta dokternya ramah2,dan baik,,tempatny juga bersih""","",""
"https://www.google.com/maps/place/Apotek+Alam/data=!4m7!3m6!1s0x2e3b760a4b537d93:0x612e306c6a7e22ba!8m2!3d-2.9796852!4d104.754989!16s%2Fg%2F11c1sjwcds!19sChIJk31TSwp2Oy4RuiJ-amwwLmE?authuser=0&hl=id&rclk=1","Apotek Alam","3,6","(7)","Apotek","·","Jl. Letnan Jaimas No.34","·","Buka","(0711) 360422","","","Rute","","","","","","· Tutup pukul 22.00"
"https://www.google.com/maps/place/Apotik+Sehat/data=!4m7!3m6!1s0x2e3b7679fcf1f595:0xee3d2b372a9831ce!8m2!3d-2.9683181!4d104.7555715!16s%2Fg%2F1hdzklz40!19sChIJlfXx_Hl2Oy4RzjGYKjcrPe4?authuser=0&hl=id&rclk=1","Apotik Sehat","4,0","(46)","Apotek","·","·","Jalan Mayor Salim Batubara No.65G, Sekip Jaya, Ilir Timur I, Jl. Mayor Salim Batubara No.65G","Buka","(0711) 5732654","","","Rute","","","https://ssl.gstatic.com/local/servicebusiness/default_user.png","""Kualitas produk dijamin bagus.""","","· Tutup pukul 21.30"
"https://www.google.com/maps/place/Apotek+Al-Syifa+Merdeka/data=!4m7!3m6!1s0x2e3b774273cdc8bb:0xbb2324f0e58f2910!8m2!3d-2.9907809!4d104.7560592!16s%2Fg%2F11xgfrkm57!19sChIJu8jNc0J3Oy4RECmP5fAkI7s?authuser=0&hl=id&rclk=1","Apotek Al-Syifa Merdeka","4,9","(41)","Apotek","·","Jl. Merdeka No.204, RT.02/RW.01","·","Buka","0821-8477-7402","","","Rute","","","https://ssl.gstatic.com/local/servicebusiness/default_user.png","""Pelayanan sangat bagus dan untuk penyediaan obat obatan lengkap..""","","· Tutup pukul 22.00"
"https://www.google.com/maps/place/Apotek+K-24+Wahid+Hasyim+Palembang/data=!4m7!3m6!1s0x2e3b9dfaa077cb19:0x888d3a1330b3a915!8m2!3d-3.0042241!4d104.7637451!16s%2Fg%2F1pzvppd77!19sChIJGct3oPqdOy4RFamzMBM6jYg?authuser=0&hl=id&rclk=1","Apotek K-24 Wahid Hasyim Palembang","4,6","(143)","Apotek","·","XQW7+8GR, Jl. KH Wahid Hasyim","Buka 24 jam","·","0821-8282-3381","http://www.apotek-k24.com/","","Situs Web","","Rute","https://ssl.gstatic.com/local/servicebusiness/default_user.png","""Pelayanan ramah obat lengkap dan tempatnya bersih""","",""
"https://www.google.com/maps/place/Apotek+K-24+Angkatan+66+Palembang/data=!4m7!3m6!1s0x2e3b7682b045a931:0xd22b96806d4fd5e9!8m2!3d-2.947701!4d104.752658!16s%2Fg%2F11fxb85bsw!19sChIJMalFsIJ2Oy4R6dVPbYCWK9I?authuser=0&hl=id&rclk=1","Apotek K-24 Angkatan 66 Palembang","4,6","(109)","Apotek","·","·","Buka 24 jam","Jl. Angkatan 66 No.1446","","https://www.apotek-k24.com/location/detail/499/K-24-ANGKATAN-66","","Situs Web","","Rute","https://ssl.gstatic.com/local/servicebusiness/default_user.png","""Hari ini spesial ultah k24 dpt free cek kesehatan gratis.""","",""
"https://www.google.com/maps/place/APOTEK+PRATAMA/data=!4m7!3m6!1s0x2e3b75d9d1eaefb3:0x7dc30d9d586d931f!8m2!3d-2.9672837!4d104.7487292!16s%2Fg%2F11vzfrrtr7!19sChIJs-_q0dl1Oy4RH5NtWJ0Nw30?authuser=0&hl=id&rclk=1","APOTEK PRATAMA","4,8","(16)","Apotek","","·","","Buka","0822-2111-9960","","","Rute","","","https://ssl.gstatic.com/local/servicebusiness/default_user.png","""selalu beli obat disini karna lengkap, murah, pelayanannya juga oke""","","· Tutup pukul 22.00"
"https://www.google.com/maps/place/Apotik+Hamami/data=!4m7!3m6!1s0x2e3b766c0c9828eb:0xe52280455ea74812!8m2!3d-2.9724931!4d104.7693016!16s%2Fg%2F1pzwr6919!19sChIJ6yiYDGx2Oy4REkinXkWAIuU?authuser=0&hl=id&rclk=1","Apotik Hamami","4,3","(4)","Apotek","·","Jl. Punai II No.16 A","·","Segera tutup","(0711) 355824","","","Rute","","","","","","· 21.00 · Buka Sel pukul 08.00"
"https://www.google.com/maps/place/Apotik+Magha+Mulia+II/data=!4m7!3m6!1s0x2e3b75d8b8cc5895:0x408214b4cf35e791!8m2!3d-2.967936!4d104.7492185!16s%2Fg%2F1hdz5db51!19sChIJlVjMuNh1Oy4Rkec1z7QUgkA?authuser=0&hl=id&rclk=1","Apotik Magha Mulia II","2,6","(45)","Apotek","·","Jl. Jend. Sudirman No.295","·","Buka","(0711) 354824","","","Rute","","","https://ssl.gstatic.com/local/servicebusiness/default_user.png","""Sangat membantu  dan pelayan nya bagusss pkok  nya the best""","","· Tutup pukul 21.45"
"https://www.google.com/maps/place/Apotek+Maggha+Mulia+2/data=!4m7!3m6!1s0x2e3b75d8350a362f:0x3ff5c116edf47239!8m2!3d-2.9679499!4d104.7491827!16s%2Fg%2F1hm4911ht!19sChIJLzYKNdh1Oy4ROXL07RbB9T8?authuser=0&hl=id&rclk=1","Apotek Maggha Mulia 2","3,5","(84)","Apotek","·","·","Jl. Jend. Sudirman No.2957 C-D","Segera tutup","0821-7421-1850","","","Rute","","","https://ssl.gstatic.com/local/servicebusiness/default_user.png","""Pegawai ramah, parkir motor banyak, pelayanan cepat dan murah.""","","· 21.00 · Buka Sel pukul 08.00"
"https://www.google.com/maps/place/Rohypnol+Palembang/data=!4m7!3m6!1s0x2e3b7761c24ce647:0x966c328b2fce9529!8m2!3d-2.9739275!4d104.754994!16s%2Fg%2F11h56by1wq!19sChIJR-ZMwmF3Oy4RKZXOL4sybJY?authuser=0&hl=id&rclk=1","Rohypnol Palembang","5,0","(1)","Apotek","·","2QG3+CXH","·","Buka 24 jam","0813-9000-4543","","","Rute","","","","Pesan antar","",""
"https://www.google.com/maps/place/APOTEK+K-NIA+PHARMA/data=!4m7!3m6!1s0x2e3b761c483fbc87:0x1855b3abe5887abf!8m2!3d-2.99254!4d104.768011!16s%2Fg%2F11h9ynldyg!19sChIJh7w_SBx2Oy4Rv3qI5auzVRg?authuser=0&hl=id&rclk=1","APOTEK K-NIA PHARMA","4,6","(31)","Apotek","·","JL. K.H. AZHARI, RUKO NO.2 KELURAHAN 10 ULU, KECAMATAN JAKABARING","·","Buka","0851-5515-8157","","","Rute","","","https://ssl.gstatic.com/local/servicebusiness/default_user.png","""🔥🔥🔥🔥🔥
Pelayanan ny ba","","· Tutup pukul 22.00"
"https://www.google.com/maps/place/Apotek+Harnel/data=!4m7!3m6!1s0x2e3b767ba3468719:0x1f8439dbbead1c0f!8m2!3d-2.9632027!4d104.7601594!16s%2Fg%2F11h9zvnjp0!19sChIJGYdGo3t2Oy4RDxytvts5hB8?authuser=0&hl=id&rclk=1","Apotek Harnel","5,0","(4)","Apotek","·","Jl. Gersik No.1465","","Segera tutup","","","","Rute","","","","Pesan antar","","· 21.00 · Buka Sel pukul 09.00"
"https://www.google.com/maps/place/APOTEK+MANGGALA+HUSADA/data=!4m7!3m6!1s0x2e3b75ba3a8c6551:0x44ab91d2465075fd!8m2!3d-2.9823794!4d104.7383637!16s%2Fg%2F11m9q8gqfh!19sChIJUWWMOrp1Oy4R_XVQRtKRq0Q?authuser=0&hl=id&rclk=1","APOTEK MANGGALA HUSADA","4,7","(83)","Apotek","·","Jl. Puncak Sekuning No.073A, RT./RW/RW.01/01","·","Buka","0817-7003-9898","","","Rute","","","https://ssl.gstatic.com/local/servicebusiness/default_user.png","""Tempat bersih, harga termurah, produk2 komplit, pelayanan ramah.""","","· Tutup pukul 21.30"
"https://www.google.com/maps/place/Apotek+jobor/data=!4m7!3m6!1s0x2e3b76704b79b6fb:0xac0b64bbc818f6de!8m2!3d-2.9688836!4d104.7620542!16s%2Fg%2F11cjhrsp7j!19sChIJ-7Z5S3B2Oy4R3vYYyLtkC6w?authuser=0&hl=id&rclk=1","Apotek jobor","4,0","(1)","Apotek","·","Jl. Mayor Ruslan","","","","","","Rute","","","","","",""
"https://www.google.com/maps/place/Apotek+Riski+Farma+Sekip/data=!4m7!3m6!1s0x2e3b77001ae5c977:0x3c301b5f94261a2!8m2!3d-2.9653029!4d104.7577331!16s%2Fg%2F11wg7b00cj!19sChIJd8nlGgB3Oy4RomFC-bUBwwM?authuser=0&hl=id&rclk=1","Apotek Riski Farma Sekip","4,6","(17)","Apotek","·","Jl. Mayor Salim Batubara No.3","·","Buka","0812-6262-6278","","","Rute","","","https://ssl.gstatic.com/local/servicebusiness/default_user.png","""Pelayanan baik, harga terjangkau, obat lengkap, mantapp""","","· Tutup pukul 22.00"
"https://www.google.com/maps/place/Apotek+Lengkap+Sejahtera/data=!4m7!3m6!1s0x2e3b75d8439a8401:0xc85a3209b3294a38!8m2!3d-2.9686765!4d104.7504245!16s%2Fg%2F1pzrtp4pp!19sChIJAYSaQ9h1Oy4ROEopswkyWsg?authuser=0&hl=id&rclk=1","Apotek Lengkap Sejahtera","5,0","(2)","Apotek","·","Jl. Jend. Sudirman No.75","","","(0711) 357576","","","Rute","","","","Pesan antar","",""
"https://www.google.com/maps/place/Apotek+lukis/data=!4m7!3m6!1s0x2e3b77024e51aaeb:0x2dd47df77647c9dd!8m2!3d-2.9705504!4d104.7538436!16s%2Fg%2F11rpdgx6k7!19sChIJ66pRTgJ3Oy4R3clHdvd91C0?authuser=0&hl=id&rclk=1","Apotek lukis","1,5","(2)","Apotek","·","Jl. Mayor Salim Batubara No.2460","·","Buka","0899-7101-555","","","Rute","","","","Belanja di toko","","· Tutup pukul 22.00"
"https://www.google.com/maps/place/Apotek+Halomedika+Kemuning/data=!4m7!3m6!1s0x2e3b77e93ba71da3:0x9a29108628238e52!8m2!3d-2.9565081!4d104.7543956!16s%2Fg%2F11vsnvq_6s!19sChIJox2nO-l3Oy4RUo4jKIYQKZo?authuser=0&hl=id&rclk=1","Apotek Halomedika Kemuning","4,9","(29)","Apotek","·","Jl. Ampibi No.211","Buka","·","0813-8549-7307","http://pt-hak.com/home","","Situs Web","","Rute","https://ssl.gstatic.com/local/servicebusiness/default_user.png","""Maaf mau tanya ada jual otrivin gak,obat tetes hidung ?""","","· Tutup pukul 22.00"
"https://www.google.com/maps/place/Apotik+Mahkota/data=!4m7!3m6!1s0x2e3b75d9cc8b6d4d:0xad3919500de01bb4!8m2!3d-2.9675259!4d104.7489289!16s%2Fg%2F1hm417q_v!19sChIJTW2LzNl1Oy4RtBvgDVAZOa0?authuser=0&hl=id&rclk=1","Apotik Mahkota","4,3","(33)","Apotek","·","Jl. Jend. Sudirman No.2937g","·","Segera tutup","(0711) 320531","","","Rute","","","https://ssl.gstatic.com/local/servicebusiness/default_user.png","""Pelayanan baik, obatnya lengkap, bisa PO obat yang susah dicari""","","· 21.00 · Buka Sel pukul 08.00"
"https://www.google.com/maps/place/Apotek+Karunia+Farma/data=!4m7!3m6!1s0x2e3b76f18824ce45:0x67bb818101a22922!8m2!3d-2.9490162!4d104.7753398!16s%2Fg%2F1pzv3k6jn!19sChIJRc4kiPF2Oy4RIimiAYGBu2c?authuser=0&hl=id&rclk=1","Apotek Karunia Farma","4,2","(33)","Apotek","·","Jl. H. Abdul Rozak No.002 C No.3","Buka","·","0813-6850-4828","https://linktr.ee/karuniafarma.plg?utm_source=linktree_profile_share&ltsid=90f7dfe1-0aca-4337-a620-e83c649e360d","","Situs Web","","Rute","https://ssl.gstatic.com/local/servicebusiness/default_user.png","""Mau tanya ad jual otrivin gak atau obat serupa buat tetes hidung..?""","","· Tutup pukul 21.30"
"https://www.google.com/maps/place/Apotek+K-24+Plaju+Palembang/data=!4m7!3m6!1s0x2e3b9df540879327:0xb29997242f940284!8m2!3d-2.9905066!4d104.7867113!16s%2Fg%2F1pzwbfzjq!19sChIJJ5OHQPWdOy4RhAKULySXmbI?authuser=0&hl=id&rclk=1","Apotek K-24 Plaju Palembang","4,0","(107)","Apotek","·","·","Buka 24 jam","Komplek Bumi Patra Sriwijaya, Jl. Jenderal Ahmad Yani No.19 Blok G","0821-7687-6442","http://www.apotek-k24.com/","","Situs Web","","Rute","https://ssl.gstatic.com/local/servicebusiness/default_user.png","""Bagus, tanya obat di jawab nya lengkap""","",""
"https://www.google.com/maps/place/APOTEK+JOJO+1/data=!4m7!3m6!1s0x2e3b764fdf3381e3:0xb66071c56c8c3f6!8m2!3d-2.9687412!4d104.7859356!16s%2Fg%2F1pzqyhl17!19sChIJ44Ez3092Oy4R9sPIVhwHZgs?authuser=0&hl=id&rclk=1","APOTEK JOJO 1","4,3","(73)","Apotek","·","Jl. R. E. Martadinata No.13","·","Buka","0851-0003-1402","","","Rute","","","https://ssl.gstatic.com/local/servicebusiness/default_user.png","""Good service, obat lengkap, harga bersaing.""","","· Tutup pukul 22.00"
"https://www.google.com/maps/place/Apotek+Khalif/data=!4m7!3m6!1s0x2e3b7713c8eaa0b5:0x3235a486bd03748c!8m2!3d-2.9808989!4d104.7721522!16s%2Fg%2F11q9hpb_1p!19sChIJtaDqyBN3Oy4RjHQDvYakNTI?authuser=0&hl=id&rclk=1","Apotek Khalif","5,0","(4)","Apotek","·","Jl. Slamet Riady No.33","·","Segera tutup","0812-7823-9641","","","Rute","","","https://ssl.gstatic.com/local/servicebusiness/default_user.png","""Obatnya lengkap, harganya murah dan orang""nya ramah""","","· 21.00 · Buka Sel pukul 07.00"
"https://www.google.com/maps/place/Apotek+K-24+Mangkunegara+Palembang/data=!4m7!3m6!1s0x2e3b77b27c773c8b:0x64e739b25623beac!8m2!3d-2.9468947!4d104.7677624!16s%2Fg%2F11x31l7pk1!19sChIJizx3fLJ3Oy4RrL4jVrI552Q?authuser=0&hl=id&rclk=1","Apotek K-24 Mangkunegara Palembang","5,0","(63)","Apotek","·","Jl. MP. Mangkunegara No.6, RT.005/RW.001","Buka 24 jam","·","0811-2850-0299","https://www.apotek-k24.com/location/detail/1063/K-24-MANGKUNEGARA","","Situs Web","","Rute","https://ssl.gstatic.com/local/servicebusiness/default_user.png","""Saya sangat terbantu dengan keberadaan","",""
"https://www.google.com/maps/place/Apotek+K-24+Bukit+Besar+Palembang/data=!4m7!3m6!1s0x2e3b75f117262739:0xb6ebf1b7ea762b54!8m2!3d-2.9896642!4d104.7363785!16s%2Fg%2F11bzt2f6sw!19sChIJOScmF_F1Oy4RVCt26rfx67Y?authuser=0&hl=id&rclk=1","Apotek K-24 Bukit Besar Palembang","3,8","(72)","Apotek","·","Jl. Jaksa Agung R. Soeprapto No.120, RW.8","Buka 24 jam","·","(0711) 5730958","http://www.apotek-k24.com/","","Situs Web","","Rute","https://ssl.gstatic.com/local/servicebusiness/default_user.png","""Pelayanan y bagus dan bisa sekalian konsultasi juga untuk obat""","",""
"https://www.google.com/maps/place/Apotek+Lingkaran/data=!4m7!3m6!1s0x2e3b760dfec9db47:0xb51cd3bbf7c85093!8m2!3d-2.9808165!4d104.76357!16s%2Fg%2F11b76h6zs2!19sChIJR9vJ_g12Oy4Rk1DI97vTHLU?authuser=0&hl=id&rclk=1","Apotek Lingkaran","","","Apotek","·","Jl. Lingkaran 1 No.357","","","(0711) 7707088","","","Rute","","","","","",""
"https://www.google.com/maps/place/Sribijaya+Biru.+PT/data=!4m7!3m6!1s0x2e3b7672b880750f:0xbea7cb175dc2b6a4!8m2!3d-2.9754711!4d104.76149!16s%2Fg%2F1pzxfkpgx!19sChIJD3WAuHJ2Oy4RpLbCXRfLp74?authuser=0&hl=id&rclk=1","Sribijaya Biru. PT","","","Apotek","·","Jl. Veteran No.27c","","","(0711) 321488","","","Rute","","","","","",""
"https://www.google.com/maps/place/apotek+kimia+farma+sumpah+pemuda/data=!4m7!3m6!1s0x2e3b75c303b81411:0x1011826f2cf31ea3!8m2!3d-2.973964!4d104.737964!16s%2Fg%2F11f1ylqjkh!19sChIJERS4A8N1Oy4Rox7zLG-CERA?authuser=0&hl=id&rclk=1","apotek kimia farma sumpah pemuda","4,3","(90)","Apotek","·","2PGQ+C5X, Jl. Sumpah Pemuda J4 No.5, RT.032/RW.009","Buka","·","0811-1067-8086","http://kimiafarmaapotek.co.id/","","Situs Web","","Rute","https://ssl.gstatic.com/local/servicebusiness/default_user.png","""Cocok banget buat yang butuh solusi kesehatan praktis tanpa antre lama.""","","· Tutup pukul 22.00"
"https://www.google.com/maps/place/Fuji+Apotik/data=!4m7!3m6!1s0x2e3b760e80fa27bd:0x8180379349608bbd!8m2!3d-2.9809321!4d104.7629428!16s%2Fg%2F1hc4l_v1h!19sChIJvSf6gA52Oy4RvYtgSZM3gIE?authuser=0&hl=id&rclk=1","Fuji Apotik","5,0","(1)","Apotek","·","Jl. Dempo Luar No.357-B","·","Buka sekarang","(0711) 362477","","","Rute","","","","","",""
"https://www.google.com/maps/place/Apotek+Raksa+Medika/data=!4m7!3m6!1s0x2e3b774ecad34d59:0xdc4521a871e36037!8m2!3d-2.9527487!4d104.7535581!16s%2Fg%2F11fd67pwc8!19sChIJWU3Tyk53Oy4RN2DjcaghRdw?authuser=0&hl=id&rclk=1","Apotek Raksa Medika","5,0","(2)","Apotek","·","2QW3+WC3","·","Segera tutup","0821-7743-3445","","","Rute","","","","","","· 21.00 · Buka Sel pukul 08.00"
"https://www.google.com/maps/place/Perdana+Sarana+Mandiri.+PT/data=!4m7!3m6!1s0x2e3b766d305a6c37:0x12b56e2b2f572567!8m2!3d-2.9757449!4d104.7657953!16s%2Fg%2F1pt_zjgd0!19sChIJN2xaMG12Oy4RZyVXLytutRI?authuser=0&hl=id&rclk=1","Perdana Sarana Mandiri. PT","","","Apotek","·","2QF8+P83","","","(0711) 322228","","","Rute","","","","","",""
"https://www.google.com/maps/place/Pharmawsi+Nasional.+PT/data=!4m7!3m6!1s0x2e3b7672cda01f01:0x4b9beba6f0c6c875!8m2!3d-2.9759778!4d104.7614008!16s%2Fg%2F1ptyvypg5!19sChIJAR-gzXJ2Oy4RdcjG8Kbrm0s?authuser=0&hl=id&rclk=1","Pharmawsi Nasional. PT","","","Apotek","·","Jl. Veteran No.28 DE","","","(0711) 311778","","","Rute","","","","","",""
"https://www.google.com/maps/place/Apotek+Kimia+Farma+Merdeka/data=!4m7!3m6!1s0x2e3b7713dfffa80b:0x79f31390c500311e!8m2!3d-2.9915401!4d104.7554424!16s%2Fg%2F11gy0rcxn4!19sChIJC6j_3xN3Oy4RHjEAxZAT83k?authuser=0&hl=id&rclk=1","Apotek Kimia Farma Merdeka","4,0","(24)","Apotek","·","2Q54+56F, Jl. Merdeka","Buka","·","0811-7853-176","http://kimiafarmaapotek.co.id/","","Situs Web","","Rute","https://ssl.gstatic.com/local/servicebusiness/default_user.png","""Pelayanan baik ,bisa melayani BPJS juga""","","· Tutup pukul 22.00"
"https://www.google.com/maps/place/Apotik+Vina+Abdi/data=!4m7!3m6!1s0x2e3b760eb6246255:0xf39951eddab29065!8m2!3d-2.9823638!4d104.7579022!16s%2Fg%2F1hd_6c9_s!19sChIJVWIktg52Oy4RZZCy2u1RmfM?authuser=0&hl=id&rclk=1","Apotik Vina Abdi","4,8","(5)","Apotek","·","Jl. Letnan Sayuti No.42","·","Segera tutup","(0711) 313022","","","Rute","","","","","","· 21.00 · Buka Sel pukul 09.00"
"https://www.google.com/maps/place/Apotek+Jo/data=!4m7!3m6!1s0x2e3b779ed2903a8d:0xf71e1b8ce1d30446!8m2!3d-2.979958!4d104.7647532!16s%2Fg%2F11fpctbvsn!19sChIJjTqQ0p53Oy4RRgTT4YwbHvc?authuser=0&hl=id&rclk=1","Apotek Jo","","","Apotek","·","Jl. Lingkaran1 No.565","","Tutup","","","","Rute","","","","","","· Buka Sel pukul 09.00"
"https://www.google.com/maps/place/Apotek+dianca+farma/data=!4m7!3m6!1s0x2e3b758faff6dcc7:0x8bff3cd83eb2d19b!8m2!3d-2.9862899!4d104.7248001!16s%2Fg%2F11fv38_q4r!19sChIJx9z2r491Oy4Rm9GyPtg8_4s?authuser=0&hl=id&rclk=1","Apotek dianca farma","5,0","(64)","Apotek","·","Jl. Demang Lebar Daun No.2975","·","Buka","0812-5240-0024","","","Rute","","","https://ssl.gstatic.com/local/servicebusiness/default_user.png","""Pelayanan apotik bagus, tanya obat selalu direkomendasi yg terbaik!""","","· Tutup pukul 22.00"
"https://www.google.com/maps/place/Apotek+Roid/data=!4m7!3m6!1s0x2e3b77904fdf6d45:0x526f09fe51a4bb5f!8m2!3d-2.9956602!4d104.7643011!16s%2Fg%2F11fjxzg49q!19sChIJRW3fT5B3Oy4RX7ukUf4Jb1I?authuser=0&hl=id&rclk=1","Apotek Roid","4,5","(11)","Apotek","·","·","Jl. KH. Azhari No.25","Segera tutup","","","","Rute","","","https://ssl.gstatic.com/local/servicebusiness/default_user.png","""Apotik yang pelayanannya bagus dan cepat.""","","· 21.00 · Buka Sel pukul 08.00"
"https://www.google.com/maps/place/Apotek+Izdihar/data=!4m7!3m6!1s0x2e3b77313ad72c33:0xe8e6787dac7ce660!8m2!3d-2.9854869!4d104.7521599!16s%2Fg%2F11vb15gg6q!19sChIJMyzXOjF3Oy4RYOZ8rH145ug?authuser=0&hl=id&rclk=1","Apotek Izdihar","5,0","(1)","Apotek","·","Jl. Radial Lantai 1, No 5, RT.05/RW.02","·","Buka","0898-2217-054","","","Rute","","","","","","· Tutup pukul 22.00"
"https://www.google.com/maps/place/APOTEK+MADANI/data=!4m7!3m6!1s0x2e3b75d8571f627d:0xb33c3e4295e6ccfb!8m2!3d-2.968929!4d104.749739!16s%2Fg%2F11tp0r5qyv!19sChIJfWIfV9h1Oy4R-8zmlUI-PLM?authuser=0&hl=id&rclk=1","APOTEK MADANI","5,0","(1)","Apotek","","","","","","","","Rute","","","","","",""
"https://www.google.com/maps/place/Citra+Mandiri+Fartama.+PT/data=!4m7!3m6!1s0x2e3b7672b565a8f3:0xb0480cdb1a192ea1!8m2!3d-2.9760975!4d104.7623406!16s%2Fg%2F1ptx9k5bj!19sChIJ86hltXJ2Oy4RoS4ZGtsMSLA?authuser=0&hl=id&rclk=1","Citra Mandiri Fartama. PT","","","Apotek","·","Jl. Veteran No.769a 336","","","(0711) 310442","","","Rute","","","","","",""
"https://www.google.com/maps/place/Apotek+Kimia+Farma+0538+Rama+Arivai/data=!4m7!3m6!1s0x2e3b75d2f8631513:0xc6e42be611e95e29!8m2!3d-2.98605!4d104.744448!16s%2Fg%2F11r44v44mq!19sChIJExVj-NJ1Oy4RKV7pEeYr5MY?authuser=0&hl=id&rclk=1","Apotek Kimia Farma 0538 Rama Arivai","4,3","(114)","Apotek","·","Jl. Kapten A. Rivai No.1384A","Buka 24 jam","·","0811-1067-8268","http://kimiafarmaapotek.co.id/","","Situs Web","","Rute","https://ssl.gstatic.com/local/servicebusiness/default_user.png","""Tempatnya bagus, luas, banyak dokter yg praktek""","",""
"https://www.google.com/maps/place/Apotek+Sejatera/data=!4m7!3m6!1s0x2e3b760920929aa1:0x696d90f931607b14!8m2!3d-2.9834838!4d104.756695!16s%2Fg%2F1hf128flp!19sChIJoZqSIAl2Oy4RFHtgMfmQbWk?authuser=0&hl=id&rclk=1","Apotek Sejatera","4,5","(22)","Apotek","·","Jl. Letkol Iskandar No.90 B / 901 A","·","Tutup","(0711) 376977","","","Rute","","","https://ssl.gstatic.com/local/servicebusiness/default_user.png","""Obatan nya murah dan lengkap""","","· Buka Sel pukul 09.00"
"https://www.google.com/maps/place/Apotik+Pribumi/data=!4m7!3m6!1s0x2e3b75d8b8cc5895:0x65f9f4a25a84db01!8m2!3d-2.9679932!4d104.7499525!16s%2Fg%2F11rr_4961!19sChIJlVjMuNh1Oy4RAduEWqL0-WU?authuser=0&hl=id&rclk=1","Apotik Pribumi","2,5","(18)","Apotek","·","Jl. Jend. Sudirman No.23","·","Buka","(0711) 356039","","","Rute","","","","Belanja di toko","","· Tutup pukul 22.00"
"https://www.google.com/maps/place/Apotik+Palembang/data=!4m7!3m6!1s0x2e3b760efcf0b559:0xf0a1f84f9e0d337!8m2!3d-2.9833649!4d104.7602826!16s%2Fg%2F1hc0wtfjk!19sChIJWbXw_A52Oy4RN9Pg-YQfCg8?authuser=0&hl=id&rclk=1","Apotik Palembang","","","Apotek","·","Jl. Kolonel Atmo No.435","","","(0711) 354531","","","Rute","","","","","",""
"https://www.google.com/maps/place/Apotek+K-24+DI.+Panjaitan+Palembang/data=!4m7!3m6!1s0x2e3b9d62845bdd5d:0xa110818e0edb14a5!8m2!3d-2.9952427!4d104.8128054!16s%2Fg%2F11f50t7y74!19sChIJXd1bhGKdOy4RpRTbDo6BEKE?authuser=0&hl=id&rclk=1","Apotek K-24 DI. Panjaitan Palembang","4,6","(149)","Apotek","·","Jl. D.I. Panjaitan","Buka 24 jam","·","0821-7966-6412","https://www.apotek-k24.com/location/detail/589/K-24-DI.-PANJAITAN","","Situs Web","","Rute","https://ssl.gstatic.com/local/servicebusiness/default_user.png","""","",""
"https://www.google.com/maps/place/Apotek+Century+Tora/data=!4m7!3m6!1s0x2e3b760afba82ef5:0xc3d982610da75af9!8m2!3d-2.9784057!4d104.7544136!16s%2Fg%2F1hc4ctqsv!19sChIJ9S6o-wp2Oy4R-VqnDWGC2cM?authuser=0&hl=id&rclk=1","Apotek Century Tora","4,3","(14)","Apotek","·","Jl. Jend. Sudirman No.1005 C 717","","","(0711) 351471","","","Rute","","","https://ssl.gstatic.com/local/servicebusiness/default_user.png","""Bukan lagi","",""
"https://www.google.com/maps/place/Apotek+Segar+Sehat/data=!4m7!3m6!1s0x2e3b761886413515:0xde1914053df885ed!8m2!3d-2.9946275!4d104.7644647!16s%2Fg%2F1hc3f94t8!19sChIJFTVBhhh2Oy4R7YX4PQUUGd4?authuser=0&hl=id&rclk=1","Apotek Segar Sehat","4,5","(25)","Apotek","·","·","JL. Kyai Haji A. Azhari No.544 A, RT.42","","","","","Rute","","","https://ssl.gstatic.com/local/servicebusiness/default_user.png","""Disamping ini ada agen SPX SHOPEE.""","",""
"https://www.google.com/maps/place/APOTEK+K24+PAKJO+%2824+Jam+Komplit%29/data=!4m7!3m6!1s0x2e3b754038814397:0xafb382e67889644e!8m2!3d-2.962681!4d104.727485!16s%2Fg%2F11hj0z3npz!19sChIJl0OBOEB1Oy4RTmSJeOaCs68?authuser=0&hl=id&rclk=1","APOTEK K24 PAKJO (24 Jam Komplit)","3,9","(42)","Apotek","·","·","Buka 24 jam","Jl. Inspektur Marzuki No.1109","0822-7885-5175","https://www.apotek-k24.com/location/detail/736/K-24-PAKJO","","Situs Web","","Rute","https://ssl.gstatic.com/local/servicebusiness/default_user.png","""Terbaik, cepat sekali pelayanannya.. terima kasih""","",""