"hfpxzc href","qBF1Pd","MW4etd","UY7F9","W4Efsd","W4Efsd 2","W4Efsd 3","W4Efsd 4","W4Efsd 5","FQ2IWe src","Jn12ke src","ah5Ghc","ah5Ghc 2","A1zNzb href","J8zHNe","bbPy1","doJOZc","W4Efsd 6","AJB7ye","AJB7ye 2"
"","","","","","","","","","","","","","","","","","","",""
"","","","","","","","","","","","","","","","","","","",""
"https://www.google.com/maps/place/TETRA+Coffee+%26+Eatery+-+Palembang/data=!4m7!3m6!1s0x2e3b7751ba677c01:0x806349c220ba1dad!8m2!3d-2.974805!4d104.760641!16s%2Fg%2F11lkhlfq1v!19sChIJAXxnulF3Oy4RrR26IMJJY4A?authuser=0&hl=id&rclk=1","TETRA Coffee & Eatery - Palembang","4,6","(454)","Kedai Kopi","·","Jl. Merbau No.1260","Buka","· Tutup pukul 00.00","https://lh3.googleusercontent.com/gps-cs-s/APNQkAE-VDrZm1PQDobpw2ENp2lNzKIZsZQ4KBD2-q2HsKRlqyFw5hU_34JSg1XSwrTi4CNrkb8HCXsNS5vbuA1FDJOHIo9D3m1hrd9txs_5lg4D6yDWEm18AZnSUuhZwwb1f2DfKswv=w163-h92-k-no","https://ssl.gstatic.com/local/servicebusiness/default_user.png","""Untuk minuman & makanan,","cafe","https://www.google.com/searchviewer/42?cvd=CLw_EicKJeICIjIgEhkiF9LX29IPEQoNL2cvMTFsa2hsZnExdhgBOgMI8A0%3D&hl=id-ID&gl=id&fo_m=MfohQo559jFvMUOzJVpjPL1YMfZ3bInYwBDuMfaXTPp5KXh-&utm_source=tactile&gei=hJv4afDaLPChseMPr9rzqAE&ei=hJv4afDaLPChseMPr9rzqAE&fo_s=OA&opi=79508299&orderType=1&ebb=1&cs=0&foub=mcpp","Pesan online","","","","",""
"https://www.google.com/maps/place/Luthier+Coffee/data=!4m7!3m6!1s0x2e3b7768b0838a11:0x8963a3424726ee6!8m2!3d-2.9669472!4d104.7634491!16s%2Fg%2F11clw5sr2n!19sChIJEYqDsGh3Oy4R5m5yJDQ6lgg?authuser=0&hl=id&rclk=1","Luthier Coffee","4,7","(601)","Kedai Kopi","·","·","Buka","· Tutup pukul 22.00","https://lh3.googleusercontent.com/gps-cs-s/APNQkAH0K-udfUGJa0ZFt6QvsFWac0SHYH8DUOqwFwBlYXEN-wjFL9CZzr80KFOrlF-RNfKxpMTzbj0eR2EV2yk5fSYWSRsE722vTL60Ln3ijd50p3cloVpDWuiyBE4gluwl_26XVWQY=w163-h92-k-no","https://ssl.gstatic.com/local/servicebusiness/default_user.png","""kopinya enak.. pesan spring rollnya enak dan bahannya segar.""","","https://www.google.com/searchviewer/42?cvd=CLw_EicKJeICIjIgEhkiF9LX29IPEQoNL2cvMTFjbHc1c3IybhgAOgMI8A0%3D&hl=id-ID&gl=id&fo_m=MfohQo559jFvMUOzJVpjPL1YMfZ3bInYwBDuMfaXTPp5KXh-&utm_source=tactile&gei=hJv4afDaLPChseMPr9rzqAE&ei=hJv4afDaLPChseMPr9rzqAE&fo_s=OA&opi=79508299&ebb=1&cs=0&foub=mcpp","Pesan online","","","Jl. Bangau No.ruko 170C","",""
"https://www.google.com/maps/place/Days+Cafe/data=!4m7!3m6!1s0x2e3b779f69c618eb:0x6e1441378d7bab79!8m2!3d-2.962146!4d104.7697925!16s%2Fg%2F11t75g_x0c!19sChIJ6xjGaZ93Oy4Reat7jTdBFG4?authuser=0&hl=id&rclk=1","Days Cafe","4,7","(629)","Kafe","·","·","Buka","· Tutup pukul 22.00","https://lh3.googleusercontent.com/gps-cs-s/APNQkAGwWoUfntloqIjzcO6YLRmGLExyAw0wpzCirOsoZOc7sSjnQB1Uu1kOwyiROslR6mpnwqiygVMzJQjUUTRjqK5mBvf79bCAxnXzKKSnkyn5i-KFRDBEDq3laeiXDtTxlSoFvY4nIg=w80-h106-k-no","https://ssl.gstatic.com/local/servicebusiness/default_user.png","""Area","cafe di","https://www.google.com/searchviewer/42?cvd=CLw_EicKJeICIjIgEhkiF9LX29IPEQoNL2cvMTF0NzVnX3gwYxgBOgMI8A0%3D&hl=id-ID&gl=id&fo_m=MfohQo559jFvMUOzJVpjPL1YMfZ3bInYwBDuMfaXTPp5KXh-&utm_source=tactile&gei=hJv4afDaLPChseMPr9rzqAE&ei=hJv4afDaLPChseMPr9rzqAE&fo_s=OA&opi=79508299&orderType=1&ebb=1&cs=0&foub=mcpp","Pesan online","","","Jl. Dr. M. Isa III No.19-21","·","Rp 50–75 rb"
"https://www.google.com/maps/place/New+Town+Kopitiam/data=!4m7!3m6!1s0x2e3b767aae7ff617:0x29e34f4407cda51c!8m2!3d-2.9660082!4d104.7633896!16s%2Fg%2F1pyqnq5jt!19sChIJF_Z_rnp2Oy4RHKXNB0RP4yk?authuser=0&hl=id&rclk=1","New Town Kopitiam","4,5","(3.523)","Kedai Kopi","·","·","Buka","· Tutup pukul 23.00","https://lh3.googleusercontent.com/gps-cs-s/APNQkAHMfhAo6SrI3OZ2GEgPhVBCmZj4xuqdToggyTeGn8oRVoFRFeWr7qvfHeJa3obOTPakvPIHxZewrMwURFhrAZKpDnxNbdecBPb1sD4JwnI9DnJDVKA6G4b2S6gfR1VgIZYJ-bEfvw=w122-h92-k-no","https://ssl.gstatic.com/local/servicebusiness/default_user.png","""Lokasi ok, luas, ada live music, rasa makanan dan kopi tergantung selera""","","https://www.google.com/searchviewer/42?cvd=CLw_EiYKJOICITIfEhgiFtLX29IPEAoML2cvMXB5cW5xNWp0GAE6AwjwDQ%3D%3D&hl=id-ID&gl=id&fo_m=MfohQo559jFvMUOzJVpjPL1YMfZ3bInYwBDuMfaXTPp5KXh-&utm_source=tactile&gei=hJv4afDaLPChseMPr9rzqAE&ei=hJv4afDaLPChseMPr9rzqAE&fo_s=OA&opi=79508299&orderType=1&ebb=1&cs=0&foub=mcpp","Pesan online","","","Jl. Bangau No.171M","·","$$"
"https://www.google.com/maps/place/D%C3%A9lice+Cafe/data=!4m7!3m6!1s0x2e3b779b7a075089:0x3f4f19c548aa473!8m2!3d-2.9745929!4d104.760503!16s%2Fg%2F11vpv5lw8r!19sChIJiVAHept3Oy4Rc6SKVJzx9AM?authuser=0&hl=id&rclk=1","Délice Cafe","4,6","(583)","Kafe","·","Jl. Merbau No.14","Buka","· Tutup pukul 22.00","https://lh3.googleusercontent.com/gps-cs-s/APNQkAG0U0afQr2nKFV59PuAgcdZdMpycrmcB8clPdcUu3vOznL4jwZXz7jug06KZiEINcOnZJ_nOeLUBjoAP8jKaSWUbyHe9s7BCIrKWMVuGXGkH-NeBJyq3JGKT3qR6ad1-gC2E2wp=w122-h92-k-no","https://ssl.gstatic.com/local/servicebusiness/default_user.png","""Bagus, menunya enak enak dan bagus untuk spot foto 🤩🤩""","","https://www.google.com/searchviewer/42?cvd=CLw_EicKJeICIjIgEhkiF9LX29IPEQoNL2cvMTF2cHY1bHc4chgBOgMI8A0%3D&hl=id-ID&gl=id&fo_m=MfohQo559jFvMUOzJVpjPL1YMfZ3bInYwBDuMfaXTPp5KXh-&utm_source=tactile&gei=hJv4afDaLPChseMPr9rzqAE&ei=hJv4afDaLPChseMPr9rzqAE&fo_s=OA&opi=79508299&orderType=1&ebb=1&cs=0&foub=mcpp","Pesan online","","","","·","Rp 50–75 rb"
"https://www.google.com/maps/place/Mister+Mayor+Cafe+%26+Resto/data=!4m7!3m6!1s0x2e3b777a6ed2e993:0x99e8943ff4780b4a!8m2!3d-2.9687595!4d104.7694254!16s%2Fg%2F11scfdp4bm!19sChIJk-nSbnp3Oy4RSgt49D-U6Jk?authuser=0&hl=id&rclk=1","Mister Mayor Cafe & Resto","4,9","(1.251)","Kafe","·","Jl. Dr. M. Isa No.2","Buka","· Tutup pukul 22.00","https://lh3.googleusercontent.com/gps-cs-s/APNQkAG21gKlejUFuNM-o7Xu9tXNWOnMEJWW6CYQJC8IThnG3v5Pvh-rI_xdPeM4G8u-CCj1J5dap5SSKs8EsjRGuXp1BELvxb14zoGggPMTWX7OEUST32T8P_RE4X9pVRESldUMCUE=w122-h92-k-no","https://ssl.gstatic.com/local/servicebusiness/default_user.png","""Tempat nya cozy n makanannya yummy service mantapp 👍👍""","","https://www.google.com/searchviewer/42?cvd=CLw_EicKJeICIjIgEhkiF9LX29IPEQoNL2cvMTFzY2ZkcDRibRgBOgMI8A0%3D&hl=id-ID&gl=id&fo_m=MfohQo559jFvMUOzJVpjPL1YMfZ3bInYwBDuMfaXTPp5KXh-&utm_source=tactile&gei=hJv4afDaLPChseMPr9rzqAE&ei=hJv4afDaLPChseMPr9rzqAE&fo_s=OA&opi=79508299&orderType=1&ebb=1&cs=0&foub=mcpp","Pesan online","","","","",""
"https://www.google.com/maps/place/KIAN+CAFE+%26+RESTO/data=!4m7!3m6!1s0x2e3b770005ada661:0xbe23203f74cc2cbe!8m2!3d-2.963339!4d104.7628503!16s%2Fg%2F11m6crqnmn!19sChIJYaatBQB3Oy4RvizMdD8gI74?authuser=0&hl=id&rclk=1","KIAN CAFE & RESTO","4,7","(233)","Restoran","·","Jl. Perwari No.14","Buka","· Tutup pukul 22.30","https://lh3.googleusercontent.com/gps-cs-s/APNQkAErRMhawgyv5U2um3gxgIx409CW1ApBXgy03la05umG0wHR2H7qDpCRcx0SE38f1Qc97MSkZlWqI-cib5SctfsCL2vHmOxaZPFcGibpoDH68sCtBole7MIKsGi5gcz1rYpJCk7DThBSKgs=w80-h106-k-no","https://ssl.gstatic.com/local/servicebusiness/default_user.png","""","cafe","","","","","","",""
"https://www.google.com/maps/place/Coventown/data=!4m7!3m6!1s0x2e3b7707c3538d4b:0x7c4af823dfc63ee7!8m2!3d-2.9557029!4d104.770058!16s%2Fg%2F11r_f95038!19sChIJS41Twwd3Oy4R5z7G3yP4Snw?authuser=0&hl=id&rclk=1","Coventown","4,9","(2.188)","Kafe","·","Jl. AKBP Cek Agus No.18","Buka 24 jam","","https://lh3.googleusercontent.com/gps-cs-s/APNQkAGHEPqgnjhFLbyLOtUfSDfpBGAGz05gIiUJnYL5H516WS3youY4pUJJLB5Bnb4MJ6zi1MycvzlPI2E65CaJe2h2yF6xk6cqasAWj8sW-rpTTd1WJ5vHZQFCOiM93FGOV9Qn2qGm=w163-h92-k-no","https://ssl.gstatic.com/local/servicebusiness/default_user.png","""tempatnyaaa cozyy bingitss, pelayanannya ramah, makanannya enak-enakkk""","","https://www.google.com/searchviewer/42?cvd=CLw_EicKJeICIjIgEhkiF9LX29IPEQoNL2cvMTFyX2Y5NTAzOBgBOgMI8A0%3D&hl=id-ID&gl=id&fo_m=MfohQo559jFvMUOzJVpjPL1YMfZ3bInYwBDuMfaXTPp5KXh-&utm_source=tactile&gei=hJv4afDaLPChseMPr9rzqAE&ei=hJv4afDaLPChseMPr9rzqAE&fo_s=OA&opi=79508299&orderType=1&ebb=1&cs=0&foub=mcpp","Pesan online","","","","·","$$"
"https://www.google.com/maps/place/Common+Grounds+Palembang/data=!4m7!3m6!1s0x2e3b766d27fe5691:0x994cf5fb1e8b6ab1!8m2!3d-2.9755795!4d104.7666473!16s%2Fg%2F11gfcycrk6!19sChIJkVb-J212Oy4RsWqLHvv1TJk?authuser=0&hl=id&rclk=1","Common Grounds Palembang","4,5","(438)","Kafe","·","Jl. Veteran No.999","Buka","· Tutup pukul 22.00","https://lh3.googleusercontent.com/gps-cs-s/APNQkAF2Ler90CUeV92YgKFtOB7gYzwoOMMHXNAJQ5WW9kOeVa8xnTwNYdZQOEbv9-rupxWDH0H56SSFfFkMoavZYkZ4FFZl5fJuMmTE2bUvUxdkkO3eCAuWkzNJPXGUCsAyshaxXLYf=w163-h92-k-no","https://ssl.gstatic.com/local/servicebusiness/default_user.png","""Pizza dan matcha lattenya enak 👍""","","","","","","","·","Rp 75–100 rb"
"https://www.google.com/maps/place/Ladaz+Coffee+%26+Eatery/data=!4m7!3m6!1s0x2e3b77ea9b5c88cd:0x22142bf4281a3acf!8m2!3d-2.9735993!4d104.7606143!16s%2Fg%2F11w1lkl14x!19sChIJzYhcm-p3Oy4RzzoaKPQrFCI?authuser=0&hl=id&rclk=1","Ladaz Coffee & Eatery","4,4","(147)","Indonesia","·","Jl. Merbau No.474","Buka","· Tutup pukul 22.00","https://lh3.googleusercontent.com/gps-cs-s/APNQkAFnexQk-4W4OIq0wB3NFoU_ynAuUIZvYDCq-Hfcsr-_aLzN-X75roBNVCfERKq-U41IAgryyHyKRxsFncYSZqXLmz4CKh1apQmOWGXLzfxejXlrpnM-4mp9ZaknUijDlLmBGr1B=w80-h106-k-no","https://ssl.gstatic.com/local/servicebusiness/default_user.png","""Menu makanan dg harga cukup kompetitif untuk ukuran","cafe","https://www.google.com/searchviewer/42?cvd=CLw_EicKJeICIjIgEhkiF9LX29IPEQoNL2cvMTF3MWxrbDE0eBgBOgMI8A0%3D&hl=id-ID&gl=id&fo_m=MfohQo559jFvMUOzJVpjPL1YMfZ3bInYwBDuMfaXTPp5KXh-&utm_source=tactile&gei=hJv4afDaLPChseMPr9rzqAE&ei=hJv4afDaLPChseMPr9rzqAE&fo_s=OA&opi=79508299&orderType=1&ebb=1&cs=0&foub=mcpp","Pesan online","","","","·","Rp 25–50 rb"
"https://www.google.com/maps/place/SORE%C3%89/data=!4m7!3m6!1s0x2e3b77fb2fa77a61:0x9c1bb4a559b6fb9d!8m2!3d-2.9757601!4d104.7589772!16s%2Fg%2F11p56hd716!19sChIJYXqnL_t3Oy4Rnfu2WaW0G5w?authuser=0&hl=id&rclk=1","SOREÉ","4,6","(417)","Masakan Perpaduan Asia","·","·","Buka","· Tutup pukul 21.30","https://lh3.googleusercontent.com/gps-cs-s/APNQkAEfBM1urt7Chr5Txc4wyfhzaUCKxTShWePc6SWVhN5Tm9gx9O5R8pZFb3yvARr3IXpTimu0MnbOAqXOgwiRNWMK-Dno2Huw4iU5t3wLJo0LJFy41TnOw09F1rHtctwshFDZbgMW=w163-h92-k-no","https://ssl.gstatic.com/local/servicebusiness/default_user.png","""Ukuran porsinya cukup pas di perut dengan harga kelas","kafe","https://www.google.com/searchviewer/42?cvd=CLw_EicKJeICIjIgEhkiF9LX29IPEQoNL2cvMTFwNTZoZDcxNhgBOgMI8A0%3D&hl=id-ID&gl=id&fo_m=MfohQo559jFvMUOzJVpjPL1YMfZ3bInYwBDuMfaXTPp5KXh-&utm_source=tactile&gei=hJv4afDaLPChseMPr9rzqAE&ei=hJv4afDaLPChseMPr9rzqAE&fo_s=OA&opi=79508299&orderType=1&ebb=1&cs=0&foub=mcpp","Pesan online","","","Jl. Veteran No.176","·","Rp 75–100 rb"
"https://www.google.com/maps/place/Kopi+Darat/data=!4m7!3m6!1s0x2e3b77477ec1e283:0x2e50f99bb0f52aa7!8m2!3d-2.9690381!4d104.7590663!16s%2Fg%2F11fpq7v4z_!19sChIJg-LBfkd3Oy4Rpyr1sJv5UC4?authuser=0&hl=id&rclk=1","Kopi Darat","4,6","(785)","Restoran","·","·","Buka","· Tutup pukul 22.00","https://lh3.googleusercontent.com/gps-cs-s/APNQkAGKuRCjPuGdUFT88uwdwExIb0URPObrFA6vMt79UpqPoiIGJpHU00oS28UPlCidByrmRyiwRVE_13lZNmVCaFqu5ZoK_MJDvP1IhH0X_diHwK-Dr-j5TeJlKRAMJKXH4Nnx7LM=w122-h92-k-no","https://ssl.gstatic.com/local/servicebusiness/default_user.png","""Kopi Vietnam Drip nya enak + pisang goreng keju.""","","","","","","Jl. WR Supratman No.2","·","Rp 50–75 rb"
"https://www.google.com/maps/place/DOBU+COFFEE/data=!4m7!3m6!1s0x2e3b77b721abca6f:0xf70091dc6fe6ae11!8m2!3d-2.9684716!4d104.7670151!16s%2Fg%2F11sr7ln0p6!19sChIJb8qrIbd3Oy4REa7mb9yRAPc?authuser=0&hl=id&rclk=1","DOBU COFFEE","4,6","(127)","Kedai Kopi","·","Jl. Merpati No.6","Buka","· Tutup pukul 23.00","https://lh3.googleusercontent.com/gps-cs-s/APNQkAFY8wphNYvoj0kuPU82baBSu5EO4hTHS8WVm27pGC0TXMhM3UwOO0Cj4Fi6p0zhTLaeLqedrW-PyD5a1TmbFsNYXXFfRW5Ws_A8xEBjIO3C0YksM7F0ObwkW3UyEVA4g99DQ-7C=w163-h92-k-no","https://ssl.gstatic.com/local/servicebusiness/default_user.png","""Kopi nya enak tempat nya juga luas.""","","","","","","","·","Rp 25–50 rb"
"https://www.google.com/maps/place/Kopi+Nako+%26+Nako+Padel+Club+Palembang/data=!4m7!3m6!1s0x2e3b75727b00f507:0x676c5428fa3976fb!8m2!3d-2.9702408!4d104.7312002!16s%2Fg%2F11x0z9cc_h!19sChIJB_UAe3J1Oy4R-3Y5-ihUbGc?authuser=0&hl=id&rclk=1","Kopi Nako & Nako Padel Club Palembang","4,9","(3.580)","Kedai Kopi","·","Jl. Demang Lebar Daun","Buka 24 jam","","https://lh3.googleusercontent.com/gps-cs-s/APNQkAGHVbbsaK8dDsnO41FUgdpgVcBi_B2s4w0lXkzoynw-fOAp_YiFTOUtW1hEqLGA8F_MeNjmNTo1ZmSlu2F7ThPWgKGI9RjrGmtRWwHBCnsGKpViaqMY0bBaJ2H6wl2tBiBZdVzNgX4Th-IR=w80-h106-k-no","https://ssl.gstatic.com/local/servicebusiness/default_user.png","""tempat nya nyaman pelayanannya bagus + kopinya enak,""","","https://www.google.com/searchviewer/42?cvd=CLw_EicKJeICIjIgEhkiF9LX29IPEQoNL2cvMTF4MHo5Y2NfaBgBOgMI8A0%3D&hl=id-ID&gl=id&fo_m=MfohQo559jFvMUOzJVpjPL1YMfZ3bInYwBDuMfaXTPp5KXh-&utm_source=tactile&gei=hJv4afDaLPChseMPr9rzqAE&ei=hJv4afDaLPChseMPr9rzqAE&fo_s=OA&opi=79508299&orderType=1&ebb=1&cs=0&foub=mcpp","Pesan online","","","","·","Rp 25–50 rb"
"https://www.google.com/maps/place/Fore+Coffee+-+Rajawali+Palembang/data=!4m7!3m6!1s0x2e3b77bb829a4863:0x562d8cb2dc904080!8m2!3d-2.9689375!4d104.7636875!16s%2Fg%2F11z21sldlf!19sChIJY0iagrt3Oy4RgECQ3LKMLVY?authuser=0&hl=id&rclk=1","Fore Coffee - Rajawali Palembang","4,4","(73)","Kedai Kopi","·","2QJ7+CFM 9 Ilir, Palembang City, South Sumatra Jl. Rajawali No.6, RT.018, RW.06. Kel. 9 Ilir","","","https://lh3.googleusercontent.com/gps-cs-s/APNQkAE8rAeo_g6l8QAG0kwLGItzNmKMAjE62l-Nf6wkpNhGzvQHRA299BMYm6klK0LDlYT5hSKdcSV_9AD-0Zvi4H48BOMRKj_UZe4IRFgweHqj963u57LLEw0vO4DdEkTlgpJ_V63gL-mmAk0B=w122-h92-k-no","https://ssl.gstatic.com/local/servicebusiness/default_user.png","""","Coffee","https://www.google.com/searchviewer/42?cvd=CLw_EicKJeICIjIgEhkiF9LX29IPEQoNL2cvMTF6MjFzbGRsZhgBOgMI8A0%3D&hl=id-ID&gl=id&fo_m=MfohQo559jFvMUOzJVpjPL1YMfZ3bInYwBDuMfaXTPp5KXh-&utm_source=tactile&gei=hJv4afDaLPChseMPr9rzqAE&ei=hJv4afDaLPChseMPr9rzqAE&fo_s=OA&opi=79508299&orderType=1&ebb=1&cs=0&foub=mcpp","Pesan online","","","","·","Rp 25–50 rb"
"https://www.google.com/maps/place/Triple+A+Coffee/data=!4m7!3m6!1s0x2e3b7716d30286ad:0x12cbc581d66f4285!8m2!3d-2.9646641!4d104.7633338!16s%2Fg%2F11rp7msxkj!19sChIJrYYC0xZ3Oy4RhUJv1oHFyxI?authuser=0&hl=id&rclk=1","Triple A Coffee","4,6","(125)","Bar Kopi Espresso","·","Jl. Mayor Ruslan","Buka","· Tutup pukul 23.00","https://lh3.googleusercontent.com/gps-cs-s/APNQkAEK5KSfntsNDGQEsyzczH7fLrRn92Mc-TR9JjS2BN9M80ng7JkSdVR8TOBWlTt_QH5IM-yiJSGqgNO4YsnNtzsRY1aCsln1wWGFDQeo3X6TZZd_hNZ2ad-SwM2uoPsHrbhoZ7Le=w80-h106-k-no","https://ssl.gstatic.com/local/servicebusiness/default_user.png","""Banyak","cafe","","","","","","·","Rp 25–50 rb"
"https://www.google.com/maps/place/Ooma+Cafe%CC%81+Sudirman+cabang+Sentral+Yamaha+Palembang/data=!4m7!3m6!1s0x2e3b771d1e34ca37:0x73e09a3854e6ca6a!8m2!3d-2.982642!4d104.7578848!16s%2Fg%2F11twc1297f!19sChIJN8o0Hh13Oy4RasrmVDia4HM?authuser=0&hl=id&rclk=1","Ooma Café Sudirman cabang Sentral Yamaha Palembang","4,9","(562)","Kafetaria","·","Jl. Jend. Sudirman No.300-301","Segera tutup","· 21.00 · Buka Sel pukul 09.00","https://lh3.googleusercontent.com/gps-cs-s/APNQkAFznGEmHbKRNIbt7GtIiahdru5gecR8fpMCMttX-ZK4myXj52KYF8aldGGqN36SJ89VVnBlZAJt4cIJnJB8UG9-0ulI2oEfUEGXumlfF0au7dNO6oG8_Y0HymEsypJ0zof25vcg=w163-h92-k-no","https://ssl.gstatic.com/local/servicebusiness/default_user.png","""tempatnya enak wifi kenceng wcnya bersih makanannya enak""","","","","","","","·","Rp 25–50 rb"
"https://www.google.com/maps/place/Kopi+16+Pro/data=!4m7!3m6!1s0x2e3b7730890be483:0x5706d92ba76d350!8m2!3d-2.9900083!4d104.7639903!16s%2Fg%2F11y2sn4v4x!19sChIJg-QLiTB3Oy4RUNN2upJtcAU?authuser=0&hl=id&rclk=1","Kopi 16 Pro","5,0","(7.965)","Kafe","·","·","Buka","· Tutup pukul 01.00","https://lh3.googleusercontent.com/gps-cs-s/APNQkAFHSxPDUTlH2XrCO0AmI_a1Fnf82dGzGTPGrKTOCBaVVuU4EUMC9kKElrgikL_0fe8QDvYlhbecJjN1lGa8ywukV7lzqLr_eHiM1Xb_teKyA-0TnVg6FhI3p5x_-L1S-ghU8jUB7A=w163-h92-k-no","https://ssl.gstatic.com/local/servicebusiness/default_user.png","""Tempatnya bagus bersih nyaman sekali nongkrong di kopi 16 mantap pokoknya""","","","","","","Pelataran Dermaga, Jl. Ps. 16 Ilir No.126","·","Rp 25–50 rb"
"https://www.google.com/maps/place/Taki+Coffee+%26+Eatery/data=!4m7!3m6!1s0x2e3b77eb859b2f97:0x8a3495c0beaaffb!8m2!3d-2.9539164!4d104.7733262!16s%2Fg%2F11vqp9yfth!19sChIJly-bhet3Oy4R-6_qC1xJowg?authuser=0&hl=id&rclk=1","Taki Coffee & Eatery","4,4","(918)","Restoran","·","Jl. Bukit Kenten","Buka 24 jam","","https://lh3.googleusercontent.com/gps-cs-s/APNQkAFj7q0hdyBNm-jsBF9-9DJ5m6Rm0dIOmoSaRK4j7sm-mfbhOYJ1hvMz-4Wc0qzrOw89iQhVXK6bi2stDLIDNnbeJSgM8qZ41bY8JpcvVJhyyfigD4SJ68cHMLNBKJmacIWbcQn-2g=w122-h92-k-no","https://ssl.gstatic.com/local/servicebusiness/default_user.png","""suka bgt ngopi disini kopinya enak, makanannya jg enak , viewnya bagus""","","","","","","","·","Rp 25–50 rb"
"https://www.google.com/maps/place/MamMee+Bakery+%26+Kopihaus/data=!4m7!3m6!1s0x2e3b76691544a3df:0x848f008ebe960223!8m2!3d-2.9700831!4d104.7706069!16s%2Fg%2F11bw65st75!19sChIJ36NEFWl2Oy4RIwKWvo4Aj4Q?authuser=0&hl=id&rclk=1","MamMee Bakery & Kopihaus","4,6","(1.145)","Kafe","·","Ruko Taman Harapan Indah, Jl. Letda Abdul Rozak No.20 Blok B 15","Buka","· Tutup pukul 22.00","https://lh3.googleusercontent.com/gps-cs-s/APNQkAF_j4Ddteunzfd6PCHPQT4iu93miXCnwzb8-SulySV_utczSF8jvpjqqdWDGMzB3g1bDVo-kERa_jcmW-fOi9K2gUSsfZfX6SqWnmP0NvP0fF7fd72JRBRXxC7OJ3TzKEyEzO-Mhw=w122-h92-k-no","https://ssl.gstatic.com/local/servicebusiness/default_user.png","""Suasana di lt 2 asik sekali
Ada smoking room di luar
Makanan nya enak""","","https://www.google.com/searchviewer/42?cvd=CLw_EicKJeICIjIgEhkiF9LX29IPEQoNL2cvMTFidzY1c3Q3NRgBOgMI8A0%3D&hl=id-ID&gl=id&fo_m=MfohQo559jFvMUOzJVpjPL1YMfZ3bInYwBDuMfaXTPp5KXh-&utm_source=tactile&gei=hJv4afDaLPChseMPr9rzqAE&ei=hJv4afDaLPChseMPr9rzqAE&fo_s=OA&opi=79508299&orderType=1&ebb=1&cs=0&foub=mcpp","Pesan online","","","","·","Rp 50–75 rb"
"https://www.google.com/maps/place/serenatakopi+and+space/data=!4m7!3m6!1s0x2e3b778ff74d6bef:0x8b07aa01ac28bfc8!8m2!3d-2.9847897!4d104.7586165!16s%2Fg%2F11gy2gh5j3!19sChIJ72tN9493Oy4RyL8orAGqB4s?authuser=0&hl=id&rclk=1","serenatakopi and space","4,5","(193)","Kedai Kopi","·","Jl. Jend. Sudirman No.609","Buka","· Tutup pukul 23.00","https://lh3.googleusercontent.com/gps-cs-s/APNQkAHuAU2cxYqxFEINsNAm6BkqW77Vc0koTmVj50Xoc46fpobSd2HeqXyrdvnB24brTV4RgTae93tgRNVb87LlFTynGWwERbrBZg-r26W1MRnz5ZaUgnOXiqpazOeraAZexCCGZizf=w80-h106-k-no","https://ssl.gstatic.com/local/servicebusiness/default_user.png","""Mungkin karena tempatnya adem atau kopinya yang enak.""","","","","","","","·","Rp 25–50 rb"
"https://www.google.com/maps/place/NAKA+SIGNATURE/data=!4m7!3m6!1s0x2e3b7508da0f56a1:0x8b64644ca138db6d!8m2!3d-2.9862112!4d104.7381018!16s%2Fg%2F11wfmjh670!19sChIJoVYP2gh1Oy4Rbds4oUxkZIs?authuser=0&hl=id&rclk=1","NAKA SIGNATURE","4,7","(941)","Kafe","·","Jl. Riau No.6","Buka 24 jam","","https://lh3.googleusercontent.com/gps-cs-s/APNQkAGdHvnWrdVNtuQGV-jk7faxugaSMyGv2oy93VDtxsejOn2xyoxAhuLOzWs7ioFOjHobY_4pcmBKkJAYUwUNXr_pcuVBKgwFk8elctnKPv0f8rUgKNcewuo-KlR60VeehB4U4IWLh3w-n-Lr=w80-h106-k-no","https://ssl.gstatic.com/local/servicebusiness/default_user.png","""Tempat ngopi","di Palembang","","","","","","·","Rp 25–50 rb"
"https://www.google.com/maps/place/Kalea+House/data=!4m7!3m6!1s0x2e3b77d0eb29870f:0x1c3737002ca968fe!8m2!3d-2.9752726!4d104.7683723!16s%2Fg%2F11vhtn28n6!19sChIJD4cp69B3Oy4R_mipLAA3Nxw?authuser=0&hl=id&rclk=1","Kalea House","4,7","(85)","Kedai Kopi","·","Gg. Merak No.1","Buka","· Tutup pukul 23.00","https://lh3.googleusercontent.com/gps-cs-s/APNQkAEJ88MDUlVT8emhU6xtJ1d3Muf8PFkGkpHN4B1UHMN4HhSfL488gPuKzvMlGsskQziWY7qyUO3dhPUW1_C06YcUvDMt0RPjYP8sOO0iii-cXgF6kjBcl9F9h85lWlhK62tT8btv=w80-h106-k-no","https://ssl.gstatic.com/local/servicebusiness/default_user.png","""ada penghuni yg gemoy
buat tambah nyaman nongkrong di sini 😍""","","","","","","","·","Rp 25–50 rb"
"https://www.google.com/maps/place/Makan+Bistro+%26+Koffee+Addict/data=!4m7!3m6!1s0x2e3b766d2f5f8683:0x40fb5e7f8c5208c!8m2!3d-2.9755342!4d104.7662032!16s%2Fg%2F11d_2ft08n!19sChIJg4ZfL212Oy4RjCDF-Oe1DwQ?authuser=0&hl=id&rclk=1","Makan Bistro & Koffee Addict","4,4","(343)","Kafe","·","·","Buka","· Tutup pukul 23.00","https://lh3.googleusercontent.com/gps-cs-s/APNQkAGzvymiuSFr854KMXf5aqM2pVEEhZrW3nXhbm77wSwx3jgSLMzaDrzrFXMwrx4o4UzwQDYwUi1UGbb_eujx5fsouIDFVTEDzyTnuDJN2KdoqP-5zyfFGmUDiBB3a_Eit_mcPaRe=w122-h92-k-no","https://ssl.gstatic.com/local/servicebusiness/default_user.png","""","Cafe","https://www.google.com/searchviewer/42?cvd=CLw_EicKJeICIjIgEhkiF9LX29IPEQoNL2cvMTFkXzJmdDA4bhgBOgMI8A0%3D&hl=id-ID&gl=id&fo_m=MfohQo559jFvMUOzJVpjPL1YMfZ3bInYwBDuMfaXTPp5KXh-&utm_source=tactile&gei=i5v4abnJAe2jseMP9NjV-Ag&ei=i5v4abnJAe2jseMP9NjV-Ag&fo_s=OA&opi=79508299&orderType=1&ebb=1&cs=0&foub=mcpp","Pesan online","","","Jl. Veteran No.939 F8","·","Rp 50–75 rb"
"https://www.google.com/maps/place/The+Forest+Cafe+%26+Resto+Palembang/data=!4m7!3m6!1s0x2e3b77c0f1f57f99:0x94ff5a9f95a44c21!8m2!3d-2.9478378!4d104.7656688!16s%2Fg%2F11lm172m8x!19sChIJmX_18cB3Oy4RIUyklZ9a_5Q?authuser=0&hl=id&rclk=1","The Forest Cafe & Resto Palembang","4,4","(2.023)","Restoran","·","Jl. Seduduk Putih No.mor 138","Buka","· Tutup pukul 23.00","https://lh3.googleusercontent.com/gps-cs-s/APNQkAFj90DKQrChBTKvceilnz3YtQsiYMQmb0zGQWxrON4GlpWTdRyazhXDsnwR3aZFXEA24uCI3uatQoGv0WASqw8kqVzV9OI8NwVTfx4LrlsJPd9xoJafe95hwEdJwlMmaPhZwqW-=w122-h92-k-no","https://ssl.gstatic.com/local/servicebusiness/default_user.png","""","Cafe","","","","","","·","$$"
"https://www.google.com/maps/place/Nagara+Cafe+%26+Eatery/data=!4m7!3m6!1s0x2e3b75e8df25373f:0x6a470fedae9e6b82!8m2!3d-2.9878986!4d104.742745!16s%2Fg%2F11w7gd09tz!19sChIJPzcl3-h1Oy4Rgmueru0PR2o?authuser=0&hl=id&rclk=1","Nagara Cafe & Eatery","4,8","(2.929)","Kafe","·","Jl. Telaga","Buka","· Tutup pukul 00.00","https://lh3.googleusercontent.com/gps-cs-s/APNQkAFfrdnsJyM5x7XsqHNzCjnY1MuyVh0a-AYxLeUBzJrkhSG9fqCEeAZTIZFvNujDQ5AOuMLDzDFbZNp5gqLPc2SrqCy9P-oVSg0FrRYbd8VvqL6CK1nPEQJ2tv6lK_z9QtrApU9xww=w122-h92-k-no","https://ssl.gstatic.com/local/servicebusiness/default_user.png","""Instagramable, cocok buat kalian yg mau foto ootd dan kopinya enak 🫶🏻""","","","","","","","·","Rp 25–50 rb"
"https://www.google.com/maps/place/TOMORO+COFFEE+-+Simpang+IBA/data=!4m7!3m6!1s0x2e3b770044c4ee51:0x24740593e16ccdbd!8m2!3d-2.9657279!4d104.7631583!16s%2Fg%2F11lcgkqgd4!19sChIJUe7ERAB3Oy4Rvc1s4ZMFdCQ?authuser=0&hl=id&rclk=1","TOMORO COFFEE - Simpang IBA","4,5","(150)","Kedai Kopi","·","Jl. Mayor Ruslan No.02","Buka","· Tutup pukul 22.00","https://lh3.googleusercontent.com/gps-cs-s/APNQkAFoYg1BFPJKSmxMryiFUIGMOzWLj0GhpcVQh_AxvX9mHHOFbHWnZCF8nK5AMtBEWBA4wPmvLAYzZn79p7AJAx7g5NCrerDh8K56qvdbZm9oW6vhuUoPxXOl7IwLi2CT11sOyl0tcg=w122-h92-k-no","https://ssl.gstatic.com/local/servicebusiness/default_user.png","""service pelayanannya oke bgt, rasa kopinya creamy dan beansnya wangi!""","","https://www.google.com/searchviewer/42?cvd=CLw_EicKJeICIjIgEhkiF9LX29IPEQoNL2cvMTFsY2drcWdkNBgBOgMI8A0%3D&hl=id-ID&gl=id&fo_m=MfohQo559jFvMUOzJVpjPL1YMfZ3bInYwBDuMfaXTPp5KXh-&utm_source=tactile&gei=i5v4abnJAe2jseMP9NjV-Ag&ei=i5v4abnJAe2jseMP9NjV-Ag&fo_s=OA&opi=79508299&orderType=1&ebb=1&cs=0&foub=mcpp","Pesan online","","","","·","Rp 25–50 rb"
"https://www.google.com/maps/place/Kusmana+Coffee+%26+Food/data=!4m7!3m6!1s0x2e3b77081988a32f:0xb0aef1478456b013!8m2!3d-2.9852231!4d104.7589374!16s%2Fg%2F11y55xqjc4!19sChIJL6OIGQh3Oy4RE7BWhEfxrrA?authuser=0&hl=id&rclk=1","Kusmana Coffee & Food","4,8","(468)","Kafe","·","Jl. Jend. Sudirman No.138A","Buka","· Tutup pukul 22.00","https://lh3.googleusercontent.com/gps-cs-s/APNQkAH-DJ1lW6lR5qy2DF3mCZ3g8XbVcMCBytueTah7jSnic9CXnexQqLVo-hNfHVLeULrCY_PlZa9FGc10FDBYVej46u3MqKFFVV1bZDUK6275iscfgFeNG2JF92AXUJEUBr5s13S1rBC1LzA=w80-h106-k-no","https://ssl.gstatic.com/local/servicebusiness/default_user.png","""Nice experience
Service excellent, kopinya enak, ambience juga ok banget""","","https://www.google.com/searchviewer/42?cvd=CLw_EicKJeICIjIgEhkiF9LX29IPEQoNL2cvMTF5NTV4cWpjNBgBOgMI8A0%3D&hl=id-ID&gl=id&fo_m=MfohQo559jFvMUOzJVpjPL1YMfZ3bInYwBDuMfaXTPp5KXh-&utm_source=tactile&gei=i5v4abnJAe2jseMP9NjV-Ag&ei=i5v4abnJAe2jseMP9NjV-Ag&fo_s=OA&opi=79508299&orderType=1&ebb=1&cs=0&foub=mcpp","Pesan online","","","","·","Rp 25–50 rb"
"https://www.google.com/maps/place/Lantai.02+%28Kaiho+coffee+semi+outdoor%29/data=!4m7!3m6!1s0x2e3b772353b557ff:0xe346d7ce2f29f93f!8m2!3d-2.9668996!4d104.7627034!16s%2Fg%2F11sgp55hrq!19sChIJ_1e1UyN3Oy4RP_kpL87XRuM?authuser=0&hl=id&rclk=1","Lantai.02 (Kaiho coffee semi outdoor)","4,7","(42)","Kedai Kopi","·","Jl. Mayor Ruslan","Segera tutup","· 21.00 · Buka Sel pukul 08.30","https://lh3.googleusercontent.com/gps-cs-s/APNQkAG2V4u6Spvz5RhgJZ4S_y5Fp6cHP8nhwnsAcSxk03dQsl9QrO5v_7c4ADejmm3Ubv5rlpbM0njFrCvsVNKt-l0EKNiAmZjZjceBm--8g4S6yAgEnURegxc_uYTbT16vjBd__ZRYQA=w122-h92-k-no","https://ssl.gstatic.com/local/servicebusiness/default_user.png","""Tempatnya adem dan terbuka di area lantai 2. Kopinya oke.""","","","","","","","·","Rp 1–25.000"
"https://www.google.com/maps/place/Beyond+House/data=!4m7!3m6!1s0x2e3b77634699ed25:0x525da22dcedd53dd!8m2!3d-2.9698601!4d104.7648498!16s%2Fg%2F11rvh7_t62!19sChIJJe2ZRmN3Oy4R3VPdzi2iXVI?authuser=0&hl=id&rclk=1","Beyond House","4,4","(269)","Restoran","·","·","Buka","· Tutup pukul 22.00","https://lh3.googleusercontent.com/gps-cs-s/APNQkAE3xYbDpbL9BPpIUMPL-s1mZSjpHmDGzMenz6kfbRtU9mRZLBpzO90TlcAaoAwGFQrMFsT8_SGVIFM-AWBdxir_Gud05o8FqZ9hAae-rHdBUqL3HJQEd1MgKL4FbgONupeAHN-yaQ=w122-h92-k-no","https://ssl.gstatic.com/local/servicebusiness/default_user.png","""mie Ayam, pisang goreng dan beyond coffe nya recomended .""","","","","","","Jl. Beo No.8","",""
"https://www.google.com/maps/place/MALOMO+KOPI/data=!4m7!3m6!1s0x2e3b770014a61a91:0xe07eb6cdf251f95c!8m2!3d-2.9875704!4d104.7662425!16s%2Fg%2F11vqvsnjc5!19sChIJkRqmFAB3Oy4RXPlR8s22fuA?authuser=0&hl=id&rclk=1","MALOMO KOPI","4,7","(374)","Kedai Kopi","·","·","Buka","· Tutup pukul 23.00","https://lh3.googleusercontent.com/gps-cs-s/APNQkAGCuFCLcVmZMHsHWsSQkspy9nHh_YWM9ULJ4ERv7uflyUUxaGX0Is5KJH4EjtDFnu8Q7avyN2Y1SUIpHy8ChU5q4PnSdHIVFVQwh_z3eDJR85adK-lXkbSAEEY35PM8ZnGMSx8mwB9538Sp=w80-h106-k-no","https://ssl.gstatic.com/local/servicebusiness/default_user.png","""Enak kopi dan pelayanan nya memuaskan harga terjangkau..""","","","","","","Lorong Tangga Batu No.412","·","Rp 25–50 rb"
"https://www.google.com/maps/place/Pedestrian+House/data=!4m7!3m6!1s0x2e3b775147383089:0xafbcbe6bd3b2ab31!8m2!3d-2.9824669!4d104.7575653!16s%2Fg%2F11gy1lwhcc!19sChIJiTA4R1F3Oy4RMauy02u-vK8?authuser=0&hl=id&rclk=1","Pedestrian House","4,6","(505)","Kedai Kopi","·","·","Buka","· Tutup pukul 23.30","https://lh3.googleusercontent.com/gps-cs-s/APNQkAHQnp2fupAhoY4OorZ3wQRgoHJqQUsOD9a8uigRopMGdf_ptjstNcAzbiYOlLg7m7KddJ9brx9IWeAOzyCthqGPyv74kOJEt73aldN5_PZ5TwsaPm9RINoTAa-mJQk7A-oJET272w=w80-h106-k-no","https://ssl.gstatic.com/local/servicebusiness/default_user.png","""Tempat kopi yg lumayan cozy buat cari kopi pagi2 di belakang kantor""","","","","","","Jl. Jend. Sudirman No.216, RT.16","·","Rp 25–50 rb"
"https://www.google.com/maps/place/Selebriti+Entertainment+Center/data=!4m7!3m6!1s0x2e3b7672b88fe7c3:0x4e2f33b8976f162b!8m2!3d-2.9754022!4d104.7600358!16s%2Fg%2F1pztnrsfc!19sChIJw-ePuHJ2Oy4RKxZvl7gzL04?authuser=0&hl=id&rclk=1","Selebriti Entertainment Center","4,5","(1.075)","Kafe","·","Jl. Veteran No.1243","Buka 24 jam","","https://lh3.googleusercontent.com/gps-cs-s/APNQkAHcspGpUQsU9Vuw-UyYRAVbSwfTJx7NtD359_BRiinpO7Ec37G7BleNnLYj_cf3b6zBvMQ4Q5XcJgwjCun1toSjlVfWIXAEWxHEbaHt8bQxXP96Qcgkw593PyiXXsNOJ3LzKEOe=w122-h92-k-no","https://ssl.gstatic.com/local/servicebusiness/default_user.png","""Ada menu vegetarian yg bs dipesan.""","","","","","","","·","$$"
"https://www.google.com/maps/place/Selcouth+Coffee/data=!4m7!3m6!1s0x2e3b771046fc4119:0xea8f421a242014e5!8m2!3d-2.9452568!4d104.7677942!16s%2Fg%2F11sdnrrtc1!19sChIJGUH8RhB3Oy4R5RQgJBpCj-o?authuser=0&hl=id&rclk=1","Selcouth Coffee","4,8","(338)","Kedai Kopi","·","Jl. MP. Mangkunegara Jl. Kenten Hijau No.432","Buka","· Tutup pukul 23.00","https://lh3.googleusercontent.com/gps-cs-s/APNQkAGxOwEr1YuBTODjBkbWcHMzsQnx_szjXIaNskmJGi4ylTfPfO1rfxUxyCe4L3pmgnlVUN4ZtyshUnbPGpvtUreWG2BOXOhutUvPVNrbCf4LBGUoYdKX7K3n3fEVzT9egBvM9_VP=w122-h92-k-no","https://ssl.gstatic.com/local/servicebusiness/default_user.png","""Di sini gue nemu varian kopi yang cocok sama selera baru gue.""","","","","","","","·","Rp 25–50 rb"
"https://www.google.com/maps/place/Caf%C3%A9+Delapan/data=!4m7!3m6!1s0x2e3b77a0841d3f5d:0x68c80705d8c19e03!8m2!3d-2.9709533!4d104.7646873!16s%2Fg%2F11f75z8t1y!19sChIJXT8dhKB3Oy4RA57B2AUHyGg?authuser=0&hl=id&rclk=1","Café Delapan","4,9","(24)","Restoran","·","THE ALTS HOTEL, Jl. Rajawali III No.8","Buka 24 jam","","https://lh3.googleusercontent.com/gps-cs-s/APNQkAF5Ymd96LMGxv1FnVVqilwfos1dxKW02sJc9p-51Q1Fr2Krs61V5J64jbsHCAFVTA25DRfP5EauazeDvyABQboS-Eeo1zULofTFQVit32PUEEIA3-fZYrAJNhPS8kMBsi7y7t-U8g=w122-h92-k-no","","Makan di tempat","Bawa pulang","","","","","","",""
"https://www.google.com/maps/place/Toby%27s+Estate+Palembang+Indah+Mall/data=!4m7!3m6!1s0x2e3b77383ab1c38f:0x13a28fc75cda117b!8m2!3d-2.9847876!4d104.7542919!16s%2Fg%2F11tsjl3x4d!19sChIJj8OxOjh3Oy4RexHaXMePohM?authuser=0&hl=id&rclk=1","Toby's Estate Palembang Indah Mall","4,9","(1.506)","Kedai Kopi","·","Jl. Letkol Iskandar No.18","Buka","· Tutup pukul 22.00","https://lh3.googleusercontent.com/gps-cs-s/APNQkAFL7JKw-JCCB7L0jk5wseYh3jgCerfSGkgrbjqhhMBs0-rlF2TBeBYRZ4Zue62aiDkc40pLiVkCu67H18_0VA2Vej6L7fRe2vxhEQ16dtEpnQHyXnpjlPLyrVz-ZR6D_xIU=w94-h92-k-no","https://ssl.gstatic.com/local/servicebusiness/default_user.png","""","Cafe","https://www.google.com/searchviewer/42?cvd=CLw_EicKJeICIjIgEhkiF9LX29IPEQoNL2cvMTF0c2psM3g0ZBgBOgMI8A0%3D&hl=id-ID&gl=id&fo_m=MfohQo559jFvMUOzJVpjPL1YMfZ3bInYwBDuMfaXTPp5KXh-&utm_source=tactile&gei=i5v4abnJAe2jseMP9NjV-Ag&ei=i5v4abnJAe2jseMP9NjV-Ag&fo_s=OA&opi=79508299&orderType=1&ebb=1&cs=0&foub=mcpp","Pesan online","","","","",""
"https://www.google.com/maps/place/Kedai+Kopi+7/data=!4m7!3m6!1s0x2e3b779fd96ec685:0x42b6bf098a14c174!8m2!3d-2.9826792!4d104.7607102!16s%2Fg%2F11h1g79t4p!19sChIJhcZu2Z93Oy4RdMEUigm_tkI?authuser=0&hl=id&rclk=1","Kedai Kopi 7","4,6","(1.318)","Kafe","·","Muda, Jl. Letkol Iskandar","Buka","· Tutup pukul 22.30","https://lh3.googleusercontent.com/gps-cs-s/APNQkAEMz3rcGKBUZ5OWM5dh6C1n-7e747uhvjkezeXNu5hexDrF-678SoaylfcofEC7vp5WJYFoi4qjgm1W9ye7c4-wTRCHJ3Vrz_jgmM7dHd51b-v8xx2cTSEQGQtRwmKZnnSsOvE8=w141-h92-k-no","https://ssl.gstatic.com/local/servicebusiness/default_user.png","""Kopinya sangat enak, mie ayam nya sangat enak, bubur ayamnya sangay enak.""","","","","","","","·","Rp 25–50 rb"
"https://www.google.com/maps/place/South+Station+Cafe/data=!4m7!3m6!1s0x2e3b75fd1270b677:0xff2b347a5e60f89b!8m2!3d-2.9879319!4d104.7503562!16s%2Fg%2F11c0rvvhtx!19sChIJd7ZwEv11Oy4Rm_hgXno0K_8?authuser=0&hl=id&rclk=1","South Station Cafe","4,4","(1.551)","Kafe","·","·","Buka","· Tutup pukul 23.30","https://lh3.googleusercontent.com/gps-cs-s/APNQkAEEfRZbW1ugitI1tj9IUy8YRSmR5X0z6N2wS7lTO4qzClvPxjPkSMI6BAJtC8PFQH3JBOsc_qXGbfzJ-g2uKK848MHC9UNasI_YzYWnVv6HdA8DrUYmBtbnpJlD2g0LR_A2ADp4=w163-h92-k-no","https://ssl.gstatic.com/local/servicebusiness/default_user.png","""live music suasana cozy makanan juga enak dan terjangkau.""","","","","","","Jl. Diponegoro No.235","·","Rp 25–50 rb"
"https://www.google.com/maps/place/ENAMDUA+Coffee+and+Eatery/data=!4m7!3m6!1s0x2e3b75e9cf19eebf:0x3831423268fa5126!8m2!3d-2.9930675!4d104.747252!16s%2Fg%2F11fktgw3gt!19sChIJv-4Zz-l1Oy4RJlH6aDJCMTg?authuser=0&hl=id&rclk=1","ENAMDUA Coffee and Eatery","4,5","(1.008)","Kedai Kopi","·","Jl. Hang Tuah No.7","Buka","· Tutup pukul 23.30","https://lh3.googleusercontent.com/gps-cs-s/APNQkAHSyF_PVFlOM7achdmZNJ7hlWWRLIf8ZPGQ14w9goXl5datajPjNQ6hw3y38xfc8i03NFgN-aw3WiS_RPxtE8Ha5cWhfaze-CHZyUoGYnO0uw9oj1ytd0zzTPdWeDjXHNZJZtu-=w122-h92-k-no","https://ssl.gstatic.com/local/servicebusiness/default_user.png","""Rekomen banget buat yang suka kopi, kopi enam dia nya pas banget di lidah""","","https://www.google.com/searchviewer/42?cvd=CLw_EicKJeICIjIgEhkiF9LX29IPEQoNL2cvMTFma3RndzNndBgAOgMI8A0%3D&hl=id-ID&gl=id&fo_m=MfohQo559jFvMUOzJVpjPL1YMfZ3bInYwBDuMfaXTPp5KXh-&utm_source=tactile&gei=i5v4abnJAe2jseMP9NjV-Ag&ei=i5v4abnJAe2jseMP9NjV-Ag&fo_s=OA&opi=79508299&ebb=1&cs=0&foub=mcpp","Pesan online","","","","·","Rp 25–50 rb"
"https://www.google.com/maps/place/Kopieten+Palembang/data=!4m7!3m6!1s0x2e3b7752ac21a765:0x5a557219cf5c2112!8m2!3d-2.9757884!4d104.7603619!16s%2Fg%2F11tc_9xl_q!19sChIJZachrFJ3Oy4REiFczxlyVVo?authuser=0&hl=id&rclk=1","Kopieten Palembang","4,7","(86)","Kedai Kopi","·","Jl. Veteran No.208","Tutup","· Buka Sel pukul 07.00","https://lh3.googleusercontent.com/gps-cs-s/APNQkAHX-ffmNcNfy8-TL3l2Mk5yb9vsXA6IAKX-mFm531xsbHOZe6pVHuPJ8ye_iwC53U_Jj9-Y5ZuMHUc8Klgu9xXQwH3mbH_n5w2jqZeRcx41yrKU-75t0OiVIXv8SDY-8L2_A4K5=w122-h92-k-no","https://ssl.gstatic.com/local/servicebusiness/default_user.png","""Ada table outdoor & indoor yg keduanya sama2 bersih & rapi.""","","https://www.google.com/searchviewer/42?cvd=CLw_EicKJeICIjIgEhkiF9LX29IPEQoNL2cvMTF0Y185eGxfcRgBOgMI8A0%3D&hl=id-ID&gl=id&fo_m=MfohQo559jFvMUOzJVpjPL1YMfZ3bInYwBDuMfaXTPp5KXh-&utm_source=tactile&gei=i5v4abnJAe2jseMP9NjV-Ag&ei=i5v4abnJAe2jseMP9NjV-Ag&fo_s=OA&opi=79508299&orderType=1&ebb=1&cs=0&foub=mcpp","Pesan online","","","","·","Rp 50–75 rb"
"https://www.google.com/maps/place/FOW+Specialty+Coffee/data=!4m7!3m6!1s0x2e3b7583df3cec67:0x9acd90b3aa5925c4!8m2!3d-2.9890836!4d104.7435259!16s%2Fg%2F11g0zycfn9!19sChIJZ-w834N1Oy4RxCVZqrOQzZo?authuser=0&hl=id&rclk=1","FOW Specialty Coffee","4,9","(6.310)","Kafe","·","Jl. Ki Ranggo Wirosantiko 30 Ilir, Kec. Ilir Bar. II Kota Palembang, Sumatera Selatan 30121","Buka","· Tutup pukul 23.00","https://lh3.googleusercontent.com/gps-cs-s/APNQkAFL_eKXY5h5--p0UYwHNuB3JYRQVHNnlaDJ0cXkDwnf6wzJW9XDpVdWrfWZzrNSiXCGdOZqg7QDwJX-7e4_NJkbRoJDXMe1FcbgKo3jk0TjKZsdHAQSkFfaeSO8t40iHfDA7DUR=w122-h92-k-no","https://ssl.gstatic.com/local/servicebusiness/default_user.png","""Tempatnya cozy banget, minuman kopinya enak banget""","","","","","","Kopi & camilan di kafe keren dua lantai","·","Rp 25–50 rb"
"https://www.google.com/maps/place/TOMORO+COFFEE+-+SPBU+M.+Isa/data=!4m7!3m6!1s0x2e3b770061e7c1df:0xd1477ee45cadbc61!8m2!3d-2.9699716!4d104.7689975!16s%2Fg%2F11vk0_gpx4!19sChIJ38HnYQB3Oy4RYbytXOR-R9E?authuser=0&hl=id&rclk=1","TOMORO COFFEE - SPBU M. Isa","4,7","(189)","Kedai Kopi","·","Jl. Dr. M. Isa No.16","Buka 24 jam","","https://lh3.googleusercontent.com/gps-cs-s/APNQkAHiYDkBHAf3kSWLebtcUBWEsEC4gihpIXnumXjUDrUpO8tKzyB7_hMrVHPEwCKTDLOPIuUaEORw7zOVzNhFbBhlY4bemQSPpd11rYoIrBzIL35QK96K1XvkxO6Uzz1x1y6DusyF=w122-h92-k-no","https://ssl.gstatic.com/local/servicebusiness/default_user.png","""Tempatnya nyaman buat nugas atau sekedar duduk manis menikmati kopi.""","","https://www.google.com/searchviewer/42?cvd=CLw_EicKJeICIjIgEhkiF9LX29IPEQoNL2cvMTF2azBfZ3B4NBgBOgMI8A0%3D&hl=id-ID&gl=id&fo_m=MfohQo559jFvMUOzJVpjPL1YMfZ3bInYwBDuMfaXTPp5KXh-&utm_source=tactile&gei=qZv4acP-B4yYseMPms2h8AQ&ei=qZv4acP-B4yYseMPms2h8AQ&fo_s=OA&opi=79508299&orderType=1&ebb=1&cs=0&foub=mcpp","Pesan online","","","","·","Rp 25–50 rb"
"https://www.google.com/maps/place/Socio+Space/data=!4m7!3m6!1s0x2e3b750017454a47:0x66eff9a34a36df1a!8m2!3d-2.9694937!4d104.7331437!16s%2Fg%2F11m5v0nm0m!19sChIJR0pFFwB1Oy4RGt82SqP572Y?authuser=0&hl=id&rclk=1","Socio Space","4,8","(1.946)","Kafe","·","Jl. Demang Lebar Daun","Buka 24 jam","","https://lh3.googleusercontent.com/gps-cs-s/APNQkAE6ib3RrkNNaOcziLrICuD_ZkEdNeuF5jZwN4LFhRvpehJAgD5MrCcs8NtG_69C6ViFvELk2DxSm-qK3GVzJ5xgUGVkg-H9Fiaop14VZKi3OLkoJZoGbtrkeVm8Bez-sjascEZFrUaCfuo=w80-h106-k-no","https://ssl.gstatic.com/local/servicebusiness/default_user.png","""","Cafe","","","","","","·","Rp 25–50 rb"
"https://www.google.com/maps/place/KOZY+LAB+Steak+%26+Pasta/data=!4m7!3m6!1s0x2e3b775bea686a1d:0xccbefc0d8d51f068!8m2!3d-2.9817022!4d104.7646968!16s%2Fg%2F11q2s6bpd4!19sChIJHWpo6lt3Oy4RaPBRjQ38vsw?authuser=0&hl=id&rclk=1","KOZY LAB Steak & Pasta","4,3","(186)","Restoran","·","kopi roda, Jl. Segaran No.189","Segera tutup","· 21.00 · Buka Sel pukul 11.00","https://lh3.googleusercontent.com/gps-cs-s/APNQkAEg1Q1C0VNQQt1WFK20XPw_fjVkH59oimh4thMga6--_amyRG-s2HDj9-AjrglUiB0SE6pbvOzamaV2k7AO4okTVQAoYh0XywwTDOVlT14rGAackfZ5zdefGGONxUj92SYAIRFK=w122-h92-k-no","https://ssl.gstatic.com/local/servicebusiness/default_user.png","""","cafe","https://www.google.com/searchviewer/42?cvd=CLw_EicKJeICIjIgEhkiF9LX29IPEQoNL2cvMTFxMnM2YnBkNBgBOgMI8A0%3D&hl=id-ID&gl=id&fo_m=MfohQo559jFvMUOzJVpjPL1YMfZ3bInYwBDuMfaXTPp5KXh-&utm_source=tactile&gei=qZv4acP-B4yYseMPms2h8AQ&ei=qZv4acP-B4yYseMPms2h8AQ&fo_s=OA&opi=79508299&orderType=1&ebb=1&cs=0&foub=mcpp","Pesan online","","","","",""
"https://www.google.com/maps/place/Panche+Hub+Coffee+%26+Art+Space/data=!4m7!3m6!1s0x2e3b750d39ef6181:0xf2818995b42835af!8m2!3d-2.9944787!4d104.7429495!16s%2Fg%2F11mtffjv14!19sChIJgWHvOQ11Oy4RrzUotJWJgfI?authuser=0&hl=id&rclk=1","Panche Hub Coffee & Art Space","4,9","(1.841)","Kedai Kopi","·","Jl. Rambutan No.20","Buka","· Tutup pukul 00.00","https://lh3.googleusercontent.com/gps-cs-s/APNQkAG3KKCCN6szXe3F2lVy6z88NQW5loPnwISRcNriLqbrOKrfIMcEkbBNpdQx0ZyJKwI6tB7FCk1H4K4UYobEiyRXuns6OvqSEeKz3r_mROuh2VgFPSOIvbCggJMZ_RF_D0C5Dwxcrw=w122-h92-k-no","https://ssl.gstatic.com/local/servicebusiness/default_user.png","""makanannya enak, coffe nya enak dan crew crew nya asik semuaa""","","https://www.google.com/searchviewer/42?cvd=CLw_EicKJeICIjIgEhkiF9LX29IPEQoNL2cvMTFtdGZmanYxNBgBOgMI8A0%3D&hl=id-ID&gl=id&fo_m=MfohQo559jFvMUOzJVpjPL1YMfZ3bInYwBDuMfaXTPp5KXh-&utm_source=tactile&gei=qZv4acP-B4yYseMPms2h8AQ&ei=qZv4acP-B4yYseMPms2h8AQ&fo_s=OA&opi=79508299&orderType=1&ebb=1&cs=0&foub=mcpp","Pesan online","","","","·","Rp 25–50 rb"
"https://www.google.com/maps/place/Koppi+Kitchen+Palembang/data=!4m7!3m6!1s0x2e3b751aae5686f7:0xef1cc30d9963d14c!8m2!3d-2.9925596!4d104.7514605!16s%2Fg%2F11p677_518!19sChIJ94ZWrhp1Oy4RTNFjmQ3DHO8?authuser=0&hl=id&rclk=1","Koppi Kitchen Palembang","4,6","(1.116)","Kedai Kopi","·","·","Buka","· Tutup pukul 22.30","https://lh3.googleusercontent.com/gps-cs-s/APNQkAGARANO2pHh1RV1au3MZwJzo6B1RCmNjt5RcH4iRqlG_92babTkWO905s32BCzkESk1QPLJ7PNaVW9m6YSBzyyafRxUaZHyByrhJjtuMzhYT4zHFKyD63iV7ULwWrnixQsFD9qZzw=w122-h92-k-no","https://ssl.gstatic.com/local/servicebusiness/default_user.png","""Nongkrong di sini seru, makanannya juga enak2, tempatnya bersih nyaman""","","https://www.google.com/searchviewer/42?cvd=CLw_EicKJeICIjIgEhkiF9LX29IPEQoNL2cvMTFwNjc3XzUxOBgBOgMI8A0%3D&hl=id-ID&gl=id&fo_m=MfohQo559jFvMUOzJVpjPL1YMfZ3bInYwBDuMfaXTPp5KXh-&utm_source=tactile&gei=qZv4acP-B4yYseMPms2h8AQ&ei=qZv4acP-B4yYseMPms2h8AQ&fo_s=OA&opi=79508299&orderType=1&ebb=1&cs=0&foub=mcpp","Pesan online","","","Jl. Joko No.54","·","Rp 25–50 rb"
"https://www.google.com/maps/place/BLOOM+Cafe/data=!4m7!3m6!1s0x2e3b75b6e5e5cb31:0xc6c52953bb9ee324!8m2!3d-2.9527536!4d104.7501314!16s%2Fg%2F11v6z5z1bj!19sChIJMcvl5bZ1Oy4RJOOeu1MpxcY?authuser=0&hl=id&rclk=1","BLOOM Cafe","4,5","(182)","Restoran","·","Jl. Sersan Sani Ruko No.7 9","Buka","· Tutup pukul 22.00","https://lh3.googleusercontent.com/gps-cs-s/APNQkAGbA7c2TDLAuLq52kqWmS1SytRP5zds4BuJCk7I6AaHDowMbM4EyqOoSVz5iGklb6rUOFAbqSkCcF83Xyr9KaKts7ebZ1MJJjcGhb9DfnaVHqa00xQ6kBArrIEVMjFYsukw6bFmqA=w80-h106-k-no","https://ssl.gstatic.com/local/servicebusiness/default_user.png","""Makanan enak dan berkualitas, cocok buat diner sama pasangan.""","","","","","","","·","Rp 50–75 rb"
"https://www.google.com/maps/place/The+People%27s+Cafe+Palembang+Indah+Mall/data=!4m7!3m6!1s0x2e3b7703eb4b4d15:0x5cafb1a84cceffc3!8m2!3d-2.9849487!4d104.7533615!16s%2Fg%2F11w49gwf0k!19sChIJFU1L6wN3Oy4Rw__OTKixr1w?authuser=0&hl=id&rclk=1","The People's Cafe Palembang Indah Mall","4,9","(1.913)","Restoran","·","Jl. Letkol Iskandar No.18 Ground Floor","Buka","· Tutup pukul 22.00","https://lh3.googleusercontent.com/gps-cs-s/APNQkAFNqmnJFFw_HFockPEEZkA1SYfyksPZUpBTvg9SdPDKiQgmaISBvGsckNoo4kSs_IQhgCRmaxT3L1RSi5I-Y871UI0nUK5JJOC24aRuNh3bZwDCteOyKBBDUk3BGPXDEZn_YprSL3YJLXr3=w80-h106-k-no","https://ssl.gstatic.com/local/servicebusiness/default_user.png","""Makanannya enak kopi nya enak dan pelayanannya ramah sekali""","","https://www.google.com/searchviewer/42?cvd=CLw_EicKJeICIjIgEhkiF9LX29IPEQoNL2cvMTF3NDlnd2YwaxgBOgMI8A0%3D&hl=id-ID&gl=id&fo_m=MfohQo559jFvMUOzJVpjPL1YMfZ3bInYwBDuMfaXTPp5KXh-&utm_source=tactile&gei=qZv4acP-B4yYseMPms2h8AQ&ei=qZv4acP-B4yYseMPms2h8AQ&fo_s=OA&opi=79508299&orderType=1&ebb=1&cs=0&foub=mcpp","Pesan online","","","","·","$$"
"https://www.google.com/maps/place/Dapoer+Duren+Palembang/data=!4m7!3m6!1s0x2e3b77ad1bb44d45:0x67c07c2d21561ba6!8m2!3d-2.9720592!4d104.7604068!16s%2Fg%2F11jcvsszq6!19sChIJRU20G613Oy4RphtWIS18wGc?authuser=0&hl=id&rclk=1","Dapoer Duren Palembang","4,8","(1.385)","Restoran","·","·","Buka","· Tutup pukul 22.00","https://lh3.googleusercontent.com/gps-cs-s/APNQkAGMs-9v8mrrmph7x1DvMgMNFve8677eYxpkELeh2zEMWF49uiEvXzxhVcppKqq3CXwQBQTT9muJi2OwliQ6dNz6UdpOrDS_BOWZwci6Z2u71kNw7MVWnZ430koZYcm95bqhJq4=w163-h92-k-no","https://ssl.gstatic.com/local/servicebusiness/default_user.png","""menu nya masakan nya enak-enak, es duren nya juara .. 🤤👍🏻""","","https://www.google.com/searchviewer/42?cvd=CLw_EicKJeICIjIgEhkiF9LX29IPEQoNL2cvMTFqY3Zzc3pxNhgBOgMI8A0%3D&hl=id-ID&gl=id&fo_m=MfohQo559jFvMUOzJVpjPL1YMfZ3bInYwBDuMfaXTPp5KXh-&utm_source=tactile&gei=qZv4acP-B4yYseMPms2h8AQ&ei=qZv4acP-B4yYseMPms2h8AQ&fo_s=OA&opi=79508299&orderType=1&ebb=1&cs=0&foub=mcpp","Pesan online","","","Jl. Mayor Ruslan No.8","·","Rp 25–50 rb"
"https://www.google.com/maps/place/Mein+Garden+Cafe/data=!4m7!3m6!1s0x2e3b77a87cf26aaf:0xc8ef9d93cfdf70c1!8m2!3d-2.9683904!4d104.7766259!16s%2Fg%2F11hyn8bkk9!19sChIJr2ryfKh3Oy4RwXDfz5Od78g?authuser=0&hl=id&rclk=1","Mein Garden Cafe","4,5","(242)","Kafe","·","Jl. Bambang Utoyo No.2","Segera tutup","· 21.00 · Buka Sel pukul 10.00","https://lh3.googleusercontent.com/gps-cs-s/APNQkAHL2GZwpNB28-hS1rTQCukNMiNiSMU1BlXsYxAs18XXExaVkrZmSXhwRCg2ouBUfyRkRgApfJNX34gfQr-j4TBohs2eVZiNxJmfbnb0aiC5ku-5lRY_n8kTAochsiYjGmL02RQ3wg=w138-h92-k-no","https://ssl.gstatic.com/local/servicebusiness/default_user.png","""Tempatnya nyaman, minuman enak harga wort it , barista ramah dan asik""","","https://www.google.com/searchviewer/42?cvd=CLw_EicKJeICIjIgEhkiF9LX29IPEQoNL2cvMTFoeW44YmtrORgBOgMI8A0%3D&hl=id-ID&gl=id&fo_m=MfohQo559jFvMUOzJVpjPL1YMfZ3bInYwBDuMfaXTPp5KXh-&utm_source=tactile&gei=qZv4acP-B4yYseMPms2h8AQ&ei=qZv4acP-B4yYseMPms2h8AQ&fo_s=OA&opi=79508299&orderType=1&ebb=1&cs=0&foub=mcpp","Pesan online","","","","·","Rp 25–50 rb"
"https://www.google.com/maps/place/Oculo+Coffee/data=!4m7!3m6!1s0x2e3b75b3b0d218c5:0xaf45c5eba43c72cb!8m2!3d-2.959212!4d104.7419999!16s%2Fg%2F11t4kjq6b4!19sChIJxRjSsLN1Oy4Ry3I8pOvFRa8?authuser=0&hl=id&rclk=1","Oculo Coffee","4,9","(568)","Kedai Kopi","·","2PRR+CP3, Lrg. Indras","Buka","· Tutup pukul 23.00","https://lh3.googleusercontent.com/gps-cs-s/APNQkAFkG8CSuMxooubKI7vkP96UWYMKdwLcwWZva_v4MRBB5pIjJ-2MeQnx8mPkHB7_ikNBp54Hz_fEhB8rtysYpf6ljoc-TfZF6niBuVdUUjlnepMWVBhSahVadhJeKjbhGvM2xdKC=w122-h92-k-no","https://ssl.gstatic.com/local/servicebusiness/default_user.png","""Untuk kopinya ok dan berkualitas
Untuk barista dan pelayanannya mantapp""","","https://www.google.com/searchviewer/42?cvd=CLw_EicKJeICIjIgEhkiF9LX29IPEQoNL2cvMTF0NGtqcTZiNBgBOgMI8A0%3D&hl=id-ID&gl=id&fo_m=MfohQo559jFvMUOzJVpjPL1YMfZ3bInYwBDuMfaXTPp5KXh-&utm_source=tactile&gei=qZv4acP-B4yYseMPms2h8AQ&ei=qZv4acP-B4yYseMPms2h8AQ&fo_s=OA&opi=79508299&orderType=1&ebb=1&cs=0&foub=mcpp","Pesan online","","","","·","Rp 25–50 rb"
"https://www.google.com/maps/place/AgamPisan+jilid+1/data=!4m7!3m6!1s0x2e3b75fd39cb6fdf:0x165e3a2b76f9e4c3!8m2!3d-2.9855358!4d104.7682438!16s%2Fg%2F11f4qpm7ng!19sChIJ32_LOf11Oy4Rw-T5dis6XhY?authuser=0&hl=id&rclk=1","AgamPisan jilid 1","4,6","(812)","Kedai Kopi","·","·","Buka","· Tutup pukul 23.00","https://lh3.googleusercontent.com/gps-cs-s/APNQkAFUl9mdoIVy0_YsDV2O7GZRr2QsKoFlC_qZB-8q75xPxLykK3qbRx1tLwfz-5vUG1lk_WFNSlEyzPK0UX7x0hFHn7vnxcsqrUd3c1AJTuAGPEVbanO0EA7PFy38UGYqrkZ6T85v=w122-h92-k-no","https://ssl.gstatic.com/local/servicebusiness/default_user.png","""Tempat nongki asik view menarik dengan minuman dan makanan yg enak""","","","","","","Jalan ali gatmir lorong kedipan laut paling ujung tepi sungai musi","·","Rp 25–50 rb"
"https://www.google.com/maps/place/AMO+COFFEE+BACKYARD/data=!4m7!3m6!1s0x2e3b75362e61b029:0x9d859d911d78c932!8m2!3d-2.9437227!4d104.7457565!16s%2Fg%2F11ptrx1ly_!19sChIJKbBhLjZ1Oy4RMsl4HZGdhZ0?authuser=0&hl=id&rclk=1","AMO COFFEE BACKYARD","4,6","(351)","Kafe","·","Jl. S. Prawiro No.07, RT.40/RW.07","Buka","· Tutup pukul 23.00","https://lh3.googleusercontent.com/gps-cs-s/APNQkAE84uxZlKZsBni7OLk-yozW1WHfQD-pioZ1I9sW4eZwG7Iqi1KBfW_R_MOCBA4sYVBA9urtqb8RI_C-J4mJPtPn0dcM_nsvA3tzPt7gvnmFWTaDvXbWL9CVdBG-y6f3_O_0EGyz=w204-h92-k-no","https://ssl.gstatic.com/local/servicebusiness/default_user.png","""","Cafe","","","","","","·","Rp 25–50 rb"
"https://www.google.com/maps/place/Grifonz/data=!4m7!3m6!1s0x2e3b7614448052a1:0x7ed08669a0803d5f!8m2!3d-2.9699255!4d104.769877!16s%2Fg%2F1ptyzf1z9!19sChIJoVKARBR2Oy4RXz2AoGmG0H4?authuser=0&hl=id&rclk=1","Grifonz","4,8","(47)","Restoran","·","Algoritma Hotel by The Alts, Jl. Dr. M. Isa No.988","Buka","· Tutup pukul 22.00","https://lh3.googleusercontent.com/gps-cs-s/APNQkAHI7c5h8tsXy9bTN96KdtOk_flZB1wvD7Tw1zCufDM0R8Kgnai2WO9M8EuY2G72K2Ly4TI7dpFVRJg68F825KDKC114VOjJZr5AfLYupPpIrZC9Ga8AlJY65mgd5_rhGsPMlGc0cg=w122-h92-k-no","https://ssl.gstatic.com/local/servicebusiness/default_user.png","""Tempatnya bagus,sangat cocok untuk berswafoto dengan makanan yang unik👍""","","","","","","","",""
"https://www.google.com/maps/place/Hanjani+Coffee+and+Space/data=!4m7!3m6!1s0x2e3b9d2b81bf8431:0x71a8776e357a4119!8m2!3d-3.0118397!4d104.7766044!16s%2Fg%2F11sz_btvmd!19sChIJMYS_gSudOy4RGUF6NW53qHE?authuser=0&hl=id&rclk=1","Hanjani Coffee and Space","4,8","(447)","Kedai Kopi","·","Jl. Gub H Bastari No.0, RT.11/RW.3","Buka","· Tutup pukul 23.00","https://lh3.googleusercontent.com/gps-cs-s/APNQkAE_EvEbYQixAzvGY5u8qxtrkcZoS9w8XOIXwt5qgETEEUdwGxwXa6r8QOQUTTrou_cCF0uEMQsVZZcvXU0AeSjoKzC0KeMTFRQKLtXpdAq3MER27Tj1zzLhfCSqc-7l5ZyTKzlN=w122-h92-k-no","https://ssl.gstatic.com/local/servicebusiness/default_user.png","""tempat terbaik buat nongkrong makanan enak, tempat nyaman dan parkir luar""","","","","","","","·","Rp 25–50 rb"
"https://www.google.com/maps/place/THEO/data=!4m7!3m6!1s0x2e3b77c31ffc40cd:0xc8d7fdd46c83a862!8m2!3d-2.9733142!4d104.7606168!16s%2Fg%2F11rzwpcmjq!19sChIJzUD8H8N3Oy4RYqiDbNT918g?authuser=0&hl=id&rclk=1","THEO","4,6","(96)","Kedai Kopi","·","Jl. Merbau No.475","Buka","· Tutup pukul 21.30","https://lh3.googleusercontent.com/gps-cs-s/APNQkAGIdT3rgA_RDeSlbj6Bien9Qqp6TKYHBqNqvBKuLjZI0LTD3b_s-ANuFinI53ZX8JGnnZesx8RS0BpfG4XwY6FApvwvIL1xVhw_A7tvmTsjEi_cbYFgK4SCHz4jechlNhUn20-f4A=w80-h141-k-no","https://ssl.gstatic.com/local/servicebusiness/default_user.png","""Kopi di Theo uenakkk.. Beda dg kopi di tempat lain.""","","","","","","","·","Rp 25–50 rb"
"https://www.google.com/maps/place/Marubozu+Cafe/data=!4m7!3m6!1s0x2e3b778cd301c805:0x35b699666fe220a7!8m2!3d-2.9721915!4d104.7601701!16s%2Fg%2F11spqzgjhs!19sChIJBcgB04x3Oy4RpyDib2aZtjU?authuser=0&hl=id&rclk=1","Marubozu Cafe","4,8","(73)","Kafe","·","Ruko Jl. Bay Salim No.7","Segera tutup","· 21.00 · Buka Sel pukul 08.00","https://lh3.googleusercontent.com/gps-cs-s/APNQkAEPFtKMxQYLVdw5kHGqXtFx5vWcspCcc2LxxfDhnD2lX1TyPT57ky3_PG1rr8Hnvsi72uQIxRVa_k0JPvz-MDHShUkZiA8Mqfn3uwVCI5sVDJjEA6hCygtz0eMYr2Ds9IRI-_tP-Q=w163-h92-k-no","https://ssl.gstatic.com/local/servicebusiness/default_user.png","""Makanannya enakk, latte-nya juga enak""","","https://www.google.com/searchviewer/42?cvd=CLw_EicKJeICIjIgEhkiF9LX29IPEQoNL2cvMTFzcHF6Z2pocxgBOgMI8A0%3D&hl=id-ID&gl=id&fo_m=MfohQo559jFvMUOzJVpjPL1YMfZ3bInYwBDuMfaXTPp5KXh-&utm_source=tactile&gei=qZv4acP-B4yYseMPms2h8AQ&ei=qZv4acP-B4yYseMPms2h8AQ&fo_s=OA&opi=79508299&orderType=1&ebb=1&cs=0&foub=mcpp","Pesan online","","","","·","Rp 25–50 rb"
"https://www.google.com/maps/place/MindSet+Cafe+Palembang/data=!4m7!3m6!1s0x2e3b752956d9d9c5:0x90f9b42378172e7!8m2!3d-2.9920665!4d104.7500474!16s%2Fg%2F11h11khzl9!19sChIJxdnZVil1Oy4R53KBN0KbDwk?authuser=0&hl=id&rclk=1","MindSet Cafe Palembang","4,7","(192)","Kafe","·","·","Buka","· Tutup pukul 23.30","https://lh3.googleusercontent.com/gps-cs-s/APNQkAHm5qYmqaaZ6ntHwMFDxoXG0E05r3Zv_b2BmViqcCrezA7TG5H2DB94qS1r8K9j8Nvxbtmn1KxQIHLE4DcxB9ljfZoea39CM2yQzlJZtxEr-MsEqdGY26QIDfhxwIqdd1rG5XTR2A=w122-h92-k-no","https://ssl.gstatic.com/local/servicebusiness/default_user.png","""Kopinya, jajanan yang oke punya.""","","","","","","Jl. Pangeran Ario Kesuma Abdurrochim No.2067","",""
"https://www.google.com/maps/place/Autotec+Coffee/data=!4m7!3m6!1s0x2e3b772a4f41cf55:0xa133c8a0541b7d12!8m2!3d-2.9757224!4d104.759769!16s%2Fg%2F11svl2jh73!19sChIJVc9BTyp3Oy4REn0bVKDIM6E?authuser=0&hl=id&rclk=1","Autotec Coffee","5,0","(50)","Kedai Kopi","·","2QF5+PW6, Jl. Veteran","Tutup","· Buka Sel pukul 08.00","https://lh3.googleusercontent.com/gps-cs-s/APNQkAFNYNnMxFhPvA8DMztAdRmjXGEvo6v6zYshOglI17TCZBwJ_kjuHI6hTdQIPX_6nn7ft_1lkikl4zfPiqMolb20ZoMdWeu-1PTKs6jkIEL4gaeG_xqgA_jwP9FQ06n8jl9NMUWc=w122-h92-k-no","https://ssl.gstatic.com/local/servicebusiness/default_user.png","""Tempatnya nyaman, bersih, makananya juga enak, free wifi lagiii""","","","","","","","·","Rp 25–50 rb"
"https://www.google.com/maps/place/Celebrity+Cafe/data=!4m7!3m6!1s0x2e3b7672b668a757:0x2d1b88e87f48c14f!8m2!3d-2.9750576!4d104.7597615!16s%2Fg%2F1hd_mtmdk!19sChIJV6dotnJ2Oy4RT8FIf-iIGy0?authuser=0&hl=id&rclk=1","Celebrity Cafe","4,6","(256)","Kafe","·","Jl. Veteran No.1242-1243","Buka","· Tutup pukul 22.00","https://lh3.googleusercontent.com/gps-cs-s/APNQkAGNoLHnj4Ab0THf-Lu8yQ9H2GhrxIRCa7WwAT62V9WKxmakcxq1RvEfcZbax_BKNc2aoIClUzcoMAHggq223T7wi2KKRG0G7CAHKQwS-U6QgMlmfRwrZFb7eU0SliRr-s7Y5nJf3w=w80-h142-k-no","https://ssl.gstatic.com/local/servicebusiness/default_user.png","""Asik di Seleb, makaan enak & ruang adem""","","","","","","","·","$$"
"https://www.google.com/maps/place/Bukit+Golf+Resto+%26+Resort+Cafe/data=!4m7!3m6!1s0x2e3b76617f21b67d:0x37b11c9aaef70241!8m2!3d-2.9584686!4d104.7702574!16s%2Fg%2F11g6j8s5mt!19sChIJfbYhf2F2Oy4RQQL3rpocsTc?authuser=0&hl=id&rclk=1","Bukit Golf Resto & Resort Cafe","4,5","(1.867)","Restoran","·","Jl. AKBP Cek Agus No.200","Buka","· Tutup pukul 22.00","https://lh3.googleusercontent.com/gps-cs-s/APNQkAGI8-GrrX8umuIhftXREBv0k9nxyL--PUvyyY0B7XzD96mZ9yJDoNyOoIVbBvu-I2hUNkMeZh9Cj5ThdayIVNeAz1Co0jGV8B79OSsDMYLREZJP2pdLaRjqc2lkVTUzGZyaSlOY=w122-h92-k-no","https://ssl.gstatic.com/local/servicebusiness/default_user.png","""Tempat Makan dan minum yg cocok buat keluarga dan waktu gak dibatasi""","","https://www.google.com/searchviewer/42?cvd=CLw_EicKJeICIjIgEhkiF9LX29IPEQoNL2cvMTFnNmo4czVtdBgBOgMI8A0%3D&hl=id-ID&gl=id&fo_m=MfohQo559jFvMUOzJVpjPL1YMfZ3bInYwBDuMfaXTPp5KXh-&utm_source=tactile&gei=rpv4afqqGYbaseMPrayoAQ&ei=rpv4afqqGYbaseMPrayoAQ&fo_s=OA&opi=79508299&orderType=1&ebb=1&cs=0&foub=mcpp","Pesan online","","","","·","$$"
"https://www.google.com/maps/place/Gunz+Cafe/data=!4m7!3m6!1s0x2e3b75fbf8c080bd:0x9c0392abe11e9aac!8m2!3d-2.990595!4d104.7461127!16s%2Fg%2F11b76mh3rn!19sChIJvYDA-Pt1Oy4RrJoe4auSA5w?authuser=0&hl=id&rclk=1","Gunz Cafe","4,3","(453)","Kafe","·","·","Buka","· Tutup pukul 00.00","https://lh3.googleusercontent.com/gps-cs-s/APNQkAFQ1fY0jiTVHNxZuy3iKJabTblpjsFiPOwyauQtmZBFPWFm__WFcj1Y3mBH7maus2vu9ki8J53iDqjeDQcIbfYKF2T0wKQWIUWGXnGl6lbN96-VyG1JxSKrP1hxFgUStwSuohzO=w122-h92-k-no","https://ssl.gstatic.com/local/servicebusiness/default_user.png","""Di sini seringkali ada live music dan acara meet and greet.""","","","","","","2P5W+QC9, Jl. Merdeka","·","$$"
"https://www.google.com/maps/place/Rajawali+Kopitiam/data=!4m7!3m6!1s0x2e3b766e1b3f79b3:0x1cfe4709caec5dbe!8m2!3d-2.9707474!4d104.7641334!16s%2Fg%2F1hm64pyhm!19sChIJs3k_G252Oy4Rvl3syglH_hw?authuser=0&hl=id&rclk=1","Rajawali Kopitiam","4,4","(1.933)","Kafe","·","·","Buka","· Tutup pukul 23.00","https://lh3.googleusercontent.com/gps-cs-s/APNQkAGVKQB3eL050P0NJtFzfQgKicersE8kla18dsJDIumoVJwIpTWPkvakRFIjfqOYzME5dInWQPbam3qEr5y3Q-JP-PrKaW3a7A2xVSi5U1jW8QBDvDFuEoUXPa7NhRvSO8oLwRA=w122-h92-k-no","https://ssl.gstatic.com/local/servicebusiness/default_user.png","""makanan nya enak enak
harganya terjangkau
tempatnya cocok buat nongkrong2""","","https://www.google.com/searchviewer/42?cvd=CLw_EiYKJOICITIfEhgiFtLX29IPEAoML2cvMWhtNjRweWhtGAE6AwjwDQ%3D%3D&hl=id-ID&gl=id&fo_m=MfohQo559jFvMUOzJVpjPL1YMfZ3bInYwBDuMfaXTPp5KXh-&utm_source=tactile&gei=rpv4afqqGYbaseMPrayoAQ&ei=rpv4afqqGYbaseMPrayoAQ&fo_s=OA&opi=79508299&orderType=1&ebb=1&cs=0&foub=mcpp","Pesan online","","","Jl. Rajawali","·","Rp 25–50 rb"
"https://www.google.com/maps/place/Stay+space/data=!4m7!3m6!1s0x2e3b9d3e39d4d4af:0x5ed42d2ceff8e2ea!8m2!3d-2.9987392!4d104.770796!16s%2Fg%2F11s190jcvl!19sChIJr9TUOT6dOy4R6uL47ywt1F4?authuser=0&hl=id&rclk=1","Stay space","4,1","(106)","Kedai Kopi","·","2Q2C+83J","Buka","· Tutup pukul 23.00","https://lh3.googleusercontent.com/gps-cs-s/APNQkAElaYDSRaCIxGm8bl35IYtW1brC2DlEwTTAvjDRsxCQbem4aerr9XMJsUCQbFWwepYJDbfvDVI3dGpKhT4KAMyvWg5i5E5EwF9QqCt1z61-V11dPTzkRi9KWc76InyZdummGnjjVQ=w122-h92-k-no","https://ssl.gstatic.com/local/servicebusiness/default_user.png","""Tempat nongkrong rekomendasi di daerah Plaju.""","","","","","","","·","Rp 25–50 rb"
"https://www.google.com/maps/place/Dekultur+Roastery/data=!4m7!3m6!1s0x2e3b7577ef7743d5:0x1950e1d7663b1966!8m2!3d-2.9607852!4d104.7309834!16s%2Fg%2F11mq5704kw!19sChIJ1UN373d1Oy4RZhk7ZtfhUBk?authuser=0&hl=id&rclk=1","Dekultur Roastery","4,9","(316)","Kedai Kopi","·","Jl. Wirajaya II No.44","Buka","· Tutup pukul 23.00","https://lh3.googleusercontent.com/gps-cs-s/APNQkAGuGVhEBN04nxigNa0LE-IrwRvqA9Wb1wUiOt_LHTAD9EvYIrgZXqdQ5f8Wq65BoLDtaizyXfwaTk6y6sXtmCFFiODyDkwhICtLfbkmoHQk_DppVHM3Po3HOMqkPQUv-Dx8yi4=w80-h106-k-no","https://ssl.gstatic.com/local/servicebusiness/default_user.png","""Dan utk minumnya kopi latte , matcha dan fresh milk, semua enak.""","","https://www.google.com/searchviewer/42?cvd=CLw_EicKJeICIjIgEhkiF9LX29IPEQoNL2cvMTFtcTU3MDRrdxgBOgMI8A0%3D&hl=id-ID&gl=id&fo_m=MfohQo559jFvMUOzJVpjPL1YMfZ3bInYwBDuMfaXTPp5KXh-&utm_source=tactile&gei=rpv4afqqGYbaseMPrayoAQ&ei=rpv4afqqGYbaseMPrayoAQ&fo_s=OA&opi=79508299&orderType=1&ebb=1&cs=0&foub=mcpp","Pesan online","","","","·","Rp 25–50 rb"
"https://www.google.com/maps/place/Kedai+Kopi+Oriental+Rajawali/data=!4m7!3m6!1s0x2e3b771a42a58605:0xecfe53b29012dc40!8m2!3d-2.9723556!4d104.7637122!16s%2Fg%2F11l1qj45rm!19sChIJBYalQhp3Oy4RQNwSkLJT_uw?authuser=0&hl=id&rclk=1","Kedai Kopi Oriental Rajawali","4,8","(156)","Restoran","·","Kedai Kopi Oriental, Jl. Rajawali No.14","Buka","· Tutup pukul 22.00","https://lh3.googleusercontent.com/gps-cs-s/APNQkAEZcPSaTjg8u8f3TNZzNRlcVRfZ8rNgkxa8xmmszglMpktriM8w_I9pcXlSgA9WpkxzDOc5X6Qw_6KL3upQiH8tAGm1df-wpbgGW2r429fTQFzqaXuzEhJKdtvLVC4k2K_enKAD=w122-h92-k-no","https://ssl.gstatic.com/local/servicebusiness/default_user.png","""Tempatnya nyaman utk ngopi dan nongkrong
Makanannya enak enakk 🤤🤤""","","https://www.google.com/searchviewer/42?cvd=CLw_EicKJeICIjIgEhkiF9LX29IPEQoNL2cvMTFsMXFqNDVybRgBOgMI8A0%3D&hl=id-ID&gl=id&fo_m=MfohQo559jFvMUOzJVpjPL1YMfZ3bInYwBDuMfaXTPp5KXh-&utm_source=tactile&gei=rpv4afqqGYbaseMPrayoAQ&ei=rpv4afqqGYbaseMPrayoAQ&fo_s=OA&opi=79508299&orderType=1&ebb=1&cs=0&foub=mcpp","Pesan online","","","","·","Rp 50–75 rb"
"https://www.google.com/maps/place/Tjipta+Djaja+kopi+dan+padjoan/data=!4m7!3m6!1s0x2e3b77674215faf9:0x856d8da4df39f360!8m2!3d-2.9813014!4d104.7659341!16s%2Fg%2F11rh1hs3bj!19sChIJ-foVQmd3Oy4RYPM536SNbYU?authuser=0&hl=id&rclk=1","Tjipta Djaja kopi dan padjoan","5,0","(51)","Kedai Kopi","·","Jl. Segaran No.97","Buka","· Tutup pukul 22.00","https://lh3.googleusercontent.com/gps-cs-s/APNQkAE25yEXndY9kG65a0ltcXu4-7WFVuXFGLbdGS7IJpFNZNZewzo035z908RjPZNliNxKg06eXtTNTQSDiTdk5Ag9GOT1hgCPnJ8b9D-S45rxv_DEKvZV5hoAnJ62uaqMSaZoGxeP2Q=w80-h142-k-no","https://ssl.gstatic.com/local/servicebusiness/default_user.png","""Donut enak dan murah.... Kopi nya mantap,lezat...""","","","","","","","·","Rp 1–25.000"
"https://www.google.com/maps/place/Three+Uncles+Palembang/data=!4m7!3m6!1s0x2e3b77f56687a7cb:0x660cae2c13659b4!8m2!3d-2.9743076!4d104.7645731!16s%2Fg%2F11rzp8zh11!19sChIJy6eHZvV3Oy4RtFk2weLKYAY?authuser=0&hl=id&rclk=1","Three Uncles Palembang","4,9","(1.004)","Restoran","·","·","Segera tutup","· 21.00 · Buka Sel pukul 08.00","https://lh3.googleusercontent.com/gps-cs-s/APNQkAGcurUeVk6-3nPZR68uKW0_BqorTGP25FQfWtqvmppF2mCD4FnEmL5Iu7ySY8tpMXfZLnxTXp0eT1UQviPZXLqjaO9lRjy6_OH9hYZPgeN6G9pbSvwNHKNAKHuOhzVaaSjSFiM=w138-h92-k-no","https://ssl.gstatic.com/local/servicebusiness/default_user.png","""Pelayanan baik, makanan enak, tempat bersih & dingin, ada menu anak-anak""","","https://www.google.com/searchviewer/42?cvd=CLw_EicKJeICIjIgEhkiF9LX29IPEQoNL2cvMTFyenA4emgxMRgBOgMI8A0%3D&hl=id-ID&gl=id&fo_m=MfohQo559jFvMUOzJVpjPL1YMfZ3bInYwBDuMfaXTPp5KXh-&utm_source=tactile&gei=rpv4afqqGYbaseMPrayoAQ&ei=rpv4afqqGYbaseMPrayoAQ&fo_s=OA&opi=79508299&orderType=1&ebb=1&cs=0&foub=mcpp","Pesan online","","","Jl. Rajawali Ruko No.3, RT.016/RW.05","·","$$"
"https://www.google.com/maps/place/Ferreira+Cafe+Rooftop/data=!4m7!3m6!1s0x2e3b771e3cb3bf19:0x4ee18844b0a16d2c!8m2!3d-2.9525888!4d104.7615345!16s%2Fg%2F11ks16ffqr!19sChIJGb-zPB53Oy4RLG2hsESI4U4?authuser=0&hl=id&rclk=1","Ferreira Cafe Rooftop","4,9","(16)","Kafe","·","Berlokasi di Hotel Cordela Inn R. Sukamto Palembang, Lrg. Masjid","Buka","· Tutup pukul 22.00","https://lh3.googleusercontent.com/gps-cs-s/APNQkAF_GmWIBLbDkQ-c8P6I03WBScLn8pLfxBXvmebqE8bR9a_8LN8VAfl5GOGqPd3iUH3rUAfYt6juHQM449PjCioYuc0OsGL6suWASMThy8vzU5wU4DUNot28GP19g9-CxRzAh3VS=w138-h92-k-no","https://ssl.gstatic.com/local/servicebusiness/default_user.png","""Makananya enak dan view nya bagus,pokok nya mantap""","","","","","","","·","Rp 25–50 rb"
"https://www.google.com/maps/place/Belido+House+%28Resto+%26+Cafe%29/data=!4m7!3m6!1s0x2e3b77004121b095:0x4f5561d520c33814!8m2!3d-2.9699515!4d104.7589419!16s%2Fg%2F11y9cx1f50!19sChIJlbAhQQB3Oy4RFDjDINVhVU8?authuser=0&hl=id&rclk=1","Belido House (Resto & Cafe)","4,6","(91)","Restoran","·","GRAHA SW, Jl. Bay Salim No.A1-3","Buka","· Tutup pukul 22.00","https://lh3.googleusercontent.com/gps-cs-s/APNQkAHLt4_6DWgYQhk-jeBPehmJT7kz_5km7YqLbHx8pARoOa6dDhEMtF0LNCQ8xjr6mj7DYvGfYQNQpXP2EsnhA_Qshw7URrGLs705_eJgREnuu8lRpIf_IU5cWlaER0rAVJH2h1qzEi5i6NaE=w80-h106-k-no","https://ssl.gstatic.com/local/servicebusiness/default_user.png","""Makanannya enak,akhirnya bertambah tempat makan yg cocok di lidah""","","https://www.google.com/searchviewer/42?cvd=CLw_EicKJeICIjIgEhkiF9LX29IPEQoNL2cvMTF5OWN4MWY1MBgBOgMI8A0%3D&hl=id-ID&gl=id&fo_m=MfohQo559jFvMUOzJVpjPL1YMfZ3bInYwBDuMfaXTPp5KXh-&utm_source=tactile&gei=rpv4afqqGYbaseMPrayoAQ&ei=rpv4afqqGYbaseMPrayoAQ&fo_s=OA&opi=79508299&orderType=1&ebb=1&cs=0&foub=mcpp","Pesan online","","","","",""
"https://www.google.com/maps/place/Foodpedia+Perwari+14/data=!4m7!3m6!1s0x2e3b776359465ceb:0x5d0da3911ea1cbb0!8m2!3d-2.9632726!4d104.7627583!16s%2Fg%2F11nnz7psvp!19sChIJ61xGWWN3Oy4RsMuhHpGjDV0?authuser=0&hl=id&rclk=1","Foodpedia Perwari 14","4,6","(170)","Kedai Kopi","·","Jl. Perwari No.14","Buka","· Tutup pukul 22.00","https://lh3.googleusercontent.com/gps-cs-s/APNQkAFzwSy1j3-6RURTnB3fWFinLApOEcxv_aGoL6K2TDtaiASo42ds4jFQMGVUleDVH-xRnCcnl-4njhNlGIbx1uwg9OWvirDUI-Ux_eSpcYzmoXhrdBd6Q7GHMGjqbxatqOoTqnzO=w122-h92-k-no","https://ssl.gstatic.com/local/servicebusiness/default_user.png","""Tadi pesan ayam bakar, lumayan enak hanya ayamnya lengket di piring.""","","","","","","","·","Rp 25–50 rb"
"https://www.google.com/maps/place/Lokatara+Coffee+%26+Space/data=!4m7!3m6!1s0x2e3b772ee7791ced:0xba9ebbbc23f9f164!8m2!3d-2.9476273!4d104.7679323!16s%2Fg%2F11hzykg28r!19sChIJ7Rx55y53Oy4RZPH5I7y7nro?authuser=0&hl=id&rclk=1","Lokatara Coffee & Space","4,7","(287)","Kedai Kopi","·","Jl. MP. Mangkunegara Jl. Komp. Pusri No.Depan","Buka","· Tutup pukul 00.00","https://lh3.googleusercontent.com/gps-cs-s/APNQkAGj2oQ8WRTDXmikxmy_4Mp9I12g68ErXutKD0Xpn_rRywekODcyhDyjABbzQIgxB4CFA_nNCywvGAHWkK-aubcmadjuZSLO4P2yjvxqucwE-xHDpvo2l_yYMw9JjawJ8eSa1BOo=w122-h92-k-no","https://ssl.gstatic.com/local/servicebusiness/default_user.png","""Enak buat nongkrong harga masih masuk di kantong""","","","","","","","·","Rp 25–50 rb"
"https://www.google.com/maps/place/Oslo+Billiard+%26+Caf%C3%A9/data=!4m7!3m6!1s0x2e3b77000adf3493:0x9a081e1dfc53d444!8m2!3d-2.9714621!4d104.7598647!16s%2Fg%2F11vt4szbyt!19sChIJkzTfCgB3Oy4RRNRT_B0eCJo?authuser=0&hl=id&rclk=1","Oslo Billiard & Café","4,8","(164)","Klub Biliar","·","2QH5+CW9","Buka","· Tutup pukul 02.00","https://lh3.googleusercontent.com/gps-cs-s/APNQkAE0m_M1gnzOFQzQWZEr_RZGHhfB8YfKvxKLhws0Kw-KtKPj1s9wtTMF3OdC6yw0TWH6VS_PVqda7hnva8XuoOyQ3ANsUhhgymgFujRJzxFdnrT547c00L-Un1xwdu56GiwURCX6=w122-h92-k-no","https://ssl.gstatic.com/local/servicebusiness/default_user.png","""Tempat nyaman, enak dan bersih""","","","","","","","",""
"https://www.google.com/maps/place/TOMORO+COFFEE+-+Palembang+Trade+Center/data=!4m7!3m6!1s0x2e3b77001779d393:0x7a80aba60951ff99!8m2!3d-2.9511642!4d104.7618673!16s%2Fg%2F11y29qysp6!19sChIJk9N5FwB3Oy4Rmf9RCaargHo?authuser=0&hl=id&rclk=1","TOMORO COFFEE - Palembang Trade Center","4,8","(655)","Kedai Kopi","·","PTC Mall, Jl. R. Sukamto Komplek Ruko Blok G-1","Buka","· Tutup pukul 22.00","https://lh3.googleusercontent.com/gps-cs-s/APNQkAFFXY5WeaGWXS_8zOaWZhN7u3JoDmI98wu5EOqHS2uLEnXqj5GcCenu6gwes1dgItat_I80Q9nlZrGLJZHr7zZynMK4gU-6GDbFm3P3VuS7r09h1H2hH0odrtcb8slcFe8Ghu94=w80-h142-k-no","https://ssl.gstatic.com/local/servicebusiness/default_user.png","""seru bangett kopinya enak, affordable, dan nyaman bgtt tempatnya.""","","https://www.google.com/searchviewer/42?cvd=CLw_EicKJeICIjIgEhkiF9LX29IPEQoNL2cvMTF5MjlxeXNwNhgBOgMI8A0%3D&hl=id-ID&gl=id&fo_m=MfohQo559jFvMUOzJVpjPL1YMfZ3bInYwBDuMfaXTPp5KXh-&utm_source=tactile&gei=rpv4afqqGYbaseMPrayoAQ&ei=rpv4afqqGYbaseMPrayoAQ&fo_s=OA&opi=79508299&orderType=1&ebb=1&cs=0&foub=mcpp","Pesan online","","","","·","Rp 25–50 rb"
"https://www.google.com/maps/place/Han%27s+Coffe/data=!4m7!3m6!1s0x2e3b7612ffffffff:0xc06ff07373966348!8m2!3d-2.9806876!4d104.7693012!16s%2Fg%2F11ghfsc404!19sChIJ_____xJ2Oy4RSGOWc3Pwb8A?authuser=0&hl=id&rclk=1","Han's Coffe","4,8","(12)","Kedai Kopi","·","·","Buka","· Tutup pukul 03.00","https://lh3.googleusercontent.com/gps-cs-s/APNQkAE4nYqjmTIK_NrYbVjEHWr5LUqj88GJlFDQF94cZOLT1q3GOBk68N22Dzb9oAy1v1gn-XAje10K2aAZL_ToUTWj17_4XIJrpIFUM8Onx7xVs6KCapaPeO2fy5PgOgEGfOdr_7SI=w80-h106-k-no","","Makan di tempat","Bawa pulang","","","","","2Q99+PPF, Jalan Slamet Riady, Kuto Batu","",""
"https://www.google.com/maps/place/Cozy+Donuts+Coffee+%26+Roastery/data=!4m7!3m6!1s0x2e3b774e9c02f70f:0x52c1da1d30605886!8m2!3d-2.949821!4d104.7713431!16s%2Fg%2F11rcml2_1b!19sChIJD_cCnE53Oy4RhlhgMB3awVI?authuser=0&hl=id&rclk=1","Cozy Donuts Coffee & Roastery","4,7","(63)","Kedai Kopi","·","Jl. H. Abdul Rozak No.30 C","Buka","· Tutup pukul 23.00","https://lh3.googleusercontent.com/gps-cs-s/APNQkAGWRtEeswuqrb-fq2412wrLKRGP0DkcLre7AdKDOncHT99M8slzvLG0jguugp3reQWYoPf7OIFTZXJlTX8Fy55RuMnnDaf4Z7LHi3HIJazM6Y9qoVRoRyT6ymD5UUkKqjY5mbZu=w122-h92-k-no","https://ssl.gstatic.com/local/servicebusiness/default_user.png","""Enak tempat santai sambil ngopi (ngobrol perkara iman) bareng sobat""","","","","","","","·","Rp 25–50 rb"
"https://www.google.com/maps/place/Rumahijo+Coffee+%26+Space/data=!4m7!3m6!1s0x2e3b7571dec9a743:0xd745edc7cc13dc57!8m2!3d-2.9882432!4d104.7195963!16s%2Fg%2F11y3c__6jl!19sChIJQ6fJ3nF1Oy4RV9wTzMftRdc?authuser=0&hl=id&rclk=1","Rumahijo Coffee & Space","4,6","(144)","Kafe","·","samping ruko apotik k24 parameswara, RUKO GRAND HILL 6, Jl. Parameswara R","Buka","· Tutup pukul 22.00","https://lh3.googleusercontent.com/gps-cs-s/APNQkAFvYQoWzmyFvVfVP5WMyN9jkk63OfUIhoUYKE0u5eBZyQOlxb418YfFAIbYaW54pmV4q3CCEYQnQ_2QqXfaaNbVssnLNBG64myM7vb5nPjfO2_H_zH85LhQm3tkBeV_Cxvo2ybecEFxdbC-=w80-h106-k-no","https://ssl.gstatic.com/local/servicebusiness/default_user.png","""Kopinya enak..
Mantap
Segar
Terutama gula arennya""","","","","","","","·","Rp 50–75 rb"
"https://www.google.com/maps/place/Nuansa+Coffee+%26+Resto+Palembang/data=!4m7!3m6!1s0x2e3b755a79480f9f:0xa1e0ff29117e27d9!8m2!3d-2.9256955!4d104.7499187!16s%2Fg%2F11wpsnh2_g!19sChIJnw9IeVp1Oy4R2Sd-ESn_4KE?authuser=0&hl=id&rclk=1","Nuansa Coffee & Resto Palembang","4,8","(45)","Restoran","·","Jl. Sukawinatan","Buka","· Tutup pukul 22.00","https://lh3.googleusercontent.com/gps-cs-s/APNQkAF2XsXbKSD5tPWcnbhfm4Nm3uHikKOllpnCqJNkwOIcOlnaObwTR8eN3RUVKwvLV0fe5QwL5EOrDPQ0iJp_fXutwZzXbCi-6S-N0PWoolFJ8yAcDXHQ_9j3PsQVDqb13n8leg4=w105-h92-k-no","https://ssl.gstatic.com/local/servicebusiness/default_user.png","""Makanannya enak, kopinya mantap.""","","https://www.google.com/searchviewer/42?cvd=CLw_EicKJeICIjIgEhkiF9LX29IPEQoNL2cvMTF3cHNuaDJfZxgBOgMI8A0%3D&hl=id-ID&gl=id&fo_m=MfohQo559jFvMUOzJVpjPL1YMfZ3bInYwBDuMfaXTPp5KXh-&utm_source=tactile&gei=rpv4afqqGYbaseMPrayoAQ&ei=rpv4afqqGYbaseMPrayoAQ&fo_s=OA&opi=79508299&orderType=1&ebb=1&cs=0&foub=mcpp","Pesan online","","","","·","Rp 50–75 rb"