"hfpxzc href","qBF1Pd","MW4etd","UY7F9","W4Efsd","W4Efsd 2","doJOZc","W4Efsd 3","W4Efsd 4","UsdlK","Cw1rxd","R8c4Qb","Jn12ke src","ah5Ghc","W4Efsd 5","W4Efsd 6","W4Efsd 7","ah5Ghc 2"
"","","","","","","","","","","","","","","","","",""
"","","","","","","","","","","","","","","","","",""
"https://www.google.com/maps/place/Foto+Kopi+%26+A.T.K+Gajah+Mada/data=!4m7!3m6!1s0x2e3b767be9540c55:0x5911f9f38462e96d!8m2!3d-2.9626859!4d104.759001!16s%2Fg%2F11b7b_qylb!19sChIJVQxU6Xt2Oy4RbelihPP5EVk?authuser=0&hl=id&rclk=1","Foto Kopi & A.T.K Gajah Mada","4,2","(43)","Toko Fotokopi","·","","·","2QP5+WJC, Jl. Mayor Salim Batubara","(0711) 363718","","Rute","https://ssl.gstatic.com/local/servicebusiness/default_user.png","""Kemaren dilayani sama pak haji pemilik toko baik bener orang nya""","","","",""
"https://www.google.com/maps/place/MM+FOTOCOPY/data=!4m7!3m6!1s0x2e3b76735528da8f:0xf36ecc84ef1f9e41!8m2!3d-2.9762024!4d104.7578996!16s%2Fg%2F11ddwtpwdv!19sChIJj9ooVXN2Oy4RQZ4f74TMbvM?authuser=0&hl=id&rclk=1","MM FOTOCOPY","4,6","(51)","Toko Fotokopi","·","","·","2QF5+G56, Jl. Taman Siswa","0812-8113-4320","","Rute","https://ssl.gstatic.com/local/servicebusiness/default_user.png","""amanah sesuai kesepakatan selesainya, selain cepet jg hasilnya bagus.""","Segera tutup","· 21.00 · Buka Sel pukul 08.00","·",""
"https://www.google.com/maps/place/PRINT.CO+%28print,+fotocopy+%26+stationery%29+terdekat+%26+terpagi/data=!4m7!3m6!1s0x2e3b7737b60f578d:0x13a69eff2f663fdd!8m2!3d-2.9673797!4d104.763538!16s%2Fg%2F11gmcxh5ky!19sChIJjVcPtjd3Oy4R3T9mL_-ephM?authuser=0&hl=id&rclk=1","PRINT.CO (print, fotocopy & stationery) terdekat & terpagi","5,0","(100)","Toko Percetakan","·","","Jl. Bangau No.168","·","0895-1687-1000","","Rute","https://ssl.gstatic.com/local/servicebusiness/default_user.png","""recommended 🙏🏻 kalau mau ngeprint hi quality ke sini aja ✅""","Tutup","· Buka Sel pukul 06.00","",""
"https://www.google.com/maps/place/Percetakan+Cahya+Alya/data=!4m7!3m6!1s0x2e3b77003c8e9bd9:0xb764faebcaf200c2!8m2!3d-2.9650494!4d104.7681646!16s%2Fg%2F11ysqh9298!19sChIJ2ZuOPAB3Oy4RwgDyyuv6ZLc?authuser=0&hl=id&rclk=1","Percetakan Cahya Alya","5,0","(1)","Toko Percetakan","·","","2QM9+X7M, Lorong Tehnik","·","0882-7620-7900","","Rute","","","Buka","· Tutup pukul 00.00","",""
"https://www.google.com/maps/place/PikuPiku+Print+%26+Game/data=!4m7!3m6!1s0x2e3b767a2bc98581:0x1c71ca3fb110134d!8m2!3d-2.9643167!4d104.7581159!16s%2Fg%2F11b77dj0gk!19sChIJgYXJK3p2Oy4RTRMQsT_KcRw?authuser=0&hl=id&rclk=1","PikuPiku Print & Game","4,3","(23)","Warnet","·","","·","Depan SDN 156, Jl. Mayor Salim Batubara No.676","","","Rute","https://ssl.gstatic.com/local/servicebusiness/default_user.png","""Pelayanannya bagus harga mainnya sesuai dan sangat nyaman""","Buka","· Tutup pukul 22.00","",""
"https://www.google.com/maps/place/MC+Studio+Foto+%26+Digital+Printing+skip+bendung/data=!4m7!3m6!1s0x2e3b767bf587ac39:0xd3223f34d575ae00!8m2!3d-2.9616267!4d104.7589104!16s%2Fg%2F11b7d3hpvl!19sChIJOayH9Xt2Oy4RAK511TQ_ItM?authuser=0&hl=id&rclk=1","MC Studio Foto & Digital Printing skip bendung","4,3","(82)","Studio Foto","·","","·","Jl. Mayor Salim Batubara No.14","0811-7435-567","","Rute","https://ssl.gstatic.com/local/servicebusiness/default_user.png","""yang paling penting sih harganya student friendly banget woii!""","","","",""
"https://www.google.com/maps/place/Yamcik+ATK/data=!4m7!3m6!1s0x2e3b770b0d7af569:0x64969d3ecd322a34!8m2!3d-2.9763393!4d104.7580675!16s%2Fg%2F11sjy_jx7r!19sChIJafV6DQt3Oy4RNCoyzT6dlmQ?authuser=0&hl=id&rclk=1","Yamcik ATK","","","Toko Fotokopi","·","","Jl. Taman Siswa No.173R, RT.08","·","0896-1846-1447","","Rute","","","Segera tutup","· 21.00 · Buka Sel pukul 07.00","",""
"https://www.google.com/maps/place/Foto+Copy+Berkat/data=!4m7!3m6!1s0x2e3b7670399885cb:0x5484038dd3811a79!8m2!3d-2.9683708!4d104.7625321!16s%2Fg%2F11b775j_s0!19sChIJy4WYOXB2Oy4ReRqB040DhFQ?authuser=0&hl=id&rclk=1","Foto Copy Berkat","4,0","(6)","Toko Fotokopi","·","","Jl. Bangau No.138 a","·","(0711) 317143","","Rute","","","Tutup","· Buka Sel pukul 07.00","",""
"https://www.google.com/maps/place/Toko+Tiga+Serangkai/data=!4m7!3m6!1s0x2e3b760ec0a31e4b:0x1f84937760f163b!8m2!3d-2.9824283!4d104.7589715!16s%2Fg%2F11b778y45y!19sChIJSx6jwA52Oy4ROxYPdjdJ-AE?authuser=0&hl=id&rclk=1","Toko Tiga Serangkai","4,5","(2)","Toko Fotokopi","·","","Jl. Kolonel Atmo No.96","","(0711) 373282","","Rute","","","","","",""
"https://www.google.com/maps/place/Jasa+Makmur/data=!4m7!3m6!1s0x2e3b7670465918df:0xb2ee2af7c62239a0!8m2!3d-2.9733308!4d104.7584341!16s%2Fg%2F1hc1v5f49!19sChIJ3xhZRnB2Oy4RoDkixvcq7rI?authuser=0&hl=id&rclk=1","Jasa Makmur","4,7","(3)","Toko Fotokopi","·","","Jl. Mayor Ruslan No.1588","","(0711) 317066","","Rute","","","","","",""
"https://www.google.com/maps/place/IDA+Print/data=!4m7!3m6!1s0x2e3b7700501b0713:0x959799d778e91e56!8m2!3d-2.9822761!4d104.7677423!16s%2Fg%2F11vk82w64z!19sChIJEwcbUAB3Oy4RVh7peNeZl5U?authuser=0&hl=id&rclk=1","IDA Print","5,0","(3)","Toko","·","","2Q99+26J","","","","Rute","","","Segera tutup","· 21.00 · Buka Sel pukul 06.00","",""
"https://www.google.com/maps/place/BAROKAH+FOTOCOPY/data=!4m7!3m6!1s0x2e3b7680c6f57e2d:0xbb25a026b384bce6!8m2!3d-2.9552842!4d104.7569112!16s%2Fg%2F11g6w6w90c!19sChIJLX71xoB2Oy4R5ryEsyagJbs?authuser=0&hl=id&rclk=1","BAROKAH FOTOCOPY","3,7","(37)","Toko Fotokopi","·","","2QW4+57H, Jl. Bali No.2251","·","0897-8447-925","","Rute","https://ssl.gstatic.com/local/servicebusiness/default_user.png","""Lengkap, bisa cetak","Segera tutup","· 21.00 · Buka Sel pukul 06.30","","foto"
"https://www.google.com/maps/place/Agung+Foto/data=!4m7!3m6!1s0x2e3b7672bbc244cf:0x72e6873e3a15857d!8m2!3d-2.9760172!4d104.7569347!16s%2Fg%2F1hc30n5v4!19sChIJz0TCu3J2Oy4RfYUVOj6H5nI?authuser=0&hl=id&rclk=1","Agung Foto","4,8","(47)","Toko Fotokopi","·","","·","Jl. Veteran No.292 A","(0711) 312675","","Rute","https://ssl.gstatic.com/local/servicebusiness/default_user.png","""Cepat, pelayanannya prima dan owner-nya baik hati""","Tutup","· Buka Sel pukul 08.00","·",""
"https://www.google.com/maps/place/Fotocopy+Ridho/data=!4m7!3m6!1s0x2e3b765c78e15f9d:0xdc1273666706708b!8m2!3d-2.9636752!4d104.7811835!16s%2Fg%2F11b7q4rsk5!19sChIJnV_heFx2Oy4Ri3AGZ2ZzEtw?authuser=0&hl=id&rclk=1","Fotocopy Ridho","4,6","(46)","Toko Fotokopi","·","","2QPJ+GFF, Lorong Sukarela","·","(0711) 713606","","Rute","https://ssl.gstatic.com/local/servicebusiness/default_user.png","""tempat nya cukup luas, dan bagusnya buka sampai malam""","Buka","· Tutup pukul 23.00","",""
"https://www.google.com/maps/place/Fotocopy+51/data=!4m7!3m6!1s0x2e3b7428fb991d11:0x8cc09a4a3d392173!8m2!3d-2.9494138!4d104.7485839!16s%2Fg%2F11bylbz3t8!19sChIJER2Z-yh0Oy4RcyE5PUqawIw?authuser=0&hl=id&rclk=1","Fotocopy 51","4,5","(32)","Toko Fotokopi","·","","Jalan Kandis 1 Kel. Talang Aman","·","0831-4564-1997","","Rute","https://ssl.gstatic.com/local/servicebusiness/default_user.png","""Tempat","Buka","· Tutup pukul 22.00","","fotokopi"
"https://www.google.com/maps/place/Anntri+cell+%26+fotokopi/data=!4m7!3m6!1s0x2e3b77000ca1dad5:0x4b2d222c0c36392b!8m2!3d-2.9763175!4d104.7756431!16s%2Fg%2F11nbtt5rk4!19sChIJ1dqhDAB3Oy4RKzk2DCwiLUs?authuser=0&hl=id&rclk=1","Anntri cell & fotokopi","5,0","(1)","Toko Fotokopi","·","","2QFG+F69","","","","Rute","","","Segera tutup","· 21.00 · Buka Sel pukul 06.00","",""
"https://www.google.com/maps/place/RAHMAN+NET+%26+FOTO+COPY/data=!4m7!3m6!1s0x2e3b75fd2ec41213:0x508f8277c74acfd4!8m2!3d-2.9865487!4d104.7494714!16s%2Fg%2F11b76f1rzj!19sChIJExLELv11Oy4R1M9Kx3eCj1A?authuser=0&hl=id&rclk=1","RAHMAN NET & FOTO COPY","4,4","(80)","Toko Fotokopi","·","","·","2P7X+9QQ, Jl. Cemp.","(0711) 355940","","Rute","https://ssl.gstatic.com/local/servicebusiness/default_user.png","""Good Goat Milk
ALMOND milk nutricha
Tersedia di sini""","Buka","· Tutup pukul 22.00","·",""
"https://www.google.com/maps/place/Maripose+Studio+Palembang/data=!4m7!3m6!1s0x2e3b77b61e86ef55:0xd5821c6f9788032b!8m2!3d-2.9670007!4d104.7635862!16s%2Fg%2F11krygb19f!19sChIJVe-GHrZ3Oy4RKwOIl28cgtU?authuser=0&hl=id&rclk=1","Maripose Studio Palembang","5,0","(2.023)","Jasa fotografi","·","","Jl. Bangau No.170a","·","0895-6385-70402","","Rute","https://ssl.gstatic.com/local/servicebusiness/default_user.png","""Tempat fotonya nyaman, bersih, rapi, dan pelayanan nya super baik pol!!""","Tutup","· Buka Sel pukul 10.00","",""
"https://www.google.com/maps/place/TOKO+TRIGUNA+COPIER/data=!4m7!3m6!1s0x2e3b760fa1eb63e1:0x7de1123b560478fd!8m2!3d-2.9844513!4d104.7611098!16s%2Fg%2F1hm2qpq_x!19sChIJ4WProQ92Oy4R_XgEVjsS4X0?authuser=0&hl=id&rclk=1","TOKO TRIGUNA COPIER","4,3","(45)","Toko Fotokopi","·","","·","Jl. Kolonel Atmo No.418","(0711) 353368","","Rute","","","Tutup","· Buka Sel pukul 08.00","·",""
"https://www.google.com/maps/place/Nagatekindo/data=!4m7!3m6!1s0x2e3b767385a78637:0xc9adf561d19597b7!8m2!3d-2.9733308!4d104.7584341!16s%2Fg%2F11b76twrg9!19sChIJN4anhXN2Oy4Rt5eV0WH1rck?authuser=0&hl=id&rclk=1","Nagatekindo","4,3","(16)","Toko Reparasi Mesin Fotokopi","·","","·","Jl. Mayor Ruslan No.1588","(0711) 317066","","Rute","https://ssl.gstatic.com/local/servicebusiness/default_user.png","""Lengkap,bisa service semua mesin.""","Tutup","· Buka Sel pukul 08.00","·",""
"https://www.google.com/maps/place/Yelly+Fotocopy/data=!4m7!3m6!1s0x2e3b76064fe4f091:0xb401ee1f99de907d!8m2!3d-2.987819!4d104.7556396!16s%2Fg%2F11b76fhfd7!19sChIJkfDkTwZ2Oy4RfZDemR_uAbQ?authuser=0&hl=id&rclk=1","Yelly Fotocopy","4,7","(18)","Toko Fotokopi","·","","·","Jl. Datuk Moh. Akib No.148","0813-6762-1731","","Rute","https://ssl.gstatic.com/local/servicebusiness/default_user.png","""Layanan nya OK,
Tepat Cepat,""","Segera tutup","· 21.00 · Buka Sel pukul 07.00","·",""
"https://www.google.com/maps/place/Fotokopi+Koko/data=!4m7!3m6!1s0x2e3b76781fa2acb7:0xe269028bc25425cd!8m2!3d-2.966509!4d104.7533197!16s%2Fg%2F11c57m97gg!19sChIJt6yiH3h2Oy4RzSVUwosCaeI?authuser=0&hl=id&rclk=1","Fotokopi Koko","4,7","(53)","Toko Fotokopi","·","","·","Jl. Kom. Pol. H. M. Damsyik","","","Rute","https://ssl.gstatic.com/local/servicebusiness/default_user.png","""Pelayanan cepat dan teliti!""","Tutup","· Buka Sel pukul 07.30","",""
"https://www.google.com/maps/place/M@vy+Photocopy/data=!4m7!3m6!1s0x2e3b7670a31abeeb:0xd9a4445cf50ab794!8m2!3d-2.9660775!4d104.7581195!16s%2Fg%2F11c1pgj1wq!19sChIJ674ao3B2Oy4RlLcK9VxEpNk?authuser=0&hl=id&rclk=1","M@vy Photocopy","5,0","(2)","Toko Fotokopi","·","","·","Jalan Kebun Semai No. 49, 4081, RT.007/RW.03","0852-6723-1200","","Rute","","","Tutup","· Buka Sel pukul 06.30","·",""
"https://www.google.com/maps/place/Mulya+Jaya/data=!4m7!3m6!1s0x2e3b767820299763:0xff9a5ce4a9c24775!8m2!3d-2.9665244!4d104.7534257!16s%2Fg%2F11b7q1xww3!19sChIJY5cpIHh2Oy4RdUfCqeRcmv8?authuser=0&hl=id&rclk=1","Mulya Jaya","4,7","(111)","Toko Fotokopi","·","","·","Jl. Kom. Pol. H. M. Damsyik","0821-8697-2910","","Rute","https://ssl.gstatic.com/local/servicebusiness/default_user.png","""Harga masih bisa lebih murah dari FC lain""","Tutup","· Buka Sel pukul 07.30","·",""
"https://www.google.com/maps/place/Toko+Siswa+Plus/data=!4m7!3m6!1s0x2e3b761220ec9889:0xa70207160a605b57!8m2!3d-2.9808647!4d104.7654344!16s%2Fg%2F124t4r7hg!19sChIJiZjsIBJ2Oy4RV1tgChYHAqc?authuser=0&hl=id&rclk=1","Toko Siswa Plus","4,5","(72)","Toko Alat Tulis Kantor","·","","·","Jl. Lingkaran1 No.36","(0711) 311786","","Situs Web","https://ssl.gstatic.com/local/servicebusiness/default_user.png","""Rekomen
BRG lengkap harganya murah mantap""","Tutup","· Buka Sel pukul 09.00","·",""
"https://www.google.com/maps/place/Fotokopi+Fantasy/data=!4m7!3m6!1s0x2e3b771781eff70b:0x672fc3c6db17b809!8m2!3d-2.9753299!4d104.7704826!16s%2Fg%2F11g1lj5v6f!19sChIJC_fvgRd3Oy4RCbgX28bDL2c?authuser=0&hl=id&rclk=1","Fotokopi Fantasy","5,0","(6)","Toko Alat Tulis","","","","","","","Rute","","","Tutup","· Buka Sel pukul 08.00","",""
"https://www.google.com/maps/place/PRIMA+BARU+ATK/data=!4m7!3m6!1s0x2e3b767bf1882dfb:0xe97fa7296ccc1b92!8m2!3d-2.9623393!4d104.7589176!16s%2Fg%2F11b7ch0lx2!19sChIJ-y2I8Xt2Oy4RkhvMbCmnf-k?authuser=0&hl=id&rclk=1","PRIMA BARU ATK","4,5","(14)","Toko Fotokopi","·","","·","Jl. Mayor Salim Batubara No.2547 A","(0711) 370479","","Rute","","","Tutup","· Buka Sel pukul 09.30","·",""
"https://www.google.com/maps/place/Amelia+Photo+Studio/data=!4m7!3m6!1s0x2e3b7613e0ac4cc1:0xb54a517d79d435b4!8m2!3d-2.9808598!4d104.7687231!16s%2Fg%2F1pzvq1f_q!19sChIJwUys4BN2Oy4RtDXUeX1RSrU?authuser=0&hl=id&rclk=1","Amelia Photo Studio","4,4","(56)","Studio Foto","·","","·","Jl. Slamet Riady No.223","","","Rute","https://ssl.gstatic.com/local/servicebusiness/default_user.png","""Pas dibilangin cuma ngmg2 doank bukannya gantiin fotonya .""","Tutup","· Buka Sel pukul 08.00","",""
"https://www.google.com/maps/place/UC+Print+Percetakan+%26+Digital+Printing+Palembang/data=!4m7!3m6!1s0x2e3b760f34345a6b:0xdaceb1530bd334df!8m2!3d-2.9847252!4d104.7582622!16s%2Fg%2F11c6pmm1bf!19sChIJa1o0NA92Oy4R3zTTC1Oxzto?authuser=0&hl=id&rclk=1","UC Print Percetakan & Digital Printing Palembang","4,6","(95)","Layanan cetak digital","·","","·","Jl. Akbp H. Moh. Amin No.455","0857-6897-8764","","Rute","https://ssl.gstatic.com/local/servicebusiness/default_user.png","""Harga bersaing, hasilnya oke dg kualitas yg baik.""","Tutup","· Buka Sel pukul 08.00","·",""
"https://www.google.com/maps/place/Best+Friend%27s/data=!4m7!3m6!1s0x2e3b767b26a33ef7:0x46fdb95083c58506!8m2!3d-2.9638656!4d104.7627291!16s%2Fg%2F1pzvq1g01!19sChIJ9z6jJnt2Oy4RBoXFg1C5_UY?authuser=0&hl=id&rclk=1","Best Friend's","","","Toko Fotokopi","·","","2QP7+F35","","0821-8224-8881","","Rute","","","","","",""
"https://www.google.com/maps/place/Ecoprint+Digital+Printing+Palembang/data=!4m7!3m6!1s0x2e3b767715306e6b:0x6e416d06afa8fa99!8m2!3d-2.9680118!4d104.7564099!16s%2Fg%2F1hm4b83gw!19sChIJa24wFXd2Oy4RmfqorwZtQW4?authuser=0&hl=id&rclk=1","Ecoprint Digital Printing Palembang","4,8","(235)","Percetakan Komersial","·","","Jl. Mayor Salim Batubara No.2637 2638","·","(0711) 372025","","Situs Web","https://ssl.gstatic.com/local/servicebusiness/default_user.png","""Tempat digital printing yang rekomend sih ini sumpah gak bohong""","Tutup","· Buka Sel pukul 08.00","",""
"https://www.google.com/maps/place/Bandar+Cetak+Digital+Printing+Palembang/data=!4m7!3m6!1s0x2e3b779ae49db673:0xeae5eadf1e62f5e6!8m2!3d-2.9535285!4d104.7546994!16s%2Fg%2F11f7mc_6q7!19sChIJc7ad5Jp3Oy4R5vViHt_q5eo?authuser=0&hl=id&rclk=1","Bandar Cetak Digital Printing Palembang","4,7","(88)","Layanan cetak digital","·","","Sekip Ujung, Jl. Ampibi No.2306","·","0852-1234-2014","","Rute","https://ssl.gstatic.com/local/servicebusiness/default_user.png","""best service sesuai degan waktu dengan hasil yang memuaskan""","Segera tutup","· 21.00 · Buka Sel pukul 09.00","",""
"https://www.google.com/maps/place/Foto+Copy+Radial/data=!4m7!3m6!1s0x2e3b75e24f9a0163:0x5e8acb31cb62bccf!8m2!3d-2.9831299!4d104.749692!16s%2Fg%2F11b6dg7_qf!19sChIJYwGaT-J1Oy4Rz7xiyzHLil4?authuser=0&hl=id&rclk=1","Foto Copy Radial","4,5","(12)","Toko Fotokopi","·","","Jl. Radial No.1112","","0823-7368-3292","","Rute","","","","","",""
"https://www.google.com/maps/place/Grafindo+Digital+Printing+Palembang/data=!4m7!3m6!1s0x2e3b767c18a8d0eb:0x18ddd5b5545d0b!8m2!3d-2.9603784!4d104.7583118!16s%2Fg%2F11c6rfrxyh!19sChIJ69CoGHx2Oy4RC11UtdXdGAA?authuser=0&hl=id&rclk=1","Grafindo Digital Printing Palembang","4,1","(28)","Toko Percetakan","·","","No.03, Sebelah atk, Sinar Bali, Jl. Mayor Salim Batubara","·","(0711) 5630697","","Rute","https://ssl.gstatic.com/local/servicebusiness/default_user.png","""Cetak banner nya cepat dan harga murah dibanding percetakan lain.""","Tutup","· Buka Sel pukul 09.00","",""
"https://www.google.com/maps/place/Copy+Print+Stampel+-+%22SJ%22+Percetakan/data=!4m7!3m6!1s0x2e3b76142bcc28db:0xc4d978d36ea9f46!8m2!3d-2.980996!4d104.7668923!16s%2Fg%2F11c1mzyv81!19sChIJ2yjMKxR2Oy4RRp_qNo2XTQw?authuser=0&hl=id&rclk=1","Copy Print Stampel - ""SJ"" Percetakan","","","Toko Percetakan","·","","·","Jl. Slamet Riady No.572 3","0812-8147-787","","Rute","","Belanja di toko","Tutup","· Buka Sel pukul 08.00","·","Ambil di toko"
"https://www.google.com/maps/place/Season+Stationery/data=!4m7!3m6!1s0x2e3b7783f99163fb:0xccd738301bf2128b!8m2!3d-2.970972!4d104.7612143!16s%2Fg%2F11t5n98vyj!19sChIJ-2OR-YN3Oy4RixLyGzA418w?authuser=0&hl=id&rclk=1","Season Stationery","2,8","(4)","Toko Fotokopi","·","","Samping Sekolah IGS, Jl. Mayor Ruslan No.1521","·","0813-6876-9966","","Rute","","","Tutup","· Buka Sel pukul 08.30","",""
"https://www.google.com/maps/place/Hanif+Fotocopy/data=!4m7!3m6!1s0x2e3b75a77934f113:0xc7fae0e53b9e5c9d!8m2!3d-2.9613392!4d104.7500631!16s%2Fg%2F11p5sn_63f!19sChIJE_E0ead1Oy4RnVyeO-Xg-sc?authuser=0&hl=id&rclk=1","Hanif Fotocopy","5,0","(6)","Toko Fotokopi","·","","Jl. Rw. Jaya II No.N. 274, RT.05/RW.02","·","0812-1830-778","","Rute","","Layanan di tempat","Buka","· Tutup pukul 22.00","","Janji temu online"
"https://www.google.com/maps/place/Deny+Photo+Copy/data=!4m7!3m6!1s0x2e3b760ae1b278ff:0x2d32ba7a65d11dbe!8m2!3d-2.9777202!4d104.7548583!16s%2Fg%2F11f5h5djpj!19sChIJ_3iy4Qp2Oy4Rvh3RZXq6Mi0?authuser=0&hl=id&rclk=1","Deny Photo Copy","4,6","(19)","Toko Fotokopi","·","","Jl. Candi Angsoko No.480","·","0831-258-468","","Rute","https://ssl.gstatic.com/local/servicebusiness/default_user.png","""Disini bisa rental mesin","Tutup","· Buka Sel pukul 09.00","","photocopy"
"https://www.google.com/maps/place/MDP+Plaza/data=!4m7!3m6!1s0x2e3b773a1982a90d:0xf7b3170dc0a1cc17!8m2!3d-2.9814491!4d104.7616197!16s%2Fg%2F11khmf5q0r!19sChIJDamCGTp3Oy4RF8yhwA0Xs_c?authuser=0&hl=id&rclk=1","MDP Plaza","4,8","(205)","Toko Komputer","·","","Jl. Letkol Iskandar No.693","·","(0711) 313626","","Situs Web","https://ssl.gstatic.com/local/servicebusiness/default_user.png","""Buat kamok kamok yg nak belanjo elekteronika payo datang bae ke sini.""","Tutup","· Buka Sel pukul 08.00","",""
"https://www.google.com/maps/place/Lotus+ATK+%26+Fotocopy/data=!4m7!3m6!1s0x2e3b7734015128a1:0xaa81b61367cb275f!8m2!3d-2.9620004!4d104.7717806!16s%2Fg%2F11ngtfsxzk!19sChIJoShRATR3Oy4RXyfLZxO2gao?authuser=0&hl=id&rclk=1","Lotus ATK & Fotocopy","5,0","(3)","Toko Alat Tulis Kantor","·","","Jl. Bambang Utoyo No.1265","·","0821-7991-3084","","Rute","https://ssl.gstatic.com/local/servicebusiness/default_user.png","""","Tutup","· Buka Sel pukul 07.00","","Fotocopy"
"https://www.google.com/maps/place/FOTOKOPI+YAYASAN+IBA/data=!4m7!3m6!1s0x2e3b7728a4ec49ff:0x3e1dd479999d2625!8m2!3d-2.9647853!4d104.7633913!16s%2Fg%2F11ln15nhpy!19sChIJ_0nspCh3Oy4RJSadmXnUHT4?authuser=0&hl=id&rclk=1","FOTOKOPI YAYASAN IBA","","","Percetakan Komersial","·","","Jl. Perwari","","","","Rute","","","Tutup","· Buka Sel pukul 08.00","",""
"https://www.google.com/maps/place/CV.+ALGA/data=!4m7!3m6!1s0x2e3b777baa711c8f:0x6f9cc737e8e6cb2!8m2!3d-2.9808756!4d104.7697987!16s%2Fg%2F11bc7qpv3q!19sChIJjxxxqnt3Oy4RsmyOfnPM-QY?authuser=0&hl=id&rclk=1","CV. ALGA","5,0","(1)","Toko Fotokopi","·","","Jl. Ali Gatmir No.123","·","(0711) 362201","","Rute","","","Tutup","· Buka Sel pukul 08.00","",""
"https://www.google.com/maps/place/Fotocopy+hafis/data=!4m7!3m6!1s0x2e3b743668e8b5ff:0x5d6776f9fe39766b!8m2!3d-2.9508892!4d104.7331455!16s%2Fg%2F11bycl9pg5!19sChIJ_7XoaDZ0Oy4Ra3Y5_vl2Z10?authuser=0&hl=id&rclk=1","Fotocopy hafis","4,7","(42)","Toko Fotokopi","·","","·","Jl. Srijaya","0813-6898-5986","","Rute","https://ssl.gstatic.com/local/servicebusiness/default_user.png","""Tempat","Buka","· Tutup pukul 21.30","·","print"
"https://www.google.com/maps/place/Toko+Alat+Tulis+Kantor+Dan+Fotocopy+Alya/data=!4m7!3m6!1s0x2e3b7669452f1671:0x27cd562426332c10!8m2!3d-2.9706584!4d104.7704788!16s%2Fg%2F11ggfwp6pg!19sChIJcRYvRWl2Oy4RECwzJiRWzSc?authuser=0&hl=id&rclk=1","Toko Alat Tulis Kantor Dan Fotocopy Alya","5,0","(2)","Toko Alat Tulis Kantor","·","","2QHC+P5Q, Jl. Dr. M. Isa","·","(0711) 371968","","Rute","","","Tutup","· Buka Sel pukul 08.00","",""
"https://www.google.com/maps/place/A+Line+Beauty+%26+Photo/data=!4m7!3m6!1s0x2e3b77cda5db1953:0x7d5ee7031b0dd72!8m2!3d-2.9839474!4d104.7600653!16s%2Fg%2F11kqhqm_vt!19sChIJUxnbpc13Oy4Rct2wMXDu1Qc?authuser=0&hl=id&rclk=1","A Line Beauty & Photo","4,8","(22)","Studio Foto","·","","Jl. Kb. Jahe No.451 a 2","·","0813-7759-1900","","Rute","https://ssl.gstatic.com/local/servicebusiness/default_user.png","""Paket","Tutup","· Buka Sel pukul 08.00","","foto"
"https://www.google.com/maps/place/Foto+Copy+Anzani/data=!4m7!3m6!1s0x2e3b9e00356579d3:0xe4946514d1f13984!8m2!3d-2.997048!4d104.7494166!16s%2Fg%2F11f4l95dc4!19sChIJ03llNQCeOy4RhDnx0RRllOQ?authuser=0&hl=id&rclk=1","Foto Copy Anzani","4,1","(55)","Toko Fotokopi","·","","·","Jl. Ki Rangga Wirasantika Kel No.515","0853-6886-8856","","Rute","https://ssl.gstatic.com/local/servicebusiness/default_user.png","""bagusss..parkir luas""","Buka","· Tutup pukul 00.00","·",""
"https://www.google.com/maps/place/Ecoprint+Digital+Printing/data=!4m7!3m6!1s0x2e3b76060427c25b:0xeeea80620d1a5418!8m2!3d-2.9864178!4d104.758468!16s%2Fg%2F1pzyl1jkk!19sChIJW8InBAZ2Oy4RGFQaDWKA6u4?authuser=0&hl=id&rclk=1","Ecoprint Digital Printing","4,5","(151)","Layanan cetak digital","·","","·","Jl. Kapten Cek Syeh No.184/26","(0711) 5731424","","Rute","https://ssl.gstatic.com/local/servicebusiness/default_user.png","""Cetaknya cepat, harga sesuai, kualitas OK""","Tutup","· Buka Sel pukul 08.30","·",""
"https://www.google.com/maps/place/Foto+Copy+%26+Percetakan+Undangan/data=!4m7!3m6!1s0x2e3b77f4301317e3:0xf0834c9929565434!8m2!3d-2.9760735!4d104.7754307!16s%2Fg%2F11n14wkd1h!19sChIJ4xcTMPR3Oy4RNFRWKZlMg_A?authuser=0&hl=id&rclk=1","Foto Copy & Percetakan Undangan","1,0","(1)","Toko Fotokopi","·","","Desa Karang Rejo Plimer 2 Pasar kecamatan lalan kabupaen musi banyuasin","·","0822-5811-2091","","Rute","","","Buka 24 jam","","",""
"https://www.google.com/maps/place/Jasa+Print+Ridho/data=!4m7!3m6!1s0x2e3b776e63d75f9f:0xb01c1c3a5cbc58d5!8m2!3d-2.9552047!4d104.7567404!16s%2Fg%2F11mz3f1vrb!19sChIJn1_XY253Oy4R1Vi8XDocHLA?authuser=0&hl=id&rclk=1","Jasa Print Ridho","5,0","(11)","Jasa Ketik","·","","Jl. Bali No.1883, RT.29","·","0895-3982-04851","","Rute","https://ssl.gstatic.com/local/servicebusiness/default_user.png","""Harga terjangkau dan berkualitas""","Tutup","· Buka Sel pukul 07.00","",""
"https://www.google.com/maps/place/FOTO+COPY+MANDIRI/data=!4m7!3m6!1s0x2e3b7773bfa92713:0xba8ecd8981a7bc5f!8m2!3d-2.9871718!4d104.7552038!16s%2Fg%2F11f631dw4h!19sChIJEyepv3N3Oy4RX7yngYnNjro?authuser=0&hl=id&rclk=1","FOTO COPY MANDIRI","","","Toko Fotokopi","·","","Jl. R. A. Latief No.Kel","·","0853-8014-3239","","Rute","","","Segera tutup","· 21.00 · Buka Sel pukul 08.00","",""
"https://www.google.com/maps/place/TEKHNISI+PHOTOKOPI+fotocopy+palembang/data=!4m7!3m6!1s0x2e3b770077ca3671:0xbf6229f353247ba3!8m2!3d-2.9858691!4d104.7643813!16s%2Fg%2F11z4g5zkzv!19sChIJcTbKdwB3Oy4Ro3skU_MpYr8?authuser=0&hl=id&rclk=1","TEKHNISI PHOTOKOPI fotocopy palembang","","","Lorong Ketandan No.237","","","","","","","Rute","","","Tutup","· Buka Sel pukul 08.00","",""
"https://www.google.com/maps/place/Maju+Jaya+Foto+Copy+%26+Atk/data=!4m7!3m6!1s0x2e3b75d8aa85fb09:0x79600adc2b1da2a9!8m2!3d-2.9714163!4d104.7520506!16s%2Fg%2F11gt_ptsby!19sChIJCfuFqth1Oy4RqaIdK9wKYHk?authuser=0&hl=id&rclk=1","Maju Jaya Foto Copy & Atk","4,0","(22)","Toko Fotokopi","·","","·","Jl. Jend. Sudirman No.382","","","Rute","https://ssl.gstatic.com/local/servicebusiness/default_user.png","""Bagus Poto","Tutup","· Buka Sel pukul 07.00","","copy"
"https://www.google.com/maps/place/JNE+AIDIL+%26+Fotokopi%2FATK,+percetakan+undangan/data=!4m7!3m6!1s0x2e3b76869410812b:0x22d9f2f261ad4581!8m2!3d-2.952362!4d104.759542!16s%2Fg%2F11hcjzbv62!19sChIJK4EQlIZ2Oy4RgUWtYfLy2SI?authuser=0&hl=id&rclk=1","JNE AIDIL & Fotokopi/ATK, percetakan undangan","","","Toko","·","","Jl. R. Sukamto","·","0852-6604-0506","","Rute","","Pesan antar","Segera tutup","· 21.00 · Buka Sel pukul 08.30","",""
"https://www.google.com/maps/place/Mega+Foto/data=!4m7!3m6!1s0x2e3b76442b4645d1:0x5575688ea8098ebd!8m2!3d-2.9708608!4d104.7839346!16s%2Fg%2F11b76f78jv!19sChIJ0UVGK0R2Oy4RvY4JqI5odVU?authuser=0&hl=id&rclk=1","Mega Foto","4,3","(202)","Toko Fotokopi","·","","·","Jl. R. E. Martadinata No.8, RW.7","0821-6258-8803","","Rute","https://ssl.gstatic.com/local/servicebusiness/default_user.png","""Apakah ada  untuk","Tutup","· Buka Sel pukul 08.00","·","print"
"https://www.google.com/maps/place/Photocopy+Center+Gammatech/data=!4m7!3m6!1s0x2e3b75f266452a97:0xe2fc628d5e9d0b91!8m2!3d-2.9874201!4d104.7321895!16s%2Fg%2F1hm379nhh!19sChIJlypFZvJ1Oy4RkQudXo1i_OI?authuser=0&hl=id&rclk=1","Photocopy Center Gammatech","4,2","(46)","Toko Fotokopi","·","","·","Jl. Srijaya Negara No.222 C","(0711) 364468","","Rute","https://ssl.gstatic.com/local/servicebusiness/default_user.png","""Pelayanan ramah, cepat tanggap, sigap dan pastinya murah""","Buka","· Tutup pukul 22.00","·",""
"https://www.google.com/maps/place/Titip+print+official+palembang/data=!4m7!3m6!1s0x2e3b752d25286dc9:0x41338af2b193fa92!8m2!3d-2.9832704!4d104.7306132!16s%2Fg%2F11vdh23jds!19sChIJyW0oJS11Oy4RkvqTsfKKM0E?authuser=0&hl=id&rclk=1","Titip print official palembang","4,7","(3)","Toko Fotokopi","·","","Jl. Lunjuk Jaya","·","0813-6926-4268","","Rute","https://ssl.gstatic.com/local/servicebusiness/default_user.png","""Pindah, agak begeser kurang lebih 20meter""","Buka","· Tutup pukul 22.00","",""
"https://www.google.com/maps/place/Sahabat+Copier+Palembang+-+JUAL+-+SERVICE+Mesin+Fotocopy+Baru+dan+Rekondisi/data=!4m7!3m6!1s0x2e3b771f7e6a487b:0x492e6c3abe8f142f!8m2!3d-2.9706086!4d104.7533376!16s%2Fg%2F11fmz_phjq!19sChIJe0hqfh93Oy4RLxSPvjpsLkk?authuser=0&hl=id&rclk=1","Sahabat Copier Palembang - JUAL - SERVICE Mesin Fotocopy Baru dan Rekondisi","4,9","(14)","Pemasok peralatan percetakan","·","","Jl. Mayor Salim Batubara No.RT. 37 No.27 D","·","0811-607-761","","Situs Web","https://ssl.gstatic.com/local/servicebusiness/default_user.png","""Terlengkap dan pelayanan terbaik.""","Tutup","· Buka Sel pukul 08.00","",""
"https://www.google.com/maps/place/MANDIRI+FOTO+COPY/data=!4m7!3m6!1s0x2e3b75d5d0fdf9eb:0x3bf6295bb2dbcd0!8m2!3d-2.9614226!4d104.7496888!16s%2Fg%2F11ggmhh_2v!19sChIJ6_n90NV1Oy4R0Lwtu5VivwM?authuser=0&hl=id&rclk=1","MANDIRI FOTO COPY","","","Toko Alat Tulis","·","","Jl. Rw. Jaya No.487","·","0895-1422-7813","","Rute","","","Buka","· Tutup pukul 23.00","",""
"https://www.google.com/maps/place/Datascrip+Service+Center+Palembang/data=!4m7!3m6!1s0x2e3b76f2533d013d:0x43ec13fb2d012f6a!8m2!3d-2.9788156!4d104.7648777!16s%2Fg%2F1hc13rz10!19sChIJPQE9U_J2Oy4Rai8BLfsT7EM?authuser=0&hl=id&rclk=1","Datascrip Service Center Palembang","4,3","(354)","Servis Komputer","·","","·","Jl. Mayor HM. Rasyad Nawawi No.237","0895-0670-6793","","Situs Web","https://ssl.gstatic.com/local/servicebusiness/default_user.png","""Halo, berapa estimasi biaya perbaikan keypad kamera canon 550d?""","Tutup","· Buka Sel pukul 08.00","·",""
"https://www.google.com/maps/place/F18+Digital+Printing/data=!4m7!3m6!1s0x2e3b75dd381d3403:0x2e9fe95273e284e8!8m2!3d-2.9752472!4d104.7413005!16s%2Fg%2F11h1f50k7!19sChIJAzQdON11Oy4R6ITic1Lpny4?authuser=0&hl=id&rclk=1","F18 Digital Printing","4,3","(533)","Printer Digital","·","","·","Jl. Pimpong No.18 Blok F","0811-7857-700","","Situs Web","https://ssl.gstatic.com/local/servicebusiness/default_user.png","""mantap banget pelayanan nomor 1 kualitas nomor 1 harga paling murah""","Segera tutup","· 21.00 · Buka Sel pukul 08.00","·",""
"https://www.google.com/maps/place/Sarana+Usaha+Mandiri+Copy+Center/data=!4m7!3m6!1s0x2e3b75a55cdff06d:0xc1225b9cc6db13bc!8m2!3d-2.9680819!4d104.7153037!16s%2Fg%2F11c6cpm32n!19sChIJbfDfXKV1Oy4RvBPbxpxbIsE?authuser=0&hl=id&rclk=1","Sarana Usaha Mandiri Copy Center","4,7","(198)","Toko Fotokopi","·","","·","Jalan Inspektur Marzuki No.2553 C-D Pakjo Ujung","0821-8509-1771","","Situs Web","https://ssl.gstatic.com/local/servicebusiness/default_user.png","""Sanggat puas pelayanan di tempat","Segera tutup","· 21.00 · Buka Sel pukul 06.30","·","fotocopy"
"https://www.google.com/maps/place/PELANGI+COPY+CENTER/data=!4m7!3m6!1s0x2e3b77f7431bca59:0xf946b551fef71b02!8m2!3d-2.9572999!4d104.783239!16s%2Fg%2F11g1dx2hzc!19sChIJWcobQ_d3Oy4RAhv3_lG1Rvk?authuser=0&hl=id&rclk=1","PELANGI COPY CENTER","2,7","(7)","Toko Fotokopi","·","","2QVM+37Q, Jl. Urip Sumoharjo","·","0895-6371-43698","","Rute","","","Segera tutup","· 21.00 · Buka Sel pukul 08.00","",""
"https://www.google.com/maps/place/Minolta+Foto+Copy/data=!4m7!3m6!1s0x2e3b75ddaab842ad:0xb81c070192b4f8b1!8m2!3d-2.9741234!4d104.7435645!16s%2Fg%2F11ggng4tfq!19sChIJrUK4qt11Oy4Rsfi0kgEHHLg?authuser=0&hl=id&rclk=1","Minolta Foto Copy","4,1","(8)","Toko Fotokopi","·","","Jalan Dwikora II Komplek Pemda No.68","·","(0711) 356232","","Rute","","","Buka","· Tutup pukul 22.00","",""
"https://www.google.com/maps/place/ARSATECH/data=!4m7!3m6!1s0x2e3b755c06f656b1:0xecb508a5de967bfc!8m2!3d-2.9868316!4d104.7307688!16s%2Fg%2F11gjm3k09m!19sChIJsVb2Blx1Oy4R_HuW3qUItew?authuser=0&hl=id&rclk=1","ARSATECH","2,4","(14)","Toko Alat Tulis Kantor","·","","Jl. Srijaya Negara No.992C","·","0812-9842-7733","","Rute","https://ssl.gstatic.com/local/servicebusiness/default_user.png","""... belanja disini untuk keperluan kuliah seperti beli kertas","Buka 24 jam","","","fotokopi"
"https://www.google.com/maps/place/Foto+Copy+Samudera+Jaya/data=!4m7!3m6!1s0x2e3b75dc0e7c8097:0xf82cf12d023b4696!8m2!3d-2.9721486!4d104.7452772!16s%2Fg%2F11hctg35ct!19sChIJl4B8Dtx1Oy4RlkY7Ai3xLPg?authuser=0&hl=id&rclk=1","Foto Copy Samudera Jaya","5,0","(3)","Toko Percetakan","·","","Jl. Seroja No.1079","·","0852-7974-5678","","Rute","https://ssl.gstatic.com/local/servicebusiness/default_user.png","""Fast Respon▪️ O&2ᗱ 𖫥11ճ O𖫥𝟫l▪️ layanan pesan antar
Info harga hubungi WA.""","Segera tutup","· 21.00 · Buka Sel pukul 08.00","",""
"https://www.google.com/maps/place/Foto+Copy+Zalfa/data=!4m7!3m6!1s0x2e3b775315eac43f:0x675bff1f52fb279b!8m2!3d-2.9913762!4d104.7785716!16s%2Fg%2F11gj0w9n6d!19sChIJP8TqFVN3Oy4Rmyf7Uh__W2c?authuser=0&hl=id&rclk=1","Foto Copy Zalfa","3,8","(5)","Toko Fotokopi","·","","·","2Q5H+CCW, Unnamed Road","","","Rute","https://ssl.gstatic.com/local/servicebusiness/default_user.png","""KURANG SENYUM YA""","Buka","· Tutup Sel pukul 05.00","",""
"https://www.google.com/maps/place/RiNiJaYa+Fotokopi/data=!4m7!3m6!1s0x2e3b770056fd7aed:0x3a85f8bf030dfffc!8m2!3d-2.9745914!4d104.7795214!16s%2Fg%2F11yqbdffl3!19sChIJ7Xr9VgB3Oy4R_P8NA7_4hTo?authuser=0&hl=id&rclk=1","RiNiJaYa Fotokopi","","","Toko Fotokopi","·","","2QGH+5R6, Lorong Kb. H. Yasin","","","","Rute","","","","","",""
"https://www.google.com/maps/place/NCAJAYA+FOTOCOPY+%26+PRINT+CENTER/data=!4m7!3m6!1s0x2e3b9d89898f61d7:0x9070df5097354d98!8m2!3d-2.9968994!4d104.7814455!16s%2Fg%2F11f32hfk89!19sChIJ12GPiYmdOy4RmE01l1DfcJA?authuser=0&hl=id&rclk=1","NCAJAYA FOTOCOPY & PRINT CENTER","4,0","(30)","Toko Fotokopi","·","","Jl. KH. Balqi","·","0853-6688-5717","","Rute","https://ssl.gstatic.com/local/servicebusiness/default_user.png","""Harga Murah, hasil berkualitas 👍✨""","Segera tutup","· 21.00 · Buka Sel pukul 07.00","",""
"https://www.google.com/maps/place/Fotocopy+Center/data=!4m7!3m6!1s0x2e3b7700218b1667:0xb0e5c7bbec66dbfc!8m2!3d-2.9865861!4d104.7568759!16s%2Fg%2F11n9v0h99y!19sChIJZxaLIQB3Oy4R_Ntm7LvH5bA?authuser=0&hl=id&rclk=1","Fotocopy Center","","","Toko Fotokopi","·","","Jl. Kapten Cek Syeh No.8, RW.9, 24 Ilir, Bukit Kecil, Palembang City, South, Sumatra","·","0857-1087-8899","","Rute","","","Tutup","· Buka Sel pukul 08.00","",""
"https://www.google.com/maps/place/Studio+Kreasindo/data=!4m7!3m6!1s0x2e3b7679fcf1f595:0x221bf2c91a2eb2a6!8m2!3d-2.9707684!4d104.7534185!16s%2Fg%2F1tcy1f7l!19sChIJlfXx_Hl2Oy4RprIuGsnyGyI?authuser=0&hl=id&rclk=1","Studio Kreasindo","4,6","(553)","Layanan cetak digital","·","","Jl. Mayor Salim Batubara No.2401","·","0812-9999-7879","","Situs Web","https://ssl.gstatic.com/local/servicebusiness/default_user.png","""Tau gitu mending langsung","Tutup","· Buka Sel pukul 08.30","","print di"
"https://www.google.com/maps/place/Firli+Fotocopy/data=!4m7!3m6!1s0x2e3b75d43c201fff:0x58aa18f083baf3c3!8m2!3d-2.9610087!4d104.7479921!16s%2Fg%2F11hck1bzqx!19sChIJ_x8gPNR1Oy4Rw_O6g_AYqlg?authuser=0&hl=id&rclk=1","Firli Fotocopy","4,1","(10)","Toko Fotokopi","·","","2PQX+H5X, Lrg. PMD","·","0821-7562-9220","","Rute","https://ssl.gstatic.com/local/servicebusiness/default_user.png","""Rekomendasi bagi yang mau","Segera tutup","· 21.00 · Buka Sel pukul 07.00","","fotocopy"
"https://www.google.com/maps/place/Photo+Copy+Center+Surya/data=!4m7!3m6!1s0x2e3b9d800b269127:0x3d433f534ff2f36a!8m2!3d-2.9957397!4d104.7792363!16s%2Fg%2F11f5vfmyg_!19sChIJJ5EmC4CdOy4RavPyT1M_Qz0?authuser=0&hl=id&rclk=1","Photo Copy Center Surya","3,4","(45)","Toko Fotokopi","·","","·","2Q3H+PM5, Jl. KH Balkhi","0823-7343-6883","","Rute","https://ssl.gstatic.com/local/servicebusiness/default_user.png","""Mohon diperbaiki lagi karena secara tempat dan lokasi sudah bagus.""","Segera tutup","· 21.00 · Buka Sel pukul 07.00","·",""
"https://www.google.com/maps/place/Rizki+Print/data=!4m7!3m6!1s0x2e3b7676fe73d791:0xc27593ac984b03c6!8m2!3d-2.9691739!4d104.7553439!16s%2Fg%2F11b76j6zc4!19sChIJkddz_nZ2Oy4RxgNLmKyTdcI?authuser=0&hl=id&rclk=1","Rizki Print","4,4","(42)","Toko Percetakan","·","","·","Jl. Mayor Salim Batubara No.2701","0812-7822-6172","","Rute","https://ssl.gstatic.com/local/servicebusiness/default_user.png","""tempat","Tutup","· Buka Sel pukul 08.00","·","print"
"https://www.google.com/maps/place/PAYOPRINT+Station+%28Sukarami%29/data=!4m7!3m6!1s0x2e3b7500255b8d11:0x5f7664cdab8752d6!8m2!3d-2.9431153!4d104.7424016!16s%2Fg%2F11yvr7hh13!19sChIJEY1bJQB1Oy4R1lKHq81kdl8?authuser=0&hl=id&rclk=1","PAYOPRINT Station (Sukarami)","5,0","(2)","Toko Percetakan","·","","Jl. Malaka Lorong Mekar IV No.3556, RT.41/RW.06","·","0815-3293-0863","","Situs Web","https://ssl.gstatic.com/local/servicebusiness/default_user.png","""FAST respon dan kualitas terbaik""","Buka 24 jam","","",""
"https://www.google.com/maps/place/Percetakan+Murah+Palembang/data=!4m7!3m6!1s0x2e3b778efeccce4d:0xc176bb40e7a1c0b6!8m2!3d-2.986169!4d104.7573305!16s%2Fg%2F11tk9lk5ms!19sChIJTc7M_o53Oy4RtsCh50C7dsE?authuser=0&hl=id&rclk=1","Percetakan Murah Palembang","","","Toko Percetakan","·","","didepan pempek panggang dadang, Jl. AKBP. H. Amin, Kec. Bukit kecil. Kel. 24 Ilir Percetakan Mutiara Agung, Sebelum SMPN 2","·","0812-7839-2585","","Rute","","Belanja di toko","Buka","· Tutup Sel pukul 05.00","","Ambil di tepi jalan"
"https://www.google.com/maps/place/Foto+copy+dan+Air+isi+ulang+Awan+Net/data=!4m7!3m6!1s0x2e3b766a341db42f:0xbb350a7b0361eb84!8m2!3d-2.9721639!4d104.7728872!16s%2Fg%2F11c30x4d7y!19sChIJL7QdNGp2Oy4RhOthA3sKNbs?authuser=0&hl=id&rclk=1","Foto copy dan Air isi ulang Awan Net","4,3","(11)","Percetakan Komersial","·","","Jl. Dr. M. Isa Lrg. Gubah","·","0813-7323-0000","","Rute","https://ssl.gstatic.com/local/servicebusiness/default_user.png","""Sekarang sudah buka usaha isi ulang galon""","Tutup","· Buka Sel pukul 07.00","",""
"https://www.google.com/maps/place/Fotokopi+888+jaya+%28+alat+tulis+dan+print%29/data=!4m7!3m6!1s0x2e3b75f29a7a8fbb:0xe13408608de10c90!8m2!3d-2.986836!4d104.7307603!16s%2Fg%2F11f3zhbkt4!19sChIJu496mvJ1Oy4RkAzhjWAINOE?authuser=0&hl=id&rclk=1","Fotokopi 888 jaya ( alat tulis dan print)","5,0","(7)","Toko Fotokopi","·","","2P7J+68V, Jl. Srijaya Negara, RT.31/RW.No.991f","·","0851-0035-1737","","Rute","","","Buka","· Tutup pukul 22.00","",""
"https://www.google.com/maps/place/Media+World+Sukses+Palembang/data=!4m7!3m6!1s0x2e3b773409066e8f:0x7b2f639650ce6c2f!8m2!3d-2.9693201!4d104.7550825!16s%2Fg%2F11pwxw28qq!19sChIJj24GCTR3Oy4RL2zOUJZjL3s?authuser=0&hl=id&rclk=1","Media World Sukses Palembang","4,9","(11)","Layanan cetak digital","·","","2705, Jl. Mayor Salim Batubara No.2580","","","","Situs Web","https://ssl.gstatic.com/local/servicebusiness/default_user.png","""Solusi Mesin Printing","Tutup","· Buka Sel pukul 08.00","","di Palembang"
"https://www.google.com/maps/place/Toko+Fotocopy+ARIEF/data=!4m7!3m6!1s0x2e3b7783844f852d:0xae31b4da5baa3cb3!8m2!3d-2.9738885!4d104.782938!16s%2Fg%2F11ghlcl9n3!19sChIJLYVPhIN3Oy4RszyqW9q0Ma4?authuser=0&hl=id&rclk=1","Toko Fotocopy ARIEF","5,0","(4)","Toko Fotokopi","·","","Jl. Laksamana Yos Sudarso No.14 c","·","0813-7300-4006","","Rute","","","Segera tutup","· 21.00 · Buka Sel pukul 07.00","",""
"https://www.google.com/maps/place/Rental+Mesin+Fotocopy+dan+Scaner+Palembang/data=!4m7!3m6!1s0x2e3b77432e9c8bf1:0xad139306ff664ca0!8m2!3d-2.9696037!4d104.7716745!16s%2Fg%2F11w304p8fw!19sChIJ8YucLkN3Oy4RoExm_waTE60?authuser=0&hl=id&rclk=1","Rental Mesin Fotocopy dan Scaner Palembang","","","Persewaan Peralatan Kantor","·","","Jl. Letda Abdul Rozak No.Ruko B8","·","0822-4811-4274","","Situs Web","","","Tutup","· Buka Sel pukul 08.00","",""
"https://www.google.com/maps/place/Mr.+PRINT/data=!4m7!3m6!1s0x2e3b77f580c9a22b:0xbc3c052079db5614!8m2!3d-2.9615222!4d104.7549592!16s%2Fg%2F11nnnmqpgr!19sChIJK6LJgPV3Oy4RFFbbeSAFPLw?authuser=0&hl=id&rclk=1","Mr. PRINT","5,0","(5)","Toko Buku","·","","2QQ3+9XW","·","0852-7336-0511","","Rute","","","Tutup","· Buka Sel pukul 08.00","",""
"https://www.google.com/maps/place/Agen+Mandiri+ATK+%26+Fotocopy+SS/data=!4m7!3m6!1s0x2e3b75edbffffff9:0x535d235b3eb541ff!8m2!3d-2.9787089!4d104.7332648!16s%2Fg%2F11gb3lvlhg!19sChIJ-f__v-11Oy4R_0G1PlsjXVM?authuser=0&hl=id&rclk=1","Agen Mandiri ATK & Fotocopy SS","4,9","(63)","Toko bahan makanan","·","","·","Lrg. Muhajirin IV Gg. Buyut V No.RT.44 No.5078","0821-8051-2488","","Rute","https://ssl.gstatic.com/local/servicebusiness/default_user.png","""Pelayanan ny juga mmuaskan.""","Buka","· Tutup pukul 22.00","·",""
"https://www.google.com/maps/place/AHZA+fotokopi+dan+ATK/data=!4m7!3m6!1s0x2e3b765d6b682bef:0x8afc85ae8d1c910f!8m2!3d-2.9648973!4d104.776797!16s%2Fg%2F11c85t9gb7!19sChIJ7ytoa112Oy4RD5Ecja6F_Io?authuser=0&hl=id&rclk=1","AHZA fotokopi dan ATK","4,0","(4)","Toko Fotokopi","·","","Jl. Sutan Syahrir No.1429","","","","Rute","","","Tutup","· Buka Sel pukul 08.00","",""
"https://www.google.com/maps/place/%22Anka%22+Foto+Copy+%26+Atk/data=!4m7!3m6!1s0x2e3b75d022b5f985:0xbdaaeb1ca8c61eb7!8m2!3d-2.9655994!4d104.741172!16s%2Fg%2F11f3zscd43!19sChIJhfm1ItB1Oy4Rtx7GqBzrqr0?authuser=0&hl=id&rclk=1","""Anka"" Foto Copy & Atk","4,8","(4)","Toko Fotokopi","·","","·","2PMR+QF7, Jl. Ariodillah","0878-9096-2399","","Rute","","","Segera tutup","· 21.00 · Buka Sel pukul 08.00","·",""
"https://www.google.com/maps/place/Pusat+Penjualan+Mesin+Fotocopy+Digital+Kyocera+Palembang+Raya/data=!4m7!3m6!1s0x2e3b75500078426f:0xd66e5c3e496eaba!8m2!3d-2.9621025!4d104.7186295!16s%2Fg%2F11sbps0y8q!19sChIJb0J4AFB1Oy4RuuqW5MPlZg0?authuser=0&hl=id&rclk=1","Pusat Penjualan Mesin Fotocopy Digital Kyocera Palembang Raya","5,0","(10)","Toko Fotokopi","·","","Jl. Inspektur Marzuki Lrg. Damai 3 No.58","·","0851-0088-9597","","Rute","https://ssl.gstatic.com/local/servicebusiness/default_user.png","""Pilihan printernya banyak, harga sesuai dengan bonus2 yg ditawarkan""","Buka","· Tutup pukul 00.00","",""
"https://www.google.com/maps/place/Foto+Copy+Adis+%28Adi+Budiman%29/data=!4m7!3m6!1s0x2e3b75e91e5f757f:0xe54b8079604b3f15!8m2!3d-2.9800716!4d104.737556!16s%2Fg%2F11b6d4yqx0!19sChIJf3VfHul1Oy4RFT9LYHmAS-U?authuser=0&hl=id&rclk=1","Foto Copy Adis (Adi Budiman)","5,0","(4)","Toko Fotokopi","·","","·","Jl. Puncak Sekuning No.1253","(0711) 350568","","Rute","","","Buka","· Tutup pukul 22.00","·",""
"https://www.google.com/maps/place/NOBEL+FOTOCOPY+DAN+ATK/data=!4m7!3m6!1s0x2e3b9d08a7a80e27:0x8dccf2bce4862d3c!8m2!3d-3.0027776!4d104.7649282!16s%2Fg%2F11ghfvs5kn!19sChIJJw6opwidOy4RPC2G5LzyzI0?authuser=0&hl=id&rclk=1","NOBEL FOTOCOPY DAN ATK","5,0","(3)","Toko Fotokopi","·","","XQW7+VXM, Jl. KH. A. Rasyid Siddiq","·","0822-8966-3715","","Rute","","","Buka","· Tutup pukul 23.00","",""
"https://www.google.com/maps/place/PRINT+24+JAM+MANDIRI+FOTOCOPY+2+%28CAB.KAMPUS+B+UIN+JAKABARING%29/data=!4m7!3m6!1s0x2e3b9d932e237773:0x140981e9e4b32310!8m2!3d-3.009655!4d104.7745935!16s%2Fg%2F11krhk2mnz!19sChIJc3cjLpOdOy4RECOz5OmBCRQ?authuser=0&hl=id&rclk=1","PRINT 24 JAM MANDIRI FOTOCOPY 2 (CAB.KAMPUS B UIN JAKABARING)","3,6","(17)","Toko Fotokopi","·","","XQRF+4RP Taman simpang ps induk kampus UIN raden Fatah, B Jl. Jakabaring","·","0813-7892-8441","","Rute","https://ssl.gstatic.com/local/servicebusiness/default_user.png","""Trimakasih mba,","Buka 24 jam","","","print"
"https://www.google.com/maps/place/PERCETAKAN+INDO+MEDIA/data=!4m7!3m6!1s0x2e3b9df26317e1ad:0xf8617b752e5e9f2b!8m2!3d-3.0044977!4d104.7723269!16s%2Fg%2F11b6dqdcnb!19sChIJreEXY_KdOy4RK59eLnV7Yfg?authuser=0&hl=id&rclk=1","PERCETAKAN INDO MEDIA","4,6","(135)","Layanan cetak digital","·","","·","Jl. Gub H Bastari No.151","0823-7660-8934","","Situs Web","https://ssl.gstatic.com/local/servicebusiness/default_user.png","""Numpang nanya sblmnya,,Bang bisa cetak stiker","Buka 24 jam","","·","foto"
"https://www.google.com/maps/place/PRINT+%26+FOTOCOPY+PERCETAKAN+Metal+Net+DAFTAR+ONLINE+SEKOLAH%2FNPWP%2FKIS%2FKIA%2FKIP%2FBPJS%2FKK+DLL%28+PRINT,+SCAN,INTERNET,ATK+DLL+%29/data=!4m7!3m6!1s0x2e3b9d47c4cd1399:0x7d890a79ae08d6c9!8m2!3d-2.9988556!4d104.7770139!16s%2Fg%2F11b6d0kg9p!19sChIJmRPNxEedOy4RydYIrnkKiX0?authuser=0&hl=id&rclk=1","PRINT & FOTOCOPY PERCETAKAN Metal Net DAFTAR ONLINE SEKOLAH/NPWP/KIS/KIA/KIP/BPJS/KK DLL( PRINT, SCAN,INTERNET,ATK DLL )","4,9","(8)","Toko Fotokopi","·","","Jl. Silaberanti No.27, RT.35","·","0812-8221-4361","","Rute","","Layanan di tempat","Buka 24 jam","","","Janji temu online"
"https://www.google.com/maps/place/Fotocopy+%26+Printing+Riska/data=!4m7!3m6!1s0x2e3b75005e652435:0x8e8adeddc98c291f!8m2!3d-2.9613455!4d104.7477826!16s%2Fg%2F11ww99ytv6!19sChIJNSRlXgB1Oy4RHymMyd3eio4?authuser=0&hl=id&rclk=1","Fotocopy & Printing Riska","","","Toko Fotokopi","·","","Jl. Rw. Jaya No.1","·","0853-8064-3965","","Rute","","","Segera tutup","· 21.00 · Buka Sel pukul 07.00","",""
"https://www.google.com/maps/place/Digital+Printing+Smile+Print/data=!4m7!3m6!1s0x2e3b75de96c9a937:0xbde322ff60d47e7!8m2!3d-2.973123!4d104.7472616!16s%2Fg%2F11bc7s2bst!19sChIJN6nJlt51Oy4R50cN9i8y3gs?authuser=0&hl=id&rclk=1","Digital Printing Smile Print","5,0","(2)","Toko Percetakan","·","","Jl. Papera No.2225","","(0711) 7011790","","Rute","","","","","",""
"https://www.google.com/maps/place/Foto+Copy+Denis/data=!4m7!3m6!1s0x2e3b7606f01d9b45:0x326171a83cf367e8!8m2!3d-2.9890718!4d104.7555936!16s%2Fg%2F11g6qs8r07!19sChIJRZsd8AZ2Oy4R6GfzPKhxYTI?authuser=0&hl=id&rclk=1","Foto Copy Denis","4,7","(11)","Toko Fotokopi","·","","·","Jl. Syech A Somad","0853-8074-4177","","Rute","","","Tutup","· Buka Sel pukul 07.30","·",""
"https://www.google.com/maps/place/Fotocopy+Canon/data=!4m7!3m6!1s0x2e3b75c9894ab495:0x12f391d25b86f30d!8m2!3d-2.9681456!4d104.7409684!16s%2Fg%2F1hm5cd991!19sChIJlbRKicl1Oy4RDfOGW9KR8xI?authuser=0&hl=id&rclk=1","Fotocopy Canon","4,7","(11)","Toko Percetakan","·","","2PJR+P9W, Jl. Trikora","","","","Rute","","","Segera tutup","· 20.30 · Buka Sel pukul 09.30","",""
"https://www.google.com/maps/place/Takana+print+fotocopy/data=!4m7!3m6!1s0x2e3b7732686957f9:0x23d66f73f467b124!8m2!3d-2.9947078!4d104.775935!16s%2Fg%2F11t5dbhy1_!19sChIJ-VdpaDJ3Oy4RJLFn9HNv1iM?authuser=0&hl=id&rclk=1","Takana print fotocopy","","","Toko Percetakan","·","","Jl. Jend. A. Yani Lorong Gotong Royong","·","0823-8348-1111","","Rute","","","Segera tutup","· 21.00 · Buka Sel pukul 06.30","",""
"https://www.google.com/maps/place/FOTOCOPY+LIMA+SAUDARA+JAYA/data=!4m7!3m6!1s0x2e3b75e3fa8f140b:0x82aab964f1a49425!8m2!3d-2.9806937!4d104.7375283!16s%2Fg%2F11g0dg3_zh!19sChIJCxSP-uN1Oy4RJZSk8WS5qoI?authuser=0&hl=id&rclk=1","FOTOCOPY LIMA SAUDARA JAYA","5,0","(1)","Toko Fotokopi","·","","·","2P9Q+P2C, Jl. Puncak Sekuning","0896-9522-2891","","Rute","","","Buka","· Tutup pukul 21.30","·",""
"https://www.google.com/maps/place/FOTO+COPY+AKBAR/data=!4m7!3m6!1s0x2e3b75889951112b:0xb257ad5634830d20!8m2!3d-2.9851003!4d104.7373252!16s%2Fg%2F11gjhgpg0w!19sChIJKxFRmYh1Oy4RIA2DNFatV7I?authuser=0&hl=id&rclk=1","FOTO COPY AKBAR","4,5","(44)","Percetakan Komersial","·","","2P7P+XW4, Jl. Puncak Sekuning","·","0813-6844-4868","","Rute","https://ssl.gstatic.com/local/servicebusiness/default_user.png","""kaka kakak nya baik baik, ramah bgttt, siap membantu""","Segera tutup","· 21.00 · Buka Sel pukul 06.00","",""
"https://www.google.com/maps/place/Rief+Print/data=!4m7!3m6!1s0x2e3b75c96ff38e03:0xd347d491fdd75908!8m2!3d-2.9627544!4d104.7313803!16s%2Fg%2F11hbkl3qfv!19sChIJA47zb8l1Oy4RCFnX_ZHUR9M?authuser=0&hl=id&rclk=1","Rief Print","4,7","(31)","Printer Digital","·","","·","Jl. Inspektur Marzuki No.12","0852-6999-2290","","Rute","https://ssl.gstatic.com/local/servicebusiness/default_user.png","""Pelayanan nya ramah dan cepat, harga nya murah""","Segera tutup","· 21.00 · Buka Sel pukul 07.30","·",""
"https://www.google.com/maps/place/Foto+Copy+Nabil/data=!4m7!3m6!1s0x545041667096fed:0xe069e5d4496a45db!8m2!3d-2.9996039!4d104.76996!16s%2Fg%2F11b7hf92gp!19sChIJ7W8JZxYERQUR20VqSdTlaeA?authuser=0&hl=id&rclk=1","Foto Copy Nabil","4,6","(23)","Toko Fotokopi","·","","2Q29+5X4, Jl. Jenderal Ahmad Yani","","0852-7978-7845","","Rute","https://ssl.gstatic.com/local/servicebusiness/default_user.png","""","","","","Fotocopy"
"https://www.google.com/maps/place/Fotocopy+Ocha/data=!4m7!3m6!1s0x2e3b75d9f41b7b19:0x7809825c71eb2b78!8m2!3d-2.9677056!4d104.7465704!16s%2Fg%2F11b6dnn0dp!19sChIJGXsb9Nl1Oy4ReCvrcVyCCXg?authuser=0&hl=id&rclk=1","Fotocopy Ocha","5,0","(1)","Toko Fotokopi","·","","JL Mayor Santoso, 20 Ilir D 3, Ilir Timur 1","","0813-5483-9396","","Rute","","","","","",""