"hfpxzc href","qBF1Pd","MW4etd","UY7F9","W4Efsd","W4Efsd 2","W4Efsd 3","W4Efsd 4","W4Efsd 5","FQ2IWe src","Jn12ke src","ah5Ghc","A1zNzb href","J8zHNe","bbPy1","doJOZc","W4Efsd 6","AJB7ye","AJB7ye 2"
"","","","","","","","","","","","","","","","","","",""
"","","","","","","","","","","","","","","","","","",""
"https://www.google.com/maps/place/TETRA+Coffee+%26+Eatery+-+Palembang/data=!4m7!3m6!1s0x2e3b7751ba677c01:0x806349c220ba1dad!8m2!3d-2.974805!4d104.760641!16s%2Fg%2F11lkhlfq1v!19sChIJAXxnulF3Oy4RrR26IMJJY4A?authuser=0&hl=id&rclk=1","TETRA Coffee & Eatery - Palembang","4,6","(454)","Kedai Kopi","·","Jl. Merbau No.1260","Buka","· Tutup pukul 00.00","https://lh3.googleusercontent.com/gps-cs-s/APNQkAE-VDrZm1PQDobpw2ENp2lNzKIZsZQ4KBD2-q2HsKRlqyFw5hU_34JSg1XSwrTi4CNrkb8HCXsNS5vbuA1FDJOHIo9D3m1hrd9txs_5lg4D6yDWEm18AZnSUuhZwwb1f2DfKswv=w163-h92-k-no","https://ssl.gstatic.com/local/servicebusiness/default_user.png","""suasana nya enak nyaman makanan enak tempatnya juga aestentic sekalii 🤩🤩🤩""","https://www.google.com/searchviewer/42?cvd=CLw_EicKJeICIjIgEhkiF9LX29IPEQoNL2cvMTFsa2hsZnExdhgBOgMI8A0%3D&hl=id-ID&gl=id&fo_m=MfohQo559jFvMUOzJVpjPL1YMfZ3bInYwBDuMfaXTPp5KXh-&utm_source=tactile&gei=NJz4aZrDAfKfseMP-aG8qAI&ei=NJz4aZrDAfKfseMP-aG8qAI&fo_s=OA&opi=79508299&orderType=1&ebb=1&cs=0&foub=mcpp","Pesan online","","","","",""
"https://www.google.com/maps/place/Luthier+Coffee/data=!4m7!3m6!1s0x2e3b7768b0838a11:0x8963a3424726ee6!8m2!3d-2.9669472!4d104.7634491!16s%2Fg%2F11clw5sr2n!19sChIJEYqDsGh3Oy4R5m5yJDQ6lgg?authuser=0&hl=id&rclk=1","Luthier Coffee","4,7","(601)","Kedai Kopi","·","·","Buka","· Tutup pukul 22.00","https://lh3.googleusercontent.com/gps-cs-s/APNQkAH0K-udfUGJa0ZFt6QvsFWac0SHYH8DUOqwFwBlYXEN-wjFL9CZzr80KFOrlF-RNfKxpMTzbj0eR2EV2yk5fSYWSRsE722vTL60Ln3ijd50p3cloVpDWuiyBE4gluwl_26XVWQY=w163-h92-k-no","https://ssl.gstatic.com/local/servicebusiness/default_user.png","""Cocok jg untuk ngobrol bareng teman sambil makan dan minum.""","https://www.google.com/searchviewer/42?cvd=CLw_EicKJeICIjIgEhkiF9LX29IPEQoNL2cvMTFjbHc1c3IybhgAOgMI8A0%3D&hl=id-ID&gl=id&fo_m=MfohQo559jFvMUOzJVpjPL1YMfZ3bInYwBDuMfaXTPp5KXh-&utm_source=tactile&gei=NJz4aZrDAfKfseMP-aG8qAI&ei=NJz4aZrDAfKfseMP-aG8qAI&fo_s=OA&opi=79508299&ebb=1&cs=0&foub=mcpp","Pesan online","","","Jl. Bangau No.ruko 170C","",""
"https://www.google.com/maps/place/New+Town+Kopitiam/data=!4m7!3m6!1s0x2e3b767aae7ff617:0x29e34f4407cda51c!8m2!3d-2.9660082!4d104.7633896!16s%2Fg%2F1pyqnq5jt!19sChIJF_Z_rnp2Oy4RHKXNB0RP4yk?authuser=0&hl=id&rclk=1","New Town Kopitiam","4,5","(3.523)","Kedai Kopi","·","·","Buka","· Tutup pukul 23.00","https://lh3.googleusercontent.com/gps-cs-s/APNQkAHrq1i78GYMnSbJ4VVWO9Rf2z3Ql4yKEOz-QOf9_bJbzuk59FkYUkKv5LKd7dpiuY7WCemK3CbiD51ZFfMPtmHUCqNYxyOm6JZp2fuNI7ohiZ1W7Bcr_XACFCIxFp7i9-gsVUQnlw=w163-h92-k-no","https://ssl.gstatic.com/local/servicebusiness/default_user.png","""Makanan lezat, harga terjangkau, suasana cozy, ada live music""","https://www.google.com/searchviewer/42?cvd=CLw_EiYKJOICITIfEhgiFtLX29IPEAoML2cvMXB5cW5xNWp0GAE6AwjwDQ%3D%3D&hl=id-ID&gl=id&fo_m=MfohQo559jFvMUOzJVpjPL1YMfZ3bInYwBDuMfaXTPp5KXh-&utm_source=tactile&gei=NJz4aZrDAfKfseMP-aG8qAI&ei=NJz4aZrDAfKfseMP-aG8qAI&fo_s=OA&opi=79508299&orderType=1&ebb=1&cs=0&foub=mcpp","Pesan online","","","Jl. Bangau No.171M","·","$$"
"https://www.google.com/maps/place/Kedai+Kopi+7/data=!4m7!3m6!1s0x2e3b779fd96ec685:0x42b6bf098a14c174!8m2!3d-2.9826792!4d104.7607102!16s%2Fg%2F11h1g79t4p!19sChIJhcZu2Z93Oy4RdMEUigm_tkI?authuser=0&hl=id&rclk=1","Kedai Kopi 7","4,6","(1.318)","Kafe","·","Muda, Jl. Letkol Iskandar","Buka","· Tutup pukul 22.30","https://lh3.googleusercontent.com/gps-cs-s/APNQkAEMz3rcGKBUZ5OWM5dh6C1n-7e747uhvjkezeXNu5hexDrF-678SoaylfcofEC7vp5WJYFoi4qjgm1W9ye7c4-wTRCHJ3Vrz_jgmM7dHd51b-v8xx2cTSEQGQtRwmKZnnSsOvE8=w141-h92-k-no","https://ssl.gstatic.com/local/servicebusiness/default_user.png","""Kopinya sangat enak, mie ayam nya sangat enak, bubur ayamnya sangay enak.""","","","","","","·","Rp 25–50 rb"
"https://www.google.com/maps/place/DOBU+COFFEE/data=!4m7!3m6!1s0x2e3b77b721abca6f:0xf70091dc6fe6ae11!8m2!3d-2.9684716!4d104.7670151!16s%2Fg%2F11sr7ln0p6!19sChIJb8qrIbd3Oy4REa7mb9yRAPc?authuser=0&hl=id&rclk=1","DOBU COFFEE","4,6","(127)","Kedai Kopi","·","Jl. Merpati No.6","Buka","· Tutup pukul 23.00","https://lh3.googleusercontent.com/gps-cs-s/APNQkAFY8wphNYvoj0kuPU82baBSu5EO4hTHS8WVm27pGC0TXMhM3UwOO0Cj4Fi6p0zhTLaeLqedrW-PyD5a1TmbFsNYXXFfRW5Ws_A8xEBjIO3C0YksM7F0ObwkW3UyEVA4g99DQ-7C=w163-h92-k-no","https://ssl.gstatic.com/local/servicebusiness/default_user.png","""Makanannya enak² harga bersahabat.""","","","","","","·","Rp 25–50 rb"
"https://www.google.com/maps/place/Kedai+Kopi+Oriental+Rajawali/data=!4m7!3m6!1s0x2e3b771a42a58605:0xecfe53b29012dc40!8m2!3d-2.9723556!4d104.7637122!16s%2Fg%2F11l1qj45rm!19sChIJBYalQhp3Oy4RQNwSkLJT_uw?authuser=0&hl=id&rclk=1","Kedai Kopi Oriental Rajawali","4,8","(156)","Restoran","·","Kedai Kopi Oriental, Jl. Rajawali No.14","Buka","· Tutup pukul 22.00","https://lh3.googleusercontent.com/gps-cs-s/APNQkAF66RYiYXApRXgxAehBIGwA0XPHX7ruT_AMZDHUwVAj1iKAOHWQpC10tk5VpeyxBN3udRxbGLuO-lxht194asHx3gtGWtq1eqh5jnr1JGqf9-tqQBJ5KvOsDYH6-aSxb0Z8MSk=w122-h92-k-no","https://ssl.gstatic.com/local/servicebusiness/default_user.png","""Makanannya juga enak-enak apalagi nasi goreng rendangnya, wajib cobaa🫶🫶""","https://www.google.com/searchviewer/42?cvd=CLw_EicKJeICIjIgEhkiF9LX29IPEQoNL2cvMTFsMXFqNDVybRgBOgMI8A0%3D&hl=id-ID&gl=id&fo_m=MfohQo559jFvMUOzJVpjPL1YMfZ3bInYwBDuMfaXTPp5KXh-&utm_source=tactile&gei=NJz4aZrDAfKfseMP-aG8qAI&ei=NJz4aZrDAfKfseMP-aG8qAI&fo_s=OA&opi=79508299&orderType=1&ebb=1&cs=0&foub=mcpp","Pesan online","","","","·","Rp 50–75 rb"
"https://www.google.com/maps/place/Triple+A+Coffee/data=!4m7!3m6!1s0x2e3b7716d30286ad:0x12cbc581d66f4285!8m2!3d-2.9646641!4d104.7633338!16s%2Fg%2F11rp7msxkj!19sChIJrYYC0xZ3Oy4RhUJv1oHFyxI?authuser=0&hl=id&rclk=1","Triple A Coffee","4,6","(125)","Bar Kopi Espresso","·","Jl. Mayor Ruslan","Buka","· Tutup pukul 23.00","https://lh3.googleusercontent.com/gps-cs-s/APNQkAGC2eASJL6urFDusJ7HWVqctc_R8olDo81MZO41kOFNK0zkVZzPP32ANfXK_8isRwGbRHW0ERJRCQPpJcOm30bV3gfZCXjaZNDIK3n2ayzprv3VM7qezIFKTRKTCs4HzHFpQgYyYQ=w80-h106-k-no","https://ssl.gstatic.com/local/servicebusiness/default_user.png","""Masakan enak, suasana nyaman dibawah pohon rindang, harga relatif""","","","","","","·","Rp 25–50 rb"
"https://www.google.com/maps/place/KEDAI+KOPI+8/data=!4m7!3m6!1s0x2e3b778113ba53c1:0xb7d72f0d19d59a4d!8m2!3d-2.9820286!4d104.7617202!16s%2Fg%2F11gnp39y65!19sChIJwVO6E4F3Oy4RTZrVGQ0v17c?authuser=0&hl=id&rclk=1","KEDAI KOPI 8","4,7","(59)","Kafe","·","2Q96+5MQ","Buka","· Tutup pukul 23.00","https://lh3.googleusercontent.com/gps-cs-s/APNQkAFEP1_CxpyQAiro8X6vi3PEFVzQ3O08L-mSa8E05e_LXIgsQXZr0J42RkW4B3VfgWxnqdSfCb0TKRQHYX9wV9chObrJqQ5HEeYmnftjvs-WNhG1lDuOi3BBJNvMs5kJbWGxhWsU=w163-h92-k-no","https://ssl.gstatic.com/local/servicebusiness/default_user.png","""Tempat nya bersih dan nyaman + sales bir nya gelis pisannn 🤣🤣""","","","","","","",""
"https://www.google.com/maps/place/Makan+Bistro+%26+Koffee+Addict/data=!4m7!3m6!1s0x2e3b766d2f5f8683:0x40fb5e7f8c5208c!8m2!3d-2.9755342!4d104.7662032!16s%2Fg%2F11d_2ft08n!19sChIJg4ZfL212Oy4RjCDF-Oe1DwQ?authuser=0&hl=id&rclk=1","Makan Bistro & Koffee Addict","4,4","(343)","Kafe","·","·","Buka","· Tutup pukul 23.00","https://lh3.googleusercontent.com/gps-cs-s/APNQkAGzvymiuSFr854KMXf5aqM2pVEEhZrW3nXhbm77wSwx3jgSLMzaDrzrFXMwrx4o4UzwQDYwUi1UGbb_eujx5fsouIDFVTEDzyTnuDJN2KdoqP-5zyfFGmUDiBB3a_Eit_mcPaRe=w122-h92-k-no","https://ssl.gstatic.com/local/servicebusiness/default_user.png","""Pizzanya juga wajib dicoba dan smoothies nya enak-enak""","https://www.google.com/searchviewer/42?cvd=CLw_EicKJeICIjIgEhkiF9LX29IPEQoNL2cvMTFkXzJmdDA4bhgBOgMI8A0%3D&hl=id-ID&gl=id&fo_m=MfohQo559jFvMUOzJVpjPL1YMfZ3bInYwBDuMfaXTPp5KXh-&utm_source=tactile&gei=NJz4aZrDAfKfseMP-aG8qAI&ei=NJz4aZrDAfKfseMP-aG8qAI&fo_s=OA&opi=79508299&orderType=1&ebb=1&cs=0&foub=mcpp","Pesan online","","","Jl. Veteran No.939 F8","·","Rp 50–75 rb"
"https://www.google.com/maps/place/Kopi+Darat/data=!4m7!3m6!1s0x2e3b77477ec1e283:0x2e50f99bb0f52aa7!8m2!3d-2.9690381!4d104.7590663!16s%2Fg%2F11fpq7v4z_!19sChIJg-LBfkd3Oy4Rpyr1sJv5UC4?authuser=0&hl=id&rclk=1","Kopi Darat","4,6","(785)","Restoran","·","·","Buka","· Tutup pukul 22.00","https://lh3.googleusercontent.com/gps-cs-s/APNQkAGKuRCjPuGdUFT88uwdwExIb0URPObrFA6vMt79UpqPoiIGJpHU00oS28UPlCidByrmRyiwRVE_13lZNmVCaFqu5ZoK_MJDvP1IhH0X_diHwK-Dr-j5TeJlKRAMJKXH4Nnx7LM=w122-h92-k-no","https://ssl.gstatic.com/local/servicebusiness/default_user.png","""Makanan enak dan lengkap apalagi setiap malam minggu ada live musiknya""","","","","","Jl. WR Supratman No.2","·","Rp 50–75 rb"
"https://www.google.com/maps/place/Kedai+Mimieka/data=!4m7!3m6!1s0x2e3b77a0f0e77a95:0xcfa2c6995cad3647!8m2!3d-2.9677908!4d104.7622077!16s%2Fg%2F11sbgl1pwp!19sChIJlXrn8KB3Oy4RRzatXJnGos8?authuser=0&hl=id&rclk=1","Kedai Mimieka","4,6","(180)","Masakan Asia","·","Jl. Mayor Ruslan","Buka","· Tutup pukul 21.30","https://lh3.googleusercontent.com/gps-cs-s/APNQkAEpGxgdgNIN6TzXOFgpu6t09DOPypeSLzQ3Egn9NJm1V6NPAncCh5TdkVUItc_1PmTJgVr5kkUfGz5Q0NZXWYVyjoMktaTnfKe8hv8MvXOODmdSAXFBj9EJl7MFaScxTSGWEvbexQWSeNd_=w80-h106-k-no","https://ssl.gstatic.com/local/servicebusiness/default_user.png","""Kids friendly banget, staffny ramah, makanan jg enak dan sesuai harga.""","","","","","","",""
"https://www.google.com/maps/place/Kedai+TOKOPI+Pai+Li+Bang/data=!4m7!3m6!1s0x2e3b766cd91baef3:0x90ff45f17f822443!8m2!3d-2.9750409!4d104.7666553!16s%2Fg%2F11cn8x1nnm!19sChIJ864b2Wx2Oy4RQySCf_FF_5A?authuser=0&hl=id&rclk=1","Kedai TOKOPI Pai Li Bang","4,4","(814)","Masakan Asia","·","Jl. Veteran No.999","Buka","· Tutup pukul 22.00","https://lh3.googleusercontent.com/gps-cs-s/APNQkAFh3lit9uBpnEbNzi7H8zHQicwIb-V17-zK4InduedmEz0pcgrGOBPhCzJEZEEe0ApY4v9xy2no6VD2d6ssLwdwYKx5WRke_f6vegXSYH9JJm7Vf4dRqlV3UQm9GllzpmHC0dQTGw=w122-h92-k-no","https://ssl.gstatic.com/local/servicebusiness/default_user.png","""Makanan nya memang enak tetapi harganya tidak murah alias harganya mahal.""","","","","","","·","$$$"
"https://www.google.com/maps/place/Fore+Coffee+-+Rajawali+Palembang/data=!4m7!3m6!1s0x2e3b77bb829a4863:0x562d8cb2dc904080!8m2!3d-2.9689375!4d104.7636875!16s%2Fg%2F11z21sldlf!19sChIJY0iagrt3Oy4RgECQ3LKMLVY?authuser=0&hl=id&rclk=1","Fore Coffee - Rajawali Palembang","4,4","(73)","Kedai Kopi","·","2QJ7+CFM 9 Ilir, Palembang City, South Sumatra Jl. Rajawali No.6, RT.018, RW.06. Kel. 9 Ilir","","","https://lh3.googleusercontent.com/gps-cs-s/APNQkAE8rAeo_g6l8QAG0kwLGItzNmKMAjE62l-Nf6wkpNhGzvQHRA299BMYm6klK0LDlYT5hSKdcSV_9AD-0Zvi4H48BOMRKj_UZe4IRFgweHqj963u57LLEw0vO4DdEkTlgpJ_V63gL-mmAk0B=w122-h92-k-no","https://ssl.gstatic.com/local/servicebusiness/default_user.png","""Tempatnya bagus pelayananya ramah dan enak buat nongki nongki🙏🏻🙏🏻""","https://www.google.com/searchviewer/42?cvd=CLw_EicKJeICIjIgEhkiF9LX29IPEQoNL2cvMTF6MjFzbGRsZhgBOgMI8A0%3D&hl=id-ID&gl=id&fo_m=MfohQo559jFvMUOzJVpjPL1YMfZ3bInYwBDuMfaXTPp5KXh-&utm_source=tactile&gei=NJz4aZrDAfKfseMP-aG8qAI&ei=NJz4aZrDAfKfseMP-aG8qAI&fo_s=OA&opi=79508299&orderType=1&ebb=1&cs=0&foub=mcpp","Pesan online","","","","·","Rp 25–50 rb"
"https://www.google.com/maps/place/SORE%C3%89/data=!4m7!3m6!1s0x2e3b77fb2fa77a61:0x9c1bb4a559b6fb9d!8m2!3d-2.9757601!4d104.7589772!16s%2Fg%2F11p56hd716!19sChIJYXqnL_t3Oy4Rnfu2WaW0G5w?authuser=0&hl=id&rclk=1","SOREÉ","4,6","(417)","Masakan Perpaduan Asia","·","·","Buka","· Tutup pukul 21.30","https://lh3.googleusercontent.com/gps-cs-s/APNQkAEfBM1urt7Chr5Txc4wyfhzaUCKxTShWePc6SWVhN5Tm9gx9O5R8pZFb3yvARr3IXpTimu0MnbOAqXOgwiRNWMK-Dno2Huw4iU5t3wLJo0LJFy41TnOw09F1rHtctwshFDZbgMW=w163-h92-k-no","https://ssl.gstatic.com/local/servicebusiness/default_user.png","""Nasi goreng beef yg meltique enak, harga 70-an.""","https://www.google.com/searchviewer/42?cvd=CLw_EicKJeICIjIgEhkiF9LX29IPEQoNL2cvMTFwNTZoZDcxNhgBOgMI8A0%3D&hl=id-ID&gl=id&fo_m=MfohQo559jFvMUOzJVpjPL1YMfZ3bInYwBDuMfaXTPp5KXh-&utm_source=tactile&gei=NJz4aZrDAfKfseMP-aG8qAI&ei=NJz4aZrDAfKfseMP-aG8qAI&fo_s=OA&opi=79508299&orderType=1&ebb=1&cs=0&foub=mcpp","Pesan online","","","Jl. Veteran No.176","·","Rp 75–100 rb"
"https://www.google.com/maps/place/Kopieten+Palembang/data=!4m7!3m6!1s0x2e3b7752ac21a765:0x5a557219cf5c2112!8m2!3d-2.9757884!4d104.7603619!16s%2Fg%2F11tc_9xl_q!19sChIJZachrFJ3Oy4REiFczxlyVVo?authuser=0&hl=id&rclk=1","Kopieten Palembang","4,7","(86)","Kedai Kopi","·","Jl. Veteran No.208","Tutup","· Buka Sel pukul 07.00","https://lh3.googleusercontent.com/gps-cs-s/APNQkAHX-ffmNcNfy8-TL3l2Mk5yb9vsXA6IAKX-mFm531xsbHOZe6pVHuPJ8ye_iwC53U_Jj9-Y5ZuMHUc8Klgu9xXQwH3mbH_n5w2jqZeRcx41yrKU-75t0OiVIXv8SDY-8L2_A4K5=w122-h92-k-no","https://ssl.gstatic.com/local/servicebusiness/default_user.png","""Rasanya enak,
Kemarin saya coba makan mie kaldu udangnya enak.""","https://www.google.com/searchviewer/42?cvd=CLw_EicKJeICIjIgEhkiF9LX29IPEQoNL2cvMTF0Y185eGxfcRgBOgMI8A0%3D&hl=id-ID&gl=id&fo_m=MfohQo559jFvMUOzJVpjPL1YMfZ3bInYwBDuMfaXTPp5KXh-&utm_source=tactile&gei=NJz4aZrDAfKfseMP-aG8qAI&ei=NJz4aZrDAfKfseMP-aG8qAI&fo_s=OA&opi=79508299&orderType=1&ebb=1&cs=0&foub=mcpp","Pesan online","","","","·","Rp 50–75 rb"
"https://www.google.com/maps/place/Days+Cafe/data=!4m7!3m6!1s0x2e3b779f69c618eb:0x6e1441378d7bab79!8m2!3d-2.962146!4d104.7697925!16s%2Fg%2F11t75g_x0c!19sChIJ6xjGaZ93Oy4Reat7jTdBFG4?authuser=0&hl=id&rclk=1","Days Cafe","4,7","(629)","Kafe","·","·","Buka","· Tutup pukul 22.00","","https://ssl.gstatic.com/local/servicebusiness/default_user.png","""Rasanya standar enak✨ pas di lidahku~

Makanan yg dipesan, enak-enakk!""","https://www.google.com/searchviewer/42?cvd=CLw_EicKJeICIjIgEhkiF9LX29IPEQoNL2cvMTF0NzVnX3gwYxgBOgMI8A0%3D&hl=id-ID&gl=id&fo_m=MfohQo559jFvMUOzJVpjPL1YMfZ3bInYwBDuMfaXTPp5KXh-&utm_source=tactile&gei=NJz4aZrDAfKfseMP-aG8qAI&ei=NJz4aZrDAfKfseMP-aG8qAI&fo_s=OA&opi=79508299&orderType=1&ebb=1&cs=0&foub=mcpp","Pesan online","","","Jl. Dr. M. Isa III No.19-21","·","Rp 50–75 rb"
"https://www.google.com/maps/place/Tjipta+Djaja+kopi+dan+padjoan/data=!4m7!3m6!1s0x2e3b77674215faf9:0x856d8da4df39f360!8m2!3d-2.9813014!4d104.7659341!16s%2Fg%2F11rh1hs3bj!19sChIJ-foVQmd3Oy4RYPM536SNbYU?authuser=0&hl=id&rclk=1","Tjipta Djaja kopi dan padjoan","5,0","(51)","Kedai Kopi","·","Jl. Segaran No.97","Buka","· Tutup pukul 22.00","https://lh3.googleusercontent.com/gps-cs-s/APNQkAE25yEXndY9kG65a0ltcXu4-7WFVuXFGLbdGS7IJpFNZNZewzo035z908RjPZNliNxKg06eXtTNTQSDiTdk5Ag9GOT1hgCPnJ8b9D-S45rxv_DEKvZV5hoAnJ62uaqMSaZoGxeP2Q=w80-h142-k-no","https://ssl.gstatic.com/local/servicebusiness/default_user.png","""Rooftopnya asik buat ngobrol, donatnya enak, harganya affordable.""","","","","","","·","Rp 1–25.000"
"https://www.google.com/maps/place/Foodpedia+Perwari+14/data=!4m7!3m6!1s0x2e3b776359465ceb:0x5d0da3911ea1cbb0!8m2!3d-2.9632726!4d104.7627583!16s%2Fg%2F11nnz7psvp!19sChIJ61xGWWN3Oy4RsMuhHpGjDV0?authuser=0&hl=id&rclk=1","Foodpedia Perwari 14","4,6","(170)","Kedai Kopi","·","Jl. Perwari No.14","Buka","· Tutup pukul 22.00","https://lh3.googleusercontent.com/gps-cs-s/APNQkAFabQ_ThH40JgYMqG8iXuLmK0dTxJV498XfGJIOQrERxGGezld-iCaaEw6ENyMDho7SiwMpzx7L_07NRlaPaTqEHehImwVb8end1VD7VpPDggEtk4LTxQ7TRXuM56dN2e38bAYc=w80-h106-k-no","https://ssl.gstatic.com/local/servicebusiness/default_user.png","""Makananya enak harga standar..  Wifi lancar..  Pokoknya  the best 👍""","","","","","","·","Rp 25–50 rb"
"https://www.google.com/maps/place/Common+Grounds+Palembang/data=!4m7!3m6!1s0x2e3b766d27fe5691:0x994cf5fb1e8b6ab1!8m2!3d-2.9755795!4d104.7666473!16s%2Fg%2F11gfcycrk6!19sChIJkVb-J212Oy4RsWqLHvv1TJk?authuser=0&hl=id&rclk=1","Common Grounds Palembang","4,5","(438)","Kafe","·","Jl. Veteran No.999","Buka","· Tutup pukul 22.00","https://lh3.googleusercontent.com/gps-cs-s/APNQkAGRSybVHaVpx-IGfYVihhl29ejxTY9ObuiLbPfj7ybm4sdZ_hgI6_0vCDo8lheMjYlo7xfZAlIY4Bl1BTRykswEp5cWKDjDH2iTUbQNQjZEQjtqomxRAnf2vA_CnpCGxxi69IUyxw=w122-h92-k-no","https://ssl.gstatic.com/local/servicebusiness/default_user.png","""Tempatnya nyaman untuk berdiskusi santai dengan sahabat dan rekan kerja.""","","","","","","·","Rp 75–100 rb"
"https://www.google.com/maps/place/Kopi+16+Pro/data=!4m7!3m6!1s0x2e3b7730890be483:0x5706d92ba76d350!8m2!3d-2.9900083!4d104.7639903!16s%2Fg%2F11y2sn4v4x!19sChIJg-QLiTB3Oy4RUNN2upJtcAU?authuser=0&hl=id&rclk=1","Kopi 16 Pro","5,0","(7.965)","Kafe","·","·","Buka","· Tutup pukul 01.00","https://lh3.googleusercontent.com/gps-cs-s/APNQkAHsJUk87muvF4suKUO89IjFhjzdpJlfZBOwV0VSNloXFY3Z8ynZtFX2cbavFXx8Oz9JPh-hihMzYcE75g9WCrSMUMEp0YHF_n4WSraVYf_c8OyILBd5ZUXkafENfmudLcrJaVHcF9HPIQVi=w199-h92-k-no","https://ssl.gstatic.com/local/servicebusiness/default_user.png","""Makanan dan minuman nya enak dan harganya juga terjangkau""","","","","","Pelataran Dermaga, Jl. Ps. 16 Ilir No.126","·","Rp 25–50 rb"
"https://www.google.com/maps/place/Rajawali+Kopitiam/data=!4m7!3m6!1s0x2e3b766e1b3f79b3:0x1cfe4709caec5dbe!8m2!3d-2.9707474!4d104.7641334!16s%2Fg%2F1hm64pyhm!19sChIJs3k_G252Oy4Rvl3syglH_hw?authuser=0&hl=id&rclk=1","Rajawali Kopitiam","4,4","(1.933)","Kafe","·","·","Buka","· Tutup pukul 23.00","https://lh3.googleusercontent.com/gps-cs-s/APNQkAGVKQB3eL050P0NJtFzfQgKicersE8kla18dsJDIumoVJwIpTWPkvakRFIjfqOYzME5dInWQPbam3qEr5y3Q-JP-PrKaW3a7A2xVSi5U1jW8QBDvDFuEoUXPa7NhRvSO8oLwRA=w122-h92-k-no","https://ssl.gstatic.com/local/servicebusiness/default_user.png","""makanan nya enak enak
harganya terjangkau
tempatnya cocok buat nongkrong2""","https://www.google.com/searchviewer/42?cvd=CLw_EiYKJOICITIfEhgiFtLX29IPEAoML2cvMWhtNjRweWhtGAE6AwjwDQ%3D%3D&hl=id-ID&gl=id&fo_m=MfohQo559jFvMUOzJVpjPL1YMfZ3bInYwBDuMfaXTPp5KXh-&utm_source=tactile&gei=PJz4aZybGZqNnesPpP3ZoQQ&ei=PJz4aZybGZqNnesPpP3ZoQQ&fo_s=OA&opi=79508299&orderType=1&ebb=1&cs=0&foub=mcpp","Pesan online","","","Jl. Rajawali","·","Rp 25–50 rb"
"https://www.google.com/maps/place/Taki+Coffee+%26+Eatery/data=!4m7!3m6!1s0x2e3b77eb859b2f97:0x8a3495c0beaaffb!8m2!3d-2.9539164!4d104.7733262!16s%2Fg%2F11vqp9yfth!19sChIJly-bhet3Oy4R-6_qC1xJowg?authuser=0&hl=id&rclk=1","Taki Coffee & Eatery","4,4","(918)","Restoran","·","Jl. Bukit Kenten","Buka 24 jam","","https://lh3.googleusercontent.com/gps-cs-s/APNQkAGfxHOKWKsjfFmNsqMei_4UPVBFQJ_7XBDn0v8zcUyllN7whVYOJvwO3YVa3i-pLsw_zQQG1kCyJUHX7w83S5Udv06sDwzL8b449REm2dNBoON5cKta5tBJ8G9TvxIuFt3o9EMM=w122-h92-k-no","https://ssl.gstatic.com/local/servicebusiness/default_user.png","""Makanan dan minuman cukup enak dengan bumbu yang pas.""","","","","","","·","Rp 25–50 rb"
"https://www.google.com/maps/place/MamMee+Bakery+%26+Kopihaus/data=!4m7!3m6!1s0x2e3b76691544a3df:0x848f008ebe960223!8m2!3d-2.9700831!4d104.7706069!16s%2Fg%2F11bw65st75!19sChIJ36NEFWl2Oy4RIwKWvo4Aj4Q?authuser=0&hl=id&rclk=1","MamMee Bakery & Kopihaus","4,6","(1.145)","Kafe","·","Ruko Taman Harapan Indah, Jl. Letda Abdul Rozak No.20 Blok B 15","Buka","· Tutup pukul 22.00","https://lh3.googleusercontent.com/gps-cs-s/APNQkAF_j4Ddteunzfd6PCHPQT4iu93miXCnwzb8-SulySV_utczSF8jvpjqqdWDGMzB3g1bDVo-kERa_jcmW-fOi9K2gUSsfZfX6SqWnmP0NvP0fF7fd72JRBRXxC7OJ3TzKEyEzO-Mhw=w122-h92-k-no","https://ssl.gstatic.com/local/servicebusiness/default_user.png","""Resto tersedia di lantai 1 dan 2. Makanan enak dan harga terjangkau.""","https://www.google.com/searchviewer/42?cvd=CLw_EicKJeICIjIgEhkiF9LX29IPEQoNL2cvMTFidzY1c3Q3NRgBOgMI8A0%3D&hl=id-ID&gl=id&fo_m=MfohQo559jFvMUOzJVpjPL1YMfZ3bInYwBDuMfaXTPp5KXh-&utm_source=tactile&gei=PJz4aZybGZqNnesPpP3ZoQQ&ei=PJz4aZybGZqNnesPpP3ZoQQ&fo_s=OA&opi=79508299&orderType=1&ebb=1&cs=0&foub=mcpp","Pesan online","","","","·","Rp 50–75 rb"
"https://www.google.com/maps/place/Kopi+7/data=!4m7!3m6!1s0x2e3b7674c652ebfd:0x7386b6905b7bae10!8m2!3d-2.9757368!4d104.7563749!16s%2Fg%2F1hm47hy86!19sChIJ_etSxnR2Oy4REK57W5C2hnM?authuser=0&hl=id&rclk=1","Kopi 7","4,4","(2.053)","Kafe","·","Jl. Veteran No.9309","Buka","· Tutup pukul 22.30","https://lh3.googleusercontent.com/gps-cs-s/APNQkAGcZY2aea5Ng2SvKoCTc8LvanmDrsClKZCAk2kE_TrXVVmOW0mmsbvZfDMzzI0EzocGIrHVrWB_OfrtwHmWbizUBRa2BJyivwlbAioQHJva-C_a_XLJkm_RaQyyXR7pvXegs5pA4A=w204-h92-k-no","https://ssl.gstatic.com/local/servicebusiness/default_user.png","""Masakannya enak enak, terutama Taiwan Beef Noodle nya mantap sekali.""","https://www.google.com/searchviewer/42?cvd=CLw_EiYKJOICITIfEhgiFtLX29IPEAoML2cvMWhtNDdoeTg2GAE6AwjwDQ%3D%3D&hl=id-ID&gl=id&fo_m=MfohQo559jFvMUOzJVpjPL1YMfZ3bInYwBDuMfaXTPp5KXh-&utm_source=tactile&gei=PJz4aZybGZqNnesPpP3ZoQQ&ei=PJz4aZybGZqNnesPpP3ZoQQ&fo_s=OA&opi=79508299&orderType=1&ebb=1&cs=0&foub=mcpp","Pesan online","","","","·","Rp 25–50 rb"
"https://www.google.com/maps/place/ENAMDUA+Coffee+and+Eatery/data=!4m7!3m6!1s0x2e3b75e9cf19eebf:0x3831423268fa5126!8m2!3d-2.9930675!4d104.747252!16s%2Fg%2F11fktgw3gt!19sChIJv-4Zz-l1Oy4RJlH6aDJCMTg?authuser=0&hl=id&rclk=1","ENAMDUA Coffee and Eatery","4,5","(1.008)","Kedai Kopi","·","Jl. Hang Tuah No.7","Buka","· Tutup pukul 23.30","https://lh3.googleusercontent.com/gps-cs-s/APNQkAE2-vOYYCaM5ERn1w-WE2cPJEM_pw7q-5bmwpRtLNxdgyGQujuRCw6gebp6cAQsv9yGm95CUyb0YoPJk1W__pOWls7EJfaDSFXrZosWV46wB2yeDEhtc82OYbeYvEepnD5I20S1pA=w122-h92-k-no","https://ssl.gstatic.com/local/servicebusiness/default_user.png","""Makanannya juga enak enak banget, dengan harga terjangkau""","https://www.google.com/searchviewer/42?cvd=CLw_EicKJeICIjIgEhkiF9LX29IPEQoNL2cvMTFma3RndzNndBgAOgMI8A0%3D&hl=id-ID&gl=id&fo_m=MfohQo559jFvMUOzJVpjPL1YMfZ3bInYwBDuMfaXTPp5KXh-&utm_source=tactile&gei=PJz4aZybGZqNnesPpP3ZoQQ&ei=PJz4aZybGZqNnesPpP3ZoQQ&fo_s=OA&opi=79508299&ebb=1&cs=0&foub=mcpp","Pesan online","","","","·","Rp 25–50 rb"
"https://www.google.com/maps/place/Kedai+Siru/data=!4m7!3m6!1s0x2e3b75fefe2b0349:0xafdbbebadd600be6!8m2!3d-2.9934129!4d104.7488632!16s%2Fg%2F11dx95sqrt!19sChIJSQMr_v51Oy4R5gtg3bq-268?authuser=0&hl=id&rclk=1","Kedai Siru","4,5","(1.803)","Kafe","·","·","Buka","· Tutup pukul 01.00","https://lh3.googleusercontent.com/gps-cs-s/APNQkAE_bBWXC3jse2RDvdiL7uhlNGRtPgCuHS1uU5OVKrVRwKLonPbDv3pwu__RvSenDmpLA_Lkt194dAhJZvDmRyAvm-Fvel9kwPFGx6Ri_5Ty5h5UiZsa2sndsFY4kbbxjmSkKnMx=w122-h92-k-no","https://ssl.gstatic.com/local/servicebusiness/default_user.png","""Kami juga makan di kepiting siru, makananya enak harga masih terjangkau.""","https://www.google.com/searchviewer/42?cvd=CLw_EicKJeICIjIgEhkiF9LX29IPEQoNL2cvMTFkeDk1c3FydBgBOgMI8A0%3D&hl=id-ID&gl=id&fo_m=MfohQo559jFvMUOzJVpjPL1YMfZ3bInYwBDuMfaXTPp5KXh-&utm_source=tactile&gei=PJz4aZybGZqNnesPpP3ZoQQ&ei=PJz4aZybGZqNnesPpP3ZoQQ&fo_s=OA&opi=79508299&orderType=1&ebb=1&cs=0&foub=mcpp","Pesan online","","","Jl. Diponegoro No.20","·","Rp 25–50 rb"
"https://www.google.com/maps/place/Caf%C3%A9+Delapan/data=!4m7!3m6!1s0x2e3b77a0841d3f5d:0x68c80705d8c19e03!8m2!3d-2.9709533!4d104.7646873!16s%2Fg%2F11f75z8t1y!19sChIJXT8dhKB3Oy4RA57B2AUHyGg?authuser=0&hl=id&rclk=1","Café Delapan","4,9","(24)","Restoran","·","THE ALTS HOTEL, Jl. Rajawali III No.8","Buka 24 jam","","https://lh3.googleusercontent.com/gps-cs-s/APNQkAF5Ymd96LMGxv1FnVVqilwfos1dxKW02sJc9p-51Q1Fr2Krs61V5J64jbsHCAFVTA25DRfP5EauazeDvyABQboS-Eeo1zULofTFQVit32PUEEIA3-fZYrAJNhPS8kMBsi7y7t-U8g=w122-h92-k-no","","Makan di tempat","","","","","","",""
"https://www.google.com/maps/place/Pedestrian+House/data=!4m7!3m6!1s0x2e3b775147383089:0xafbcbe6bd3b2ab31!8m2!3d-2.9824669!4d104.7575653!16s%2Fg%2F11gy1lwhcc!19sChIJiTA4R1F3Oy4RMauy02u-vK8?authuser=0&hl=id&rclk=1","Pedestrian House","4,6","(505)","Kedai Kopi","·","·","Buka","· Tutup pukul 23.30","https://lh3.googleusercontent.com/gps-cs-s/APNQkAHQnp2fupAhoY4OorZ3wQRgoHJqQUsOD9a8uigRopMGdf_ptjstNcAzbiYOlLg7m7KddJ9brx9IWeAOzyCthqGPyv74kOJEt73aldN5_PZ5TwsaPm9RINoTAa-mJQk7A-oJET272w=w80-h106-k-no","https://ssl.gstatic.com/local/servicebusiness/default_user.png","""makanannya enak, apalagi mie tumisnya enak bet.""","","","","","Jl. Jend. Sudirman No.216, RT.16","·","Rp 25–50 rb"
"https://www.google.com/maps/place/Kedai+Kopi+di+Palembang+%7C+PORTAL+WARKOP/data=!4m7!3m6!1s0x2e3b75c308d3e999:0x47a09bede8876b5e!8m2!3d-2.9577681!4d104.7578719!16s%2Fg%2F11clvj0k3r!19sChIJmenTCMN1Oy4RXmuH6O2boEc?authuser=0&hl=id&rclk=1","Kedai Kopi di Palembang | PORTAL WARKOP","4,6","(309)","Kedai Kopi","·","·","Buka","· Tutup pukul 00.00","https://lh3.googleusercontent.com/gps-cs-s/APNQkAFOl3o362MQcnGxdFFrawZhAdP5m2brpJsdwRu27EIXGqwEjosc1b2hCG7pgdeFOkWkDopR1UcWsa2zbX7LVvdkHeyUg6SJL6uw3SHuWNv5Vm_ZlJde-sJcbOvQkfcymk-ORXzT=w122-h92-k-no","https://ssl.gstatic.com/local/servicebusiness/default_user.png","""Kopinya enak, kentangnya juga enak.""","","","","","Jl. Lomba Jaya No.1635","·","Rp 25–50 rb"
"https://www.google.com/maps/place/Kopi+Kenangan+-+Ruko+Veteran+Palembang/data=!4m7!3m6!1s0x2e3b77787a2a857f:0x40f4f9e852b9b9e4!8m2!3d-2.9758585!4d104.7574667!16s%2Fg%2F11mz63rq_c!19sChIJf4Uqenh3Oy4R5Lm5Uuj59EA?authuser=0&hl=id&rclk=1","Kopi Kenangan - Ruko Veteran Palembang","4,6","(42)","Kedai Kopi","·","Ruko Veteran Palembang, Timur I, Jl. Veteran No.292 D","Buka","· Tutup pukul 00.00","https://lh3.googleusercontent.com/gps-cs-s/APNQkAHdb9_orhWQNNdt4K9NselJtREb9szp4AD2qPAuZG-4vu71RPY9n7VZB4B96PBtnTKme74KSBQyFp9y7YBGbzBaw13SCV96Ex7sSRqa0pdDZ-p-yT-RwnfXlaaTY9l_oG5Ap1LRqITILtRM=w80-h106-k-no","https://ssl.gstatic.com/local/servicebusiness/default_user.png","""best service pingkan sari""","https://www.google.com/searchviewer/42?cvd=CLw_EicKJeICIjIgEhkiF9LX29IPEQoNL2cvMTFtejYzcnFfYxgBOgMI8A0%3D&hl=id-ID&gl=id&fo_m=MfohQo559jFvMUOzJVpjPL1YMfZ3bInYwBDuMfaXTPp5KXh-&utm_source=tactile&gei=PJz4aZybGZqNnesPpP3ZoQQ&ei=PJz4aZybGZqNnesPpP3ZoQQ&fo_s=OA&opi=79508299&orderType=1&ebb=1&cs=0&foub=mcpp","Pesan online","","","","·","Rp 25–50 rb"
"https://www.google.com/maps/place/AgamPisan+jilid+1/data=!4m7!3m6!1s0x2e3b75fd39cb6fdf:0x165e3a2b76f9e4c3!8m2!3d-2.9855358!4d104.7682438!16s%2Fg%2F11f4qpm7ng!19sChIJ32_LOf11Oy4Rw-T5dis6XhY?authuser=0&hl=id&rclk=1","AgamPisan jilid 1","4,6","(812)","Kedai Kopi","·","·","Buka","· Tutup pukul 23.00","https://lh3.googleusercontent.com/gps-cs-s/APNQkAFW2FmCz9RGBkCJNT1vW2A_NNszw0QnPC1URudqd67rLrTErsdwiNYjLSLdamIw4wiXytwvJ77g1ASdnvg3XI2qUt_MgoPOQVOXeDkXGk-L2QdL4Cht1MsezBfZFd__0S5V-NaqLw=w122-h92-k-no","https://ssl.gstatic.com/local/servicebusiness/default_user.png","""Tempat nongki asik view menarik dengan minuman dan makanan yg enak""","","","","","Jalan ali gatmir lorong kedipan laut paling ujung tepi sungai musi","·","Rp 25–50 rb"
"https://www.google.com/maps/place/MALOMO+KOPI/data=!4m7!3m6!1s0x2e3b770014a61a91:0xe07eb6cdf251f95c!8m2!3d-2.9875704!4d104.7662425!16s%2Fg%2F11vqvsnjc5!19sChIJkRqmFAB3Oy4RXPlR8s22fuA?authuser=0&hl=id&rclk=1","MALOMO KOPI","4,7","(374)","Kedai Kopi","·","·","Buka","· Tutup pukul 23.00","https://lh3.googleusercontent.com/gps-cs-s/APNQkAGCuFCLcVmZMHsHWsSQkspy9nHh_YWM9ULJ4ERv7uflyUUxaGX0Is5KJH4EjtDFnu8Q7avyN2Y1SUIpHy8ChU5q4PnSdHIVFVQwh_z3eDJR85adK-lXkbSAEEY35PM8ZnGMSx8mwB9538Sp=w80-h106-k-no","https://ssl.gstatic.com/local/servicebusiness/default_user.png","""Pisang gorengnya enak, minumannya biasa, langsung bisa lihat ampera""","","","","","Lorong Tangga Batu No.412","·","Rp 25–50 rb"
"https://www.google.com/maps/place/Kopiku+Palembang/data=!4m7!3m6!1s0x2e3b7738e10eff9d:0x13a963f71a79eaa7!8m2!3d-2.9808855!4d104.7625834!16s%2Fg%2F11kzd9rc99!19sChIJnf8O4Th3Oy4Rp-p5GvdjqRM?authuser=0&hl=id&rclk=1","Kopiku Palembang","4,8","(17)","Kedai Kopi","·","Jl. Lingkaran1 No.384","Segera tutup","· 21.00 · Buka Sel pukul 08.00","https://lh3.googleusercontent.com/gps-cs-s/APNQkAHsBhQIIcovtPkPbdJMoiO7ITkhtDq9CxMHyfoPGaZshP4-J1R--jojMMHYGYIawWPQxOVS_ihfF0roO_zrcBMvklmgEnSVjOolOiWyLJbJOmu5Ffm4l7ocDNeerl9SJSTP0PgQ=w122-h92-k-no","https://ssl.gstatic.com/local/servicebusiness/default_user.png","""Spacenya di atas cukup asik kalo datangnya malem""","https://www.google.com/searchviewer/42?cvd=CLw_EicKJeICIjIgEhkiF9LX29IPEQoNL2cvMTFremQ5cmM5ORgBOgMI8A0%3D&hl=id-ID&gl=id&fo_m=MfohQo559jFvMUOzJVpjPL1YMfZ3bInYwBDuMfaXTPp5KXh-&utm_source=tactile&gei=PJz4aZybGZqNnesPpP3ZoQQ&ei=PJz4aZybGZqNnesPpP3ZoQQ&fo_s=OA&opi=79508299&orderType=1&ebb=1&cs=0&foub=mcpp","Pesan online","","","","",""
"https://www.google.com/maps/place/Kedai+Kopi+Sejalan/data=!4m7!3m6!1s0x2e3b7700cd9a3607:0x4f48148db0c5bfbc!8m2!3d-2.9764463!4d104.7573118!16s%2Fg%2F11h0t8qp6b!19sChIJBzaazQB3Oy4RvL_FsI0USE8?authuser=0&hl=id&rclk=1","Kedai Kopi Sejalan","4,9","(89)","Kedai Kopi","·","Jl. Veteran No.292 A","Buka","· Tutup pukul 23.00","https://lh3.googleusercontent.com/gps-cs-s/APNQkAGkz_HqI39jJiyoPGo78bB-EZopXLrheTCssT7aQ9y09WNuui1Wr9HCYWx_lIsfS4N67rrBP9C0yWEkYkhmV57i20bi_fhQfZJYjbi8VFegTo_laHlLgN9_DQOooP9Rc9K4P2fPVg=w122-h92-k-no","https://ssl.gstatic.com/local/servicebusiness/default_user.png","""Tempatnya enak buat nyantai dan ngobrol, kopinya enakkk.""","","","","","","·","Rp 25–50 rb"
"https://www.google.com/maps/place/Kopi+Siloka+4+-+Palembang/data=!4m7!3m6!1s0x2e3b77352dffef15:0x12304125bd090826!8m2!3d-2.973722!4d104.7566323!16s%2Fg%2F11q583wbyg!19sChIJFe__LTV3Oy4RJggJvSVBMBI?authuser=0&hl=id&rclk=1","Kopi Siloka 4 - Palembang","4,8","(12)","Kedai Kopi","·","Jl. Mayor Ruslan No.23","Buka","· Tutup pukul 23.00","https://lh3.googleusercontent.com/gps-cs-s/APNQkAF78U4Tslyn8kIndTpdy7BUftT6EDp-RWAwuNmHdL4h4tWzNf_3B67T-1La8JigItiDZ1dK9yW_nykkODQYkeMqgOqAk-dkDPtdnnb3_N38Ys4iW_yqMvWB4cLV3EYgIHQVfmH-=w122-h92-k-no","https://ssl.gstatic.com/local/servicebusiness/default_user.png","""Tersedia menu manual brew, tapi ga banyak pilihan non-coffee.""","https://www.google.com/searchviewer/42?cvd=CLw_EicKJeICIjIgEhkiF9LX29IPEQoNL2cvMTFxNTgzd2J5ZxgBOgMI8A0%3D&hl=id-ID&gl=id&fo_m=MfohQo559jFvMUOzJVpjPL1YMfZ3bInYwBDuMfaXTPp5KXh-&utm_source=tactile&gei=PJz4aZybGZqNnesPpP3ZoQQ&ei=PJz4aZybGZqNnesPpP3ZoQQ&fo_s=OA&opi=79508299&orderType=1&ebb=1&cs=0&foub=mcpp","Pesan online","","","","·","Rp 25–50 rb"
"https://www.google.com/maps/place/Kopi+Kenangan+-+Social+Market+Palembang/data=!4m7!3m6!1s0x2e3b779c8aa7e395:0x38255463cd3f0d0f!8m2!3d-2.9757252!4d104.7665259!16s%2Fg%2F11rdcbs66j!19sChIJleOnipx3Oy4RDw0_zWNUJTg?authuser=0&hl=id&rclk=1","Kopi Kenangan - Social Market Palembang","4,3","(81)","Kedai Kopi","·","Jl. Veteran No.999","Buka","· Tutup pukul 22.00","https://lh3.googleusercontent.com/gps-cs-s/APNQkAH7e0IwZhzE4cA4tksNjOVID8EEGxH-xd4R_dJQknZTdG4VPef3oLRw43qgtxg445eGT62ZqsuxzmIPMq0nO6NTuaUHPPN2HcOEzvJJivrjsS3davMcdVQuhqmPTIZVHkS34B4-EgVd-utg=w80-h106-k-no","https://ssl.gstatic.com/local/servicebusiness/default_user.png","""makanannya enak, pelayanannya bagus, suasananya juga baik""","https://www.google.com/searchviewer/42?cvd=CLw_EicKJeICIjIgEhkiF9LX29IPEQoNL2cvMTFyZGNiczY2ahgBOgMI8A0%3D&hl=id-ID&gl=id&fo_m=MfohQo559jFvMUOzJVpjPL1YMfZ3bInYwBDuMfaXTPp5KXh-&utm_source=tactile&gei=PJz4aZybGZqNnesPpP3ZoQQ&ei=PJz4aZybGZqNnesPpP3ZoQQ&fo_s=OA&opi=79508299&orderType=1&ebb=1&cs=0&foub=mcpp","Pesan online","","","","·","Rp 25–50 rb"
"https://www.google.com/maps/place/Kong+Djie+Coffee+Palembang/data=!4m7!3m6!1s0x2e3b760dc6b0f95f:0x3ed7832e269eb7b7!8m2!3d-2.9801031!4d104.7621177!16s%2Fg%2F11fx8zdjht!19sChIJX_mwxg12Oy4Rt7eeJi6D1z4?authuser=0&hl=id&rclk=1","Kong Djie Coffee Palembang","4,5","(257)","Kafe","·","Jl. Dempo Dalam No.918C","Tutup","· Buka Sel pukul 07.00","https://lh3.googleusercontent.com/gps-cs-s/APNQkAECRLtVyay1rz1eqA9mH8Voun-9bwhBnaf6fXg0EV_RgVaPUFqOSnm6MJpfg8b_b-_Dg5srJQJuLINOhbpu6OXEWmIqoVr56MWZFH6wvoAKo7gmpQXJambBxwSN0v6PYqsCNqtEkg=w122-h92-k-no","https://ssl.gstatic.com/local/servicebusiness/default_user.png","""Pelayanan bagus, harga terjangkau, makanannya jg lumayan enak.""","","","","","","·","Rp 25–50 rb"
"https://www.google.com/maps/place/Kedai+Sungi+Makmur+%28KESUMA%29+Palembang/data=!4m7!3m6!1s0x2e3b77b531b1282f:0xe44f17423567bbf6!8m2!3d-2.9898604!4d104.7637737!16s%2Fg%2F11x6qn4w5c!19sChIJLyixMbV3Oy4R9rtnNUIXT-Q?authuser=0&hl=id&rclk=1","Kedai Sungi Makmur (KESUMA) Palembang","5,0","(630)","Restoran","·","Pelataran Dermaga, Jl. Ps. 16 Ilir, 16 Ilir, Kec. Ilir Tim. I","Buka","· Tutup pukul 00.00","https://lh3.googleusercontent.com/gps-cs-s/APNQkAHyUX_wG-jbxTkDIXFjZMv0OO4_4-7Q7Bh7MLuqEFJf8ACf5tdZyaWGLRCnb-ztVBXG9l_RjSIlmOXI1FsHFm2E1UfufZ7cBjNM1upzLqRvYgJkcTJTzIZxbemhJlUm07Xdj5LI-ol08sMx=w80-h142-k-no","https://ssl.gstatic.com/local/servicebusiness/default_user.png","""tempat yg astatic minuman dan makanan nya juga enak harga terjangkau""","","","","","","·","Rp 25–50 rb"
"https://www.google.com/maps/place/Kopi+Piko+15+ilir/data=!4m7!3m6!1s0x2e3b77547c89b77b:0x28e52a71bbf8d446!8m2!3d-2.9821933!4d104.762747!16s%2Fg%2F11jm1rvmvh!19sChIJe7eJfFR3Oy4RRtT4u3Eq5Sg?authuser=0&hl=id&rclk=1","Kopi Piko 15 ilir","4,8","(40)","Kedai Kopi","·","Jl. Lematang No.574","Tutup","· Buka Sel pukul 08.00","https://lh3.googleusercontent.com/gps-cs-s/APNQkAHSrq96gpCq3BGPtj4pGf9jJNradHyvYz1XeFwUF4puBiQX26VWbyKkNzlqxGWtFC6oDKCHJCOYiTMToZ-g6yS2ADCzoF5CCA8SRtptBDzRJ37FgVlO0VD-bOAz7v9BKste7yg=w92-h92-k-no","https://ssl.gstatic.com/local/servicebusiness/default_user.png","""Robusta ny top Authentic, arabika ny jg Juara""","https://www.google.com/searchviewer/42?cvd=CLw_EicKJeICIjIgEhkiF9LX29IPEQoNL2cvMTFqbTFydm12aBgBOgMI8A0%3D&hl=id-ID&gl=id&fo_m=MfohQo559jFvMUOzJVpjPL1YMfZ3bInYwBDuMfaXTPp5KXh-&utm_source=tactile&gei=PJz4aZybGZqNnesPpP3ZoQQ&ei=PJz4aZybGZqNnesPpP3ZoQQ&fo_s=OA&opi=79508299&orderType=1&ebb=1&cs=0&foub=mcpp","Pesan online","","","","",""
"https://www.google.com/maps/place/Kedai+kopi+jomo/data=!4m7!3m6!1s0x2e3b75f7b4ddc6e7:0x9c55ccc1e7a11685!8m2!3d-2.9837948!4d104.7567292!16s%2Fg%2F11rn7s2wc_!19sChIJ58bdtPd1Oy4RhRah58HMVZw?authuser=0&hl=id&rclk=1","Kedai kopi jomo","4,8","(28)","Kedai Kopi","·","Jl. Letkol Iskandar Jl. Sekolah","Buka","· Tutup pukul 23.00","https://lh3.googleusercontent.com/gps-cs-s/APNQkAESew5SsBq-qomPF9RGIrB7ZD0rg1qxPvtfyrqIhr1xKr2yt1kWQR4cri0emqz43GSmqA3NgwYY0eUrtes01vOttsCXSUohJSGUhfgYm4cHFGsgEkBTUEjNVPBNmJ3Hl4VF4qB67w=w80-h106-k-no","https://ssl.gstatic.com/local/servicebusiness/default_user.png","""Makanan nya enak,tmpt nya bagus seperti dirumah sendiri ,""","","","","","","·","Rp 1–25.000"
"https://www.google.com/maps/place/Toby%27s+Estate+Palembang+Indah+Mall/data=!4m7!3m6!1s0x2e3b77383ab1c38f:0x13a28fc75cda117b!8m2!3d-2.9847876!4d104.7542919!16s%2Fg%2F11tsjl3x4d!19sChIJj8OxOjh3Oy4RexHaXMePohM?authuser=0&hl=id&rclk=1","Toby's Estate Palembang Indah Mall","4,9","(1.506)","Kedai Kopi","·","Jl. Letkol Iskandar No.18","Buka","· Tutup pukul 22.00","https://lh3.googleusercontent.com/gps-cs-s/APNQkAFL7JKw-JCCB7L0jk5wseYh3jgCerfSGkgrbjqhhMBs0-rlF2TBeBYRZ4Zue62aiDkc40pLiVkCu67H18_0VA2Vej6L7fRe2vxhEQ16dtEpnQHyXnpjlPLyrVz-ZR6D_xIU=w94-h92-k-no","https://ssl.gstatic.com/local/servicebusiness/default_user.png","""Makanannya enak, tempatnya cozy n aesthetic, service nya memuaskan""","https://www.google.com/searchviewer/42?cvd=CLw_EicKJeICIjIgEhkiF9LX29IPEQoNL2cvMTF0c2psM3g0ZBgBOgMI8A0%3D&hl=id-ID&gl=id&fo_m=MfohQo559jFvMUOzJVpjPL1YMfZ3bInYwBDuMfaXTPp5KXh-&utm_source=tactile&gei=Rpz4adP6G8ncseMP_4byoAk&ei=Rpz4adP6G8ncseMP_4byoAk&fo_s=OA&opi=79508299&orderType=1&ebb=1&cs=0&foub=mcpp","Pesan online","","","","",""
"https://www.google.com/maps/place/The+Forest+Cafe+%26+Resto+Palembang/data=!4m7!3m6!1s0x2e3b77c0f1f57f99:0x94ff5a9f95a44c21!8m2!3d-2.9478378!4d104.7656688!16s%2Fg%2F11lm172m8x!19sChIJmX_18cB3Oy4RIUyklZ9a_5Q?authuser=0&hl=id&rclk=1","The Forest Cafe & Resto Palembang","4,4","(2.023)","Restoran","·","Jl. Seduduk Putih No.mor 138","Buka","· Tutup pukul 23.00","https://lh3.googleusercontent.com/gps-cs-s/APNQkAFj90DKQrChBTKvceilnz3YtQsiYMQmb0zGQWxrON4GlpWTdRyazhXDsnwR3aZFXEA24uCI3uatQoGv0WASqw8kqVzV9OI8NwVTfx4LrlsJPd9xoJafe95hwEdJwlMmaPhZwqW-=w122-h92-k-no","https://ssl.gstatic.com/local/servicebusiness/default_user.png","""Tempat nya nyaman, makanan enak dan relatif murah""","","","","","","·","$$"
"https://www.google.com/maps/place/NAKA+SIGNATURE/data=!4m7!3m6!1s0x2e3b7508da0f56a1:0x8b64644ca138db6d!8m2!3d-2.9862112!4d104.7381018!16s%2Fg%2F11wfmjh670!19sChIJoVYP2gh1Oy4Rbds4oUxkZIs?authuser=0&hl=id&rclk=1","NAKA SIGNATURE","4,7","(941)","Kafe","·","Jl. Riau No.6","Buka 24 jam","","https://lh3.googleusercontent.com/gps-cs-s/APNQkAHSM9ewOrAe1GHEeIQ4_UKPiblKfMa3pvls8FvziUMqsTgv0cUoKK_3eWuE27PSkRlL23n-B5TiPKPKHYxPUIItczDqGINuYOcL0KrVJ3SL29iTj1vKnGntvlAVwLLQnlsXm9C0EZA2Q-Y=w80-h106-k-no","https://ssl.gstatic.com/local/servicebusiness/default_user.png","""harga makanan standar dan cukup terjangkau, ambiance nya oke banget!""","","","","","","·","Rp 25–50 rb"
"https://www.google.com/maps/place/Kedai+Gemini/data=!4m7!3m6!1s0x2e3b760e65ac5ac9:0x2b1cb3083841b61f!8m2!3d-2.9819024!4d104.7615464!16s%2Fg%2F11fzw3y_kf!19sChIJyVqsZQ52Oy4RH7ZBOAizHCs?authuser=0&hl=id&rclk=1","Kedai Gemini","4,5","(100)","Restoran","·","2Q96+6JM, Jl. Semeru","Buka","· Tutup pukul 22.00","https://lh3.googleusercontent.com/gps-cs-s/APNQkAEVdY_ekIBfvIvyER89k6UufVwcVtMS3WmKY7jv71TjCq55777_3wMRfP92XrnsE-88ecMp1iYjDtmhJmL4kAY3sFEM2dMJMalecyleHPzEzlyqIrxZrm2NPY8KgBERwPhwWo1y=w122-h92-k-no","https://ssl.gstatic.com/local/servicebusiness/default_user.png","""Chinese food, gurame asam manis, fuyunghai, pare kuah, rekomendasi.""","","","","","","·","Rp 50–75 rb"
"https://www.google.com/maps/place/Kedai+kasih/data=!4m7!3m6!1s0x2e3b7700744fdc1f:0x46a568243b4efa0a!8m2!3d-2.984565!4d104.7608642!16s%2Fg%2F11y44v84j4!19sChIJH9xPdAB3Oy4RCvpOOyRopUY?authuser=0&hl=id&rclk=1","Kedai kasih","4,6","(74)","Indonesia","·","Jl. Kolonel Atmo No.754","Buka","· Tutup pukul 22.00","https://lh3.googleusercontent.com/gps-cs-s/APNQkAEbD80orCz-HfZ9bGO_CIr4qzbw1EISPY-OKyWz_0zBkvUrOeh5gSiYx8GzGK9UNmmdYeWowTM_lJB3Qs1bn5HZXZzwE-0g7NejysevYQVVhHW_7DsyRzLApXcuoNKam5j_6yeC=w122-h92-k-no","https://ssl.gstatic.com/local/servicebusiness/default_user.png","""full daging
ceker ayam 6.8/10
udang rambutan 7.9/10 |""","","","","","","·","Rp 50–75 rb"
"https://www.google.com/maps/place/Chatime+-+Dempo+Palembang/data=!4m7!3m6!1s0x2e3b773b5ab9611f:0xc46191069cdcb9dc!8m2!3d-2.980509!4d104.7635271!16s%2Fg%2F11nrvj15ys!19sChIJH2G5Wjt3Oy4R3LncnAaRYcQ?authuser=0&hl=id&rclk=1","Chatime - Dempo Palembang","4,9","(647)","Restoran","·","Jl. Lingkaran 1 No.793","Buka","· Tutup pukul 22.00","https://lh3.googleusercontent.com/gps-cs-s/APNQkAFtWy-Euz-zNb4Co-WuSV6g3QCt2U2kSwvBRu8NSqzne4FP0AW5-4JyQ6ubhmR_ZR6te9WhY3MD3F3eKTwSiWxoeig3ZOisJq7A0yV5OAuYdcWyct_PLCKG16Gy-Dc9i2mB5Nu0=w122-h92-k-no","https://ssl.gstatic.com/local/servicebusiness/default_user.png","""Banyak promo, bisa nyantai sambil makan dan minum, mana enak pula""","https://www.google.com/searchviewer/42?cvd=CLw_EicKJeICIjIgEhkiF9LX29IPEQoNL2cvMTFucnZqMTV5cxgBOgMI8A0%3D&hl=id-ID&gl=id&fo_m=MfohQo559jFvMUOzJVpjPL1YMfZ3bInYwBDuMfaXTPp5KXh-&utm_source=tactile&gei=Rpz4adP6G8ncseMP_4byoAk&ei=Rpz4adP6G8ncseMP_4byoAk&fo_s=OA&opi=79508299&orderType=1&ebb=1&cs=0&foub=mcpp","Pesan online","","","","",""
"https://www.google.com/maps/place/Koppi+Kitchen+Palembang/data=!4m7!3m6!1s0x2e3b751aae5686f7:0xef1cc30d9963d14c!8m2!3d-2.9925596!4d104.7514605!16s%2Fg%2F11p677_518!19sChIJ94ZWrhp1Oy4RTNFjmQ3DHO8?authuser=0&hl=id&rclk=1","Koppi Kitchen Palembang","4,6","(1.116)","Kedai Kopi","·","·","Buka","· Tutup pukul 22.30","https://lh3.googleusercontent.com/gps-cs-s/APNQkAG-DBWZnEkslEX3vGoXqK122eJ2e8Ho84rI-LaCQMHhUFGswvRKZUkoNItD5r2hawPFvIe0aLaKJpIeKE0h6xweaPc-IxXo-3k-iWrrZtcx3wBg0IwcUHiiqskX3UIwTvUXIHliZw=w122-h92-k-no","https://ssl.gstatic.com/local/servicebusiness/default_user.png","""Makanan dan minuman disini harga nya berkualitas dan rasanya juga enak.""","https://www.google.com/searchviewer/42?cvd=CLw_EicKJeICIjIgEhkiF9LX29IPEQoNL2cvMTFwNjc3XzUxOBgBOgMI8A0%3D&hl=id-ID&gl=id&fo_m=MfohQo559jFvMUOzJVpjPL1YMfZ3bInYwBDuMfaXTPp5KXh-&utm_source=tactile&gei=Rpz4adP6G8ncseMP_4byoAk&ei=Rpz4adP6G8ncseMP_4byoAk&fo_s=OA&opi=79508299&orderType=1&ebb=1&cs=0&foub=mcpp","Pesan online","","","Jl. Joko No.54","·","Rp 25–50 rb"
"https://www.google.com/maps/place/Kedai+318/data=!4m7!3m6!1s0x2e3b760cb66e9a25:0x4e71a8853ec6b33a!8m2!3d-2.9766521!4d104.7592719!16s%2Fg%2F11b76jsvsr!19sChIJJZputgx2Oy4ROrPGPoWocU4?authuser=0&hl=id&rclk=1","Kedai 318","4,6","(217)","China","·","·","Tutup","· Buka Rab pukul 06.00","https://lh3.googleusercontent.com/gps-cs-s/APNQkAFSiS7F7wp8-ExdzswMEvuBAGRoPsEAyxKmwV8NUisvhAdokVYHLMhNYsK-mSwpX7vPj72BuMXFtrxzluoSERh2LJbFnbcQJof_2od7217z5QT6S3BJz9TE9bqoXUCTkgTj9aTl=w122-h92-k-no","https://ssl.gstatic.com/local/servicebusiness/default_user.png","""Untuk pertama kali saya makan","https://www.google.com/searchviewer/42?cvd=CLw_EicKJeICIjIgEhkiF9LX29IPEQoNL2cvMTFiNzZqc3ZzchgBOgMI8A0%3D&hl=id-ID&gl=id&fo_m=MfohQo559jFvMUOzJVpjPL1YMfZ3bInYwBDuMfaXTPp5KXh-&utm_source=tactile&gei=Rpz4adP6G8ncseMP_4byoAk&ei=Rpz4adP6G8ncseMP_4byoAk&fo_s=OA&opi=79508299&orderType=1&ebb=1&cs=0&foub=mcpp","Pesan online","","","Jl. Menumbing No.175","·","Rp 50–75 rb"
"https://www.google.com/maps/place/KEDAI+GENDING/data=!4m7!3m6!1s0x2e3b777b19f68b85:0x1120a4004fe9bd8e!8m2!3d-2.973268!4d104.7599365!16s%2Fg%2F11qrvct929!19sChIJhYv2GXt3Oy4Rjr3pTwCkIBE?authuser=0&hl=id&rclk=1","KEDAI GENDING","4,8","(21)","Kedai Kopi","·","Jl. Mayor Ruslan No.1197","","","https://lh3.googleusercontent.com/gps-cs-s/APNQkAEG74rJXmWAWGm2pD0_ocukyfVpM97-cRks9s-LuqJe1vqxNu2S5Lppae_2mqyk-pWpeXQWHKdpSj8C7bmd_fheYR7c11oC-xCT_DM2chcQsSIjK2dz5WKeClm2cjP5mKyB6DVr=w163-h92-k-no","https://ssl.gstatic.com/local/servicebusiness/default_user.png","""Tempat Makan dan ada live musik nya""","","","","","","",""
"https://www.google.com/maps/place/Kedai+kopi+AWAL/data=!4m7!3m6!1s0x2e3b7721774f38a7:0xc6fc7acba665a19d!8m2!3d-2.9805149!4d104.7539309!16s%2Fg%2F11fvlkwqbx!19sChIJpzhPdyF3Oy4RnaFlpst6_MY?authuser=0&hl=id&rclk=1","Kedai kopi AWAL","5,0","(45)","Kafe","·","Jl. Letnan Jaimas No.741","Buka","· Tutup pukul 22.00","https://lh3.googleusercontent.com/gps-cs-s/APNQkAF2J2c5NHDwAXICIpGdoPDs0XaJ5-kf-EF0HwhG-4q-szQnjCKh-WhwSqP_3iL14Y-LLQE21Fg8RpQH8cml1bbcQl5tSuo1Mlkdy-ysGeKIWKpjwZpxpKs-vC_pazOsOAKfoyl9mmE84I8=w80-h142-k-no","https://ssl.gstatic.com/local/servicebusiness/default_user.png","""Favorite kami di sini roti awal, es coklat dan lemon grass-nya.""","https://www.google.com/searchviewer/42?cvd=CLw_EicKJeICIjIgEhkiF9LX29IPEQoNL2cvMTFmdmxrd3FieBgBOgMI8A0%3D&hl=id-ID&gl=id&fo_m=MfohQo559jFvMUOzJVpjPL1YMfZ3bInYwBDuMfaXTPp5KXh-&utm_source=tactile&gei=Rpz4adP6G8ncseMP_4byoAk&ei=Rpz4adP6G8ncseMP_4byoAk&fo_s=OA&opi=79508299&orderType=1&ebb=1&cs=0&foub=mcpp","Pesan online","","","","·","Rp 25–50 rb"
"https://www.google.com/maps/place/Kedai+B217AN/data=!4m7!3m6!1s0x2e3b77c87f59a40f:0xc5f94cfa94902424!8m2!3d-2.9679891!4d104.7680356!16s%2Fg%2F11r8jsnn4m!19sChIJD6RZf8h3Oy4RJCSQlPpM-cU?authuser=0&hl=id&rclk=1","Kedai B217AN","4,6","(33)","Kedai Kopi","·","Jl. Bangau No.15b","Segera tutup","· 20.30 · Buka Sel pukul 07.30","https://lh3.googleusercontent.com/gps-cs-s/APNQkAExRWSDBK-8X_jwRbm0mKtVmx-QJUIQ7cxGmcQQXN1l8noXov_ZG3nFn1Xs037BaD8Nv0V5H0Rj5P6RjbghAXcHx4w3zbCHXXKQnKHlW0U_RhAYpL4-r6tRj38iq9BZltqnyNe-=w122-h92-k-no","https://ssl.gstatic.com/local/servicebusiness/default_user.png","""Banyak yg mesen d shope food""","","","","","","",""
"https://www.google.com/maps/place/Kedai+Kopi+7+Kambang+Iwak/data=!4m7!3m6!1s0x2e3b751968711161:0x4dd54c9218da8d92!8m2!3d-2.9901792!4d104.7449053!16s%2Fg%2F11kbp4n172!19sChIJYRFxaBl1Oy4Rko3aGJJM1U0?authuser=0&hl=id&rclk=1","Kedai Kopi 7 Kambang Iwak","4,4","(875)","Kedai Kopi","·","Jl. Indra No.17","Buka","· Tutup pukul 22.00","https://lh3.googleusercontent.com/gps-cs-s/APNQkAGLXZcvBOntsrz_8_9HIxjJdd9aY88ZFOAGrod8hGZpgM3VTWY7U2vYkroIXDqmxztS9kPULOsyDj89WKLJQuYi9Ag8inU2zRd0ET-_E-8yBc0veN4P97W3SA5iOuuTeYROj-1XYA=w122-h92-k-no","https://ssl.gstatic.com/local/servicebusiness/default_user.png","""Tempatnya luas, makanannya enak, harga masih reasonable""","https://www.google.com/searchviewer/42?cvd=CLw_EicKJeICIjIgEhkiF9LX29IPEQoNL2cvMTFrYnA0bjE3MhgBOgMI8A0%3D&hl=id-ID&gl=id&fo_m=MfohQo559jFvMUOzJVpjPL1YMfZ3bInYwBDuMfaXTPp5KXh-&utm_source=tactile&gei=Rpz4adP6G8ncseMP_4byoAk&ei=Rpz4adP6G8ncseMP_4byoAk&fo_s=OA&opi=79508299&orderType=1&ebb=1&cs=0&foub=mcpp","Pesan online","","","","·","Rp 50–75 rb"
"https://www.google.com/maps/place/Harum+Sari+%28Kopi+Bo+Eng%29/data=!4m7!3m6!1s0x2e3b760beaba8d2d:0x81beb90ef00fab2d!8m2!3d-2.9799871!4d104.7565468!16s%2Fg%2F11c0rnpnbf!19sChIJLY266gt2Oy4RLasP8A65voE?authuser=0&hl=id&rclk=1","Harum Sari (Kopi Bo Eng)","4,7","(457)","Kedai Kopi","·","·","Tutup","· Buka Sel pukul 05.30","https://lh3.googleusercontent.com/gps-cs-s/APNQkAGUXwNHTKKonQYqszIeKrJ_p3B9aaP52S-B6QSDfG0CRfSZj1srumG52c1TP-0M514nWlpobwh8NY9k81CkIxxQgIDp7vzKQYMqUGUaomtwn3m-tHHhK53UDQRVSJAgL6Glb8y9Ug=w122-h92-k-no","https://ssl.gstatic.com/local/servicebusiness/default_user.png","""Tempat makan legend di kota","","","","","Jl. Kolonel Atmo No.9","·","Rp 25–50 rb"
"https://www.google.com/maps/place/Kedai+178/data=!4m7!3m6!1s0x2e3b760c2a2ad785:0xb2c8f7ab15625498!8m2!3d-2.9809024!4d104.7614036!16s%2Fg%2F11c6057wb9!19sChIJhdcqKgx2Oy4RmFRiFav3yLI?authuser=0&hl=id&rclk=1","Kedai 178","4,6","(88)","Brunch","·","·","Tutup","· Buka Sel pukul 06.30","https://lh3.googleusercontent.com/gps-cs-s/APNQkAFSiys6UeDPpluJRBMBcfvIUkHRjFHCxq8JijHQSlictsjRXNa9C830spN0iS3QQabx3ye06MExU76ud0YCN-BxnfbPAWVK5dfQa-byi8otCAivhvF-MMnqXxHU53FmIS01jwXSUg=w163-h92-k-no","https://ssl.gstatic.com/local/servicebusiness/default_user.png","""murah & enak
banyak pilihan makanannya""","","","","","Jl. Dempo Luar No.706","·","Rp 1–25.000"
"https://www.google.com/maps/place/WARKOP+AGAM+RADIAL+PALEMBANG+SPESIAL+BANGLADESH+ASLI+MEDAN/data=!4m7!3m6!1s0x2e3b75a0fc76855f:0x9acc9852f388a840!8m2!3d-2.9815132!4d104.7479352!16s%2Fg%2F11v3_vg54l!19sChIJX4V2_KB1Oy4RQKiI81KYzJo?authuser=0&hl=id&rclk=1","WARKOP AGAM RADIAL PALEMBANG SPESIAL BANGLADESH ASLI MEDAN","4,9","(5.828)","Kedai Kopi","·","·","Buka 24 jam","","https://lh3.googleusercontent.com/gps-cs-s/APNQkAFw-hHmnvyihp_q0cnSbsVYm32ATVQsbWtD-42Pv5WszGCe21PpV1J_IvKH-amRXs_p1WuI2lR0Q7AxetBC0bL_flCJFy13vWV6HfIQpM0Y1PndjN142LKfWajIfSN1SVtEB8uWcw=w122-h92-k-no","https://ssl.gstatic.com/local/servicebusiness/default_user.png","""Makanannya enak, harga terjangkau dan ada live musik yg asik""","https://www.google.com/searchviewer/42?cvd=CLw_EicKJeICIjIgEhkiF9LX29IPEQoNL2cvMTF2M192ZzU0bBgBOgMI8A0%3D&hl=id-ID&gl=id&fo_m=MfohQo559jFvMUOzJVpjPL1YMfZ3bInYwBDuMfaXTPp5KXh-&utm_source=tactile&gei=Rpz4adP6G8ncseMP_4byoAk&ei=Rpz4adP6G8ncseMP_4byoAk&fo_s=OA&opi=79508299&orderType=1&ebb=1&cs=0&foub=mcpp","Pesan online","","","Didepan hotel santika radial, Jl. Radial No.36","·","Rp 25–50 rb"
"https://www.google.com/maps/place/Jus+Atun+%28DEMPO%29+Palembang/data=!4m7!3m6!1s0x2e3b770073b46927:0xfe61a67a250f38!8m2!3d-2.9812916!4d104.7625978!16s%2Fg%2F11vrr7g_4_!19sChIJJ2m0cwB3Oy4ROA8leqZh_gA?authuser=0&hl=id&rclk=1","Jus Atun (DEMPO) Palembang","4,8","(371)","Jus","·","Jl. Dempo Luar No.386","Buka","· Tutup pukul 21.30","https://lh3.googleusercontent.com/gps-cs-s/APNQkAFIMBqShJLpTMndPUSCrcpklxSeY0UiY0Sex1draVBeJJ_YoFisGcfLiGbgo0f82tepam8Pbn6oZsfugL4Qh7d1Ii_6sideExZ5-g4Xp8txot2YAXlIKmApUpUmCSZNNF3O=w122-h92-k-no","https://ssl.gstatic.com/local/servicebusiness/default_user.png","""Jusnya enak, segar dan harga murah meriah recomend  yuk di coba""","https://www.google.com/searchviewer/42?cvd=CLw_EicKJeICIjIgEhkiF9LX29IPEQoNL2cvMTF2cnI3Z180XxgBOgMI8A0%3D&hl=id-ID&gl=id&fo_m=MfohQo559jFvMUOzJVpjPL1YMfZ3bInYwBDuMfaXTPp5KXh-&utm_source=tactile&gei=Rpz4adP6G8ncseMP_4byoAk&ei=Rpz4adP6G8ncseMP_4byoAk&fo_s=OA&opi=79508299&orderType=1&ebb=1&cs=0&foub=mcpp","Pesan online","","","","·","Rp 1–25.000"
"https://www.google.com/maps/place/Kedai+Kopi+%26+Mie+Sapi+Ladhidh+17/data=!4m7!3m6!1s0x2e3b7750464d5279:0x51c68bcb28b46565!8m2!3d-2.9755474!4d104.7655766!16s%2Fg%2F11h4gq7p2y!19sChIJeVJNRlB3Oy4RZWW0KMuLxlE?authuser=0&hl=id&rclk=1","Kedai Kopi & Mie Sapi Ladhidh 17","4,7","(52)","Kedai Kopi","·","Jl. Veteran No.932","Tutup","· Buka Sel pukul 06.00","https://lh3.googleusercontent.com/gps-cs-s/APNQkAFsXZAtR-MVCfsyJOs3rtOAN0GBlmrl5MZrIQ0V7xrRYu-WBy5VyLFjkdZxh-L0lb0lQ8mRVd8PGllQvVTwLQMqbg5pJ-8wwxMHlJytJ0UsKYGb4dgedfW-EV4_jWxARJLCHesU=w80-h142-k-no","https://ssl.gstatic.com/local/servicebusiness/default_user.png","""Mie nya unik, kopi nya wangi, harga oke""","https://www.google.com/searchviewer/42?cvd=CLw_EicKJeICIjIgEhkiF9LX29IPEQoNL2cvMTFoNGdxN3AyeRgBOgMI8A0%3D&hl=id-ID&gl=id&fo_m=MfohQo559jFvMUOzJVpjPL1YMfZ3bInYwBDuMfaXTPp5KXh-&utm_source=tactile&gei=Rpz4adP6G8ncseMP_4byoAk&ei=Rpz4adP6G8ncseMP_4byoAk&fo_s=OA&opi=79508299&orderType=1&ebb=1&cs=0&foub=mcpp","Pesan online","","","","·","Rp 25–50 rb"
"https://www.google.com/maps/place/Kedai+Veteran+Street/data=!4m7!3m6!1s0x2e3b77fd72659105:0x556720e7b1ba645d!8m2!3d-2.9758007!4d104.7703708!16s%2Fg%2F11s75d3v8r!19sChIJBZFlcv13Oy4RXWS6secgZ1U?authuser=0&hl=id&rclk=1","Kedai Veteran Street","4,9","(22)","Sesuai untuk keluarga","·","2QFC+M4H, Jl. Veteran","Tutup","· Buka Sel pukul 10.00","https://lh3.googleusercontent.com/gps-cs-s/APNQkAF2mzAijia8_Z91n9Pd_q7-AdkxN6hO0HhLmnWuyBPEOvqpLVwHmk7gI3zVUGSZXH27FH3OsCnLb5c8gxsvHnDVA8ZFDneKZC5RS-pmV8erSyw6rMnBaKsf7M7EWlDBJdib9tQL0g=w163-h92-k-no","https://ssl.gstatic.com/local/servicebusiness/default_user.png","""Tempat yang nyaman utk makan dan minum.. Harga sangat terjangkau""","","","","","","·","Rp 25–50 rb"
"https://www.google.com/maps/place/POINT+COFFEE+JENDRAL+SUDIRMAN+3+PALEMBANG/data=!4m7!3m6!1s0x2e3b7722d3f35847:0x8b0cb8914ba7b9ec!8m2!3d-2.9848682!4d104.7591556!16s%2Fg%2F11h58cj60j!19sChIJR1jz0yJ3Oy4R7LmnS5G4DIs?authuser=0&hl=id&rclk=1","POINT COFFEE JENDRAL SUDIRMAN 3 PALEMBANG","4,6","(192)","Kedai Kopi","·","","Buka 24 jam","","https://lh3.googleusercontent.com/gps-cs-s/APNQkAGVn8O_rW6PQBkElkOClMZPvHabORWetW5MpHwixjmiV4SpHxkLxOsrJlLm8HoDD-2DNpPzYyWjwGf7U_vfuRketCg5cPt8OmHwgE6ahjdT4qbhUMhzWmkxQGrrknLKBADeTDgz=w122-h92-k-no","https://ssl.gstatic.com/local/servicebusiness/default_user.png","""Kopi berkualitas dgn harga yg murah.. top!""","https://www.google.com/searchviewer/42?cvd=CLw_EicKJeICIjIgEhkiF9LX29IPEQoNL2cvMTFoNThjajYwahgBOgMI8A0%3D&hl=id-ID&gl=id&fo_m=MfohQo559jFvMUOzJVpjPL1YMfZ3bInYwBDuMfaXTPp5KXh-&utm_source=tactile&gei=Rpz4adP6G8ncseMP_4byoAk&ei=Rpz4adP6G8ncseMP_4byoAk&fo_s=OA&opi=79508299&orderType=1&ebb=1&cs=0&foub=mcpp","Pesan online","","","","·","Rp 25–50 rb"
"https://www.google.com/maps/place/Nagara+Cafe+%26+Eatery/data=!4m7!3m6!1s0x2e3b75e8df25373f:0x6a470fedae9e6b82!8m2!3d-2.9878986!4d104.742745!16s%2Fg%2F11w7gd09tz!19sChIJPzcl3-h1Oy4Rgmueru0PR2o?authuser=0&hl=id&rclk=1","Nagara Cafe & Eatery","4,8","(2.929)","Kafe","·","Jl. Telaga","Buka","· Tutup pukul 00.00","https://lh3.googleusercontent.com/gps-cs-s/APNQkAHDuf7kS8FhKnL_ygLp11-XEpURVuRUqBRLQQUKPG4RbgBCeZm9qrPAX1uj2RoRF8_vFOUcE2Kj0MWEtpzZxVHiSi9qCARsCCMl2xAtPV1afiTZ3IzsamAgqg5N3n5uOzuV3p_A8DnbPGH5=w80-h106-k-no","https://ssl.gstatic.com/local/servicebusiness/default_user.png","""Makanannya juga enak dan harganya masih terjangkau 👍🏻""","","","","","","·","Rp 25–50 rb"