"hfpxzc href","qBF1Pd","MW4etd","UY7F9","AJB7ye","AJB7ye 2","W4Efsd","W4Efsd 2","W4Efsd 3","W4Efsd 4","W4Efsd 5","FQ2IWe src","Jn12ke src","ah5Ghc","A1zNzb href","J8zHNe","bbPy1","W4Efsd 6","ah5Ghc 2","ah5Ghc 3","doJOZc"
"","","","","","","","","","","","","","","","","","","","",""
"","","","","","","","","","","","","","","","","","","","",""
"https://www.google.com/maps/place/Almaz+Fried+Chicken+Palembang/data=!4m7!3m6!1s0x2e3b77002a58ab07:0x827ffde5452e7fc4!8m2!3d-2.9468373!4d104.7677577!16s%2Fg%2F11x0nrvdhn!19sChIJB6tYKgB3Oy4RxH8uReX9f4I?authuser=0&hl=id&rclk=1","Almaz Fried Chicken Palembang","4,9","(2.618)","·","Rp 25–50 rb","Makanan Siap Saji","·","Jl. MP Mangkunegara No.4c","Buka","· Tutup pukul 22.00","https://lh3.googleusercontent.com/gps-cs-s/APNQkAH9opKP85OuWaD4d7847pxhlzCMCO4CHP93sYYMf2rE7tdM3RHKM0iHHbNQFgP451PEee-CekMQdbHBH6K0HL-xz_a4I8Bfm8QUPN55OZsDF4NptpPXFXs8YYxgWrjyVd_7deqtkLcrXajG=w163-h92-k-no","https://ssl.gstatic.com/local/servicebusiness/default_user.png","""Tempatnya enak nyaman, makanannya enak dan harga terjangkau""","","","","","","",""
"https://www.google.com/maps/place/Richeese+Factory+Sumpah+Pemuda+Palembang/data=!4m7!3m6!1s0x2e3b750d3844cb73:0x29f50f6dde8951d3!8m2!3d-2.9739336!4d104.7385952!16s%2Fg%2F11h4bypl19!19sChIJc8tEOA11Oy4R01GJ3m0P9Sk?authuser=0&hl=id&rclk=1","Richeese Factory Sumpah Pemuda Palembang","4,5","(2.478)","·","$$","Makanan Siap Saji","·","Jl. Sumpah Pemuda No.02","Buka 24 jam","","https://lh3.googleusercontent.com/gps-cs-s/APNQkAER9Ue1-G1ry3p_sVs-0Ucbyzw4wWiDVwWJ92caxnqz69gxtbDWTpML4w6kZBMXKhj_3cOfOH9EHvNN2r3ZqWGi_h0C9k7oy2OKAkdLP6U7Gm4T8dgt94P-BS4Y0rRCGuUePWqV=w122-h92-k-no","https://ssl.gstatic.com/local/servicebusiness/default_user.png","""Enak dan nyaman, ayamnya juicy dan keju enak ya tebel""","https://www.google.com/searchviewer/42?cvd=CLw_EicKJeICIjIgEhkiF9LX29IPEQoNL2cvMTFoNGJ5cGwxORgBOgMI8A0%3D&hl=id-ID&gl=id&fo_m=MfohQo559jFvMUOzJVpjPL1YMfZ3bInYwBDuMfaXTPp5KXh-&utm_source=tactile&gei=2pz4aeT0MuiaseMPycTI-AI&ei=2pz4aeT0MuiaseMPycTI-AI&fo_s=OA&opi=79508299&orderType=1&ebb=1&cs=0&foub=mcpp","Pesan online","","","","",""
"https://www.google.com/maps/place/Se%27Indonesia+-+Sumpah+Pemuda+Palembang+%28Delivery+%26+Takeaway%29/data=!4m7!3m6!1s0x2e3b750034386fd9:0xd6affcc4b4bc04d!8m2!3d-2.9702971!4d104.7358156!16s%2Fg%2F11xsch23pj!19sChIJ2W84NAB1Oy4RTcBLS8z_ag0?authuser=0&hl=id&rclk=1","Se'Indonesia - Sumpah Pemuda Palembang (Delivery & Takeaway)","4,5","(186)","·","Rp 25–50 rb","Makanan Siap Saji","·","Jl. Angkatan 45","Buka 24 jam","","https://lh3.googleusercontent.com/gps-cs-s/APNQkAE2HF-ZONeLVfAbVjGNe-vvZUssvgq8dn1PvjLZ2RSUrKDGSUi-czlclT22phKJbNWrOyxA7mCoZUaoF9By5XxNEBYxfv-_EYkT4uHl3HO0pnl9eGQyeme1NGYjWOypysZpB5RaO3T4Z4Ac=w80-h106-k-no","https://ssl.gstatic.com/local/servicebusiness/default_user.png","""niceee bangettt, service nya cepettt, makan nya enak bgttt, good job🤍🤍🤍""","https://www.google.com/searchviewer/42?cvd=CLw_EicKJeICIjIgEhkiF9LX29IPEQoNL2cvMTF4c2NoMjNwahgBOgMI8A0%3D&hl=id-ID&gl=id&fo_m=MfohQo559jFvMUOzJVpjPL1YMfZ3bInYwBDuMfaXTPp5KXh-&utm_source=tactile&gei=2pz4aeT0MuiaseMPycTI-AI&ei=2pz4aeT0MuiaseMPycTI-AI&fo_s=OA&opi=79508299&orderType=1&ebb=1&cs=0&foub=mcpp","Pesan online","","","","",""
"https://www.google.com/maps/place/KFC+Bassilica+Palembang/data=!4m7!3m6!1s0x2e3b770e47c58bf9:0xeb19bfdd9f541ea5!8m2!3d-2.9482976!4d104.7852422!16s%2Fg%2F11dft0gb8g!19sChIJ-YvFRw53Oy4RpR5Un92_Ges?authuser=0&hl=id&rclk=1","KFC Bassilica Palembang","4,5","(1.862)","·","$$","Makanan Siap Saji","·","Jalan Brigjend Hasan Kasm Komplek 044, RW.009","Buka","· Tutup pukul 22.00","https://lh3.googleusercontent.com/gps-cs-s/APNQkAFufSeHNVbvFS0zpDLxbUI8l3JC6qxyHQ-VRJC4q15wF3nZfEatHbqZxMyfhTPaSKqrSKdSBe8A2NnN_rR-ubTc9WLAHBQG7kK1aFobyESUABnFwVjO2zbvLNCKh61bRujj8J2O=w163-h92-k-no","https://ssl.gstatic.com/local/servicebusiness/default_user.png","""Kadang kecil kadang gede😅

French fries 👉🏻 90 from 100. Yg hari ini enak.""","https://www.google.com/searchviewer/42?cvd=CLw_EicKJeICIjIgEhkiF9LX29IPEQoNL2cvMTFkZnQwZ2I4ZxgBOgMI8A0%3D&hl=id-ID&gl=id&fo_m=MfohQo559jFvMUOzJVpjPL1YMfZ3bInYwBDuMfaXTPp5KXh-&utm_source=tactile&gei=2pz4aeT0MuiaseMPycTI-AI&ei=2pz4aeT0MuiaseMPycTI-AI&fo_s=OA&opi=79508299&orderType=1&ebb=1&cs=0&foub=mcpp","Pesan online","","Franchise restoran ayam goreng","","",""
"https://www.google.com/maps/place/RM+Pagi+Sore+Basuki+Rahmat/data=!4m7!3m6!1s0x2e3b742cca3761f7:0xff007eba9a7056dd!8m2!3d-2.956622!4d104.7446143!16s%2Fg%2F1ptzy26ch!19sChIJ92E3yix0Oy4R3VZwmrp-AP8?authuser=0&hl=id&rclk=1","RM Pagi Sore Basuki Rahmat","4,5","(3.129)","·","$$","Padang","·","Jl. Jend. Basuki Rachmat No.43","Buka","· Tutup pukul 22.00","https://lh3.googleusercontent.com/gps-cs-s/APNQkAH4k0fGiJB8gC_Sgta85r_FOoX6qjeCViUUarTxhfumRD0pxffDhpt6ye8v947VA786gVr2_QKVfuNPjarsWcCigMLg9H4D0SDY2M-Fs6q2BYlA9M18G69hQVJvW7JCi7vU16Ne=w122-h92-k-no","https://ssl.gstatic.com/local/servicebusiness/default_user.png","""Tempatnya nyaman,","https://www.google.com/searchviewer/42?cvd=CLw_EiYKJOICITIfEhgiFtLX29IPEAoML2cvMXB0enkyNmNoGAE6AwjwDQ%3D%3D&hl=id-ID&gl=id&fo_m=MfohQo559jFvMUOzJVpjPL1YMfZ3bInYwBDuMfaXTPp5KXh-&utm_source=tactile&gei=2pz4aeT0MuiaseMPycTI-AI&ei=2pz4aeT0MuiaseMPycTI-AI&fo_s=OA&opi=79508299&orderType=1&ebb=1&cs=0&foub=mcpp","Pesan online","","Restoran dengan ruang AC dan non-AC","makanan","cukup enak, harga yang kurang enak.""",""
"https://www.google.com/maps/place/Baropi+Grill+Palembang+Square+Mall/data=!4m7!3m6!1s0x2e3b75e78d842f7b:0xb20b266b75502025!8m2!3d-2.9765086!4d104.7416518!16s%2Fg%2F11byckx7my!19sChIJey-Ejed1Oy4RJSBQdWsmC7I?authuser=0&hl=id&rclk=1","Baropi Grill Palembang Square Mall","4,6","(1.132)","·","Rp 75–100 rb","Restoran","·","·","Buka","· Tutup pukul 22.00","https://lh3.googleusercontent.com/gps-cs-s/APNQkAFtV4zn5tkQbQWqa3PCz0ywf7LYWIH-7wkcP4NOQq37MpZvjlHZIg__CgPtu3dDWydV0e1f4k1n9_i92iZ02T_rH4FLhAILapNk0WL8WoieX7OL9RThrZ2OM-kG1CfUHDrb8Z9oYA=w122-h92-k-no","https://ssl.gstatic.com/local/servicebusiness/default_user.png","""Rasa makananya enak dan menurut saya worth it dengan harga 100 ribuan.""","https://www.google.com/searchviewer/42?cvd=CLw_EicKJeICIjIgEhkiF9LX29IPEQoNL2cvMTFieWNreDdteRgBOgMI8A0%3D&hl=id-ID&gl=id&fo_m=MfohQo559jFvMUOzJVpjPL1YMfZ3bInYwBDuMfaXTPp5KXh-&utm_source=tactile&gei=2pz4aeT0MuiaseMPycTI-AI&ei=2pz4aeT0MuiaseMPycTI-AI&fo_s=OA&opi=79508299&orderType=1&ebb=1&cs=0&foub=mcpp","Pesan online","","Jalan POM IX Komp. Palembang Square Mall R150-153 Kelurahan","","",""
"https://www.google.com/maps/place/KFC+Merdeka+Palembang/data=!4m7!3m6!1s0x2e3b75fc40000001:0xbf7ad3c9c1b83bd8!8m2!3d-2.9903354!4d104.7482604!16s%2Fg%2F12ml2y40n!19sChIJAQAAQPx1Oy4R2Du4wcnTer8?authuser=0&hl=id&rclk=1","KFC Merdeka Palembang","4,5","(3.319)","·","Rp 25–50 rb","Makanan Siap Saji","·","Jl. Merdeka No.38, RT.023/RW.08","Buka 24 jam","","https://lh3.googleusercontent.com/gps-cs-s/APNQkAECp790dZoOeGeIGIozcHaRWFrnwbToaW0aufs0xsxtQO4g_ONFU4qPHgf9alQqfmnZ5jh-RiqSPhYrsgYbEEJA-Mok261QnTmAnmNMAQmN93llIZqNjP6BpYoPmWCTigTU0QDY2w=w122-h92-k-no","https://ssl.gstatic.com/local/servicebusiness/default_user.png","""Ditaburin bumbu bubuk (BBQ, balado, jagung bakar,dll).""","https://www.google.com/searchviewer/42?cvd=CLw_EiYKJOICITIfEhgiFtLX29IPEAoML2cvMTJtbDJ5NDBuGAE6AwjwDQ%3D%3D&hl=id-ID&gl=id&fo_m=MfohQo559jFvMUOzJVpjPL1YMfZ3bInYwBDuMfaXTPp5KXh-&utm_source=tactile&gei=2pz4aeT0MuiaseMPycTI-AI&ei=2pz4aeT0MuiaseMPycTI-AI&fo_s=OA&opi=79508299&orderType=1&ebb=1&cs=0&foub=mcpp","Pesan online","","Franchise restoran ayam goreng","","",""
"https://www.google.com/maps/place/Richeese+Factory+Sudirman+Palembang/data=!4m7!3m6!1s0x2e3b75db9af63a8f:0x1bc1ea2811339e92!8m2!3d-2.9688036!4d104.7496654!16s%2Fg%2F11v0kskfrx!19sChIJjzr2mtt1Oy4Rkp4zESjqwRs?authuser=0&hl=id&rclk=1","Richeese Factory Sudirman Palembang","4,5","(820)","·","$$","Makanan Siap Saji","·","Jl. Jend. Sudirman No.2841, RT.013/RW.05","Buka 24 jam","","https://lh3.googleusercontent.com/gps-cs-s/APNQkAFBVlQb-GPDZHuf2oi3TclDyWZdcsayFQefmxCpQor4NWJODZXiJZWx7ANjg8cZFW7hZaX1DoLSxx75-UVLfwJdBnb03xm9gLaWANvJ36AI_rcEWSGGYVmQ9kJPaCaAz4s5SK-l=w80-h142-k-no","https://ssl.gstatic.com/local/servicebusiness/default_user.png","""tempat nya bersih dan nyaman banget,","https://www.google.com/searchviewer/42?cvd=CLw_EicKJeICIjIgEhkiF9LX29IPEQoNL2cvMTF2MGtza2ZyeBgBOgMI8A0%3D&hl=id-ID&gl=id&fo_m=MfohQo559jFvMUOzJVpjPL1YMfZ3bInYwBDuMfaXTPp5KXh-&utm_source=tactile&gei=2pz4aeT0MuiaseMPycTI-AI&ei=2pz4aeT0MuiaseMPycTI-AI&fo_s=OA&opi=79508299&orderType=1&ebb=1&cs=0&foub=mcpp","Pesan online","","","makanan","nya enak bget""",""
"https://www.google.com/maps/place/KFC+Palembang+Square/data=!4m7!3m6!1s0x2e3b75dd7ca5532f:0x839703842e965014!8m2!3d-2.9756077!4d104.7422552!16s%2Fg%2F12ml2yr14!19sChIJL1OlfN11Oy4RFFCWLoQDl4M?authuser=0&hl=id&rclk=1","KFC Palembang Square","4,5","(1.838)","·","Rp 25–50 rb","Makanan Siap Saji","·","Jl. Angkatan 45","Buka","· Tutup pukul 22.00","https://lh3.googleusercontent.com/gps-cs-s/APNQkAGLfDGnnWycBo-CKU_bL8E7LkelIGn3weFhEBjz3roBBzed9QzVqb_wuY2Tb_hp0g35AfiSJgfoWTNUXVm31b7OwrGxXs1aszzB3mtT0KTJ-kEGjkF5pklOUYt_ueUn1D7eHqktQQ=w122-h92-k-no","https://ssl.gstatic.com/local/servicebusiness/default_user.png","""Tempatnya bersih.Pelayanan bagus.Banyak","","","","Franchise restoran ayam goreng","makanan","enak.""",""
"https://www.google.com/maps/place/Dapur+Saji/data=!4m7!3m6!1s0x2e3b77dbc78c5ebb:0xc8dc7d046b548fe5!8m2!3d-2.971892!4d104.7838878!16s%2Fg%2F11sk2s3d26!19sChIJu16Mx9t3Oy4R5Y9UawR93Mg?authuser=0&hl=id&rclk=1","Dapur Saji","4,8","(83)","·","Rp 1–25.000","Indonesia","·","Pasar Lemabang, Jl. R. E. Martadinata, Lorong Lemabang simpang 4 No.164","Tutup","· Buka Sel pukul 10.00","https://lh3.googleusercontent.com/gps-cs-s/APNQkAE9Esx2zXyCEO-sFB46dwzQKha4bnAzYBIiEIHcdLcVqjFgXOXqjmJyhf9OzF2OKJw48al1J8dv2V421OzvT76ndrBTdWHvSByajqTAZwU2EbIdgO6J-5A-L1uwG5JfDlNLRQOw=w80-h106-k-no","https://ssl.gstatic.com/local/servicebusiness/default_user.png","""Makanannya enak dan utk harganya pas untuk kantong mahasiswa 👍🏻""","https://www.google.com/searchviewer/42?cvd=CLw_EicKJeICIjIgEhkiF9LX29IPEQoNL2cvMTFzazJzM2QyNhgBOgMI8A0%3D&hl=id-ID&gl=id&fo_m=MfohQo559jFvMUOzJVpjPL1YMfZ3bInYwBDuMfaXTPp5KXh-&utm_source=tactile&gei=2pz4aeT0MuiaseMPycTI-AI&ei=2pz4aeT0MuiaseMPycTI-AI&fo_s=OA&opi=79508299&orderType=1&ebb=1&cs=0&foub=mcpp","Pesan online","","","","",""
"https://www.google.com/maps/place/Almaz+Fried+Chicken+-+Palembang+Kambang+Iwak/data=!4m7!3m6!1s0x2e3b75000408e499:0x915c07992a9033e3!8m2!3d-2.9888355!4d104.7436703!16s%2Fg%2F11x8qff0gf!19sChIJmeQIBAB1Oy4R4zOQKpkHXJE?authuser=0&hl=id&rclk=1","Almaz Fried Chicken - Palembang Kambang Iwak","4,9","(1.858)","·","Rp 25–50 rb","Ayam","·","2P6V+FF7, Jl. Ki Ranggo Wirosantiko","Buka","· Tutup pukul 22.00","https://lh3.googleusercontent.com/gps-cs-s/APNQkAE6jKjyN3Gl1DoTJtPGOHAfUiLqD6vUAlO0ikVMGGOqTSsB_pYwGzY5xGw5pH9iqLsrRrnjSdAQedhXnAC6dq3Z31brImWxNilkrpDg7RroJx37yj91yM3-WH8NAubz7CVuoCkR=w163-h92-k-no","https://ssl.gstatic.com/local/servicebusiness/default_user.png","""","https://www.google.com/searchviewer/42?cvd=CLw_EicKJeICIjIgEhkiF9LX29IPEQoNL2cvMTF4OHFmZjBnZhgBOgMI8A0%3D&hl=id-ID&gl=id&fo_m=MfohQo559jFvMUOzJVpjPL1YMfZ3bInYwBDuMfaXTPp5KXh-&utm_source=tactile&gei=2pz4aeT0MuiaseMPycTI-AI&ei=2pz4aeT0MuiaseMPycTI-AI&fo_s=OA&opi=79508299&orderType=1&ebb=1&cs=0&foub=mcpp","Pesan online","","","Makanan","nya enak, tempat nya nyaman, harga nya terjangkau""",""
"https://www.google.com/maps/place/McDonalds+HM+Ryacudu+Palembang/data=!4m7!3m6!1s0x2e3b9d5c349d6559:0xeb8f83dec3b7e427!8m2!3d-2.9979066!4d104.767113!16s%2Fg%2F11h49kvwqw!19sChIJWWWdNFydOy4RJ-S3w96Dj-s?authuser=0&hl=id&rclk=1","McDonalds HM Ryacudu Palembang","4,4","(2.621)","·","$$","Makanan Siap Saji","·","·","Buka 24 jam","","https://lh3.googleusercontent.com/gps-cs-s/APNQkAFocwDQT1TfQBmC52PRHFI-EEy2Lj5e0cgzFG3Ectddt1bR_QZiHOH8F_SHX5moFx-GMSH60QNBPYDWsRqXydErqnkFPtqNUlJzD8mVLuh3Iwyg0Fu2Vhv49W4CYe6YnRbxca0C=w122-h92-k-no","https://ssl.gstatic.com/local/servicebusiness/default_user.png","""","https://www.google.com/searchviewer/42?cvd=CLw_EicKJeICIjIgEhkiF9LX29IPEQoNL2cvMTFoNDlrdndxdxgBOgMI8A0%3D&hl=id-ID&gl=id&fo_m=MfohQo559jFvMUOzJVpjPL1YMfZ3bInYwBDuMfaXTPp5KXh-&utm_source=tactile&gei=2pz4aeT0MuiaseMPycTI-AI&ei=2pz4aeT0MuiaseMPycTI-AI&fo_s=OA&opi=79508299&orderType=1&ebb=1&cs=0&foub=mcpp","Pesan online","","2Q28+QVW, Jl. Mayjen HM Ryacudu","Makanan","sangat enak layanan juga",""
"https://www.google.com/maps/place/Se%27Indonesia+-+Ahmad+Yani+Palembang+%28Delivery+%26+Takeaway%29/data=!4m7!3m6!1s0x2e3b770011d642a9:0xec7a818b90b0a2b3!8m2!3d-2.9938285!4d104.779174!16s%2Fg%2F11yj6q0sr7!19sChIJqULWEQB3Oy4Rs6KwkIuBeuw?authuser=0&hl=id&rclk=1","Se'Indonesia - Ahmad Yani Palembang (Delivery & Takeaway)","4,6","(92)","·","Rp 25–50 rb","Makanan Siap Saji","·","Jl. Jenderal Ahmad Yani Jl. Jaya Indah No.60, RT.030/RW.007","Buka 24 jam","","https://lh3.googleusercontent.com/gps-cs-s/APNQkAGX4D9CGgeJYLrqjUeAHVEd7G21_ZGxVV0Mo_1PSIMH8Bh-8hD7Ubk7AQN_Vaw3wTK3zdxDDJ4FHW_yO0rh_UYjqE4qWAxxNHXCzKo3sHCp3A6Qs2JmOWktohdNibe-aYM13Q9-VCV_ZOaj=w80-h142-k-no","https://ssl.gstatic.com/local/servicebusiness/default_user.png","""","https://www.google.com/searchviewer/42?cvd=CLw_EicKJeICIjIgEhkiF9LX29IPEQoNL2cvMTF5ajZxMHNyNxgBOgMI8A0%3D&hl=id-ID&gl=id&fo_m=MfohQo559jFvMUOzJVpjPL1YMfZ3bInYwBDuMfaXTPp5KXh-&utm_source=tactile&gei=2pz4aeT0MuiaseMPycTI-AI&ei=2pz4aeT0MuiaseMPycTI-AI&fo_s=OA&opi=79508299&orderType=1&ebb=1&cs=0&foub=mcpp","Pesan online","","","Makanan","wenakk tenan harga bersahabat, pegawainya gercep.""",""
"https://www.google.com/maps/place/A%26W+Palembang+Square+GF/data=!4m7!3m6!1s0x2e3b75dd72ef627f:0x4440df82b5485e33!8m2!3d-2.9765496!4d104.7424822!16s%2Fg%2F1pzr8lh2f!19sChIJf2Lvct11Oy4RM15ItYLfQEQ?authuser=0&hl=id&rclk=1","A&W Palembang Square GF","4,3","(408)","·","Rp 50–75 rb","Makanan Siap Saji","·","Palembang Square – Kampus Ground Floor, Jl. Angkatan 45","Buka","· Tutup pukul 22.00","https://lh3.googleusercontent.com/gps-cs-s/APNQkAHTR7wWfra-XXrGytlQcWzOLd0BNKDPYA8q2M1AObbfuMLrC-LpZtzWV_r3ZT8nM26BEYahMTSU6-FPAdxWRFRf4A5u1sL1iMx1oRuhFSdE-Wr_LuGRZFcPmoXpfvFKODLWkAA=w122-h92-k-no","https://ssl.gstatic.com/local/servicebusiness/default_user.png","""2","https://www.google.com/searchviewer/42?cvd=CLw_EiYKJOICITIfEhgiFtLX29IPEAoML2cvMXB6cjhsaDJmGAE6AwjwDQ%3D%3D&hl=id-ID&gl=id&fo_m=MfohQo559jFvMUOzJVpjPL1YMfZ3bInYwBDuMfaXTPp5KXh-&utm_source=tactile&gei=2pz4aeT0MuiaseMPycTI-AI&ei=2pz4aeT0MuiaseMPycTI-AI&fo_s=OA&opi=79508299&orderType=1&ebb=1&cs=0&foub=mcpp","Pesan online","","Restoran cepat saji burger & root beer","makanan","nya enak  pelayanan juga sangat bagus suasananya juga enak""",""
"https://www.google.com/maps/place/A%26W+Palembang+Indah+Mall/data=!4m7!3m6!1s0x2e3b777c45d3a6db:0x40de134c8ceb1f70!8m2!3d-2.9851293!4d104.7534768!16s%2Fg%2F11w3ltn_cy!19sChIJ26bTRXx3Oy4RcB_rjEwT3kA?authuser=0&hl=id&rclk=1","A&W Palembang Indah Mall","4,7","(47)","·","Rp 50–75 rb","Makanan Siap Saji","·","Palembang Indah Mall, Jl. Letkol Iskandar No.LG 17-19 Lt. LG","Buka","· Tutup pukul 22.00","https://lh3.googleusercontent.com/gps-cs-s/APNQkAEwr7n43gSCeKTwGhXDue2nnOH11j183u4h_xaiTCcAmw-BRWVDulWHsHimbmpGGVIXKIdP5I5iBWJMnW01mnjffXqXyXoMu-0Gn2IvM1iS1IIBISp6o-obkz3DnR919JXoL5Bg6eJmIn9R=w92-h92-k-no","https://ssl.gstatic.com/local/servicebusiness/default_user.png","""Tempat bersih, Pelayanan Ramah, Makanannya Enak sekali""","https://www.google.com/searchviewer/42?cvd=CLw_EicKJeICIjIgEhkiF9LX29IPEQoNL2cvMTF3M2x0bl9jeRgBOgMI8A0%3D&hl=id-ID&gl=id&fo_m=MfohQo559jFvMUOzJVpjPL1YMfZ3bInYwBDuMfaXTPp5KXh-&utm_source=tactile&gei=2pz4aeT0MuiaseMPycTI-AI&ei=2pz4aeT0MuiaseMPycTI-AI&fo_s=OA&opi=79508299&orderType=1&ebb=1&cs=0&foub=mcpp","Pesan online","","","","",""
"https://www.google.com/maps/place/Saganta+Food+%26+Drink+Bukit/data=!4m7!3m6!1s0x2e3b75fbd8366949:0x408d43887d27b251!8m2!3d-2.9918151!4d104.7274146!16s%2Fg%2F11sw1094n5!19sChIJSWk22Pt1Oy4RUbInfYhDjUA?authuser=0&hl=id&rclk=1","Saganta Food & Drink Bukit","4,4","(474)","·","Rp 25–50 rb","Restoran","·","Jl. Srijaya Negara","Segera tutup","· 21.00 · Buka Sel pukul 10.30","https://lh3.googleusercontent.com/gps-cs-s/APNQkAGJ3-aCQ5K6CjigbQEbpi-pZurCK4kXfn9PZPPBL0-W_zl7uMA-jnL4iBXIQ7N3LjNA3O1nTDQewzKHtaMnpz6AEFAa91R8NyM6bJUHFV7uWi2bJzQvZIVVDB-FbkSz56-_YmGSfX6xing=w80-h106-k-no","https://ssl.gstatic.com/local/servicebusiness/default_user.png","""makananya enak untuk lalapan nya lengkap, harganya pun terjangkau""","","","","","","",""
"https://www.google.com/maps/place/Gyu-Kaku+Palembang+Indah+Mall/data=!4m7!3m6!1s0x2e3b779597ec5035:0xe918b66ec5d49753!8m2!3d-2.9848239!4d104.753828!16s%2Fg%2F11t7z8b6mp!19sChIJNVDsl5V3Oy4RU5fUxW62GOk?authuser=0&hl=id&rclk=1","Gyu-Kaku Palembang Indah Mall","4,9","(1.350)","·","Rp 250.000+","Restoran","·","Jl. Letkol Iskandar No.18","Buka","· Tutup pukul 22.00","https://lh3.googleusercontent.com/gps-cs-s/APNQkAGWssg5QR-zYEhu0jfOHtI3FQPU_GJLGIeJtyTcXBk5zH9tXmLotzOyiafCbYQnk3wNtgIg89Yf0JZThsB4hmEe6nwJh4VyzRXSEjmFW5IuH8972bcPJHra8025uA3EKiUcTI5p=w92-h92-k-no","https://ssl.gstatic.com/local/servicebusiness/default_user.png","""","https://www.google.com/searchviewer/42?cvd=CLw_EicKJeICIjIgEhkiF9LX29IPEQoNL2cvMTF0N3o4YjZtcBgBOgMI8A0%3D&hl=id-ID&gl=id&fo_m=MfohQo559jFvMUOzJVpjPL1YMfZ3bInYwBDuMfaXTPp5KXh-&utm_source=tactile&gei=2pz4aeT0MuiaseMPycTI-AI&ei=2pz4aeT0MuiaseMPycTI-AI&fo_s=OA&opi=79508299&orderType=1&ebb=1&cs=0&foub=mcpp","Pesan online","","","Makanan","nyaa enakk, service nyaa baguss ramah2 sekali.""",""
"https://www.google.com/maps/place/Ayam+Tumbuk+Pak+Achmad+Palembang/data=!4m7!3m6!1s0x2e3b75f11b2d798f:0xe9e2464c1f156429!8m2!3d-2.9881713!4d104.7393026!16s%2Fg%2F11gfj_nh39!19sChIJj3ktG_F1Oy4RKWQVH0xG4uk?authuser=0&hl=id&rclk=1","Ayam Tumbuk Pak Achmad Palembang","4,4","(641)","·","Rp 25–50 rb","Makanan Siap Saji","·","·","Buka","· Tutup pukul 22.00","https://lh3.googleusercontent.com/gps-cs-s/APNQkAGqrjKYfF1WQSPH6V727E9cWVTpLbnCYM1XYZsLRKZtQKWCqagA3YQviHTzZTmvWSYv-_k8yW_UIC7e4jAbyC5d-ewC5x1S2VXclr6SyvAPFB2MEdUYtlcY9Vz6RbeFUSvHJBO_LQ=w122-h92-k-no","https://ssl.gstatic.com/local/servicebusiness/default_user.png","""Enak , harga terjangkau, service oke""","https://www.google.com/searchviewer/42?cvd=CLw_EicKJeICIjIgEhkiF9LX29IPEQoNL2cvMTFnZmpfbmgzORgBOgMI8A0%3D&hl=id-ID&gl=id&fo_m=MfohQo559jFvMUOzJVpjPL1YMfZ3bInYwBDuMfaXTPp5KXh-&utm_source=tactile&gei=2pz4aeT0MuiaseMPycTI-AI&ei=2pz4aeT0MuiaseMPycTI-AI&fo_s=OA&opi=79508299&orderType=1&ebb=1&cs=0&foub=mcpp","Pesan online","","Jl. Jaksa Agung R. Soeprapto No.30","","",""
"https://www.google.com/maps/place/Kampung+Kecil+KM5/data=!4m7!3m6!1s0x2e3b75f229736b9b:0x96468f1dd03439da!8m2!3d-2.9518523!4d104.7341915!16s%2Fg%2F11p0znd5zv!19sChIJm2tzKfJ1Oy4R2jk00B2PRpY?authuser=0&hl=id&rclk=1","Kampung Kecil KM5","4,9","(6.651)","·","$$","Indonesia","·","·","Buka","· Tutup pukul 22.00","https://lh3.googleusercontent.com/gps-cs-s/APNQkAH6FJUS8bOrshys4o8qfV3gn-0mwX2eoB35MeVjY6VmSzI6tlRLlOShAGRM6e_TzMTdPVgpm_UPUURQZ_uw92nIOuNiNVrgoaNJZ473Iydxx__VQdwYtLCu0hL_8vnxanCml-flX3OmkuYU=w163-h92-k-no","https://ssl.gstatic.com/local/servicebusiness/default_user.png","""Tempat nya enak banget","","","","Jl. Kolonel H. Barlian No.650","makanan","nya enak pelayanan nya ramah banget""",""
"https://www.google.com/maps/place/McDonald+R.Sukamto/data=!4m7!3m6!1s0x2e3b7685c360d855:0x6d9814640f2ed996!8m2!3d-2.9519616!4d104.7622317!16s%2Fg%2F1pty8zf7j!19sChIJVdhgw4V2Oy4RltkuD2QUmG0?authuser=0&hl=id&rclk=1","McDonald R.Sukamto","4,5","(5.909)","·","Rp 25–50 rb","Makanan Siap Saji","·","·","Buka 24 jam","","https://lh3.googleusercontent.com/gps-cs-s/APNQkAEfFGd2BR5QQmddKVzqSwqoomSAGenl-oBvi9u56ci6I0ZZxJ4r9IPcNLb9p9wEUev_0GomCs8RToPciO55JX2IvmRzR3rwAxMjFv6n-6J0QxYdq8gDvUUJNImrxgLOcDrtggM=w122-h92-k-no","https://ssl.gstatic.com/local/servicebusiness/default_user.png","""Untuk dewasa yang suka pedas ada spicy,  yang original juga ada.""","https://www.google.com/searchviewer/42?cvd=CLw_EiYKJOICITIfEhgiFtLX29IPEAoML2cvMXB0eTh6ZjdqGAE6AwjwDQ%3D%3D&hl=id-ID&gl=id&fo_m=MfohQo559jFvMUOzJVpjPL1YMfZ3bInYwBDuMfaXTPp5KXh-&utm_source=tactile&gei=2pz4aeT0MuiaseMPycTI-AI&ei=2pz4aeT0MuiaseMPycTI-AI&fo_s=OA&opi=79508299&orderType=1&ebb=1&cs=0&foub=mcpp","Pesan online","","Jl. R. Sukamto No.90 A","","",""
"https://www.google.com/maps/place/Pepper+Lunch+Palembang+Indah+Mall/data=!4m7!3m6!1s0x2e3b7608437341e3:0xdcf52110e76947a0!8m2!3d-2.9845998!4d104.7541221!16s%2Fg%2F11b7q2x5lx!19sChIJ40FzQwh2Oy4RoEdp5xAh9dw?authuser=0&hl=id&rclk=1","Pepper Lunch Palembang Indah Mall","4,9","(6.661)","·","$$","Jepang","·","Palembang Indah Mall, Jl. Letkol Iskandar No.18 Lt. 1","Buka","· Tutup pukul 22.00","https://lh3.googleusercontent.com/gps-cs-s/APNQkAG3YfmD84Awm9Fb6eovATCxYGrkqeMkLPODZs5bf0roN7Yu8rxc7zOr1OZtvYQcAD1IW5WIPrHYswR2nfypuFCSkZ6OJ-JiewWJH8idwG_z9_jqCAJFJM_pnIuTMS7lmojN7bxf9w=w80-h106-k-no","https://ssl.gstatic.com/local/servicebusiness/default_user.png","""pelayanan nya ramah dan rasanya enak harga terjangkau dan worth it""","https://www.google.com/searchviewer/42?cvd=CLw_EicKJeICIjIgEhkiF9LX29IPEQoNL2cvMTFiN3EyeDVseBgBOgMI8A0%3D&hl=id-ID&gl=id&fo_m=MfohQo559jFvMUOzJVpjPL1YMfZ3bInYwBDuMfaXTPp5KXh-&utm_source=tactile&gei=4Jz4ae_dHp6gseMP38uS8A8&ei=4Jz4ae_dHp6gseMP38uS8A8&fo_s=OA&opi=79508299&orderType=1&ebb=1&cs=0&foub=mcpp","Pesan online","","","","",""
"https://www.google.com/maps/place/Makan+siap+saji/data=!4m7!3m6!1s0x2e3b770004e85e5d:0xe89695c8990acb7d!8m2!3d-2.9386856!4d104.7651343!16s%2Fg%2F11y2nmd7fh!19sChIJXV7oBAB3Oy4RfcsKmciVlug?authuser=0&hl=id&rclk=1","Makan siap saji","5,0","(1)","","","Dapur Umum","·","3Q68+G3C","","","https://maps.gstatic.com/tactile/pane/result-no-thumbnail-2x.png","","","","","","","","",""
"https://www.google.com/maps/place/KFC+Demang+Lebar+Daun+Palembang/data=!4m7!3m6!1s0x2e3b758b6dc637cf:0xdcde5d1b9d66950!8m2!3d-2.9721889!4d104.7304127!16s%2Fg%2F12ml2yl78!19sChIJzzfGbYt1Oy4RUGnWudHlzQ0?authuser=0&hl=id&rclk=1","KFC Demang Lebar Daun Palembang","4,5","(6.192)","·","$$","Kafe","·","Jl. Demang Lebar Daun No.89","Buka 24 jam","","https://lh3.googleusercontent.com/gps-cs-s/APNQkAGKKf8yGIp2rYRwyY1TiC8GuYPhnKx6RW608oxAl9IEQF5yuRnYV9mEqZAJ79FuwHf98MN9PjK1qK2T3QhQqBBSKPOFRLUxoYdJkvIBAtsOr7ph20HpXmBvgLFWOMXWFU0dckJ6=w80-h106-k-no","https://ssl.gstatic.com/local/servicebusiness/default_user.png","""","https://www.google.com/searchviewer/42?cvd=CLw_EiYKJOICITIfEhgiFtLX29IPEAoML2cvMTJtbDJ5bDc4GAE6AwjwDQ%3D%3D&hl=id-ID&gl=id&fo_m=MfohQo559jFvMUOzJVpjPL1YMfZ3bInYwBDuMfaXTPp5KXh-&utm_source=tactile&gei=4Jz4ae_dHp6gseMP38uS8A8&ei=4Jz4ae_dHp6gseMP38uS8A8&fo_s=OA&opi=79508299&orderType=1&ebb=1&cs=0&foub=mcpp","Pesan online","","Franchise restoran ayam goreng","Makanan",", ayam gorengnya enak
Service baik
Atmosfir sedikit nyaman""",""
"https://www.google.com/maps/place/Hungry+House+Palembang/data=!4m7!3m6!1s0x2e3b77b8f1f9cde5:0x1aaffbea96e89d67!8m2!3d-2.9673997!4d104.7586304!16s%2Fg%2F11rrr1ddwd!19sChIJ5c358bh3Oy4RZ53olur7rxo?authuser=0&hl=id&rclk=1","Hungry House Palembang","4,3","(46)","","","Makanan Siap Saji","·","Jl. Ismail Marzuki No.224","Buka","· Tutup pukul 21.30","https://lh3.googleusercontent.com/gps-cs-s/APNQkAFRSL6SY8WNB8jMKppwJ2pmJZOS5aKexxzLWRbzTYLp_aKXIPv9SUnnxvws-LdoLFESRlZRm-KygiNTIjDZKNp-SoH8cH-Ow2P7-GauK661Hu_yDxKZUI5wQG4p4nCAFo7JGhEJ=w92-h92-k-no","https://ssl.gstatic.com/local/servicebusiness/default_user.png","""Untuk rotinya enak berasa susunya, dagingnya enak.""","https://www.google.com/searchviewer/42?cvd=CLw_EicKJeICIjIgEhkiF9LX29IPEQoNL2cvMTFycnIxZGR3ZBgAOgMI8A0%3D&hl=id-ID&gl=id&fo_m=MfohQo559jFvMUOzJVpjPL1YMfZ3bInYwBDuMfaXTPp5KXh-&utm_source=tactile&gei=4Jz4ae_dHp6gseMP38uS8A8&ei=4Jz4ae_dHp6gseMP38uS8A8&fo_s=OA&opi=79508299&ebb=1&cs=0&foub=mcpp","Pesan online","","","","",""
"https://www.google.com/maps/place/KFC+Dermaga+Point+Palembang/data=!4m7!3m6!1s0x2e3b77333dbb2c6b:0x718c4afc87821eed!8m2!3d-2.9912429!4d104.7617784!16s%2Fg%2F11b6y0gjc4!19sChIJayy7PTN3Oy4R7R6Ch_xKjHE?authuser=0&hl=id&rclk=1","KFC Dermaga Point Palembang","4,4","(693)","·","Rp 25–50 rb","Makanan Siap Saji","·","Jalan Sultan Mahmud No.II","Buka","· Tutup pukul 21.30","https://lh3.googleusercontent.com/gps-cs-s/APNQkAFp2ooaioqYKzd4oxjj17E5tua6b3qljThftJYrsA-QJwmuaGuv7COmBstPVEiyLnbpfQNqUz3jKKjeK1r00B2ExPBznfYC65ZrK7e3ocQc6QSVzOYCFc0fhol8fQxfqGX4iYf-=w162-h92-k-no","https://ssl.gstatic.com/local/servicebusiness/default_user.png","""Tempat yang asik dengan suasana yg nyaman untuk makan sekaligus bersantai""","https://www.google.com/searchviewer/42?cvd=CLw_EicKJeICIjIgEhkiF9LX29IPEQoNL2cvMTFiNnkwZ2pjNBgBOgMI8A0%3D&hl=id-ID&gl=id&fo_m=MfohQo559jFvMUOzJVpjPL1YMfZ3bInYwBDuMfaXTPp5KXh-&utm_source=tactile&gei=4Jz4ae_dHp6gseMP38uS8A8&ei=4Jz4ae_dHp6gseMP38uS8A8&fo_s=OA&opi=79508299&orderType=1&ebb=1&cs=0&foub=mcpp","Pesan online","","Franchise restoran ayam goreng","","",""
"https://www.google.com/maps/place/KFC+Palembang+Trade+Centre/data=!4m7!3m6!1s0x2e3b76819ca95d43:0x1cad39f7693cd5f2!8m2!3d-2.951261!4d104.7612075!16s%2Fg%2F12ml2lfn_!19sChIJQ12pnIF2Oy4R8tU8afc5rRw?authuser=0&hl=id&rclk=1","KFC Palembang Trade Centre","4,4","(931)","·","Rp 25–50 rb","Makanan Siap Saji","·","Palembang Trade Centre, Jl. R. Sukamto No.8A","Buka","· Tutup pukul 22.00","https://lh3.googleusercontent.com/gps-cs-s/APNQkAFIod4N1as4hl6pQRweX7bAVpD5z6RmAGSKTQRnVAknFeM-hWg9HjwNZeyX64lGegqT8xaomAOmMPuZkg4AGpKyOWvaOVRvoFa6SvvpqazTIQZIcp8UvPrjmlMZrcj5p7iKrWM=w122-h92-k-no","https://ssl.gstatic.com/local/servicebusiness/default_user.png","""Tempat nyaman,parkir luas,menu","https://www.google.com/searchviewer/42?cvd=CLw_EiYKJOICITIfEhgiFtLX29IPEAoML2cvMTJtbDJsZm5fGAE6AwjwDQ%3D%3D&hl=id-ID&gl=id&fo_m=MfohQo559jFvMUOzJVpjPL1YMfZ3bInYwBDuMfaXTPp5KXh-&utm_source=tactile&gei=4Jz4ae_dHp6gseMP38uS8A8&ei=4Jz4ae_dHp6gseMP38uS8A8&fo_s=OA&opi=79508299&orderType=1&ebb=1&cs=0&foub=mcpp","Pesan online","","Franchise restoran ayam goreng","makanan","ayam nikmat dan menu minuman segar""",""
"https://www.google.com/maps/place/Sambal+Lalap+Phb+Bukit/data=!4m7!3m6!1s0x2e3b75fabe4a97cf:0xd253e8ce01750f10!8m2!3d-2.9873041!4d104.7415542!16s%2Fg%2F11cr_y8m69!19sChIJz5dKvvp1Oy4REA91Ac7oU9I?authuser=0&hl=id&rclk=1","Sambal Lalap Phb Bukit","4,4","(3.133)","·","Rp 25–50 rb","Restoran","·","·","Buka","· Tutup pukul 22.00","https://lh3.googleusercontent.com/gps-cs-s/APNQkAFYwZ3kDSdja252C0spwY7xy25R_5vOmlfo_-6amyCiez2UYsZFJaUv3IjXaesZJR0_kE2IaS635tl6Chjljb8_BwH9eB3QSiJG7gb3S9WIzeyrdC7gpsJGIc4Zqziw4l58B70=w163-h92-k-no","https://ssl.gstatic.com/local/servicebusiness/default_user.png","""Lokasinya strategis makanannya enak dan harganya relatif murah""","https://www.google.com/searchviewer/42?cvd=CLw_EicKJeICIjIgEhkiF9LX29IPEQoNL2cvMTFjcl95OG02ORgAOgMI8A0%3D&hl=id-ID&gl=id&fo_m=MfohQo559jFvMUOzJVpjPL1YMfZ3bInYwBDuMfaXTPp5KXh-&utm_source=tactile&gei=4Jz4ae_dHp6gseMP38uS8A8&ei=4Jz4ae_dHp6gseMP38uS8A8&fo_s=OA&opi=79508299&ebb=1&cs=0&foub=mcpp","Pesan online","","Jl. Jaksa Agung R. Soeprapto No.12","","",""
"https://www.google.com/maps/place/Martabak+HAR+Simpang+Sekip+since+1947/data=!4m7!3m6!1s0x2e3b75d8b8cc5895:0x1e472d0de840c9a1!8m2!3d-2.9721184!4d104.7513279!16s%2Fg%2F1td81llx!19sChIJlVjMuNh1Oy4RoclA6A0tRx4?authuser=0&hl=id&rclk=1","Martabak HAR Simpang Sekip since 1947","4,5","(4.929)","·","Rp 25–50 rb","Martabak","·","·","Buka 24 jam","","https://lh3.googleusercontent.com/gps-cs-s/APNQkAFsvGFzXIaHsG21wSvuLhOWMNVneQ8z6H-V0_Fr-Ne3z0lNEVPP0ZhqmduhBFRgvCVITCRm6ldJq_NiBdG1d78dwJOB9K9V2nJBQiX6j97DL4YcGZjygPelVQedEUf7-3983RDm=w80-h142-k-no","https://ssl.gstatic.com/local/servicebusiness/default_user.png","""","https://www.google.com/searchviewer/42?cvd=CLw_EiUKI-ICIDIeEhciFdLX29IPDwoLL2cvMXRkODFsbHgYADoDCPAN&hl=id-ID&gl=id&fo_m=MfohQo559jFvMUOzJVpjPL1YMfZ3bInYwBDuMfaXTPp5KXh-&utm_source=tactile&gei=4Jz4ae_dHp6gseMP38uS8A8&ei=4Jz4ae_dHp6gseMP38uS8A8&fo_s=OA&opi=79508299&ebb=1&cs=0&foub=mcpp","Pesan online","","Jl. Jend. Sudirman No.1078","Makanan","enak,pelayanan baik.. harga terjangkau""",""
"https://www.google.com/maps/place/KFC+Royal+Asia+Palembang/data=!4m7!3m6!1s0x2e3b7672c57e1595:0xe87203bdfe09dc81!8m2!3d-2.9758848!4d104.7607154!16s%2Fg%2F1hm2h_hk3!19sChIJlRV-xXJ2Oy4RgdwJ_r0Dcug?authuser=0&hl=id&rclk=1","KFC Royal Asia Palembang","4,5","(880)","·","Rp 25–50 rb","Makanan Siap Saji","·","Royal Asia Hotel, Jl. Veteran No.521","Buka","· Tutup pukul 22.00","https://lh3.googleusercontent.com/gps-cs-s/APNQkAG9rC-c0C_QzNW8z3kpb9FrBqdb8d3TXa0q28RsRiC0f24EIvRI8_4T7SX1gCbXKMnQjxwADplJ-D_POvMAMFwMPqooeCLmW4kiIicLpHQV_FS9WzioQznLZ3AHelwAW8Qw1e7V=w122-h92-k-no","https://ssl.gstatic.com/local/servicebusiness/default_user.png","""Makanannya lumayan enak, aq suka nasi goreng haknya, suasananya ok juga""","https://www.google.com/searchviewer/42?cvd=CLw_EiYKJOICITIfEhgiFtLX29IPEAoML2cvMWhtMmhfaGszGAE6AwjwDQ%3D%3D&hl=id-ID&gl=id&fo_m=MfohQo559jFvMUOzJVpjPL1YMfZ3bInYwBDuMfaXTPp5KXh-&utm_source=tactile&gei=4Jz4ae_dHp6gseMP38uS8A8&ei=4Jz4ae_dHp6gseMP38uS8A8&fo_s=OA&opi=79508299&orderType=1&ebb=1&cs=0&foub=mcpp","Pesan online","","Franchise restoran ayam goreng","","",""
"https://www.google.com/maps/place/Rocket+Chicken+Mansyur+Palembang/data=!4m7!3m6!1s0x2e3b9e192fb5d827:0x537e5d0e60a89767!8m2!3d-3.0029262!4d104.735357!16s%2Fg%2F11g68z2g6s!19sChIJJ9i1LxmeOy4RZ5eoYA5dflM?authuser=0&hl=id&rclk=1","Rocket Chicken Mansyur Palembang","4,4","(316)","·","Rp 25–50 rb","Ayam","·","·","Buka","· Tutup pukul 22.00","https://lh3.googleusercontent.com/gps-cs-s/APNQkAG1X6ZUXlsBP22kypbjBkBQ5cPnaLA9GhgxYzwKUGaHnX8QUjaTlyF7B7JCO3RSZO64XlFNAszyPlAv5kF0E2jG4awOvr6oogtzgM78I8HzQg_4Z4BCOo0aYrEdUOePE2Ch8_gE=w163-h92-k-no","https://ssl.gstatic.com/local/servicebusiness/default_user.png","""Produk yg di tawarin juga menarik untuk ayam nya enakk""","https://www.google.com/searchviewer/42?cvd=CLw_EicKJeICIjIgEhkiF9LX29IPEQoNL2cvMTFnNjh6Mmc2cxgBOgMI8A0%3D&hl=id-ID&gl=id&fo_m=MfohQo559jFvMUOzJVpjPL1YMfZ3bInYwBDuMfaXTPp5KXh-&utm_source=tactile&gei=4Jz4ae_dHp6gseMP38uS8A8&ei=4Jz4ae_dHp6gseMP38uS8A8&fo_s=OA&opi=79508299&orderType=1&ebb=1&cs=0&foub=mcpp","Pesan online","","Jl. Sultan M. Mansyur","","",""
"https://www.google.com/maps/place/KFC+Barlian+Palembang/data=!4m7!3m6!1s0x2e3b75b08c5ad899:0xd251b38554c13ecf!8m2!3d-2.945898!4d104.731766!16s%2Fg%2F11tftq78pj!19sChIJmdhajLB1Oy4Rzz7BVIWzUdI?authuser=0&hl=id&rclk=1","KFC Barlian Palembang","4,3","(581)","·","Rp 25–50 rb","Restoran","·","·","Buka","· Tutup pukul 22.00","https://lh3.googleusercontent.com/gps-cs-s/APNQkAGHn-vZFzrHCjTlk1RwUH4rLsDXmZsaGpaPSbmGBNb1sIB9gIqQnQvlDV_04XBmw2442H04zvbmpJbxxvQLKZjonbV4Ace1zOSH0nkDIS383wxnsm_nz9lPhJ3oZUURFPV0g9Jjfg=w80-h142-k-no","https://ssl.gstatic.com/local/servicebusiness/default_user.png","""Ayamnya enak ,speed off service , AC ny dingin dan excellent""","https://www.google.com/searchviewer/42?cvd=CLw_EicKJeICIjIgEhkiF9LX29IPEQoNL2cvMTF0ZnRxNzhwahgBOgMI8A0%3D&hl=id-ID&gl=id&fo_m=MfohQo559jFvMUOzJVpjPL1YMfZ3bInYwBDuMfaXTPp5KXh-&utm_source=tactile&gei=4Jz4ae_dHp6gseMP38uS8A8&ei=4Jz4ae_dHp6gseMP38uS8A8&fo_s=OA&opi=79508299&orderType=1&ebb=1&cs=0&foub=mcpp","Pesan online","","Jl. Kolonel H. Barlian","","",""
"https://www.google.com/maps/place/KFC+Plaju+Palembang/data=!4m7!3m6!1s0x2e3b75fb00000001:0xb4c25eb8cd4c4a9e!8m2!3d-2.9966552!4d104.7746228!16s%2Fg%2F12ml2yr0g!19sChIJAQAAAPt1Oy4RnkpMzbhewrQ?authuser=0&hl=id&rclk=1","KFC Plaju Palembang","4,4","(2.805)","·","Rp 25–50 rb","Makanan Siap Saji","·","·","Buka","· Tutup pukul 22.00","https://lh3.googleusercontent.com/gps-cs-s/APNQkAEx-pnQ3iHirNxEV1T9wqpBtEwTa822SldkksiUrVT-uHMQatmuaT9GWMvblvui0SVFrMa68WtbBGH61eoXxFKQbJ-LkOV34kd5NnPM-FPkEey9AHMQp0ANb2YHo7ocr8amE7Gb=w122-h92-k-no","https://ssl.gstatic.com/local/servicebusiness/default_user.png","""Beda nya tempat agak sempit meskipun ada meja makan di luar.""","https://www.google.com/searchviewer/42?cvd=CLw_EiYKJOICITIfEhgiFtLX29IPEAoML2cvMTJtbDJ5cjBnGAE6AwjwDQ%3D%3D&hl=id-ID&gl=id&fo_m=MfohQo559jFvMUOzJVpjPL1YMfZ3bInYwBDuMfaXTPp5KXh-&utm_source=tactile&gei=4Jz4ae_dHp6gseMP38uS8A8&ei=4Jz4ae_dHp6gseMP38uS8A8&fo_s=OA&opi=79508299&orderType=1&ebb=1&cs=0&foub=mcpp","Pesan online","","01 Jalan Jenderal Ahmad Yani No.83 RT.002 9/10","","",""
"https://www.google.com/maps/place/Dadar+Beredar+Palembang/data=!4m7!3m6!1s0x2e3b75769876010b:0x63a231a650b80e74!8m2!3d-2.9828639!4d104.7450068!16s%2Fg%2F11x1ff0xgz!19sChIJCwF2mHZ1Oy4RdA64UKYxomM?authuser=0&hl=id&rclk=1","Dadar Beredar Palembang","4,9","(4.568)","·","Rp 25–50 rb","Indonesia","·","Jl. Kapten A. Rivai No.17","Buka","· Tutup pukul 00.00","https://lh3.googleusercontent.com/gps-cs-s/APNQkAHvqIes4FiuYWl_yi-A5QmJVaQpIIrO6LMRFZ3FCV93e4VumVA4BKSj2vVMf8Nea6vHs9325HHnW9jJfwMVchnc5Q1NT2XrTbAe-UhFerbaU3je7bXPky_DJOETz20kIlJz_-xcmDyrMiQs=w80-h142-k-no","https://ssl.gstatic.com/local/servicebusiness/default_user.png","""Makanannya enak, menunya banyak cocok banget sama lidah indo""","https://www.google.com/searchviewer/42?cvd=CLw_EicKJeICIjIgEhkiF9LX29IPEQoNL2cvMTF4MWZmMHhnehgBOgMI8A0%3D&hl=id-ID&gl=id&fo_m=MfohQo559jFvMUOzJVpjPL1YMfZ3bInYwBDuMfaXTPp5KXh-&utm_source=tactile&gei=4Jz4ae_dHp6gseMP38uS8A8&ei=4Jz4ae_dHp6gseMP38uS8A8&fo_s=OA&opi=79508299&orderType=1&ebb=1&cs=0&foub=mcpp","Pesan online","","","","",""
"https://www.google.com/maps/place/Richeese+factory+plaju/data=!4m7!3m6!1s0x2e3b9db02cf8e3c5:0xfb5156ec82d495bc!8m2!3d-2.9962471!4d104.7757098!16s%2Fg%2F11j4nch89g!19sChIJxeP4LLCdOy4RvJXUguxWUfs?authuser=0&hl=id&rclk=1","Richeese factory plaju","4,4","(750)","·","Rp 25–50 rb","Restoran","·","Jl. Jenderal Ahmad Yani No.1020","Buka","· Tutup pukul 23.00","https://lh3.googleusercontent.com/gps-cs-s/APNQkAEbOb5kDMWLlWnHvOHbflLcKMDFIwj-uxip8VmKz4QFg_6XgN1ZOYGjH2xP0c-xvsKjF69AacL68_GkjPHtkngMim8_7DBMkDyGGyO2yYCmPzvB1Al1qnYWovhb49BbMc3BBDJ7Xg=w122-h92-k-no","https://ssl.gstatic.com/local/servicebusiness/default_user.png","""","https://www.google.com/searchviewer/42?cvd=CLw_EicKJeICIjIgEhkiF9LX29IPEQoNL2cvMTFqNG5jaDg5ZxgBOgMI8A0%3D&hl=id-ID&gl=id&fo_m=MfohQo559jFvMUOzJVpjPL1YMfZ3bInYwBDuMfaXTPp5KXh-&utm_source=tactile&gei=4Jz4ae_dHp6gseMP38uS8A8&ei=4Jz4ae_dHp6gseMP38uS8A8&fo_s=OA&opi=79508299&orderType=1&ebb=1&cs=0&foub=mcpp","Pesan online","","","makanan","nya enak, pelayanan nya ramah sekali dan tempat nya bersih""",""
"https://www.google.com/maps/place/MRS.+MARCHE+II/data=!4m7!3m6!1s0x2e3b7612135d7ab9:0x3aa975a85a2a4138!8m2!3d-2.9799786!4d104.7647879!16s%2Fg%2F11hb4jc44x!19sChIJuXpdExJ2Oy4ROEEqWqh1qTo?authuser=0&hl=id&rclk=1","MRS. MARCHE II","4,5","(108)","·","Rp 25–50 rb","Makanan Siap Saji","·","Jl. Lingkaran1 No.565","Segera tutup","· 21.00 · Buka Sel pukul 10.00","https://lh3.googleusercontent.com/gps-cs-s/APNQkAH3BVjyHAOiCpPTuScULIZfWH9xC4_seXfaJmZqSPgVOykDdbzkqGBhYoSX91my4Kz48TQwM6QIYlqy0fKByoSO9ST-aHTHccG0ZXhNNkuhdB7SOrk0JyILRjRjowFJaI8fbFM=w80-h97-k-no","https://ssl.gstatic.com/local/servicebusiness/default_user.png","""Makananya enak , hanya saja penyajiannya sangat lama .""","https://www.google.com/searchviewer/42?cvd=CLw_EicKJeICIjIgEhkiF9LX29IPEQoNL2cvMTFoYjRqYzQ0eBgBOgMI8A0%3D&hl=id-ID&gl=id&fo_m=MfohQo559jFvMUOzJVpjPL1YMfZ3bInYwBDuMfaXTPp5KXh-&utm_source=tactile&gei=4Jz4ae_dHp6gseMP38uS8A8&ei=4Jz4ae_dHp6gseMP38uS8A8&fo_s=OA&opi=79508299&orderType=1&ebb=1&cs=0&foub=mcpp","Pesan online","","","","",""
"https://www.google.com/maps/place/Nasi+Bakar+PakJo/data=!4m7!3m6!1s0x2e3b77489f81d18f:0xdeca909648e52b86!8m2!3d-2.9758708!4d104.7700182!16s%2Fg%2F11j8jnmgcf!19sChIJj9GBn0h3Oy4RhivlSJaQyt4?authuser=0&hl=id&rclk=1","Nasi Bakar PakJo","4,8","(2.324)","·","Rp 25–50 rb","Restoran","·","·","Buka","· Tutup pukul 21.30","https://lh3.googleusercontent.com/gps-cs-s/APNQkAFRYt_VFgGKprM63hNMBHpv4Y5VPAqh_lIOUc0JVJt9QOsLn-5nPW999W0oiB2DZps9U7Nsl4d1hs631m7BOvodKTGC5vTd6m0fRZb9k_bx5Ray_d3esx-hu-00sA7FgHgE1BdF1Q=w122-h92-k-no","https://ssl.gstatic.com/local/servicebusiness/default_user.png","""Makanannya enak sesuai harga, waktu menunggu standar 20 menitan.""","https://www.google.com/searchviewer/42?cvd=CLw_EicKJeICIjIgEhkiF9LX29IPEQoNL2cvMTFqOGpubWdjZhgAOgMI8A0%3D&hl=id-ID&gl=id&fo_m=MfohQo559jFvMUOzJVpjPL1YMfZ3bInYwBDuMfaXTPp5KXh-&utm_source=tactile&gei=4Jz4ae_dHp6gseMP38uS8A8&ei=4Jz4ae_dHp6gseMP38uS8A8&fo_s=OA&opi=79508299&ebb=1&cs=0&foub=mcpp","Pesan online","","Jl. Veteran No.69A","","",""
"https://www.google.com/maps/place/Saganta+Food+%26+Drink+Plaju/data=!4m7!3m6!1s0x2e3b77000086a285:0x5a861accefcb519e!8m2!3d-2.9905776!4d104.787774!16s%2Fg%2F11xp2j30t3!19sChIJhaKGAAB3Oy4RnlHL78wahlo?authuser=0&hl=id&rclk=1","Saganta Food & Drink Plaju","4,7","(186)","·","Rp 25–50 rb","Indonesia","·","Komplek, Jl. Permata Biru Jl. Jenderal Ahmad Yani","Segera tutup","· 21.00 · Buka Sel pukul 10.30","https://lh3.googleusercontent.com/gps-cs-s/APNQkAFtEn2lsyKgM6HAP1KeCnUrUShBCh8hqHVEmi_Zq9VrMPF7laorRM3dmIqbi4SEGBuu01mPMh6-hRgdofZMsBwgPwt0x3Rk9cWI189064QTUJbHE_zlPWa5gYmMNwgk3HXe_Dn3uK0BMMUL=w80-h142-k-no","https://ssl.gstatic.com/local/servicebusiness/default_user.png","""Suka banget bebek bakarnya, bumbunya ngresep sambel gepreknya pedes poll.""","","","","","","",""
"https://www.google.com/maps/place/Pondok+Pindang+Umak/data=!4m7!3m6!1s0x2e3b747fa9713149:0xb8bd2ef2fa2d2d9d!8m2!3d-2.920355!4d104.7076721!16s%2Fg%2F11df1v94vc!19sChIJSTFxqX90Oy4RnS0t-vIuvbg?authuser=0&hl=id&rclk=1","Pondok Pindang Umak","4,5","(4.030)","·","Rp 50–75 rb","Rumah Makan","·","·","Tutup","· Buka Sel pukul 10.00","https://lh3.googleusercontent.com/gps-cs-s/APNQkAEVTiI7gV5sfqB1kZV3YM5EY40UGDrSMmQmdWZ2UqsSsd0NUkj-NWVSW4VTZiALMSHtAFmUTfMLPbR87ymO6f1ZHP7RIjoiBwLsmJ5i1N4vhd-VnrP_emusJsa7nqjR5r30dYUk=w122-h92-k-no","https://ssl.gstatic.com/local/servicebusiness/default_user.png","""Makanannnya enak, pindang patinnya enak, ayamnya juga enak yg goreng.""","","","","Jl. Kolonel H. Barlian No.Km. 10","","",""
"https://www.google.com/maps/place/Bebek+Sawahan+Palembang/data=!4m7!3m6!1s0x2e3b770702cfe0b7:0x2b264f87b93d3181!8m2!3d-2.96977!4d104.7638183!16s%2Fg%2F11lmhkfhcv!19sChIJt-DPAgd3Oy4RgTE9uYdPJis?authuser=0&hl=id&rclk=1","Bebek Sawahan Palembang","4,5","(263)","·","Rp 25–50 rb","Indonesia","·","Jl. Rajawali III No.1090, RT.18/RW.05","Buka","· Tutup pukul 22.00","https://lh3.googleusercontent.com/gps-cs-s/APNQkAEIVdc5xSOhIstDqlAneOBwp1EL6f54I379oH_L4EmndJvOj6BTPoLSnSU3YsxQloJrh3MG5ULSOMTJAATxjVgWZZreZl2sdz_boy_ibygH6RORgxRtnXNKGsqp9y93sa8wzeapi-qpdcGu=w80-h106-k-no","https://ssl.gstatic.com/local/servicebusiness/default_user.png","""Bebeknya juara..enak empuk bumbu meresap sampai ke dalam.""","https://www.google.com/searchviewer/42?cvd=CLw_EicKJeICIjIgEhkiF9LX29IPEQoNL2cvMTFsbWhrZmhjdhgBOgMI8A0%3D&hl=id-ID&gl=id&fo_m=MfohQo559jFvMUOzJVpjPL1YMfZ3bInYwBDuMfaXTPp5KXh-&utm_source=tactile&gei=4Jz4ae_dHp6gseMP38uS8A8&ei=4Jz4ae_dHp6gseMP38uS8A8&fo_s=OA&opi=79508299&orderType=1&ebb=1&cs=0&foub=mcpp","Pesan online","","","","",""
"https://www.google.com/maps/place/Rumah+Makan+Nusantara/data=!4m7!3m6!1s0x2e3b76733d01e725:0x47d66dc8177aac1b!8m2!3d-2.9729652!4d104.7607592!16s%2Fg%2F1pzvkbt_v!19sChIJJecBPXN2Oy4RG6x6F8ht1kc?authuser=0&hl=id&rclk=1","Rumah Makan Nusantara","4,5","(709)","·","Rp 25–50 rb","Sesuai untuk keluarga","·","·","Buka","· Tutup pukul 21.30","https://lh3.googleusercontent.com/gps-cs-s/APNQkAHgR4DY6LBgRKETa_IJ7f0dbVWzhJQqOvJ8xVy4K9wNozOFAuMO8krPGfqpGwoA4lMCq4HmBiMecid6q9sncIUBDpZD-OaDNlndRbbvT_QrJJTL7G2-Q1EgPz6MWL-d5sCJp7TM=w122-h92-k-no","https://ssl.gstatic.com/local/servicebusiness/default_user.png","""Nasi goreng merah dan ayam bawangnya juara""","https://www.google.com/searchviewer/42?cvd=CLw_EiYKJOICITIfEhgiFtLX29IPEAoML2cvMXB6dmtidF92GAE6AwjwDQ%3D%3D&hl=id-ID&gl=id&fo_m=MfohQo559jFvMUOzJVpjPL1YMfZ3bInYwBDuMfaXTPp5KXh-&utm_source=tactile&gei=4Jz4ae_dHp6gseMP38uS8A8&ei=4Jz4ae_dHp6gseMP38uS8A8&fo_s=OA&opi=79508299&orderType=1&ebb=1&cs=0&foub=mcpp","Pesan online","","Jl. R.H.A. Arifai Tjek Yan No.1546","","",""
"https://www.google.com/maps/place/Warung+Makan+Semarang/data=!4m7!3m6!1s0x2e3b75cd7a145b3f:0x8686b4cfa35df626!8m2!3d-2.9593591!4d104.7396561!16s%2Fg%2F1hm2p9gz1!19sChIJP1sUes11Oy4RJvZdo8-0hoY?authuser=0&hl=id&rclk=1","Warung Makan Semarang","4,5","(1.766)","·","Rp 25–50 rb","Jawa","·","·","Buka","· Tutup pukul 23.00","https://lh3.googleusercontent.com/gps-cs-s/APNQkAFHLQEYS6T1b_W9OvxUbLrpDeRYdXhGh5cRPN0TVSy8JuJsBdavuw1AXRHhBymdT37urTxZQFDe_bvumUKxdZomdo9fE4dGIwNrjP0CnbCtDdQPbAfEIK6W_c5R1MwtECih1IudNw=w234-h92-k-no","https://ssl.gstatic.com/local/servicebusiness/default_user.png","""Rasanya enak dan pas sesuai lidah, harga murah dan porsi banyak""","https://www.google.com/searchviewer/42?cvd=CLw_EiYKJOICITIfEhgiFtLX29IPEAoML2cvMWhtMnA5Z3oxGAE6AwjwDQ%3D%3D&hl=id-ID&gl=id&fo_m=MfohQo559jFvMUOzJVpjPL1YMfZ3bInYwBDuMfaXTPp5KXh-&utm_source=tactile&gei=6Jz4aYCoId6VseMP34m8mQg&ei=6Jz4aYCoId6VseMP34m8mQg&fo_s=OA&opi=79508299&orderType=1&ebb=1&cs=0&foub=mcpp","Pesan online","","Jl. Jend. Basuki Rachmat No.7, RW.9","","",""
"https://www.google.com/maps/place/Pagi+Sore+RSMH/data=!4m7!3m6!1s0x2e3b75d9ded9b245:0xf9b95b8ba8166f82!8m2!3d-2.966776!4d104.7482239!16s%2Fg%2F11c6g2zz31!19sChIJRbLZ3tl1Oy4Rgm8WqItbufk?authuser=0&hl=id&rclk=1","Pagi Sore RSMH","4,6","(4.029)","·","$$","Padang","·","·","Buka","· Tutup pukul 22.00","https://lh3.googleusercontent.com/gps-cs-s/APNQkAHlwmNJDtbyC4o4Fyh9UVEyCv4fHQRX9N6jB4U2t3cMKlgsKtlx0JYpJUDUPeRs2Po8BV9ntNTxN-3-JuVedvikKZhTqFdCZ18ZMBmaODG4jE_VkWdGnPds0EPe7Umo6exyJ3KJKg=w122-h92-k-no","https://ssl.gstatic.com/local/servicebusiness/default_user.png","""Tempat bersih","https://www.google.com/searchviewer/42?cvd=CLw_EicKJeICIjIgEhkiF9LX29IPEQoNL2cvMTFjNmcyenozMRgBOgMI8A0%3D&hl=id-ID&gl=id&fo_m=MfohQo559jFvMUOzJVpjPL1YMfZ3bInYwBDuMfaXTPp5KXh-&utm_source=tactile&gei=6Jz4aYCoId6VseMP34m8mQg&ei=6Jz4aYCoId6VseMP34m8mQg&fo_s=OA&opi=79508299&orderType=1&ebb=1&cs=0&foub=mcpp","Pesan online","","Jl. Jend. Sudirman No.3008","makanan","/masakannya enak harga murah""",""
"https://www.google.com/maps/place/KFC+Cab+LIA/data=!4m7!3m6!1s0x2e3b75d9d2fa10c9:0xbe5703e5ca2c564e!8m2!3d-2.968403!4d104.7494788!16s%2Fg%2F12ml2y0bp!19sChIJyRD60tl1Oy4RTlYsyuUDV74?authuser=0&hl=id&rclk=1","KFC Cab LIA","4,4","(2.815)","·","Rp 25–50 rb","Makanan Siap Saji","·","·","Buka 24 jam","","https://lh3.googleusercontent.com/gps-cs-s/APNQkAHpIHaq9ITeIy9U1AzOUZGNYN86ulJ_tFvAcnv_8JNaWP72giwvlzWr_z0pqPq7ukFdU_RM2KtSWwshh1A1qv5vXINumqWGCnCW9-2yMUl5Rfa7WedgjBVCrMlIIeMHyIR-w4LCiQ=w122-h92-k-no","https://ssl.gstatic.com/local/servicebusiness/default_user.png","""Pelayanan baik,","https://www.google.com/searchviewer/42?cvd=CLw_EiYKJOICITIfEhgiFtLX29IPEAoML2cvMTJtbDJ5MGJwGAE6AwjwDQ%3D%3D&hl=id-ID&gl=id&fo_m=MfohQo559jFvMUOzJVpjPL1YMfZ3bInYwBDuMfaXTPp5KXh-&utm_source=tactile&gei=6Jz4aYCoId6VseMP34m8mQg&ei=6Jz4aYCoId6VseMP34m8mQg&fo_s=OA&opi=79508299&orderType=1&ebb=1&cs=0&foub=mcpp","Pesan online","","Jl. Jend. Sudirman","makanan","enak empuk dan crispy 👍🏻👍🏻👍🏻""",""
"https://www.google.com/maps/place/Rocket+Chicken+Sekip/data=!4m7!3m6!1s0x2e3b7744ab8b4fbf:0xdf17f4af4795ba5d!8m2!3d-2.9650727!4d104.757884!16s%2Fg%2F11rnk3crb_!19sChIJv0-Lq0R3Oy4RXbqVR6_0F98?authuser=0&hl=id&rclk=1","Rocket Chicken Sekip","4,3","(126)","·","Rp 1–25.000","Makanan Siap Saji","·","2QP5+789, Jl. Mayor Salim Batubara","Buka","· Tutup pukul 22.00","https://lh3.googleusercontent.com/gps-cs-s/APNQkAHbhSHTC6JsYbS6dUb092XyejhSGBdvHnVM3BK9ugGtNQMeHygG-JPkEFioEkVNqhbLp6dLYv3zQZ70Y6XR5dZ5wleXbND1WdpToK_wH_MK5XsIl48pGA8kPqByGH0tRR_Co5Uv=w122-h92-k-no","https://ssl.gstatic.com/local/servicebusiness/default_user.png","""Rasanya enak, dan Budi wongso sering main kesini""","https://www.google.com/searchviewer/42?cvd=CLw_EicKJeICIjIgEhkiF9LX29IPEQoNL2cvMTFybmszY3JiXxgBOgMI8A0%3D&hl=id-ID&gl=id&fo_m=MfohQo559jFvMUOzJVpjPL1YMfZ3bInYwBDuMfaXTPp5KXh-&utm_source=tactile&gei=6Jz4aYCoId6VseMP34m8mQg&ei=6Jz4aYCoId6VseMP34m8mQg&fo_s=OA&opi=79508299&orderType=1&ebb=1&cs=0&foub=mcpp","Pesan online","","","","",""
"https://www.google.com/maps/place/Burger+King+Palembang+Icon/data=!4m7!3m6!1s0x2e3b7584fc52ca97:0xe58417c4d6e8f610!8m2!3d-2.978668!4d104.7458548!16s%2Fg%2F11fpf3vsmy!19sChIJl8pS_IR1Oy4REPbo1sQXhOU?authuser=0&hl=id&rclk=1","Burger King Palembang Icon","4,6","(1.965)","·","Rp 25–50 rb","Makanan Siap Saji","·","Palembang Icon Mall, Unit No. L1-21,23,25, Jl. POM IX, RT.30/RW.09","Buka","· Tutup pukul 22.00","https://lh3.googleusercontent.com/gps-cs-s/APNQkAHgPFxgivF5jH2LB8fxWtmES5SIaVZACYUbPCpFnpLPN1Pn6U_S4_gGKW1w2MMGsgyEIGCjJcD_HXB1mpwEwpMEiFDGLB02GdteRJNGIjV-Xx1ZfN7TvPCyNiKDt_uhIALS2MU=w122-h92-k-no","https://ssl.gstatic.com/local/servicebusiness/default_user.png","""Ayam spicy nya enakkkkk pelayanannya cepet banget terimakasih""","https://www.google.com/searchviewer/42?cvd=CLw_EicKJeICIjIgEhkiF9LX29IPEQoNL2cvMTFmcGYzdnNteRgBOgMI8A0%3D&hl=id-ID&gl=id&fo_m=MfohQo559jFvMUOzJVpjPL1YMfZ3bInYwBDuMfaXTPp5KXh-&utm_source=tactile&gei=6Jz4aYCoId6VseMP34m8mQg&ei=6Jz4aYCoId6VseMP34m8mQg&fo_s=OA&opi=79508299&orderType=1&ebb=1&cs=0&foub=mcpp","Pesan online","","Jaringan burger panggang cepat saji","","",""
"https://www.google.com/maps/place/Restoran+Sederhana+Basuki+Rahmat,+Simpang+Polda+Palembang/data=!4m7!3m6!1s0x2e3b75cda2f36edf:0x68a447822ff5cf24!8m2!3d-2.9597009!4d104.7389768!16s%2Fg%2F1hm506yqq!19sChIJ327zos11Oy4RJM_1L4JHpGg?authuser=0&hl=id&rclk=1","Restoran Sederhana Basuki Rahmat, Simpang Polda Palembang","4,6","(2.085)","·","Rp 25–50 rb","Padang","·","Jl. Jend. Basuki Rachmat No.1","Buka","· Tutup pukul 22.00","https://lh3.googleusercontent.com/gps-cs-s/APNQkAFWcUCXCnNsAD3h5NCkqIj7tbuGYPOKDpzlM3uKOdP245hLSaNOeIArbIpzEXCWc55bicq82COcavDGNBdhYnI2O9rjRkjAKg9B-1Sm4vVMfHAQr-bo-gQyhy-Q2IOQ05Z246MP=w122-h92-k-no","https://ssl.gstatic.com/local/servicebusiness/default_user.png","""Tempatnya bersih, masakannya enak, harga terjangkau""","https://www.google.com/searchviewer/42?cvd=CLw_EiYKJOICITIfEhgiFtLX29IPEAoML2cvMWhtNTA2eXFxGAE6AwjwDQ%3D%3D&hl=id-ID&gl=id&fo_m=MfohQo559jFvMUOzJVpjPL1YMfZ3bInYwBDuMfaXTPp5KXh-&utm_source=tactile&gei=6Jz4aYCoId6VseMP34m8mQg&ei=6Jz4aYCoId6VseMP34m8mQg&fo_s=OA&opi=79508299&orderType=1&ebb=1&cs=0&foub=mcpp","Pesan online","","","","",""
"https://www.google.com/maps/place/Joffi+Ramen+Lemabang+Palembang/data=!4m7!3m6!1s0x2e3b77001a8aa751:0xf5951a84e82bd949!8m2!3d-2.9657515!4d104.7895538!16s%2Fg%2F11vx266jcs!19sChIJUaeKGgB3Oy4RSdkr6IQalfU?authuser=0&hl=id&rclk=1","Joffi Ramen Lemabang Palembang","4,8","(521)","·","Rp 25–50 rb","Ramen","·","Jl. R. E. Martadinata No.Kel","Buka sekarang","","https://lh3.googleusercontent.com/gps-cs-s/APNQkAEb1tXCwS7nMu7qWDy0j5lsHhsBK0UpqkM9PEBLIN8bFbWTWZN6xvzBk8yWsreB3MtTtynU4Z6i5UyMtxoUbjTDSXqBJXv1vhW2YccLCcVFQLuygjoXIsrlfG2Ki3EAyvQDQrTeq0nD8VSx=w80-h106-k-no","https://ssl.gstatic.com/local/servicebusiness/default_user.png","""makanannya enak, bersih, tempatnya cozy, pelayanannya","","","","","cepat",", bintang 5""",""
"https://www.google.com/maps/place/Burger+King+Sudirman/data=!4m7!3m6!1s0x2e3b759ae60c78e7:0x1bc8cc24ece55847!8m2!3d-2.9669384!4d104.7483133!16s%2Fg%2F11jyg7k2rw!19sChIJ53gM5pp1Oy4RR1jl7CTMyBs?authuser=0&hl=id&rclk=1","Burger King Sudirman","4,8","(1.539)","·","$$","Hamburger","·","S Sumatera Jl. Jend. Sudirman No.77 KM.5","Buka 24 jam","","https://lh3.googleusercontent.com/gps-cs-s/APNQkAE-_-G4eEPcXgPhls0vdtYRhHiMEPLPgieaTV83yNBeDA_om5kZ97MHjia1FJUwJePv0aC6mniLYfZaOiLEJdRlblHt2o3wYYHmUmDca02cXJnJdKDjN4FVsOOTMPnjcZvpAgIf=w92-h92-k-no","https://ssl.gstatic.com/local/servicebusiness/default_user.png","""makanannya enak” dan terjangkau. bersih dan pelayanannya ramah""","https://www.google.com/searchviewer/42?cvd=CLw_EicKJeICIjIgEhkiF9LX29IPEQoNL2cvMTFqeWc3azJydxgBOgMI8A0%3D&hl=id-ID&gl=id&fo_m=MfohQo559jFvMUOzJVpjPL1YMfZ3bInYwBDuMfaXTPp5KXh-&utm_source=tactile&gei=6Jz4aYCoId6VseMP34m8mQg&ei=6Jz4aYCoId6VseMP34m8mQg&fo_s=OA&opi=79508299&orderType=1&ebb=1&cs=0&foub=mcpp","Pesan online","","","","",""
"https://www.google.com/maps/place/Shihlin+-+Palembang+Icon+Mall/data=!4m7!3m6!1s0x2e3b75e72bef85c1:0x6efbbfd762ad766a!8m2!3d-2.9784401!4d104.7458185!16s%2Fg%2F11byck3bjs!19sChIJwYXvK-d1Oy4RanatYte_-24?authuser=0&hl=id&rclk=1","Shihlin - Palembang Icon Mall","4,3","(136)","·","Rp 25–50 rb","Taiwan","·","Jl. Angkatan 45 No.38 3 - 22a","Buka","· Tutup pukul 22.00","https://lh3.googleusercontent.com/gps-cs-s/APNQkAFATlcngDie3MRV1H49cTDGwWyjQ7nWj9jc8lqnRFk8iOm2O13TDOmqx8SCtaFHE6NKAVp4GLRUQrF3BjbSQOoJSiD42cDNMfkksbyQJOjdxM-sABMxBWiuUdMCy94BRx88q6EN=w122-h92-k-no","https://ssl.gstatic.com/local/servicebusiness/default_user.png","""Beh enak banget , wajib coba,banyak pilihan menunya loh😁""","https://www.google.com/searchviewer/42?cvd=CLw_EicKJeICIjIgEhkiF9LX29IPEQoNL2cvMTFieWNrM2JqcxgBOgMI8A0%3D&hl=id-ID&gl=id&fo_m=MfohQo559jFvMUOzJVpjPL1YMfZ3bInYwBDuMfaXTPp5KXh-&utm_source=tactile&gei=6Jz4aYCoId6VseMP34m8mQg&ei=6Jz4aYCoId6VseMP34m8mQg&fo_s=OA&opi=79508299&orderType=1&ebb=1&cs=0&foub=mcpp","Pesan online","","","","",""
"https://www.google.com/maps/place/PanThai+Restaurant/data=!4m7!3m6!1s0x2e3b7775141a37f9:0x4f23e426e6d9aad8!8m2!3d-2.9715356!4d104.7639587!16s%2Fg%2F11j0q4hnyn!19sChIJ-TcaFHV3Oy4R2KrZ5ibkI08?authuser=0&hl=id&rclk=1","PanThai Restaurant","4,6","(381)","·","$$","Thailand","·","Jl. Layang Layang II No.1168","Buka","· Tutup pukul 22.00","https://lh3.googleusercontent.com/gps-cs-s/APNQkAFPvjX605FmvH3Pog5XW6-clvz_zsruOz8UOQL2ylAvdxBil5yZlmc9LB3DgvMHdRB4dvjMww9GFrKy9jKkwA3JxK9TVylt6UV_Lqu1a9WdegScNmKx8fMkzzB_NsC23s3fdYhA=w122-h92-k-no","https://ssl.gstatic.com/local/servicebusiness/default_user.png","""Menu","","","","","makanan","enak, tempat bersih, ada ruangan vip, pelayanan ok""",""
"https://www.google.com/maps/place/Solaria+-+Palembang+Square/data=!4m7!3m6!1s0x2e3b75dd44638ccb:0xbd8de580ff997e14!8m2!3d-2.9766379!4d104.7420211!16s%2Fg%2F11b7q1qxr2!19sChIJy4xjRN11Oy4RFH6Z_4Dljb0?authuser=0&hl=id&rclk=1","Solaria - Palembang Square","3,7","(707)","·","Rp 50–75 rb","Restoran","·","Jl. Angkatan 45","Buka","· Tutup pukul 22.00","https://lh3.googleusercontent.com/gps-cs-s/APNQkAFuoTnz521Uga6FhFwZ3xOeOWeRCzpEiQNHasRgYHo_p6VJ7DxFdNpzzXjuJkc8NvgGmQuuzp7leex3Epv50d1VV8gRtHE7NQ-g7EksBjsYmGP1vrD3f-5egGt9SJyuRyNKzg8u=w122-h92-k-no","https://ssl.gstatic.com/local/servicebusiness/default_user.png","""","https://www.google.com/searchviewer/42?cvd=CLw_EicKJeICIjIgEhkiF9LX29IPEQoNL2cvMTFiN3ExcXhyMhgBOgMI8A0%3D&hl=id-ID&gl=id&fo_m=MfohQo559jFvMUOzJVpjPL1YMfZ3bInYwBDuMfaXTPp5KXh-&utm_source=tactile&gei=6Jz4aYCoId6VseMP34m8mQg&ei=6Jz4aYCoId6VseMP34m8mQg&fo_s=OA&opi=79508299&orderType=1&ebb=1&cs=0&foub=mcpp","Pesan online","","","Makanan","enak porsi mantab
service baik
Atmosfir nyaman""",""
"https://www.google.com/maps/place/Boga+kitchen/data=!4m7!3m6!1s0x2e3b77b3838d658f:0x56b6bd70a88d0f86!8m2!3d-2.987358!4d104.7581379!16s%2Fg%2F11rhdvzznx!19sChIJj2WNg7N3Oy4Rhg-NqHC9tlY?authuser=0&hl=id&rclk=1","Boga kitchen","3,2","(32)","","","Makanan Siap Saji","·","Jl. Datuk Moh. Akib No.204","Buka","· Tutup pukul 22.00","https://lh3.googleusercontent.com/gps-cs-s/APNQkAHRVfwUu1GxoSETIr-QwO3uSsyUQ2Vn8QHwOWCqnRIwyoYLGrqY1rhWgLlmrIK7LMV8bDVyIuYDB2OZO433Yd6scRrEmehj0k2Ydc09HrTV61gy5YGbZvuvK7xcq2unRWrTRoi3=w163-h92-k-no","https://ssl.gstatic.com/local/servicebusiness/default_user.png","""enak lezat murah 👍👍👍👍👍""","","","","","","",""
"https://www.google.com/maps/place/Pempek+Candy/data=!4m7!3m6!1s0x2e3b76757a5b7ae3:0xd038ad907c71fb81!8m2!3d-2.9744125!4d104.7526988!16s%2Fg%2F1hm3mcp_j!19sChIJ43pbenV2Oy4RgftxfJCtONA?authuser=0&hl=id&rclk=1","Pempek Candy","4,5","(4.603)","·","$$","Pempek","·","·","Buka","· Tutup pukul 22.00","https://lh3.googleusercontent.com/gps-cs-s/APNQkAH2wKIGjzJdnHRfPrj8oSRMCZ-k9MXIeIE6O-hRqTcRQ6SzEVSCmEmOxWym-mrq0T_oMa2WDQ_B0b1bVmAmfD1MQSW57ccbGUBSbp5nAc0rd-MIBFy4Sb4k2M5meyfnl-D14fJ4iw=w122-h92-k-no","https://ssl.gstatic.com/local/servicebusiness/default_user.png","""Makanannya enak enak,toiletnya bersih..mantap 👌👌👌""","https://www.google.com/searchviewer/42?cvd=CLw_EiYKJOICITIfEhgiFtLX29IPEAoML2cvMWhtM21jcF9qGAE6AwjwDQ%3D%3D&hl=id-ID&gl=id&fo_m=MfohQo559jFvMUOzJVpjPL1YMfZ3bInYwBDuMfaXTPp5KXh-&utm_source=tactile&gei=6Jz4aYCoId6VseMP34m8mQg&ei=6Jz4aYCoId6VseMP34m8mQg&fo_s=OA&opi=79508299&orderType=1&ebb=1&cs=0&foub=mcpp","Pesan online","","Jl. Jend. Sudirman No.149/8","","",""
"https://www.google.com/maps/place/Burger+King+Palembang+R+Soekamto/data=!4m7!3m6!1s0x2e3b777486a4a16d:0x3c777b9e998a1094!8m2!3d-2.9503862!4d104.7656936!16s%2Fg%2F11h8y5fg7p!19sChIJbaGkhnR3Oy4RlBCKmZ57dzw?authuser=0&hl=id&rclk=1","Burger King Palembang R Soekamto","4,5","(2.293)","·","Rp 25–50 rb","Hamburger","·","Jl. R. Sukamto No.92","Buka 24 jam","","https://lh3.googleusercontent.com/gps-cs-s/APNQkAH9PcpJN9I9xR96LTD5d0-AYvMc9z8b4KGcsH9IkgxTnD7yObYCi0HT6DM8sNfXnqFLxFf64M8kded3FSeYViHiqzD84A1JHFXd0tgb8j_Bc_vb7YTveyW5gHANIRSJOQZdfIjg9A=w163-h92-k-no","https://ssl.gstatic.com/local/servicebusiness/default_user.png","""Makanannya enak, pelayanan ny baik dan tempat nya bersih.""","https://www.google.com/searchviewer/42?cvd=CLw_EicKJeICIjIgEhkiF9LX29IPEQoNL2cvMTFoOHk1Zmc3cBgBOgMI8A0%3D&hl=id-ID&gl=id&fo_m=MfohQo559jFvMUOzJVpjPL1YMfZ3bInYwBDuMfaXTPp5KXh-&utm_source=tactile&gei=6Jz4aYCoId6VseMP34m8mQg&ei=6Jz4aYCoId6VseMP34m8mQg&fo_s=OA&opi=79508299&orderType=1&ebb=1&cs=0&foub=mcpp","Pesan online","","Jaringan burger panggang cepat saji","","",""
"https://www.google.com/maps/place/ABANG+KOKO/data=!4m7!3m6!1s0x2e3b77f441e4c5a1:0x92567f8d67521b0f!8m2!3d-2.9668622!4d104.7706112!16s%2Fg%2F11pvk_n9_2!19sChIJocXkQfR3Oy4RDxtSZ41_VpI?authuser=0&hl=id&rclk=1","ABANG KOKO","4,6","(17)","·","Rp 1–25.000","Restoran","·","Lorong Cinta Damai No.24, RT.13","Buka","· Tutup pukul 23.00","https://lh3.googleusercontent.com/gps-cs-s/APNQkAHlGucMKYLmo6LoxayEDu1Lj-uCR5DTLfz9ma7vSlsSaV8M9k6wb0_VifKC9Zw6Xr1zhcor6gf9pQm8GSBRWUWJpGBDzf-HClSlwgmekN8-2Rfm8eb7IZtwJBMOQRzGtc9a99Wu=w163-h92-k-no","https://ssl.gstatic.com/local/servicebusiness/default_user.png","""Nasi goreng di Palembang dak katek yang selemak ini.""","","","","","","",""
"https://www.google.com/maps/place/Kalpataru+Resto+and+Cafe/data=!4m7!3m6!1s0x2e3b75ef7b20c827:0x3f41f61ae30e870b!8m2!3d-2.954766!4d104.7497358!16s%2Fg%2F11sh4xhk74!19sChIJJ8gge-91Oy4RC4cO4xr2QT8?authuser=0&hl=id&rclk=1","Kalpataru Resto and Cafe","4,5","(1.706)","·","$$","Restoran","·","Jl. Jend. Basuki Rachmat No.1496","Buka","· Tutup pukul 22.00","https://lh3.googleusercontent.com/gps-cs-s/APNQkAGYhLW2sJz3Y26aHCZXdF8QTZTjwav3PMSKCWb1M3dr7CtOYfFOOBMnxgUHiigDYN7P3fKJZNrs6HIdirfTTiGdyTfT5BR_Lzx8mGdqUkV9Uv_kLNOBHNT_qkUn202RGPsbzApKaLftykA=w80-h142-k-no","https://ssl.gstatic.com/local/servicebusiness/default_user.png","""Pelayanan bagus,","https://www.google.com/searchviewer/42?cvd=CLw_EicKJeICIjIgEhkiF9LX29IPEQoNL2cvMTFzaDR4aGs3NBgBOgMI8A0%3D&hl=id-ID&gl=id&fo_m=MfohQo559jFvMUOzJVpjPL1YMfZ3bInYwBDuMfaXTPp5KXh-&utm_source=tactile&gei=6Jz4aYCoId6VseMP34m8mQg&ei=6Jz4aYCoId6VseMP34m8mQg&fo_s=OA&opi=79508299&orderType=1&ebb=1&cs=0&foub=mcpp","Pesan online","","","Makanan","enak, tampat bersih, harga worth it.""",""
"https://www.google.com/maps/place/Sera+Sera+Kuliner+Palembang+19+ilir/data=!4m7!3m6!1s0x2e3b7605de4e1781:0x4c014116e6c05069!8m2!3d-2.987364!4d104.7579386!16s%2Fg%2F11b6d2nv47!19sChIJgRdO3gV2Oy4RaVDA5hZBAUw?authuser=0&hl=id&rclk=1","Sera Sera Kuliner Palembang 19 ilir","4,7","(62)","","","Pempek","·","Jl. Datuk Moh. Akib No.228","Tutup","· Buka Sel pukul 06.30","https://lh3.googleusercontent.com/gps-cs-s/APNQkAFIdZZsoxImJgRUs9EDLytoYiCWa6JqtJMtUFBa8ZulO1kkeSJ3z0SGL-0YkmZNPWXUopOI1DVmFeYkYWJwALUcUcmSyWj9IHvpOVzNWEcdeMKcaQ9PrOG86w2FpjWJr495MVm76A=w163-h92-k-no","https://ssl.gstatic.com/local/servicebusiness/default_user.png","""Burgo, Laksan, Martabak Kentang nya rekomended buat sarapan pagi""","","","","","","",""
"https://www.google.com/maps/place/Tom+Sushi+Palembang+Icon+Mall/data=!4m7!3m6!1s0x2e3b758460332fbf:0xec426c381bfb6f60!8m2!3d-2.9789742!4d104.7456375!16s%2Fg%2F11hdsgckxh!19sChIJvy8zYIR1Oy4RYG_7GzhsQuw?authuser=0&hl=id&rclk=1","Tom Sushi Palembang Icon Mall","4,7","(676)","","","Sushi","·","Jl. POM IX No.1","Buka","· Tutup pukul 22.00","https://lh3.googleusercontent.com/gps-cs-s/APNQkAGFFZFKkxdrsc18OH1rbx0coSXDlYrvqVCs4_GYWhGLoJZeariMYpkQdo__RbSud4Q380vX8MumedRlAfCKnlArL7cooDSulfTs6hQqRT4-Mkj0pDXV1hTK6vS_G3NT1IV4vi1i=w122-h92-k-no","https://ssl.gstatic.com/local/servicebusiness/default_user.png","""tempatnya bersih dan","https://www.google.com/searchviewer/42?cvd=CLw_EicKJeICIjIgEhkiF9LX29IPEQoNL2cvMTFoZHNnY2t4aBgBOgMI8A0%3D&hl=id-ID&gl=id&fo_m=MfohQo559jFvMUOzJVpjPL1YMfZ3bInYwBDuMfaXTPp5KXh-&utm_source=tactile&gei=6Jz4aYCoId6VseMP34m8mQg&ei=6Jz4aYCoId6VseMP34m8mQg&fo_s=OA&opi=79508299&orderType=1&ebb=1&cs=0&foub=mcpp","Pesan online","","","makanan","nya juga enak enak pelyanan selalu ramah 🥰🥰""",""
"https://www.google.com/maps/place/Sidik+Dimsum+Navi+Keynaz/data=!4m7!3m6!1s0x2e3b77446d1130bb:0xb773ee03346775ed!8m2!3d-2.9791264!4d104.7594009!16s%2Fg%2F11qm6wtr19!19sChIJuzARbUR3Oy4R7XVnNAPuc7c?authuser=0&hl=id&rclk=1","Sidik Dimsum Navi Keynaz","4,7","(123)","·","Rp 1–25.000","Dim Sum","·","·","Buka","· Tutup pukul 22.00","https://lh3.googleusercontent.com/gps-cs-s/APNQkAGVlgyj-Tq2KzuDM_MsUlCM4MjX2I-LmEpnSOA-tJPDT3DLgyjybuXm3TVPl-CDXrxby9Eq6xzOl_6tryEAprE2bh0X5tnKz0nvZdrr7EmGUY5xcPWeqtG0Bx0-49MsVRd0G-S76Q=w80-h106-k-no","https://ssl.gstatic.com/local/servicebusiness/default_user.png","""Dim sum nya enak dg harga murah.""","","","","2QC5+8QR, Jl. Aiptu Karel Satsuit Tubun","","",""
"https://www.google.com/maps/place/Solaria+-+Palembang+Trade+Center/data=!4m7!3m6!1s0x2e3b7684350dc2f3:0xba51c25c4ee9a15d!8m2!3d-2.9510085!4d104.7608368!16s%2Fg%2F11b7q0gdkz!19sChIJ88INNYR2Oy4RXaHpTlzCUbo?authuser=0&hl=id&rclk=1","Solaria - Palembang Trade Center","2,6","(466)","·","Rp 50–75 rb","Restoran","·","Solaria Palembang Trade Centre, Jl IR Soekamto No.8A Lantai 2","Buka","· Tutup pukul 22.00","https://lh3.googleusercontent.com/gps-cs-s/APNQkAFt5knaCurgNMEAcHuc5lsfswl7owzoeqa_7Zf2pttGZSWFLu7k3sa3KaMZITb918sFpz86QnBR3n2OrIE-xWEGjwfkClOCNq3b604zwG4N6LVBluVtAu2Pjvbu-6zQMSXlwbftHA=w122-h92-k-no","https://ssl.gstatic.com/local/servicebusiness/default_user.png","""Makanannya enak-enak, especially cordon blue dan fish&chipsnya juga enak.""","https://www.google.com/searchviewer/42?cvd=CLw_EicKJeICIjIgEhkiF9LX29IPEQoNL2cvMTFiN3EwZ2RrehgBOgMI8A0%3D&hl=id-ID&gl=id&fo_m=MfohQo559jFvMUOzJVpjPL1YMfZ3bInYwBDuMfaXTPp5KXh-&utm_source=tactile&gei=6Jz4aYCoId6VseMP34m8mQg&ei=6Jz4aYCoId6VseMP34m8mQg&fo_s=OA&opi=79508299&orderType=1&ebb=1&cs=0&foub=mcpp","Pesan online","","","","",""