"hfpxzc href","qBF1Pd","MW4etd","UY7F9","AJB7ye","AJB7ye 2","W4Efsd","W4Efsd 2","W4Efsd 3","W4Efsd 4","W4Efsd 5","FQ2IWe src","Jn12ke src","ah5Ghc","A1zNzb href","J8zHNe","bbPy1","doJOZc","W4Efsd 6","ah5Ghc 2","ah5Ghc 3"
"","","","","","","","","","","","","","","","","","","","",""
"","","","","","","","","","","","","","","","","","","","",""
"https://www.google.com/maps/place/Omare+Kopitiam/data=!4m7!3m6!1s0x2e3b77ed993e31af:0x84a34409646c7880!8m2!3d-2.9733394!4d104.758425!16s%2Fg%2F11x284cbmp!19sChIJrzE-me13Oy4RgHhsZAlEo4Q?authuser=0&hl=id&rclk=1","Omare Kopitiam","4,9","(400)","·","Rp 25–50 rb","Restoran","·","Jl. Mayor Ruslan No.1588","Buka","· Tutup pukul 22.00","https://lh3.googleusercontent.com/gps-cs-s/APNQkAEWWu0Q8nqnkVDaMPvzmkZQ37AyDC1nccguPbQRVQcela6Kp0Ua7ek6Anvb6wxBnxi54UX7cqZIL9ybe03X302sqx6hGcxCgN7sWTlL2o-I0dCtxsBX2yQRZ3NSdIZUc0YQ0dbHMrAf5g4Y=w80-h106-k-no","https://ssl.gstatic.com/local/servicebusiness/default_user.png","""Tempatnya oke, makanannya enak, dan harga nya affordable 👍👍""","https://www.google.com/searchviewer/42?cvd=CLw_EicKJeICIjIgEhkiF9LX29IPEQoNL2cvMTF4Mjg0Y2JtcBgBOgMI8A0%3D&hl=id-ID&gl=id&fo_m=MfohQo559jFvMUOzJVpjPL1YMfZ3bInYwBDuMfaXTPp5KXh-&utm_source=tactile&gei=lpz4ab-KKIySseMPyrKVoQs&ei=lpz4ab-KKIySseMPyrKVoQs&fo_s=OA&opi=79508299&orderType=1&ebb=1&cs=0&foub=mcpp","Pesan online","","","","",""
"https://www.google.com/maps/place/Rumah+Makan+Khas+Palembang+STD+%28Sarinande+Tempo+Doeloe%29/data=!4m7!3m6!1s0x2e3b7679f00bdda7:0x2d119e818dc8bbd3!8m2!3d-2.9738032!4d104.757782!16s%2Fg%2F1hm45k1h4!19sChIJp90L8Hl2Oy4R07vIjYGeES0?authuser=0&hl=id&rclk=1","Rumah Makan Khas Palembang STD (Sarinande Tempo Doeloe)","4,5","(2.386)","·","$$","Restoran","·","·","Segera tutup","· 21.00 · Buka Sel pukul 10.00","https://lh3.googleusercontent.com/gps-cs-s/APNQkAGQIVSPPwhVl2kt_LoPHpXQFxrtKfq3gEmNIPgsRsiY6eVtdhAb5WKoToFhHx4dMKWL3bnG6OZS9iijzhOmk0uhnGAippcQbKEPBhqdQejF9PvZYDLercs2hyRc6SKGrswvA_ERag=w189-h92-k-no","https://ssl.gstatic.com/local/servicebusiness/default_user.png","""","https://www.google.com/searchviewer/42?cvd=CLw_EiYKJOICITIfEhgiFtLX29IPEAoML2cvMWhtNDVrMWg0GAA6AwjwDQ%3D%3D&hl=id-ID&gl=id&fo_m=MfohQo559jFvMUOzJVpjPL1YMfZ3bInYwBDuMfaXTPp5KXh-&utm_source=tactile&gei=lpz4ab-KKIySseMPyrKVoQs&ei=lpz4ab-KKIySseMPyrKVoQs&fo_s=OA&opi=79508299&ebb=1&cs=0&foub=mcpp","Pesan online","","","Jl. Mayor Ruslan No.966","Makanan","Palembangnya enak2, suasana nyaman n pelayanan bagus."""
"https://www.google.com/maps/place/Nasi+Bakar+PakJo/data=!4m7!3m6!1s0x2e3b77489f81d18f:0xdeca909648e52b86!8m2!3d-2.9758708!4d104.7700182!16s%2Fg%2F11j8jnmgcf!19sChIJj9GBn0h3Oy4RhivlSJaQyt4?authuser=0&hl=id&rclk=1","Nasi Bakar PakJo","4,8","(2.324)","·","Rp 25–50 rb","Restoran","·","·","Buka","· Tutup pukul 21.30","https://lh3.googleusercontent.com/gps-cs-s/APNQkAEwh1zO9OgMHctubp5LQ9hkumer4Qrg16Dtw5QzeT-CQTn-p6Nh5F2hNsbYr-FMBfnqfSheLR0Gh3-YcpLG7TC2aNfxJgt7bhF5X7q751uVsDOt4JPrVTuy1tF1ymyOx6Wc47pg=w122-h92-k-no","https://ssl.gstatic.com/local/servicebusiness/default_user.png","""enak banget, nasi liwetnya enak, ayam bakarnya juga enak bgt.""","https://www.google.com/searchviewer/42?cvd=CLw_EicKJeICIjIgEhkiF9LX29IPEQoNL2cvMTFqOGpubWdjZhgAOgMI8A0%3D&hl=id-ID&gl=id&fo_m=MfohQo559jFvMUOzJVpjPL1YMfZ3bInYwBDuMfaXTPp5KXh-&utm_source=tactile&gei=lpz4ab-KKIySseMPyrKVoQs&ei=lpz4ab-KKIySseMPyrKVoQs&fo_s=OA&opi=79508299&ebb=1&cs=0&foub=mcpp","Pesan online","","","Jl. Veteran No.69A","",""
"https://www.google.com/maps/place/Pondok+makan+3+Putri+Budi+Joe+-+20+Ilir+II/data=!4m7!3m6!1s0x2e3b777c40fa208b:0x3c34567b0e6ba04f!8m2!3d-2.9587721!4d104.7596388!16s%2Fg%2F11j7z034jx!19sChIJiyD6QHx3Oy4RT6BrDntWNDw?authuser=0&hl=id&rclk=1","Pondok makan 3 Putri Budi Joe - 20 Ilir II","4,5","(55)","·","Rp 25–50 rb","Halal","·","006, Gg. Enim II No.1370","Segera tutup","· 21.00 · Buka Sel pukul 07.00","https://lh3.googleusercontent.com/gps-cs-s/APNQkAFxDHMrc3ioZKnozyYf10BPq0obXc3XAq0dVT5yBsteJcpH6tx0Iz2P7gDSk0TpU54g4F2vkGNRHepPELtBvUW-fv6rivRcag7FwGB7MiaPR5Gn7PEeNY7wLxEFPKYU94aQBmk=w163-h92-k-no","https://ssl.gstatic.com/local/servicebusiness/default_user.png","""semua","https://www.google.com/searchviewer/42?cvd=CLw_EicKJeICIjIgEhkiF9LX29IPEQoNL2cvMTFqN3owMzRqeBgAOgMI8A0%3D&hl=id-ID&gl=id&fo_m=MfohQo559jFvMUOzJVpjPL1YMfZ3bInYwBDuMfaXTPp5KXh-&utm_source=tactile&gei=lpz4ab-KKIySseMPyrKVoQs&ei=lpz4ab-KKIySseMPyrKVoQs&fo_s=OA&opi=79508299&ebb=1&cs=0&foub=mcpp","Pesan online","","","","makanan","nya enak"""
"https://www.google.com/maps/place/Kedai+Mimieka/data=!4m7!3m6!1s0x2e3b77a0f0e77a95:0xcfa2c6995cad3647!8m2!3d-2.9677908!4d104.7622077!16s%2Fg%2F11sbgl1pwp!19sChIJlXrn8KB3Oy4RRzatXJnGos8?authuser=0&hl=id&rclk=1","Kedai Mimieka","4,6","(180)","","","Masakan Asia","·","Jl. Mayor Ruslan","Buka","· Tutup pukul 21.30","https://lh3.googleusercontent.com/gps-cs-s/APNQkAHJDVQPkKIFR9GOlKyd_FIFzhDbUy5pyd-PVI2z66FtQDfu0M48f9R2izzhdsIyGupgJys5vLAim_dWKFsO9FRctvpOgEC7q2ydtSP-OMAm9oR7dtIh4JndpsaPzm-66ce9BqO9EPteTfcv=w80-h106-k-no","https://ssl.gstatic.com/local/servicebusiness/default_user.png","""Kids friendly banget, staffny ramah,","","","","","","makanan","jg enak dan sesuai harga."""
"https://www.google.com/maps/place/Caf%C3%A9+Delapan/data=!4m7!3m6!1s0x2e3b77a0841d3f5d:0x68c80705d8c19e03!8m2!3d-2.9709533!4d104.7646873!16s%2Fg%2F11f75z8t1y!19sChIJXT8dhKB3Oy4RA57B2AUHyGg?authuser=0&hl=id&rclk=1","Café Delapan","4,9","(24)","","","Restoran","·","THE ALTS HOTEL, Jl. Rajawali III No.8","Buka 24 jam","","https://lh3.googleusercontent.com/gps-cs-s/APNQkAFdWktcf6feH0Q8Cai4Ujwe6gE1lsevll7gUrBFDtmQ7eTg9SwI244QYWIp9fSwTCWglGZn9l8njs-Anh2d6L7d_wC2Pf5V9R40VtppFcaWtWBxpLu3LlVOyTXXJlwNhzjcl_0Ivg=w122-h92-k-no","","Makan di tempat","","","","","","Bawa pulang",""
"https://www.google.com/maps/place/Makan+Place/data=!4m7!3m6!1s0x2e3b75e16200c7cf:0x7c225e64bcf1275a!8m2!3d-2.9822647!4d104.7463171!16s%2Fg%2F11fr3lyt0p!19sChIJz8cAYuF1Oy4RWifxvGReInw?authuser=0&hl=id&rclk=1","Makan Place","4,9","(40)","","","Restoran","·","No Jl. Radial No.1371","Segera tutup","· 21.00 · Buka Sel pukul 09.00","https://lh3.googleusercontent.com/gps-cs-s/APNQkAHb_Ef21-Ch69kIyPgEv_yhC6hHNkfHe-h26dVz8zs8Y3BaNLolAmihKl0czkNW1N2fr_Y1QaG3wxdZbT0GF3WCZHz1wUzxvHf7BtkDHe-0IMD87Qz6Yd8y8tQfpfZfHffiwco=w122-h92-k-no","https://ssl.gstatic.com/local/servicebusiness/default_user.png","""Sangat puas sekali makan di sini staf nya sangat Rama sekaliiii""","","","","","","",""
"https://www.google.com/maps/place/Rumah+Makan+Salsabila/data=!4m7!3m6!1s0x2e3b772cf460a031:0x990933ff7c5981d2!8m2!3d-2.9943738!4d104.7656959!16s%2Fg%2F11g07944sh!19sChIJMaBg9Cx3Oy4R0oFZfP8zCZk?authuser=0&hl=id&rclk=1","Rumah Makan Salsabila","4,5","(465)","·","Rp 1–25.000","Restoran","·","·","Buka 24 jam","","https://lh3.googleusercontent.com/gps-cs-s/APNQkAH-CkFkMgIjqjNUoEvTsM4fFHLBbAqBwkf9VqlOFDbV3DYUP9tre3yvIupPc0_BSo1qI5oUJcExis6hyKsM7F65nxqXlj18DnYxQauMiZcanuASIKLI7Wex5pOtuleqMfuTYQWT5A=w163-h92-k-no","https://ssl.gstatic.com/local/servicebusiness/default_user.png","""","","","","","Jl. Mayjen HM Ryacudu","Makanan","Nya enak' enak
Dan harga Nya pas di kantong"""
"https://www.google.com/maps/place/Warung+Jatim+Mbak+Lestari/data=!4m7!3m6!1s0x2e3b75e3b514c005:0x7130969e277d2f6a!8m2!3d-2.9825078!4d104.7494011!16s%2Fg%2F11b6d3k9w1!19sChIJBcAUteN1Oy4Rai99J56WMHE?authuser=0&hl=id&rclk=1","Warung Jatim Mbak Lestari","4,2","(394)","·","Rp 25–50 rb","Jawa","·","·","Buka","· Tutup pukul 23.55","https://lh3.googleusercontent.com/gps-cs-s/APNQkAHGa4YanonH779CMwVPqvqERKNcon1XH_7dyGqXTzOgwEm7WrFwPxiYqePcVnPhwzXJoPDbG5TsY9wLFi7pTNgxQa492AdUu6dg-7uIfBPA0AfjxKM_iCFwklY00XlgWOzB8b0V=w122-h92-k-no","https://ssl.gstatic.com/local/servicebusiness/default_user.png","""Enak banget, apalagi bebeknya...lembut..a
Sambalnya ajip..cobalah""","https://www.google.com/searchviewer/42?cvd=CLw_EicKJeICIjIgEhkiF9LX29IPEQoNL2cvMTFiNmQzazl3MRgBOgMI8A0%3D&hl=id-ID&gl=id&fo_m=MfohQo559jFvMUOzJVpjPL1YMfZ3bInYwBDuMfaXTPp5KXh-&utm_source=tactile&gei=lpz4ab-KKIySseMPyrKVoQs&ei=lpz4ab-KKIySseMPyrKVoQs&fo_s=OA&opi=79508299&orderType=1&ebb=1&cs=0&foub=mcpp","Pesan online","","","Depan Butik IVO, Jl. Radial No.20","",""
"https://www.google.com/maps/place/Universitas+Multi+Data+Palembang/data=!4m7!3m6!1s0x2e3b766d8211462f:0xcc95d97476bf2dd8!8m2!3d-2.9737136!4d104.7640422!16s%2Fg%2F1hf2p9ffz!19sChIJL0YRgm12Oy4R2C2_dnTZlcw?authuser=0&hl=id&rclk=1","Universitas Multi Data Palembang","4,8","(297)","","","Universitas","·","Jl. Rajawali No.14","Tutup","· Buka Sel pukul 08.00","https://lh3.googleusercontent.com/gps-cs-s/APNQkAEUwI5eASZTC9Uvzu-APxM6Y9zbrKg6Ejo66SQW-gv36mi2JClnwkV4oWf8gxO_Br9pZTyRhwulkWb5IkmbdPs1fHlG2StsmaY_GdhYZIwdocWIGkWCVzrVFhVZweEK9AvHemjeLwm9XeY0=w163-h92-k-no","https://ssl.gstatic.com/local/servicebusiness/default_user.png","""Fasilitas disini nyaman dan komplet bersih pula toiletnya""","","","","","","",""
"https://www.google.com/maps/place/Rumah+Makan+Pindang+Musi+Rawas+-+Palembang/data=!4m7!3m6!1s0x2e3b75b64008d2b9:0x8043363bd2a112ba!8m2!3d-2.9697513!4d104.7340804!16s%2Fg%2F1hm2tx87m!19sChIJudIIQLZ1Oy4RuhKh0js2Q4A?authuser=0&hl=id&rclk=1","Rumah Makan Pindang Musi Rawas - Palembang","4,5","(5.896)","·","$$","Indonesia","·","·","Segera tutup","· 21.00 · Buka Sel pukul 09.00","https://lh3.googleusercontent.com/gps-cs-s/APNQkAEfWP7oQ-P8nEaD7MDTFi952pTxOsXGt2tANslwy-Fy_sK7r-MKhjr6ANzlG64yrqdcHSErgWMb1Ap-N5ZgtTyH8OyJuKgfKfeSxeubpv6I1bnnjoNLRFmAOGZRR-5svv5-yplE=w122-h92-k-no","https://ssl.gstatic.com/local/servicebusiness/default_user.png","""Variasi pindangnya enak2 banget, dan ada sedikit beda rasa kuahnya.""","https://www.google.com/searchviewer/42?cvd=CLw_EiYKJOICITIfEhgiFtLX29IPEAoML2cvMWhtMnR4ODdtGAE6AwjwDQ%3D%3D&hl=id-ID&gl=id&fo_m=MfohQo559jFvMUOzJVpjPL1YMfZ3bInYwBDuMfaXTPp5KXh-&utm_source=tactile&gei=lpz4ab-KKIySseMPyrKVoQs&ei=lpz4ab-KKIySseMPyrKVoQs&fo_s=OA&opi=79508299&orderType=1&ebb=1&cs=0&foub=mcpp","Pesan online","","","Jl. Angkatan 45 No.18","",""
"https://www.google.com/maps/place/Monte+Resto+%26+cafe/data=!4m7!3m6!1s0x2e3b75fb5dbe09d3:0xe5873684c16d61da!8m2!3d-2.9871828!4d104.7459028!16s%2Fg%2F11b76ndg6p!19sChIJ0wm-Xft1Oy4R2mFtwYQ2h-U?authuser=0&hl=id&rclk=1","Monte Resto & cafe","4,6","(2.014)","·","Rp 50–75 rb","Restoran","·","·","Buka","· Tutup pukul 22.00","https://lh3.googleusercontent.com/gps-cs-s/APNQkAEpIBbGF7TYKq5f95X7zvjEL7JLOdRvfnsYqnAkjVNKB8e7y0jyaHtOhdzUxxUFHxwIbH1zf-5_H-VTO2VgPCks_87GFgVotnDlIJleMmQYltwwy6TtBcQDcGsJAGtlrwT8tp0q=w163-h92-k-no","https://ssl.gstatic.com/local/servicebusiness/default_user.png","""Tempatnya keren, instagramable, makanannya enak2 harga pantas""","https://www.google.com/searchviewer/42?cvd=CLw_EicKJeICIjIgEhkiF9LX29IPEQoNL2cvMTFiNzZuZGc2cBgBOgMI8A0%3D&hl=id-ID&gl=id&fo_m=MfohQo559jFvMUOzJVpjPL1YMfZ3bInYwBDuMfaXTPp5KXh-&utm_source=tactile&gei=lpz4ab-KKIySseMPyrKVoQs&ei=lpz4ab-KKIySseMPyrKVoQs&fo_s=OA&opi=79508299&orderType=1&ebb=1&cs=0&foub=mcpp","Pesan online","","","Jl. KH. Ahmad Dahlan No.68","",""
"https://www.google.com/maps/place/RM+Eko+Enak/data=!4m7!3m6!1s0x2e3b75d8b8cc5895:0x9043122d0f0742bf!8m2!3d-2.9776591!4d104.7546493!16s%2Fg%2F1hc82cp2d!19sChIJlVjMuNh1Oy4Rv0IHDy0SQ5A?authuser=0&hl=id&rclk=1","RM Eko Enak","4,2","(57)","","","Rumah Makan","·","Jl. Jend. Sudirman No.100 A","Segera tutup","· 20.30 · Buka Sel pukul 08.00","https://lh3.googleusercontent.com/gps-proxy/ALd4DhFaBGHOCpSFfoH-sFJyT91QylD4v4cEPsSmfQk5QOMeysZWfeW_bwM5hY9GPI6FlDljavz2OziIrqQ4Hz8tegTRMEAsGpRMEG-W9O0Oh41bEy9yea_e5XTkx1Ub0js6_BplStEbqNPp48V5bB9abHcBMHUQVrchE_3ojMK48vD6fTAzfNXLciYTgDgDmRlajA76Uw=w122-h92-k-no","","Makan di tempat","","","","","","Bawa pulang","Pesan antar"
"https://www.google.com/maps/place/Pondok+Charlie+5+ayam+goreng+kalasan/data=!4m7!3m6!1s0x2e3b76f3ae67504d:0x9a6629a919194e6d!8m2!3d-2.949556!4d104.7744864!16s%2Fg%2F1hm4n5hr_!19sChIJTVBnrvN2Oy4RbU4ZGakpZpo?authuser=0&hl=id&rclk=1","Pondok Charlie 5 ayam goreng kalasan","4,4","(956)","·","$$","Restoran","·","·","Buka","· Tutup pukul 22.00","https://lh3.googleusercontent.com/gps-cs-s/APNQkAFnTrQk_mYXb75KfQLzwzyd88JpGaxaieM7rmRWrcMXWIJi4-rS8yt3WgCTYTpKQIcFuy6xa1qudcNtnq213ygJl4GZnZyPe0xA22bE0h_lNjQq5anjj5gPw0HaipPLTFgGuaC4=w163-h92-k-no","https://ssl.gstatic.com/local/servicebusiness/default_user.png","""Ayamnya enak banget, cumi goreng tepungnya juga fenomenal.""","https://www.google.com/searchviewer/42?cvd=CLw_EiYKJOICITIfEhgiFtLX29IPEAoML2cvMWhtNG41aHJfGAE6AwjwDQ%3D%3D&hl=id-ID&gl=id&fo_m=MfohQo559jFvMUOzJVpjPL1YMfZ3bInYwBDuMfaXTPp5KXh-&utm_source=tactile&gei=lpz4ab-KKIySseMPyrKVoQs&ei=lpz4ab-KKIySseMPyrKVoQs&fo_s=OA&opi=79508299&orderType=1&ebb=1&cs=0&foub=mcpp","Pesan online","","","Jl. H. Abdul Rozak No.111","",""
"https://www.google.com/maps/place/RESTORAN+MINANG+KAMPUS/data=!4m7!3m6!1s0x2e3b75287707238d:0x405cb12033b1352f!8m2!3d-2.975478!4d104.737343!16s%2Fg%2F11p_1bf_2d!19sChIJjSMHdyh1Oy4RLzWxMyCxXEA?authuser=0&hl=id&rclk=1","RESTORAN MINANG KAMPUS","4,9","(11)","","","Indonesia","·","Jl. Sumpah Pemuda No.8, RT.32/RW.009","Buka","· Tutup pukul 22.00","https://lh3.googleusercontent.com/gps-cs-s/APNQkAEBMi5S8y-mTGuUsTeGsQLMjNZbWP9QG-9yI2sg9PGqN5ke7gxHQJ2fxIkIIIcL8eaKkESzWYilnUc7k_KOSihwrvYMNKLZ2rdKA0FKANVl66944hWqBQzqAsy3GXnTaPvJqPc=w163-h92-k-no","https://ssl.gstatic.com/local/servicebusiness/default_user.png","""Nasi padang lumayan dengan rasa dan lumayan juga dengan harga""","","","","","","",""
"https://www.google.com/maps/place/FAY+Resto+%26+Cafe+%28Ayam+Tulang+Lunak%29/data=!4m7!3m6!1s0x2e3b75c31b1d6869:0xde75b8d39b4b8719!8m2!3d-2.9735899!4d104.7381897!16s%2Fg%2F11b76brsg5!19sChIJaWgdG8N1Oy4RGYdLm9O4dd4?authuser=0&hl=id&rclk=1","FAY Resto & Cafe (Ayam Tulang Lunak)","4,4","(215)","·","Rp 25–50 rb","Ayam","·","·","Buka","· Tutup pukul 22.00","https://lh3.googleusercontent.com/gps-cs-s/APNQkAEQRxfoRDBRZp_IbrppkT7In-qrkIN94-iuAaw24NUEJAmrSHZxo6pRWEackcwrCTWzNH8EoCdw5-26Vg1rKX0kvXWr09ZQ8tGxjyYKK4G-hcFZdsx2-NSHqPvJkl2aCoyONHi1IQ=w163-h92-k-no","https://ssl.gstatic.com/local/servicebusiness/default_user.png","""untuk","","","","","Blok J 6DE, Kel, Jl. Sumpah Pemuda","makanan","enak, lumayan bervariasi untuk menu makan dan minuman nya"""
"https://www.google.com/maps/place/Musi+View+Cafe+%26+Resto/data=!4m7!3m6!1s0x2e3b76036537c203:0xf9aff20f1486aa5f!8m2!3d-2.9914247!4d104.7616919!16s%2Fg%2F11c20swwf9!19sChIJA8I3ZQN2Oy4RX6qGFA_yr_k?authuser=0&hl=id&rclk=1","Musi View Cafe & Resto","4,2","(79)","","","Restoran","·","2Q56+CMP Dermaga Point, Jl. Sultan Mahmud Badarudin","Buka","· Tutup pukul 22.00","https://lh3.googleusercontent.com/gps-cs-s/APNQkAFEpsu0LyDkMsS3ycQJVsyq90pTw4yriN4fcKQwQDv2Bu_cOqNzwKsSSc5dkteyylZ5A2QqQeOOWzEwLYIGa67M60f2W71fzfAFH7suLIbeGtZWi1iD6D5jCF9O4kpLdOLavU_2=w122-h92-k-no","","Makan di tempat","","","","","","Bawa pulang",""
"https://www.google.com/maps/place/THE+1O1+Palembang+Rajawali/data=!4m10!3m9!1s0x2e3b766df1880a15:0x82c3343c527dd297!5m2!4m1!1i2!8m2!3d-2.9720874!4d104.764471!16s%2Fg%2F11ckkymf9b!19sChIJFQqI8W12Oy4Rl9J9Ujw0w4I?authuser=0&hl=id&rclk=1","THE 1O1 Palembang Rajawali","4,7","(8.178)","","","Hotel bintang 4","Hotel mewah, restoran dan kolam renang","","","","https://lh3.googleusercontent.com/gps-cs-s/APNQkAFP_z35VDYrQmH9dN6eFOQCE3YpKKgHGWIDyTp58QQc9YapNufqqAcY_OCyO5sEwYhH0RKnQSv4ZpWwB8cMWxiXLMVEdVm66ypiEFbmkf8UHMA3ZToSPUhWguDvG9Y41CLD_H0PJQ=w87-h92-k-no","https://ssl.gstatic.com/local/servicebusiness/default_user.png","""untuk","","","","","","makanan","direstonya enak enak dan bnyak pilihan menunya."""
"https://www.google.com/maps/place/Canda+Tawa+JM+Lemabang/data=!4m7!3m6!1s0x2e3b770029e8bb43:0xa393fad3b24b3d1f!8m2!3d-2.968121!4d104.7875594!16s%2Fg%2F11yp45sxbf!19sChIJQ7voKQB3Oy4RHz1LstP6k6M?authuser=0&hl=id&rclk=1","Canda Tawa JM Lemabang","4,6","(51)","·","Rp 25–50 rb","Kedai Kopi","·","2QJQ+Q2X, Jl. RE Martadinata","","","https://lh3.googleusercontent.com/gps-cs-s/APNQkAHsxC9MoQ1iPIMI5OQl_19MUgvTtuHuT8-ephJX7nu9uitAviVlwHnva-T-aGRSCALnAYOaaiw-BgeZDetEeGPiHJ8FEMtm5vKCEpTifgDGNIj1lKcwY9olb_vEc9GPJP5bleq5lgE_WX-N=w122-h92-k-no","https://ssl.gstatic.com/local/servicebusiness/default_user.png","""","https://www.google.com/searchviewer/42?cvd=CLw_EicKJeICIjIgEhkiF9LX29IPEQoNL2cvMTF5cDQ1c3hiZhgBOgMI8A0%3D&hl=id-ID&gl=id&fo_m=MfohQo559jFvMUOzJVpjPL1YMfZ3bInYwBDuMfaXTPp5KXh-&utm_source=tactile&gei=lpz4ab-KKIySseMPyrKVoQs&ei=lpz4ab-KKIySseMPyrKVoQs&fo_s=OA&opi=79508299&orderType=1&ebb=1&cs=0&foub=mcpp","Pesan online","","","","Makanan","dan minuman nya enak, servicenya memuaskan & pelayanannya ramah."""
"https://www.google.com/maps/place/All+Nite+%26+Day+Hotel+Veteran+Palembang/data=!4m10!3m9!1s0x2e3b766d45ffe5f7:0x8c3592a0f7fd8f8f!5m2!4m1!1i2!8m2!3d-2.9755521!4d104.7661634!16s%2Fg%2F11df0x3gmj!19sChIJ9-X_RW12Oy4Rj4_996CSNYw?authuser=0&hl=id&rclk=1","All Nite & Day Hotel Veteran Palembang","4,5","(3.344)","","","Hotel","Penginapan simpel, plus Wi-Fi gratis","","","","https://lh3.googleusercontent.com/gps-cs-s/APNQkAGIO4LrfHL8l2EuIuKLNSeu_X104Z2x1-d5M1oFWhlCq7JZWHvHhzfOyyagK68yOnOtERPAZJZT6IqKeW4mnLZyDel7m0py6EcOvTf-YTSDlJlI8peTIRzl-WBWZ8Ua_-s-Ne5s3NabFRs=w122-h92-k-no","https://ssl.gstatic.com/local/servicebusiness/default_user.png","""Lokasi:","","","","","","Dekat","dengan SoMa
Ada CFC
Ada Kopi Kenangan
Ada Saladbar, dll"""
"https://www.google.com/maps/place/Wisata+Kuliner+Tepian+Sungai+Musi/data=!4m7!3m6!1s0x2e3b7604ae1efd33:0x83ad73817cec25d4!8m2!3d-2.9900841!4d104.7634635!16s%2Fg%2F11c1cz24mr!19sChIJM_0ergR2Oy4R1CXsfIFzrYM?authuser=0&hl=id&rclk=1","Wisata Kuliner Tepian Sungai Musi","4,4","(794)","·","Rp 25–50 rb","Pujasera","·","·","Segera tutup","· 21.00 · Buka Sel pukul 08.00","https://lh3.googleusercontent.com/gps-cs-s/APNQkAEWlFnRmOX7rheEfz_vhEu20Fou-2zOBGJsoBpUepkwF77Db6dQJIJqYEXo954Jm1oSQyACJ3JqsY-Cpg09uBifDiifdwCiL1e6oHsk1TjaDeNmX7ANG_uo283dYfcTGfLgj96z=w122-h92-k-no","https://ssl.gstatic.com/local/servicebusiness/default_user.png","""Puasss makan jajanan ala kampung kito , murah enak dan nyantai""","","","","","Jl. Ps. 16 Ilir No.23","",""
"https://www.google.com/maps/place/Warung+Terapung+Mbok+War/data=!4m7!3m6!1s0x2e3b7604a895bc41:0xad1d723242a7a3a6!8m2!3d-2.9900513!4d104.763898!16s%2Fg%2F11c6vbxv6k!19sChIJQbyVqAR2Oy4RpqOnQjJyHa0?authuser=0&hl=id&rclk=1","Warung Terapung Mbok War","4,3","(138)","·","Rp 25–50 rb","Restoran","·","·","Tutup","· Buka Sel pukul 08.30","https://lh3.googleusercontent.com/gps-cs-s/APNQkAFLvG1Jv-Kd7-gy63-5qIOtNRAOsSo7NArNET8RfvpNhxKG307-vlJhy3sO7XxB3epG66lrWaS-szb87VHUnTLZNea2_epdKmClVGVbfEQLLJ-1dnw-0qsng2D4HE6hsBkIkfqQtbnfeAAR=w80-h106-k-no","https://ssl.gstatic.com/local/servicebusiness/default_user.png","""","","","","","2Q57+XHC, Jl. Ps. 16 Ilir","Makanan","enak dan ada sensasi goyang2 saat makan
Mantap kuah pindangnya"""
"https://www.google.com/maps/place/Pondok+Pindang+Umak/data=!4m7!3m6!1s0x2e3b747fa9713149:0xb8bd2ef2fa2d2d9d!8m2!3d-2.920355!4d104.7076721!16s%2Fg%2F11df1v94vc!19sChIJSTFxqX90Oy4RnS0t-vIuvbg?authuser=0&hl=id&rclk=1","Pondok Pindang Umak","4,5","(4.030)","·","Rp 50–75 rb","Rumah Makan","·","·","Tutup","· Buka Sel pukul 10.00","https://lh3.googleusercontent.com/gps-cs-s/APNQkAHFeJweoVOo-Fry7UTP_aYbUQs6XP5_EW9AIokinl5ywL2gzwLgTlz0D7_x0L2WOTrm2l3CAWspmvkpWF75vKimq2K8Rif8qo-m2Y4qQcMsE1bDWBaxrr3L3jVw2Dc4eDQ0schs=w163-h92-k-no","https://ssl.gstatic.com/local/servicebusiness/default_user.png","""Tempat nya luas,","","","","","Jl. Kolonel H. Barlian No.Km. 10","makanan","nya enak, parkir nya luas"""
"https://www.google.com/maps/place/Sambal+seruit+khas+Lampung+Sako+Kenten+Palembang/data=!4m7!3m6!1s0x2e3b770004c60c01:0xdd119972ac958637!8m2!3d-2.9361172!4d104.7842556!16s%2Fg%2F11vz5m3sh1!19sChIJAQzGBAB3Oy4RN4aVrHKZEd0?authuser=0&hl=id&rclk=1","Sambal seruit khas Lampung Sako Kenten Palembang","3,2","(33)","","","Rumah Makan","·","Jl. Musi Raya No.Blok B7","Buka","· Tutup pukul 22.00","https://lh3.googleusercontent.com/gps-cs-s/APNQkAFCBwyqb32yRd2gf5kNyxdF4Dkx0oYKJVg1RNZglVUsCk68LfC-618x3B3aWpZQM1WsOBeER70iIxd0arXnn7x-Os_Whq9t25Q61X4Untpw-orB5CuWCpl76jjFLw-tCg7-33QmwA=w80-h106-k-no","https://ssl.gstatic.com/local/servicebusiness/default_user.png","""Mantap sambal nya""","","","","","","",""
"https://www.google.com/maps/place/WARUNG+NASI+BU+ATUN/data=!4m7!3m6!1s0x2e3b75e1bf83a815:0xaefa7777e4340865!8m2!3d-2.9798208!4d104.7502512!16s%2Fg%2F11c1v1ly_1!19sChIJFaiDv-F1Oy4RZQg05Hd3-q4?authuser=0&hl=id&rclk=1","WARUNG NASI BU ATUN","4,7","(99)","·","Rp 1–25.000","Indonesia","·","Jl. Letnan Mukmin No.999","Tutup","· Buka Sel pukul 07.00","https://lh3.googleusercontent.com/gps-cs-s/APNQkAERQ-a-brIml5dyUcJTLIBYSmpESXw7Jrn9k4Iw6vMAwO_PBoU2hAfTXslvNfXz9m3IgL6KxHZnfdAxScO3UYjPFL4VXWKqBtIia9FeubkWacPKhIVaZqKiEqBJV05o0jG9UxBrHw=w163-h92-k-no","https://ssl.gstatic.com/local/servicebusiness/default_user.png","""Enak makanannya""","","","","","","",""
"https://www.google.com/maps/place/Ayam+Bakar+Putri+Solo/data=!4m7!3m6!1s0x2e3b7646a3673a75:0x790696e7480e5194!8m2!3d-2.9714566!4d104.7821883!16s%2Fg%2F11b76kdfgh!19sChIJdTpno0Z2Oy4RlFEOSOeWBnk?authuser=0&hl=id&rclk=1","Ayam Bakar Putri Solo","4,6","(367)","·","Rp 25–50 rb","Ayam","·","2QHJ+CV8, Jl. Bambang Utoyo","Tutup","· Buka Sel pukul 08.00","https://lh3.googleusercontent.com/gps-cs-s/APNQkAGB_8hBUrsSSKPzUnpIAfNqdq_2vxcZBvJ75zQEDDkrbTTtHhv8DguHy7blxhEhKsCSZecaXgOOUpzJZeCKkjCEvESzL762ZaTklXazvbNrmpC81p_Dj7D5ohIylApFTJMZ1tDdRg=w122-h92-k-no","https://ssl.gstatic.com/local/servicebusiness/default_user.png","""","https://www.google.com/searchviewer/42?cvd=CLw_EicKJeICIjIgEhkiF9LX29IPEQoNL2cvMTFiNzZrZGZnaBgBOgMI8A0%3D&hl=id-ID&gl=id&fo_m=MfohQo559jFvMUOzJVpjPL1YMfZ3bInYwBDuMfaXTPp5KXh-&utm_source=tactile&gei=n5z4ae7AHI-hseMPza__2A4&ei=n5z4ae7AHI-hseMPza__2A4&fo_s=OA&opi=79508299&orderType=1&ebb=1&cs=0&foub=mcpp","Pesan online","","","","Makanan","Enak, Pelayanan cepat, Harga terjangkau."""
"https://www.google.com/maps/place/Tepian+Dermaga/data=!4m7!3m6!1s0x2e3b770bff9176c5:0x4443cae5d9e7b175!8m2!3d-2.9916012!4d104.7616522!16s%2Fg%2F11hyd7rbvz!19sChIJxXaR_wt3Oy4RdbHn2eXKQ0Q?authuser=0&hl=id&rclk=1","Tepian Dermaga","4,2","(39)","·","Rp 25–50 rb","Restoran","·","Pelataran Benteng Kuto Besak","Buka 24 jam","","https://lh3.googleusercontent.com/gps-cs-s/APNQkAFfBXGeuI3D199n59SP_zN9oNR9p6p8yDo3f40ww4GfvX67x5NdBMaDxMhbRWJWim3KRTJ6VuOy9OgJe5oUYOZP-PCqvt6hbVdwATQW_-cr-MrwEyuQ0swDfrbhFCiT1oVgPyIsPA=w122-h92-k-no","https://ssl.gstatic.com/local/servicebusiness/default_user.png","""Mencoba pengalaman makan malam di Tepian Dermaga.""","","","","","","",""
"https://www.google.com/maps/place/Warung+Nasi+Bu+Linda/data=!4m7!3m6!1s0x2e3b75daf163f57b:0xf6af25b4d0086580!8m2!3d-2.9684441!4d104.7428505!16s%2Fg%2F1hm34f5jp!19sChIJe_Vj8dp1Oy4RgGUI0LQlr_Y?authuser=0&hl=id&rclk=1","Warung Nasi Bu Linda","4,5","(418)","·","Rp 25–50 rb","Nasi","·","·","Tutup","· Buka Sel pukul 08.00","https://lh3.googleusercontent.com/gps-cs-s/APNQkAEtK0QD0mv0RQGn8rmAmcHbNThXztKV1bwIVWiPRZQsB7vjBjtLoAJ_kdBCFdtfwaABPkSJjdKDp39lIhdzGPQRlZlJQu606b5sUcTGGT1XHZWXKQoIXsH_9Hh2QcqQ7hrU_rdD=w80-h142-k-no","https://ssl.gstatic.com/local/servicebusiness/default_user.png","""Nasinya enak, yg kangen masakan Ibu... rasa mantap""","","","","","Jl. Kamboja No.1357","",""
"https://www.google.com/maps/place/Dermaga+point+Benteng+Kuto+Besak/data=!4m7!3m6!1s0x2e3b7604685c1c2b:0xc1f38112dd27c3a5!8m2!3d-2.9912551!4d104.7618352!16s%2Fg%2F11f24w_rq0!19sChIJKxxcaAR2Oy4RpcMn3RKB88E?authuser=0&hl=id&rclk=1","Dermaga point Benteng Kuto Besak","4,5","(306)","·","Rp 25–50 rb","Pujasera","·","·","Buka","· Tutup pukul 00.00","https://lh3.googleusercontent.com/gps-cs-s/APNQkAEXOOX73chxBf0iyFRTlxSq7jHwmuT3DV_OBfeMR_9LP-P6f2_ZJ3VsfH3FoMTFABzGKJesYU9pAHRNRPGw9MosmqTCk8wX8PrKFBqQqvwrp97WXP1ueMDKZb4snMWp8U6Fm60=w122-h92-k-no","https://ssl.gstatic.com/local/servicebusiness/default_user.png","""","","","","","2Q56+FPW, Jl. Palembang Darussalam","Makanan","juga enak enak kalo gak diganggu pengamen atopun asongan"""
"https://www.google.com/maps/place/Uncle+K/data=!4m7!3m6!1s0x2e3b750d37c0bb57:0xa485371039961929!8m2!3d-2.9780905!4d104.7457815!16s%2Fg%2F11v5v2cv79!19sChIJV7vANw11Oy4RKRmWORA3haQ?authuser=0&hl=id&rclk=1","Uncle K","2,1","(36)","·","Rp 75–100 rb","Masakan Asia","·","2PCW+Q87, Jl. POM IX","Segera tutup","· 21.00 · Buka Sel pukul 10.00","https://lh3.googleusercontent.com/gps-cs-s/APNQkAGGKYeG0tZSiRqVCnZfbGGQXmsQV4ZqwcsddKHLgRqn_f9FFORZyE5thCPIv33q028RWw8CdW8lh1fbO1zJ5089RTMvvcQAZxfn-SWBgikvxhJS-XvSO_LUQdLRDIJLNwl23sVr=w80-h173-k-no","https://ssl.gstatic.com/local/servicebusiness/default_user.png","""Tapi ternyata set nasi lemak ayam bakarnya cukup enak.""","","","","","","",""
"https://www.google.com/maps/place/Rumah+Makan+Ampera+Kedai+Baru/data=!4m7!3m6!1s0x2e3b76080bc7a7ad:0x40cef907dff19606!8m2!3d-2.985871!4d104.753271!16s%2Fg%2F11c2p6xqg9!19sChIJrafHCwh2Oy4RBpbx3wf5zkA?authuser=0&hl=id&rclk=1","Rumah Makan Ampera Kedai Baru","4,1","(18)","","","Padang","·","Jl. Sekayu Blok 17 24 Ilir Bukit Kecil Kota Palembang, Sumatera Selatan 30134","Buka 24 jam","","https://lh3.googleusercontent.com/gps-cs-s/APNQkAH_jSifeVzbOujof-AsuaxUtd0wRctGp41s8CTW8JQPec9jJ39ZT-2IM1gFVvasruaC0zrDmy28uDgbm21dgCojHgeVdkSPOXJ8eATcK235ucPSBFBMmxaiKEBspS05mOxrW21O=w122-h92-k-no","","Makan di tempat","","","","","","Bawa pulang",""
"https://www.google.com/maps/place/Waroeng+Daerah/data=!4m7!3m6!1s0x2e3b75b707b51b0b:0xb18944e4e384ae99!8m2!3d-2.9653433!4d104.7252565!16s%2Fg%2F1hm36dnsc!19sChIJCxu1B7d1Oy4Rma6E4-REibE?authuser=0&hl=id&rclk=1","Waroeng Daerah","4,5","(368)","·","Rp 25–50 rb","Ikan Bakar","·","·","Tutup","· Buka Sel pukul 10.00","https://lh3.googleusercontent.com/gps-cs-s/APNQkAEw52VtxSLlW8BcckNYQrU0SpGh8cY4_GWYcjPkCtBMjA3hGq2vt0ImqChqQZ1mBLVqvqt9U6LdldvQQVAaAqsMlkZiggJZCqGiZoEFVEPae6rjkqZPLsn-EDOS3uUDk0hzjh3O=w80-h142-k-no","https://ssl.gstatic.com/local/servicebusiness/default_user.png","""Enak sambel nya...tapi hanya ayam bakar...Joss lagi ada ikan asin""","https://www.google.com/searchviewer/42?cvd=CLw_EiYKJOICITIfEhgiFtLX29IPEAoML2cvMWhtMzZkbnNjGAE6AwjwDQ%3D%3D&hl=id-ID&gl=id&fo_m=MfohQo559jFvMUOzJVpjPL1YMfZ3bInYwBDuMfaXTPp5KXh-&utm_source=tactile&gei=n5z4ae7AHI-hseMPza__2A4&ei=n5z4ae7AHI-hseMPza__2A4&fo_s=OA&opi=79508299&orderType=1&ebb=1&cs=0&foub=mcpp","Pesan online","","","Jl. Way Hitam","",""
"https://www.google.com/maps/place/Brava+Parlour/data=!4m7!3m6!1s0x2e3b75e0cb07463b:0xc1c59c06b46f435f!8m2!3d-2.977859!4d104.7467303!16s%2Fg%2F11c5cv9zwq!19sChIJO0YHy-B1Oy4RX0NvtAacxcE?authuser=0&hl=id&rclk=1","Brava Parlour","4,6","(134)","·","Rp 250.000+","Italia","·","The Arista Hotel Palembang, Jl. Kapten A. Rivai Lt. Lobby","Buka","· Tutup pukul 00.00","https://lh3.googleusercontent.com/gps-cs-s/APNQkAGCIyzXiyHg0swIQazE6EQQBirbyZvCJKMPUS5UBupUGcys2oB-2RfANrwB9axLhtEi5k3J6DI2AMn-OxASwy67ZTLI8RsKe652Bv2jfW66xkfy0OeB5z0UErK2Y29xXtCBlwOtzw=w122-h92-k-no","https://ssl.gstatic.com/local/servicebusiness/default_user.png","""terus fettuccine carbonara nya emg rasanya asem bau basi atau gimana ya?""","","","","","","",""
"https://www.google.com/maps/place/Equatore+Rooftop+Cafe/data=!4m7!3m6!1s0x2e3b75e7c78342e1:0x9449e686eb6da2e6!8m2!3d-2.9771221!4d104.7422402!16s%2Fg%2F11c2npkqxq!19sChIJ4UKDx-d1Oy4R5qJt64bmSZQ?authuser=0&hl=id&rclk=1","Equatore Rooftop Cafe","4,6","(531)","·","Rp 50–75 rb","Kafe","·","·","","","https://lh3.googleusercontent.com/gps-cs-s/APNQkAHZ5Y8nPwGGtVZ2aGsjJNUC9AGf66nXhdZpoF7NNu7A2bCuDRyKPu09B10WDKwiKXkna-i4hK9BktgCnjAxDJJ7fpFjK42iDEatty6ZDPpHlSCnUnXI4oIFAYmvt-N5ltjMy00FrQ=w92-h92-k-no","https://ssl.gstatic.com/local/servicebusiness/default_user.png","""","","","","","Barong Hotel, Palembang Square, Komplek Mall, Jl. POM IX Lantai 5","Makanan","nya enak-enak semua, porsi nya banyak banget ukuran segini yaa."""
"https://www.google.com/maps/place/RM+Pindang+Meranjat+Bu+Ucha/data=!4m7!3m6!1s0x2e3b7595bbf9b5db:0xef15c9aba83e6923!8m2!3d-2.9784695!4d104.7249547!16s%2Fg%2F1hm214y_s!19sChIJ27X5u5V1Oy4RI2k-qKvJFe8?authuser=0&hl=id&rclk=1","RM Pindang Meranjat Bu Ucha","4,4","(933)","·","Rp 50–75 rb","Rumah Makan","·","·","Tutup","· Buka Sel pukul 10.00","https://lh3.googleusercontent.com/gps-cs-s/APNQkAFC2oMs1rUFq-ox0040htAeMvoKV-P_HeSfCeb_5izpcVtKvAT8AFZ0xakDlhUWaa7k6AmEL2eivxhckiT_paEuFL32hNd2pAthvSsKNYsk375dslQzcTbRThCrfBZ5v9l4GN22lw=w122-h92-k-no","https://ssl.gstatic.com/local/servicebusiness/default_user.png","""Masakan pas di lidah, harga terjangkau, tempat nyaman, parkir luas""","","","","","Jl. Demang Lebar Daun No.14","",""
"https://www.google.com/maps/place/MALOMO+KOPI/data=!4m7!3m6!1s0x2e3b770014a61a91:0xe07eb6cdf251f95c!8m2!3d-2.9875704!4d104.7662425!16s%2Fg%2F11vqvsnjc5!19sChIJkRqmFAB3Oy4RXPlR8s22fuA?authuser=0&hl=id&rclk=1","MALOMO KOPI","4,7","(374)","·","Rp 25–50 rb","Kedai Kopi","·","·","Buka","· Tutup pukul 23.00","https://lh3.googleusercontent.com/gps-cs-s/APNQkAHL2DAmeHeufIHs7-qwD9QexBBjqtQSQ1cjBd5z-jdOXFluEs1FZva0LO7jVgtOLz9WCtFDqPf3NuQQRrh8iAIG2-8jypekpvMtQlH2HPVf8fSWAHaGsBx-Mfx5QdWh_oD4qGKQWw=w122-h92-k-no","https://ssl.gstatic.com/local/servicebusiness/default_user.png","""Pisang gorengnya enak, minumannya biasa, langsung bisa lihat ampera""","","","","","Lorong Tangga Batu No.412","",""
"https://www.google.com/maps/place/Classie+Hotel/data=!4m10!3m9!1s0x2e3b766d48ade2b3:0xbef0701a13db6916!5m2!4m1!1i2!8m2!3d-2.9747399!4d104.7646048!16s%2Fg%2F1tzfvjvj!19sChIJs-KtSG12Oy4RFmnbExpw8L4?authuser=0&hl=id&rclk=1","Classie Hotel","4,4","(2.652)","","","Hotel bintang 3","","","","","https://lh3.googleusercontent.com/gps-cs-s/APNQkAErY18pni-iSOVJoDnlqUqxbTpYkhFwUgTbkjdbWUtgC1QaCQCDRghsBMgobMTwNt_Rx0KG5s8EoqkEx50rLzWSaukjgdhNxLZQ42MVZxvXxBsdooRdwR5n3yR4VnYgyc-wtLLd=w92-h92-k-no","https://ssl.gstatic.com/local/servicebusiness/default_user.png","""Kamarnya enak, menu2nya juga oke, harganya affordable, mantap 👍🏻👍🏻""","","","","","","",""
"https://www.google.com/maps/place/Pondok+Ayam+Bakar+%26+Bakso+Solo+%22Mas+Tarjo%22/data=!4m7!3m6!1s0x2e3b75bf615c9209:0x912132129a2e3915!8m2!3d-2.9616552!4d104.7376506!16s%2Fg%2F1ptzjry56!19sChIJCZJcYb91Oy4RFTkumhIyIZE?authuser=0&hl=id&rclk=1","Pondok Ayam Bakar & Bakso Solo ""Mas Tarjo""","4,4","(1.245)","·","Rp 25–50 rb","Ayam","·","·","Segera tutup","· 21.00 · Buka Sel pukul 09.00","https://lh3.googleusercontent.com/gps-cs-s/APNQkAEUBQpzmCpUFR3y2mpLqA1GTCjOLhrzZ4TK50KF-p2rzTOApGENNLWkwm5pxIIxNU_A6DOeolQKqAiRktGft-A_SY-GR7RU0MfKIsAduqR6UaUgo3kgmEIvEULAdCfyPcbhR_3L1A=w204-h92-k-no","https://ssl.gstatic.com/local/servicebusiness/default_user.png","""Tempat makan yg cocok untuk kita2, harga terjangkau dan enak""","https://www.google.com/searchviewer/42?cvd=CLw_EiYKJOICITIfEhgiFtLX29IPEAoML2cvMXB0empyeTU2GAE6AwjwDQ%3D%3D&hl=id-ID&gl=id&fo_m=MfohQo559jFvMUOzJVpjPL1YMfZ3bInYwBDuMfaXTPp5KXh-&utm_source=tactile&gei=n5z4ae7AHI-hseMPza__2A4&ei=n5z4ae7AHI-hseMPza__2A4&fo_s=OA&opi=79508299&orderType=1&ebb=1&cs=0&foub=mcpp","Pesan online","","","Jl. Demang Lebar Daun No.1912","",""
"https://www.google.com/maps/place/Savoree+Gourmet/data=!4m7!3m6!1s0x2e3b7691b80d4075:0xa638dff0e56cbe1!8m2!3d-2.9458541!4d104.7676007!16s%2Fg%2F11c75v9nq0!19sChIJdUANuJF2Oy4R4ctWDv-NYwo?authuser=0&hl=id&rclk=1","Savoree Gourmet","4,6","(596)","·","Rp 50–75 rb","Brunch","·","·","Segera tutup","· 21.00 · Buka Sel pukul 11.00","https://lh3.googleusercontent.com/gps-cs-s/APNQkAGavX7CVI_y9hVlZbe1TPHUtUEuzp81Tbjk2FwpTJSFVwhaBlBY1BiFigovESvtNzOBk1f59RX1JyBdJyac21_IQlpugai8PvNri17ggD5WZl_fXby9uTuL04CNsSiYBGwNmYVv=w80-h106-k-no","https://ssl.gstatic.com/local/servicebusiness/default_user.png","""","https://www.google.com/searchviewer/42?cvd=CLw_EicKJeICIjIgEhkiF9LX29IPEQoNL2cvMTFjNzV2OW5xMBgBOgMI8A0%3D&hl=id-ID&gl=id&fo_m=MfohQo559jFvMUOzJVpjPL1YMfZ3bInYwBDuMfaXTPp5KXh-&utm_source=tactile&gei=n5z4ae7AHI-hseMPza__2A4&ei=n5z4ae7AHI-hseMPza__2A4&fo_s=OA&opi=79508299&orderType=1&ebb=1&cs=0&foub=mcpp","Pesan online","","","Jl. MP. Mangkunegara No.57","Makanan","dan minumannya enak dan harga tergolong murah"""
"https://www.google.com/maps/place/PALEMBANG+INDONESIA/data=!4m7!3m6!1s0x2e3b9f0069f9142b:0xbbfcdc6b6f23bbc0!8m2!3d-3.0045674!4d104.7475387!16s%2Fg%2F11yv0kn_gz!19sChIJKxT5aQCfOy4RwLsjb2vc_Ls?authuser=0&hl=id&rclk=1","PALEMBANG INDONESIA","5,0","(1)","","","Dapur Umum","·","XPWX+52F, Jl. Pangeran Sido Ing Lautan Lorong Khotib","","","https://streetviewpixels-pa.googleapis.com/v1/thumbnail?panoid=hDN8b149BnBSfGC1YhB5fQ&cb_client=search.gws-prod.gps&w=80&h=92&yaw=149.23209&pitch=0&thumbfov=100","","","","","","","","",""
"https://www.google.com/maps/place/Warung+Yuka+Bakso+%26+Ayam+Bakar/data=!4m7!3m6!1s0x2e3b7438c5ad53a3:0xfa8ccf5624a858a6!8m2!3d-2.9434896!4d104.7306494!16s%2Fg%2F1pzt06mv6!19sChIJo1OtxTh0Oy4RplioJFbPjPo?authuser=0&hl=id&rclk=1","Warung Yuka Bakso & Ayam Bakar","4,3","(537)","·","Rp 25–50 rb","Restoran","·","·","Buka","· Tutup pukul 21.40","https://lh3.googleusercontent.com/gps-cs-s/APNQkAGqpd5AlO9rJ3SMKCKDRzQ4D-F1Msdo1QP2mL0gvSeg6LEuq11GuwV0KmP_iKskVeZvrocCFe9q20t-NPEJdmr3rsUolr_RU91iHlvzn72ykzsbQrrVrQGYHI9PnKfuYW9vtCXh=w80-h142-k-no","https://ssl.gstatic.com/local/servicebusiness/default_user.png","""Makanannya banyak pilihan, rasanya enak harga terjangkau pelayanan ramah""","https://www.google.com/searchviewer/42?cvd=CLw_EiYKJOICITIfEhgiFtLX29IPEAoML2cvMXB6dDA2bXY2GAA6AwjwDQ%3D%3D&hl=id-ID&gl=id&fo_m=MfohQo559jFvMUOzJVpjPL1YMfZ3bInYwBDuMfaXTPp5KXh-&utm_source=tactile&gei=pZz4aYC0IL-xseMPrYTokQM&ei=pZz4aYC0IL-xseMPrYTokQM&fo_s=OA&opi=79508299&ebb=1&cs=0&foub=mcpp","Pesan online","","","Jl. Sukabangun II No.1480","",""
"https://www.google.com/maps/place/WARUNG+NASI+AYAM+KAMPUS+PODOMORO/data=!4m7!3m6!1s0x2e3b75eda762727b:0xedb73c135eb06cb6!8m2!3d-2.9780581!4d104.738297!16s%2Fg%2F11rcwc3w3w!19sChIJe3Jip-11Oy4RtmywXhM8t-0?authuser=0&hl=id&rclk=1","WARUNG NASI AYAM KAMPUS PODOMORO","4,6","(7)","","","Nasi","·","2PCQ+Q8F, Jl. Bidar","Tutup","· Buka Sel pukul 08.00","https://lh3.googleusercontent.com/gps-cs-s/APNQkAHRi5dFpwXGbumXDuVI37Ydu_sKBqFBYV1PhOtcg5fbbJ-GhOUOn7842l8Tk4c7Y0iygeMg8kvDiwlcbAQrBULqLDis8hQKOaoR7umkFbByvcNzj2Vkx4xaBRiluU9N-855C1xo=w200-h92-k-no","https://ssl.gstatic.com/local/servicebusiness/default_user.png","""Makan disini dari tahun 90 an, rasa tetap enak""","https://www.google.com/searchviewer/42?cvd=CLw_EicKJeICIjIgEhkiF9LX29IPEQoNL2cvMTFyY3djM3czdxgBOgMI8A0%3D&hl=id-ID&gl=id&fo_m=MfohQo559jFvMUOzJVpjPL1YMfZ3bInYwBDuMfaXTPp5KXh-&utm_source=tactile&gei=pZz4aYC0IL-xseMPrYTokQM&ei=pZz4aYC0IL-xseMPrYTokQM&fo_s=OA&opi=79508299&orderType=1&ebb=1&cs=0&foub=mcpp","Pesan online","","","","",""
"https://www.google.com/maps/place/Maru+Maru/data=!4m7!3m6!1s0x2e3b773153813c77:0xca0692844dccf5f!8m2!3d-2.9460765!4d104.7675679!16s%2Fg%2F11k6qznl2l!19sChIJdzyBUzF3Oy4RX8_cRChpoAw?authuser=0&hl=id&rclk=1","Maru Maru","4,9","(22)","·","Rp 50–75 rb","Kafe","·","Jl. MP. Mangkunegara No.121c","Buka","· Tutup pukul 00.00","https://lh3.googleusercontent.com/gps-cs-s/APNQkAFqDMuIG0mFaR1ohs5ar8aXwz5_tE9Lo_DGkXESUWy_r7ffYn_jOatXJDZmd_CjoSLTgayQtw0TzTbKJUVXHb6NAdOKLqVmSVEBfYr9zGvTN-nvipooAvPEm6c-vzkuE2QRmClkqmsrwwda=w92-h92-k-no","https://ssl.gstatic.com/local/servicebusiness/default_user.png","""Enak kuenya, tempatnya lucu dan tenang""","","","","","","",""
"https://www.google.com/maps/place/Pondok+Lauk+Masak+Ibu+IDA/data=!4m7!3m6!1s0x2e3b9d703da12355:0x31c41408e4c383f3!8m2!3d-3.0497987!4d104.7855069!16s%2Fg%2F11gjgsyx3m!19sChIJVSOhPXCdOy4R84PD5AgUxDE?authuser=0&hl=id&rclk=1","Pondok Lauk Masak Ibu IDA","4,5","(555)","·","Rp 25–50 rb","Rumah Makan","·","·","Tutup","· Buka Sel pukul 09.00","https://lh3.googleusercontent.com/gps-cs-s/APNQkAGl1YQ8-N1epctVig1jDhT8LScaYFJYd0Ujhs9ZnMORfaP5GyN59fUR2YKvNRNR4ByYy3p8A4A2uc5i4gl0A-y-_P5dmd__JcRH_all9Y-XoivOL5NV-Ka53ktHn-VO3PCwZKBNHw=w122-h92-k-no","https://ssl.gstatic.com/local/servicebusiness/default_user.png","""Bisa juga bungkus untuk bawa pulang dan atau untuk pemesanan di acara2.""","","","","","Jl. Krakatau","",""
"https://www.google.com/maps/place/Palembang+Square/data=!4m7!3m6!1s0x2e3b75dd7b663d3f:0xa673f79fd841a344!8m2!3d-2.9765884!4d104.7421305!16s%2Fg%2F1218f65f!19sChIJPz1me911Oy4RRKNB2J_3c6Y?authuser=0&hl=id&rclk=1","Palembang Square","4,5","(33.570)","","","Pusat Perbelanjaan","·","·","Buka","· Tutup pukul 22.00","https://lh3.googleusercontent.com/gps-cs-s/APNQkAHIJ1t0Q9T60v9dkKheMzSeoW8LjlzeQH6a4FXh1mF3JHh2M4XYcHD3RAxyf9p2dvIBag4LMf2B05uLTxt4Boey2kt6UvKaYz_pwBctEorB4YiJTTS--2oXXaMrAMCn6R3Reo7k=w137-h92-k-no","https://ssl.gstatic.com/local/servicebusiness/default_user.png","""pelayanan baik, tempat nya nyaman, dan makanannya sangatt enak""","","","","","Jl. Angkatan 45","",""
"https://www.google.com/maps/place/Warung+Ima/data=!4m7!3m6!1s0x2e3b9e82fdf3a241:0x8fd38f2783ff81f!8m2!3d-3.0422025!4d104.7491458!16s%2Fg%2F11b7l1vs_v!19sChIJQaLz_YKeOy4RH_g_ePI4_Qg?authuser=0&hl=id&rclk=1","Warung Ima","4,4","(13)","","","Ayam","·","·","Buka","· Tutup Sel pukul 06.00","https://lh3.googleusercontent.com/gps-cs-s/APNQkAERqMj41V2-lu9MdAK1xBR_uxVXz9GuOo97bnE5E8gLm01Kl4eAb4jc4hRuBNy16dq4ZDZNIOlVkbegTd4CPo5jRFuL98FYycXhdu2JhP0WIiiSLlTE0xMh9wI1gSkXklLvWos=w122-h92-k-no","","Makan di tempat","","","","","XP5X+4M6, Jl. Lintas Sumatera","Bawa pulang",""
"https://www.google.com/maps/place/The+Zuri+Palembang+by+ZHM/data=!4m10!3m9!1s0x2e3b75e15e17cec5:0xeaec2276c88daaa4!5m2!4m1!1i2!8m2!3d-2.9825454!4d104.7466498!16s%2Fg%2F11f5ly7f1j!19sChIJxc4XXuF1Oy4RpKqNyHYi7Oo?authuser=0&hl=id&rclk=1","The Zuri Palembang by ZHM","4,9","(37.003)","","","Hotel bintang 4","Hotel santai dengan kolam renang di atap","","","","https://lh3.googleusercontent.com/gps-cs-s/APNQkAHqy9JgHvc0wxJQGYNgfI6DoiudVa0dMRDpmaPz87j1d5MZBJrDHa8aXWvDmCizldXkdIygDdpbqpVe5QKTJ7AUXiefUM3dQQBnSe0JSio44MC0_TfQ5A2h4Eeno0DBK1Pd-mRA1w=w122-h92-k-no","https://ssl.gstatic.com/local/servicebusiness/default_user.png","""Pada saat pelatihan pelayanannya baik, makannya enak2""","","","","","","",""
"https://www.google.com/maps/place/Warung+Nasi+Ana+X+Bakso+Bakar+BBQ/data=!4m7!3m6!1s0x2e3b75c739fdfb4d:0x4a9f15f4087112db!8m2!3d-2.9712118!4d104.730538!16s%2Fg%2F11b76j70kv!19sChIJTfv9Ocd1Oy4R2xJxCPQVn0o?authuser=0&hl=id&rclk=1","Warung Nasi Ana X Bakso Bakar BBQ","4,5","(47)","","","Padang","·","·","Buka","· Tutup pukul 22.00","https://lh3.googleusercontent.com/gps-cs-s/APNQkAH8YAAVG4TwpRsit1fFcJgm93KHveVYRi6dfMwBk6F1AmC0btxwgVe8EFzOy6SmvDqfSQxJMv2xzd4UAIJxQc7k_UPiE3pcimb_AO2UF2HqRqVgGIl2VBXk9DNHdG2GdG2uphoSMQ=w80-h142-k-no","https://ssl.gstatic.com/local/servicebusiness/default_user.png","""Disekitaran jadi nyari makan bisa juga disekitaran tempat ini.""","","","","","Jl. Demang Lebar Daun No.10","",""
"","","","","","","","","","","","","","","","","","","","",""