"hfpxzc href","qBF1Pd","MW4etd","UY7F9","AJB7ye","AJB7ye 2","W4Efsd","W4Efsd 2","W4Efsd 3","W4Efsd 4","W4Efsd 5","FQ2IWe src","Jn12ke src","ah5Ghc","doJOZc","W4Efsd 6","ah5Ghc 2","ah5Ghc 3","A1zNzb href","J8zHNe","bbPy1","M4A5Cf","M4A5Cf 2"
"","","","","","","","","","","","","","","","","","","","","","",""
"","","","","","","","","","","","","","","","","","","","","","",""
"https://www.google.com/maps/place/Sunday+Pizza/data=!4m7!3m6!1s0x2e3b7500635d7f8f:0x189dab8bca3e43b6!8m2!3d-2.9871835!4d104.7379882!16s%2Fg%2F11mzsbcf8j!19sChIJj39dYwB1Oy4RtkM-yournRg?authuser=0&hl=id&rclk=1","Sunday Pizza","4,8","(51)","·","Rp 25–50 rb","Pizza","·","Jl. Riau No.17","Buka","· Tutup pukul 22.00","https://lh3.googleusercontent.com/gps-cs-s/APNQkAGcXims2cBHKIdVWXVfI7vVuV5Y9sQv863go942DHRLXK5ALaNAuMcOOJ-bTgfF6RHdd4LIibfSzf7ZV4lqZZGXDmb_UJczNu-gF5K73qyxafqGsBZHsVFiHPoXQ6A_sqMsh43dXUWRbUHk=w80-h106-k-no","https://ssl.gstatic.com/local/servicebusiness/default_user.png","""Pizzanya enak banget, tempatnya nyaman, parkirnya luas 🫶🏻🫶🏻🫶🏻""","","","","","","","","",""
"https://www.google.com/maps/place/Pizza+Hut+Restoran/data=!4m7!3m6!1s0x2e3b7597761e72c3:0x6f314b9f658747d7!8m2!3d-2.9644273!4d104.7449338!16s%2Fg%2F11l_g9kcw3!19sChIJw3Iedpd1Oy4R10eHZZ9LMW8?authuser=0&hl=id&rclk=1","Pizza Hut Restoran","4,7","(3.205)","·","$$","Pizza","·","·","Buka","· Tutup pukul 22.00","https://lh3.googleusercontent.com/gps-cs-s/APNQkAFf2a7b_uL2MBgBwGUm4fbTq_BIOkLMLL4TdZI4sEaJ1YTt7xJKHRYMzpKp1XzvaubsTcCm9IKjcPFh15fmL_rna6d5ftj91-D15Z8A2L2ZZRnW-ksB9KEhW7MxOy_fGPZ16e4=w80-h106-k-no","https://ssl.gstatic.com/local/servicebusiness/default_user.png","""","","Jl. Jend. Sudirman No.KM 3","Pizza","nya enak mantap, pelayanannya ramah, pokoknya mantap banget 🥰""","https://www.google.com/searchviewer/42?cvd=CLw_EicKJeICIjIgEhkiF9LX29IPEQoNL2cvMTFsX2c5a2N3MxgAOgMI8A0%3D&hl=id-ID&gl=id&fo_m=MfohQo559jFvMUOzJVpjPL1YMfZ3bInYwBDuMfaXTPp5KXh-&utm_source=tactile&gei=r534aa3yKp-RseMP96e0sAo&ei=r534aa3yKp-RseMP96e0sAo&fo_s=OA&opi=79508299&ebb=1&cs=0&foub=mcpp","Pesan online","","",""
"https://www.google.com/maps/place/Pizza+Hut+Restoran/data=!4m7!3m6!1s0x2e3b7538abf27957:0x20e4de0e435b6f4e!8m2!3d-2.9825537!4d104.7240692!16s%2Fg%2F11h5667npg!19sChIJV3nyqzh1Oy4RTm9bQw7e5CA?authuser=0&hl=id&rclk=1","Pizza Hut Restoran","4,7","(2.234)","·","$$","Pizza","·","·","Buka","· Tutup pukul 22.00","https://lh3.googleusercontent.com/gps-cs-s/APNQkAHPmWso99moFqs7-QriMnQQ-7Dgy07PELVhsRQ36NdbvbAulxIf0W9MjJVZsMX3292abc0SX2ofAl6uPr7DFbqkXTOL-MpaFcrOmhTq7qBnU6YGKpzWuSjIRBlzlYkKlADmdx3NwA=w80-h106-k-no","https://ssl.gstatic.com/local/servicebusiness/default_user.png","""","","Jl. Demang Lebar Daun No.111","Pizza",", cheese roll, chicken wings selalu jadi favourite keluarga.""","https://www.google.com/searchviewer/42?cvd=CLw_EicKJeICIjIgEhkiF9LX29IPEQoNL2cvMTFoNTY2N25wZxgAOgMI8A0%3D&hl=id-ID&gl=id&fo_m=MfohQo559jFvMUOzJVpjPL1YMfZ3bInYwBDuMfaXTPp5KXh-&utm_source=tactile&gei=r534aa3yKp-RseMP96e0sAo&ei=r534aa3yKp-RseMP96e0sAo&fo_s=OA&opi=79508299&ebb=1&cs=0&foub=mcpp","Pesan online","","",""
"https://www.google.com/maps/place/Pizza+Hut+Delivery+-+PHD+Indonesia/data=!4m7!3m6!1s0x2e3b74371f1f1805:0xae37d15ad81ab86f!8m2!3d-2.9497302!4d104.7327588!16s%2Fg%2F11f50t2p1q!19sChIJBRgfHzd0Oy4Rb7ga2FrRN64?authuser=0&hl=id&rclk=1","Pizza Hut Delivery - PHD Indonesia","4,6","(1.531)","·","$$","Stan Pizza","·","·","Buka","· Tutup pukul 00.00","https://lh3.googleusercontent.com/gps-cs-s/APNQkAEF47Z2EM1URvcHB4cet0UPNH0HM48eKcQ_87dtOH4jQo_G67WxUKEqNIDGoctg7vcEhSMbH2-bJooVwWFMMnVFNlEjUF9IfIzRNAUcHqoULR3OiZFvtFPggy6BTh6fo7wbMBsH=w109-h92-k-no","https://ssl.gstatic.com/local/servicebusiness/default_user.png","""Sekarang rasa & tekstur nya sama dengan","","3P2M+32M, Jalan Kol. H. Burlian R01 - R02","pizza","hut sudirman.""","https://www.google.com/searchviewer/42?cvd=CLw_EicKJeICIjIgEhkiF9LX29IPEQoNL2cvMTFmNTB0MnAxcRgAOgMI8A0%3D&hl=id-ID&gl=id&fo_m=MfohQo559jFvMUOzJVpjPL1YMfZ3bInYwBDuMfaXTPp5KXh-&utm_source=tactile&gei=r534aa3yKp-RseMP96e0sAo&ei=r534aa3yKp-RseMP96e0sAo&fo_s=OA&opi=79508299&ebb=1&cs=0&foub=mcpp","Pesan online","","",""
"https://www.google.com/maps/place/Pizza+Hut+Delivery+-+PHD+Indonesia/data=!4m7!3m6!1s0x2e3b9d8ab376bc33:0x2c612ae2fd14442e!8m2!3d-2.9962121!4d104.775517!16s%2Fg%2F11f5psdg49!19sChIJM7x2s4qdOy4RLkQU_eIqYSw?authuser=0&hl=id&rclk=1","Pizza Hut Delivery - PHD Indonesia","4,7","(966)","·","$$","Stan Pizza","·","·","Buka","· Tutup pukul 23.00","https://lh3.googleusercontent.com/gps-cs-s/APNQkAFashoVnDLk3gpRAsy45EAS8zmslaU7M_OsaqDwEh7-zQMXjTzUSlP-UoZLDjAMOx2ZyIGODB_sxBpY-22hTowMn6kEQMGDZZAgputIKFY6l7iOI8Dun6drraXPvMY3KkknLKM=w163-h92-k-no","https://ssl.gstatic.com/local/servicebusiness/default_user.png","""","","Jl. Jenderal Ahmad Yani No.435 & 436","pizza","nya enak , tp pelayannanya buruk ga ramah jutek ,,""","https://www.google.com/searchviewer/42?cvd=CLw_EicKJeICIjIgEhkiF9LX29IPEQoNL2cvMTFmNXBzZGc0ORgAOgMI8A0%3D&hl=id-ID&gl=id&fo_m=MfohQo559jFvMUOzJVpjPL1YMfZ3bInYwBDuMfaXTPp5KXh-&utm_source=tactile&gei=r534aa3yKp-RseMP96e0sAo&ei=r534aa3yKp-RseMP96e0sAo&fo_s=OA&opi=79508299&ebb=1&cs=0&foub=mcpp","Pesan online","","",""
"https://www.google.com/maps/place/Domino%27s+Pizza/data=!4m7!3m6!1s0x2e3b77915d7568f1:0xe9eea5568c6d696d!8m2!3d-2.9918146!4d104.7843623!16s%2Fg%2F11p5t08skt!19sChIJ8Wh1XZF3Oy4RbWltjFal7uk?authuser=0&hl=id&rclk=1","Domino's Pizza","4,6","(353)","·","$$","Pizza","·","·","Buka","· Tutup pukul 00.00","https://lh3.googleusercontent.com/gps-cs-s/APNQkAFEP-CBu0rjvQNeMiAmD5vJK4G-s0l7oIabZNc6TXwyoiuFbQNnKP7Zuxid_InsRotfQmeetvi-TIdlz3oQZsH7t5npZmp7QqOXoTWJJshL29SaG2c-jqIA881-u0YnxnJWP90u=w122-h92-k-no","https://ssl.gstatic.com/local/servicebusiness/default_user.png","""Pesan","","Ruko Bumi Patra Sriwijaya Blok A01/1, Jl. Jenderal Ahmad Yani No.001, RT.031","pizza","bolognese dan trufflenya rekomen banget..""","https://www.google.com/searchviewer/42?cvd=CLw_EicKJeICIjIgEhkiF9LX29IPEQoNL2cvMTFwNXQwOHNrdBgAOgMI8A0%3D&hl=id-ID&gl=id&fo_m=MfohQo559jFvMUOzJVpjPL1YMfZ3bInYwBDuMfaXTPp5KXh-&utm_source=tactile&gei=r534aa3yKp-RseMP96e0sAo&ei=r534aa3yKp-RseMP96e0sAo&fo_s=OA&opi=79508299&ebb=1&cs=0&foub=mcpp","Pesan online","","",""
"https://www.google.com/maps/place/La+Vita+Bella/data=!4m7!3m6!1s0x2e3b77c1397683ab:0xfc34751a4a550c23!8m2!3d-2.9691687!4d104.7694491!16s%2Fg%2F11l6xnddhs!19sChIJq4N2OcF3Oy4RIwxVShp1NPw?authuser=0&hl=id&rclk=1","La Vita Bella","4,9","(1.663)","","","Sesuai untuk keluarga","·","Jl. Dr. M. Isa No.1051, RT.028/RW.006","Buka","· Tutup pukul 22.00","https://lh3.googleusercontent.com/gps-cs-s/APNQkAEafu_JA2vqeAmDYqL9WQXwbiRwI9QZkKoF8kPOf1jCeIGm8LRz2-RmqTqz2sn7l6dO9lwXfSGhANa98pwgQiYpifzy5QWemtSVo_OulmkczAs6T6vuOz2o-rW-gwhLOBdNC1zc=w80-h106-k-no","https://ssl.gstatic.com/local/servicebusiness/default_user.png","""✨BEST","","","PIZZA","IN TOWN👏🏻✨

Kejunya beneran berasa karena pakai 3 jenis keju;""","","","","",""
"https://www.google.com/maps/place/Pizza+Hut+Delivery+-+PHD+Indonesia/data=!4m7!3m6!1s0x2e3b7758e89e1b13:0x7937206a215f2a38!8m2!3d-2.96978!4d104.7548069!16s%2Fg%2F11gvfdk0l9!19sChIJExue6Fh3Oy4ROCpfIWogN3k?authuser=0&hl=id&rclk=1","Pizza Hut Delivery - PHD Indonesia","4,7","(692)","·","$$","Stan Pizza","·","·","Buka","· Tutup pukul 00.00","https://lh3.googleusercontent.com/gps-cs-s/APNQkAFBXfltgN4hcg71n1GOpPyMcOlptVaGMtV5Bnn5wJPfZSkRahANGEvZmXv9hLnibbwT7FzWUp22arQSH8EHBEM43K8heZ3uZtQODKJGxZRthTcQv-ULsVqH9k0XwrpVCXwCjoIHZQ=w199-h92-k-no","https://ssl.gstatic.com/local/servicebusiness/default_user.png","""wow keren, kalo beli","","Jl. Mayor Salim Batubara No.2580","pizza","di sini aja man temann""","https://www.google.com/searchviewer/42?cvd=CLw_EicKJeICIjIgEhkiF9LX29IPEQoNL2cvMTFndmZkazBsORgAOgMI8A0%3D&hl=id-ID&gl=id&fo_m=MfohQo559jFvMUOzJVpjPL1YMfZ3bInYwBDuMfaXTPp5KXh-&utm_source=tactile&gei=r534aa3yKp-RseMP96e0sAo&ei=r534aa3yKp-RseMP96e0sAo&fo_s=OA&opi=79508299&ebb=1&cs=0&foub=mcpp","Pesan online","","",""
"https://www.google.com/maps/place/PIZZA+ETVETERAN+PALEMBANG/data=!4m7!3m6!1s0x2e3b75e5ae0029db:0x9d6b379d234fd6!8m2!3d-2.9457075!4d104.7518509!16s%2Fg%2F11hvwg8p22!19sChIJ2ykAruV1Oy4R1k8jnTdrnQA?authuser=0&hl=id&rclk=1","PIZZA ETVETERAN PALEMBANG","5,0","(7)","","","Pizza","·","Jl. Angkatan 66 No.1502","Buka","· Tutup pukul 22.00","https://lh3.googleusercontent.com/gps-cs-s/APNQkAGBGILc4ElwqDXZEqqAIxMQynH3hW70QLpvwQgN3nacUCoitv52X62PSnXpdA-CJiBAgO4EHIdH4KH_qY2eH88m-eY-P0u5MdyVigFcJJpGGoeY5Zp9XoakE3B5Cr5kkNUTEq_r=w199-h92-k-no","https://ssl.gstatic.com/local/servicebusiness/default_user.png","""Tempat nya bagus nyaman bersih makanan nya enak""","","","","","","","","",""
"https://www.google.com/maps/place/Domino%27s+Pizza/data=!4m7!3m6!1s0x2e3b77c77257889d:0x404c4aa9e3f2b5e0!8m2!3d-2.9423769!4d104.7674372!16s%2Fg%2F11rj_m5qwy!19sChIJnYhXcsd3Oy4R4LXy46lKTEA?authuser=0&hl=id&rclk=1","Domino's Pizza","4,5","(218)","·","$$","Pizza","·","Jl. MP. Mangkunegara No.2 & 3","Buka","· Tutup pukul 00.00","https://lh3.googleusercontent.com/gps-cs-s/APNQkAFaY2oPHyFIJ9hoS8p4FnmWl6MTfsdVqSFyq-AG7rHsH6G8wdh9Y55zwe3Use6b1pY382BCmTgOveXZCAP4_usiH8z4DRIn7Ga2l4jzhNXyFmHoQqLHXrPSe91Ec9yOMTa5hlc=w80-h106-k-no","https://ssl.gstatic.com/local/servicebusiness/default_user.png","""Pizzanya tidak kering sperti dominos lainnya.""","","Resto pizza delivery yang berdiri lama","","","https://www.google.com/searchviewer/42?cvd=CLw_EicKJeICIjIgEhkiF9LX29IPEQoNL2cvMTFyal9tNXF3eRgAOgMI8A0%3D&hl=id-ID&gl=id&fo_m=MfohQo559jFvMUOzJVpjPL1YMfZ3bInYwBDuMfaXTPp5KXh-&utm_source=tactile&gei=r534aa3yKp-RseMP96e0sAo&ei=r534aa3yKp-RseMP96e0sAo&fo_s=OA&opi=79508299&ebb=1&cs=0&foub=mcpp","Pesan online","","",""
"https://www.google.com/maps/place/Domino%27s+Pizza/data=!4m7!3m6!1s0x2e3b75a6af34619f:0xdf24a09df7651b3f!8m2!3d-2.9262046!4d104.7137016!16s%2Fg%2F11sgkft32x!19sChIJn2E0r6Z1Oy4RPxtl952gJN8?authuser=0&hl=id&rclk=1","Domino's Pizza","4,5","(578)","·","$$","Pizza","·","·","Buka","· Tutup pukul 00.00","https://lh3.googleusercontent.com/gps-cs-s/APNQkAGM_AB_rdlYoQeZ1JILlJd6HxU6JjjhMpc20GWc5pP1mU9mU27OHkS8d-VWWHMVk3MeLIXoKLZw_FjMJv0_71YThFPFbk3NvTXo-IRQy53BBRDX6cBoiPgqjpViRd0f6TdAqYkCog=w92-h92-k-no","https://ssl.gstatic.com/local/servicebusiness/default_user.png","""Enak pizzanya, khasnya itu kayak ada butiran halus dipizzanya.""","","Km 9 Block A B No 65, Jl. Kolonel H. Barlian No.010, RT.035","","","https://www.google.com/searchviewer/42?cvd=CLw_EicKJeICIjIgEhkiF9LX29IPEQoNL2cvMTFzZ2tmdDMyeBgAOgMI8A0%3D&hl=id-ID&gl=id&fo_m=MfohQo559jFvMUOzJVpjPL1YMfZ3bInYwBDuMfaXTPp5KXh-&utm_source=tactile&gei=r534aa3yKp-RseMP96e0sAo&ei=r534aa3yKp-RseMP96e0sAo&fo_s=OA&opi=79508299&ebb=1&cs=0&foub=mcpp","Pesan online","","",""
"https://www.google.com/maps/place/Brava+Parlour/data=!4m7!3m6!1s0x2e3b75e0cb07463b:0xc1c59c06b46f435f!8m2!3d-2.977859!4d104.7467303!16s%2Fg%2F11c5cv9zwq!19sChIJO0YHy-B1Oy4RX0NvtAacxcE?authuser=0&hl=id&rclk=1","Brava Parlour","4,6","(134)","·","Rp 250.000+","Italia","·","The Arista Hotel Palembang, Jl. Kapten A. Rivai Lt. Lobby","Buka","· Tutup pukul 00.00","https://lh3.googleusercontent.com/gps-cs-s/APNQkAFpNqS06g1__-gh6njq5Nr9vG5JErmothnbKxc-zTI6XFo6rwVe_DnjYy6rtZWy1wpd-nzQurM9XEfJqNS04wc2VSW79CyJ9f4rwGLrO6VBYiACzW0mdJ6mZjlrvzt47bONCuBs=w80-h106-k-no","https://ssl.gstatic.com/local/servicebusiness/default_user.png","""terus fettuccine carbonara nya emg rasanya asem bau basi atau gimana ya?""","","","","","","","","",""
"https://www.google.com/maps/place/Master+Cheese+Pizza+Palembang/data=!4m7!3m6!1s0x2e3b75da4e213fa9:0xaa327c1d249cbc93!8m2!3d-2.9891719!4d104.7434082!16s%2Fg%2F11fky_grpd!19sChIJqT8hTtp1Oy4Rk7ycJB18Mqo?authuser=0&hl=id&rclk=1","Master Cheese Pizza Palembang","4,2","(29)","·","$$","Pizza","·","2P6V+89M, Jl. POM IX","Tutup","· Buka Sel pukul 10.00","https://lh3.googleusercontent.com/gps-cs-s/APNQkAHJOBXCc7zM1P-R2kSgvr3zcYQ-3MWJG5LbyTMpgsSkPhlGGHJhvDTuWR-srHqM2B5BozrBbywKH5itydniUxVoKhrDiGvkeb6_nDEIAIbm3UKs9JeTGww0pYOqQz4YRBZcWqvw=w189-h92-k-no","https://ssl.gstatic.com/local/servicebusiness/default_user.png","""Panas tempatny..klo makanan lumyan sm pelayanan""","","","","","","","","",""
"https://www.google.com/maps/place/Pizza+Rakyat+Simpang+Lima/data=!4m7!3m6!1s0x2e3b74240f30a381:0xfc63f5baca061888!8m2!3d-2.9439851!4d104.7481342!16s%2Fg%2F11c58n3wkm!19sChIJgaMwDyR0Oy4RiBgGyrr1Y_w?authuser=0&hl=id&rclk=1","Pizza Rakyat Simpang Lima","4,4","(101)","·","$","Pizza","·","·","Segera tutup","· 21.00 · Buka Sel pukul 10.00","https://lh3.googleusercontent.com/gps-cs-s/APNQkAGbjhBBAZvE_Y-kCO5lUx-A7ySSKDBXWHX6LQaI_iT_vLAkkdwRyawi9oWw297ldrpRYz69I3VPmS3C84GiB6WDBc0AXOeX5BthBB0hdoPEDWs4ryn_ErnRQx9r1_hddk2tw36A=w80-h142-k-no","","Makan di tempat","","Jl. R.A. Abusamah No.3934","Bawa pulang","Antar tanpa bertemu","","","","·","·"
"https://www.google.com/maps/place/Pizza+real/data=!4m7!3m6!1s0x2e3b770a847625bd:0xaff6d287bea169ed!8m2!3d-2.9593911!4d104.752919!16s%2Fg%2F11fmldlpnb!19sChIJvSV2hAp3Oy4R7WmhvofS9q8?authuser=0&hl=id&rclk=1","Pizza real","4,6","(25)","","","Pizza","·","2QR3+65V, Lorong Karya I","Segera tutup","· 21.00 · Buka Sel pukul 07.00","https://lh3.googleusercontent.com/gps-cs-s/APNQkAE37KwYRN1KbLxxBaeZ5Fy8c0wG0MLrqMuFAR-ZlPvAlf-m3cV-A6mAQLqqPbkQzcPNjk6TTgX-qDcbu3GyG9xeED9II_YI6wuCNLeDvDU-r7U0BUGYsAHKXFgqzmdE1XjWej3Smw=w80-h106-k-no","","Makan di tempat","","","Bawa pulang","Antar tanpa bertemu","","","","·","·"
"https://www.google.com/maps/place/Domino%27s+Pizza/data=!4m7!3m6!1s0x2e3b772b6cfc6681:0x5f0f8a931d9da4f3!8m2!3d-2.9806279!4d104.7644871!16s%2Fg%2F11ptr802rr!19sChIJgWb8bCt3Oy4R86SdHZOKD18?authuser=0&hl=id&rclk=1","Domino's Pizza","4,2","(160)","·","$$","Pizza","·","Jl. Lingkaran 1 Jl Lingkaran No.453A, RT.009/RW.002","Buka","· Tutup pukul 00.00","https://lh3.googleusercontent.com/gps-cs-s/APNQkAGqHLPDDr_jMvd217ibcMmuoACIR9CPnMxOB2TAj4ttIW2dru4NVrFHjtjLY8KcZHEuNaRVGo6f4SvoXuma5eR4zpyaIUn8lp-gUwEp0ss0aehx3v9h0xTzN7rDC-EnpJtFbRbL=w80-h106-k-no","https://ssl.gstatic.com/local/servicebusiness/default_user.png","""","","Resto pizza delivery yang berdiri lama","Pizza","nya enak terutama pie supreme, pelayanannya juga ramah-ramah🥰🥰🥰""","https://www.google.com/searchviewer/42?cvd=CLw_EicKJeICIjIgEhkiF9LX29IPEQoNL2cvMTFwdHI4MDJychgAOgMI8A0%3D&hl=id-ID&gl=id&fo_m=MfohQo559jFvMUOzJVpjPL1YMfZ3bInYwBDuMfaXTPp5KXh-&utm_source=tactile&gei=r534aa3yKp-RseMP96e0sAo&ei=r534aa3yKp-RseMP96e0sAo&fo_s=OA&opi=79508299&ebb=1&cs=0&foub=mcpp","Pesan online","","",""
"https://www.google.com/maps/place/Pizza+Hut+Delivery+-+PHD+Indonesia/data=!4m7!3m6!1s0x2e3b770abc7d2745:0x7ed09748f8420f9f!8m2!3d-2.9479229!4d104.7852332!16s%2Fg%2F11glfgqb8l!19sChIJRSd9vAp3Oy4Rnw9C-EiX0H4?authuser=0&hl=id&rclk=1","Pizza Hut Delivery - PHD Indonesia","4,6","(376)","·","Rp 75–100 rb","Stan Pizza","·","·","Buka","· Tutup pukul 23.00","https://lh3.googleusercontent.com/gps-cs-s/APNQkAGIAGAXchQj_qfAN-3mxefYtzLqO9qhtsQZ32i1hd468mC55M5ULa-FNQY9xJn9f9esDbv9WZwC9oT2K3QYesBrjXHUYtQVAZhAth2FSTYC6TBtXy-sl6hSni8cy8m5_H9Js46A=w80-h106-k-no","https://ssl.gstatic.com/local/servicebusiness/default_user.png","""Tempatnya nyaman dan sedikit luas,","","Jl. Brigjen Hasan Kasim","pizza","nya juga enak dan lembut""","https://www.google.com/searchviewer/42?cvd=CLw_EicKJeICIjIgEhkiF9LX29IPEQoNL2cvMTFnbGZncWI4bBgAOgMI8A0%3D&hl=id-ID&gl=id&fo_m=MfohQo559jFvMUOzJVpjPL1YMfZ3bInYwBDuMfaXTPp5KXh-&utm_source=tactile&gei=r534aa3yKp-RseMP96e0sAo&ei=r534aa3yKp-RseMP96e0sAo&fo_s=OA&opi=79508299&ebb=1&cs=0&foub=mcpp","Pesan online","","",""
"https://www.google.com/maps/place/LAVOI+PIZZA/data=!4m7!3m6!1s0x2e3b77003c3f9bfb:0xf8e210c65e815e8c!8m2!3d-2.9630359!4d104.7846256!16s%2Fg%2F11yzd1qbk0!19sChIJ-5s_PAB3Oy4RjF6BXsYQ4vg?authuser=0&hl=id&rclk=1","LAVOI PIZZA","5,0","(4)","","","Pizza","·","2QPM+QVJ, Jl. Urip Sumoharjo","Buka","· Tutup pukul 21.30","https://lh3.googleusercontent.com/gps-cs-s/APNQkAFkubGH87QpHOJw6UlRjV8hOtJrN8XeTYNHdr3hsztfdI5UN3FzEAnGv8HALIau-CXZlJj2gJW6Fhf1kLCvPTcQLwIqh1KXdvXxKCiqKMSv4_4QDfqHskhxSH7borH4UmNT5SW05YbrzJMp=w80-h142-k-no","https://ssl.gstatic.com/local/servicebusiness/default_user.png","""","","","Pizza","ala italian.. wajib dicoba guys!!""","https://www.google.com/searchviewer/42?cvd=CLw_EicKJeICIjIgEhkiF9LX29IPEQoNL2cvMTF5emQxcWJrMBgBOgMI8A0%3D&hl=id-ID&gl=id&fo_m=MfohQo559jFvMUOzJVpjPL1YMfZ3bInYwBDuMfaXTPp5KXh-&utm_source=tactile&gei=r534aa3yKp-RseMP96e0sAo&ei=r534aa3yKp-RseMP96e0sAo&fo_s=OA&opi=79508299&orderType=1&ebb=1&cs=0&foub=mcpp","Pesan online","","",""
"https://www.google.com/maps/place/Makan+Bistro+%26+Koffee+Addict/data=!4m7!3m6!1s0x2e3b766d2f5f8683:0x40fb5e7f8c5208c!8m2!3d-2.9755342!4d104.7662032!16s%2Fg%2F11d_2ft08n!19sChIJg4ZfL212Oy4RjCDF-Oe1DwQ?authuser=0&hl=id&rclk=1","Makan Bistro & Koffee Addict","4,4","(343)","·","Rp 50–75 rb","Pizza","·","·","Buka","· Tutup pukul 23.00","https://lh3.googleusercontent.com/gps-cs-s/APNQkAF4_mH3Wu4vumIT1KQFqg-3VK69KhVpNlOPRKQUnlbstNHrZNuHtonIBYTYOaAeZ_ifG0zaOtMkn3WCtAVcbgyz6V4lwL6m2HTVNyStj6FMGCrFrI_bdRYO2EhIm3Jh8eeqOdJi=w80-h142-k-no","https://ssl.gstatic.com/local/servicebusiness/default_user.png","""Pizzanya juga wajib dicoba dan smoothies nya enak-enak""","","Jl. Veteran No.939 F8","","","https://www.google.com/searchviewer/42?cvd=CLw_EicKJeICIjIgEhkiF9LX29IPEQoNL2cvMTFkXzJmdDA4bhgBOgMI8A0%3D&hl=id-ID&gl=id&fo_m=MfohQo559jFvMUOzJVpjPL1YMfZ3bInYwBDuMfaXTPp5KXh-&utm_source=tactile&gei=r534aa3yKp-RseMP96e0sAo&ei=r534aa3yKp-RseMP96e0sAo&fo_s=OA&opi=79508299&orderType=1&ebb=1&cs=0&foub=mcpp","Pesan online","","",""
"https://www.google.com/maps/place/Pizza+Rakyat/data=!4m7!3m6!1s0x2e3b75d1a8b31ec1:0xc03c4f745cc5c53a!8m2!3d-2.9639435!4d104.7429958!16s%2Fg%2F11h6g52r80!19sChIJwR6zqNF1Oy4ROsXFXHRPPMA?authuser=0&hl=id&rclk=1","Pizza Rakyat","5,0","(2)","","","Pizza","·","Jl. Jend. Sudirman No.2169","","","https://streetviewpixels-pa.googleapis.com/v1/thumbnail?panoid=J9LFip9yGZPhLopmAu7q1Q&cb_client=search.gws-prod.gps&w=80&h=92&yaw=218.04117&pitch=0&thumbfov=100","","Makan di tempat","","","Bawa pulang","Pesan antar","","","","·","·"
"https://www.google.com/maps/place/Milano+Pizza/data=!4m7!3m6!1s0x2e3b760e8d3cc0b3:0xe0bc75c397284e0!8m2!3d-2.982277!4d104.760248!16s%2Fg%2F11bc7qvr2d!19sChIJs8A8jQ52Oy4R4IRyOVzHCw4?authuser=0&hl=id&rclk=1","Milano Pizza","5,0","(9)","","","Pizza","·","Hotel Wisata, JL. Letkol Iskandar, No. 105-107, 17 Ilir, Ilir Timur I","Buka","· Tutup pukul 22.00","https://streetviewpixels-pa.googleapis.com/v1/thumbnail?panoid=L1DyDNsAWvpdEQKkVBjcGA&cb_client=search.gws-prod.gps&w=80&h=92&yaw=349.50424&pitch=0&thumbfov=100","","Makan di tempat","","","Bawa pulang","Antar tanpa bertemu","","","","·","·"
"https://www.google.com/maps/place/Pizza+Rakyat+Bukit+Lama/data=!4m7!3m6!1s0x2e3b9e1bb07c76cf:0xf75774028078496!8m2!3d-3.0027417!4d104.7367125!16s%2Fg%2F11f5h3bn48!19sChIJz3Z8sBueOy4RloQHKEB3dQ8?authuser=0&hl=id&rclk=1","Pizza Rakyat Bukit Lama","4,8","(5)","","","Pizza","·","Jl. Sultan M. Mansyur No.40","Buka","· Tutup pukul 22.00","https://lh3.googleusercontent.com/gps-cs-s/APNQkAHrqLRpJOD6UiFGHaAZmh6LrbtyqHMXQESZDfIib24UiW8kAONnoG9sJaZM9rUEIKUWffzvzEFr8TcR9ruf6Sj3P1NLKFSoWQxwhxj4dR8bAwdJBdAI--z8WnKTqsdhXtXuO63_Ww=w122-h92-k-no","","Makan di tempat","","","Bawa pulang","Pesan antar","","","","·","·"
"https://www.google.com/maps/place/King+Kone+Pizza/data=!4m7!3m6!1s0x2e3b75c612fe7575:0xd0d9f89413111bf9!8m2!3d-2.9683989!4d104.737494!16s%2Fg%2F11g871t5p3!19sChIJdXX-EsZ1Oy4R-RsRE5T42dA?authuser=0&hl=id&rclk=1","King Kone Pizza","5,0","(1)","","","Pizza","·","Jl. Demang Lebar Daun No.989","Segera tutup","· 21.00 · Buka Sel pukul 12.00","https://lh3.googleusercontent.com/gps-cs-s/APNQkAEog2ibgeogCGT6H6u95OVfQJBnMnKaItzaUpkogRI_w5lkw2fAMb2WaWBUA_hiG7dseTaHc7jF9Ki6UBO7bCnn4A4hOESamQ1jirTMBeW1AFxmqtkyO8RgcsqPe5ROfns3ZLE=w80-h106-k-no","","Makan di tempat","","","Bawa pulang","Antar tanpa bertemu","","","","·","·"
"https://www.google.com/maps/place/Butcher+Steak/data=!4m7!3m6!1s0x2e3b768a06d7aa25:0x47f7e67d02e5e50e!8m2!3d-2.9565494!4d104.7700071!16s%2Fg%2F11g8wh6kmg!19sChIJJarXBop2Oy4RDuXlAn3m90c?authuser=0&hl=id&rclk=1","Butcher Steak","4,9","(4.413)","·","$$","Steak","·","Jl. AKBP Cek Agus No.284","Buka","· Tutup pukul 21.30","https://lh3.googleusercontent.com/gps-cs-s/APNQkAHPWsstYM63L59pN67VEJQObVuaz34eEjmM_xH6wSWEhgZWvaDShZVIYWY-lALM6E_rZll_ESU2rA46wgtlLIst6JgTfHceA3Gd7uT8n3tWkr7tGQloQh7Ci28CAOapRfvmZ5wxDA=w80-h106-k-no","https://ssl.gstatic.com/local/servicebusiness/default_user.png","""","","","Pizza","-nya juga gak kalah enak, kejunya meleleh dan toppingnya berlimpah.""","","","","",""
"https://www.google.com/maps/place/Lavoi+Pizza/data=!4m7!3m6!1s0x2e3b77005e7f0831:0xd3c2de98904ed608!8m2!3d-2.9915559!4d104.7946975!16s%2Fg%2F11w1lqrb08!19sChIJMQh_XgB3Oy4RCNZOkJjewtM?authuser=0&hl=id&rclk=1","Lavoi Pizza","5,0","(4)","","","Pizza","·","Jl. D.I. Panjaitan No.6","Segera tutup","· 21.00 · Buka Sel pukul 12.00","https://lh3.googleusercontent.com/gps-cs-s/APNQkAGmA3C7Nrh6ANuIANtiSJITvUETK-TboRZMcm5IqBgZkH8qREgklIUQLKdhy4jcp5rmaVeavsFCscSsGaHRNMNidFjh52gxaTKpEFCHEx-GEXB6iWgg9fIaEmW7J_s1EFxW8rZbsg=w80-h142-k-no","","Makan di tempat","","","","","","","","",""
"https://www.google.com/maps/place/Sari+Pizza/data=!4m7!3m6!1s0x2e3b7379fee41911:0x74abe4f0e7e5156b!8m2!3d-2.9156547!4d104.6914187!16s%2Fg%2F11fn6kdshs!19sChIJERnk_nlzOy4RaxXl5_Dkq3Q?authuser=0&hl=id&rclk=1","Sari Pizza","4,8","(20)","","","Pizza","·","3MMR+PHM","Buka sekarang","","https://lh3.googleusercontent.com/gps-cs-s/APNQkAFZ4fsvXW2TID7Ddzepk4QQsGBu-Nz0bDHgtuntqPt7Xe7wSXOA0BQP8Bexw331k2Al_noiPXsgfux0tlJ-Xwd6hmw7ifBCoFF2Y0ROe89lrbTM35s7gRXvkBjSWxc2Y2DR8Kn-tQ=w92-h92-k-no","https://ssl.gstatic.com/local/servicebusiness/default_user.png","""kue kue nya enak press pass lidah, higenis dan harga sesuai kwalitas.""","","","","","","","","",""
"https://www.google.com/maps/place/Krusti+Pizza/data=!4m7!3m6!1s0x2e3b7606188590f5:0xdc1424049f4f1f31!8m2!3d-2.9864635!4d104.7564936!16s%2Fg%2F11gbz0wdx4!19sChIJ9ZCFGAZ2Oy4RMR9PnwQkFNw?authuser=0&hl=id&rclk=1","Krusti Pizza","5,0","(1)","","","Pizza","·","2Q74+CH9, Lorong Bunga Hati","Segera tutup","· 21.00 · Buka Sel pukul 13.00","https://streetviewpixels-pa.googleapis.com/v1/thumbnail?panoid=o56dSOo5aL-iqleP1skDPA&cb_client=search.gws-prod.gps&w=80&h=92&yaw=186.50838&pitch=0&thumbfov=100","","Makan di tempat","","","Bawa pulang","Pesan antar","","","","·","·"
"https://www.google.com/maps/place/LN+Fortunate+Coffee/data=!4m7!3m6!1s0x2e3b76f3c9786403:0x202212c4aae3d204!8m2!3d-2.949918!4d104.779953!16s%2Fg%2F11csrqqj0r!19sChIJA2R4yfN2Oy4RBNLjqsQSIiA?authuser=0&hl=id&rclk=1","LN Fortunate Coffee","4,8","(219)","·","Rp 25–50 rb","Vegetarian","·","·","Tutup","· Buka Sel pukul 09.00","https://lh3.googleusercontent.com/gps-cs-s/APNQkAHj6lHRHE2rQy1778RKipWmqRx1CtOXpeDaEGBFKXxZdWDeRAglqx6iJbhF1TdqjDDUSjhZfnXrunRH8dhKkzGRqhGjJULLEBWIJoZmDWvE6V2cwY-JHlmG3rJ-fXGJcpP3aNKK=w122-h92-k-no","https://ssl.gstatic.com/local/servicebusiness/default_user.png","""Best place, best vibes, best taste""","","Jl. H. Abdul Rozak No.11","","","","","","",""
"https://www.google.com/maps/place/PIZZA+PERKS+KAMBANG+IWAK/data=!4m7!3m6!1s0x2e3b75005d4039dd:0xf00335ba6d85e668!8m2!3d-2.9912864!4d104.7449923!16s%2Fg%2F11nc10wf8q!19sChIJ3TlAXQB1Oy4RaOaFbbo1A_A?authuser=0&hl=id&rclk=1","PIZZA PERKS KAMBANG IWAK","","","","","Pizza","·","Jl. Gajah Mada No.6","Buka","· Tutup pukul 21.30","https://streetviewpixels-pa.googleapis.com/v1/thumbnail?panoid=PAjxYbxmypVLXzZmEfOilw&cb_client=search.gws-prod.gps&w=80&h=92&yaw=298.9848&pitch=0&thumbfov=100","","","","","","","https://www.google.com/searchviewer/42?cvd=CLw_EicKJeICIjIgEhkiF9LX29IPEQoNL2cvMTFuYzEwd2Y4cRgBOgMI8A0%3D&hl=id-ID&gl=id&fo_m=MfohQo559jFvMUOzJVpjPL1YMfZ3bInYwBDuMfaXTPp5KXh-&utm_source=tactile&gei=uJ34aZmsD8zkseMPlffrwQ8&ei=uJ34aZmsD8zkseMPlffrwQ8&fo_s=OA&opi=79508299&orderType=1&ebb=1&cs=0&foub=mcpp","Pesan online","","",""
"https://www.google.com/maps/place/Pizza+Nian/data=!4m7!3m6!1s0x2e3b770d74640931:0x50bae9385ac54684!8m2!3d-2.9275324!4d104.7872449!16s%2Fg%2F11p3g_pd44!19sChIJMQlkdA13Oy4RhEbFWjjpulA?authuser=0&hl=id&rclk=1","Pizza Nian","5,0","(1)","","","Pizza","·","3QCP+XVQ, Jl. Siaran","Segera tutup","· 20.30 · Buka Sel pukul 13.00","https://lh3.googleusercontent.com/gps-cs-s/APNQkAFBrdAgNdNqfehMBAsI3HiEeX7JCeiVG2a4lyW8baBD41HRxybnIWWG4IB_a-xKZJgaG3uBq0SDNoTkUQEaQL32ePbIMU-d_9LIbz9hzz258Kv0sXi3wZTr68C3RGEY8ruHOSsw=w92-h92-k-no","https://ssl.gstatic.com/local/servicebusiness/default_user.png","""Enak dan murah""","","","","","","","","",""
"https://www.google.com/maps/place/Mom+Cook+Palembang/data=!4m7!3m6!1s0x2e3b752265b9c2af:0x6223d780015e1874!8m2!3d-2.9295128!4d104.7119263!16s%2Fg%2F11h4zpv5n3!19sChIJr8K5ZSJ1Oy4RdBheAYDXI2I?authuser=0&hl=id&rclk=1","Mom Cook Palembang","5,0","(4)","","","Pizza","·","Jl. Pengadilan Tinggi No.18","Tutup","· Buka Sel pukul 06.00","https://lh3.googleusercontent.com/gps-cs-s/APNQkAGqXLJ8c8_MTctb7HZkM4AZZSdW4PnEek_Ltk3DwxmEwEOYSTUUO7lmyavCC1X3gLWs5qELeI2aqlhQfHKdjKnQTtf8_pIoU8gj1qCi99j3htRwUCGERhxiUQt1DHrFXjxekdumvg=w82-h92-k-no","","Makan di tempat","","","Bawa pulang","Antar tanpa bertemu","","","","·","·"
"https://www.google.com/maps/place/Days+Cafe/data=!4m7!3m6!1s0x2e3b779f69c618eb:0x6e1441378d7bab79!8m2!3d-2.962146!4d104.7697925!16s%2Fg%2F11t75g_x0c!19sChIJ6xjGaZ93Oy4Reat7jTdBFG4?authuser=0&hl=id&rclk=1","Days Cafe","4,7","(629)","·","Rp 50–75 rb","Kafe","·","·","Buka","· Tutup pukul 22.00","https://lh3.googleusercontent.com/gps-cs-s/APNQkAGUykPX5EBN4NTLR09UY7Cldcvcj1VkPpEcOhnsJZ8hhivZ_YgNJtABL271yFARIKlfTMNkijou3UDPgGoprIRtoB4oJ6nyP26T_tojDzWRfaE9otERXf7SQnps5kbou5ut4iYe=w80-h106-k-no","https://ssl.gstatic.com/local/servicebusiness/default_user.png","""woww 10000/10.""","","Jl. Dr. M. Isa III No.19-21","","","https://www.google.com/searchviewer/42?cvd=CLw_EicKJeICIjIgEhkiF9LX29IPEQoNL2cvMTF0NzVnX3gwYxgBOgMI8A0%3D&hl=id-ID&gl=id&fo_m=MfohQo559jFvMUOzJVpjPL1YMfZ3bInYwBDuMfaXTPp5KXh-&utm_source=tactile&gei=uJ34aZmsD8zkseMPlffrwQ8&ei=uJ34aZmsD8zkseMPlffrwQ8&fo_s=OA&opi=79508299&orderType=1&ebb=1&cs=0&foub=mcpp","Pesan online","","",""
"https://www.google.com/maps/place/All+Nite+%26+Day+Hotel+Veteran+Palembang/data=!4m10!3m9!1s0x2e3b766d45ffe5f7:0x8c3592a0f7fd8f8f!5m2!4m1!1i2!8m2!3d-2.9755521!4d104.7661634!16s%2Fg%2F11df0x3gmj!19sChIJ9-X_RW12Oy4Rj4_996CSNYw?authuser=0&hl=id&rclk=1","All Nite & Day Hotel Veteran Palembang","4,5","(3.344)","","","Restoran Pizza","Penginapan simpel, plus Wi-Fi gratis","","","","https://lh3.googleusercontent.com/gps-cs-s/APNQkAGIO4LrfHL8l2EuIuKLNSeu_X104Z2x1-d5M1oFWhlCq7JZWHvHhzfOyyagK68yOnOtERPAZJZT6IqKeW4mnLZyDel7m0py6EcOvTf-YTSDlJlI8peTIRzl-WBWZ8Ua_-s-Ne5s3NabFRs=w122-h92-k-no","https://ssl.gstatic.com/local/servicebusiness/default_user.png","""Recommended!""","","","","","","","","",""
"https://www.google.com/maps/place/Lacasa+coffee+%26+pizza+plaju/data=!4m7!3m6!1s0x2e3b7700002d06bb:0xa1f69d8a89c5130a!8m2!3d-2.9901026!4d104.7889065!16s%2Fg%2F11w1c015gl!19sChIJuwYtAAB3Oy4RChPFiYqd9qE?authuser=0&hl=id&rclk=1","Lacasa coffee & pizza plaju","4,0","(8)","","","Pizza","·","2Q5Q+WGX, Jl. Jenderal Ahmad Yani","Buka","· Tutup pukul 22.00","https://lh3.googleusercontent.com/gps-cs-s/APNQkAEqk9hIyvgQFKPuSRTzHREfzA0BbxoQsHI8w-gWZt8fg8K4-9VDKx8DAUeudtopupH1BMzzH3yUgDhmOH38OJHViS1WzTgGSdMoRLXTrX9m1MVGJTnZ4dj_8e1aZHhUFgp7SotOHJrGn04=w80-h106-k-no","https://ssl.gstatic.com/local/servicebusiness/default_user.png","""Tempatnya nyaman, pelayanan baik, ramah, untuk pizzanya best🔥""","","","","","https://www.google.com/searchviewer/42?cvd=CLw_EicKJeICIjIgEhkiF9LX29IPEQoNL2cvMTF3MWMwMTVnbBgBOgMI8A0%3D&hl=id-ID&gl=id&fo_m=MfohQo559jFvMUOzJVpjPL1YMfZ3bInYwBDuMfaXTPp5KXh-&utm_source=tactile&gei=uJ34aZmsD8zkseMPlffrwQ8&ei=uJ34aZmsD8zkseMPlffrwQ8&fo_s=OA&opi=79508299&orderType=1&ebb=1&cs=0&foub=mcpp","Pesan online","","",""
"https://www.google.com/maps/place/Pizza+Family/data=!4m7!3m6!1s0x2e3b75f42edcd769:0x965c2467f8f2749f!8m2!3d-2.9196278!4d104.7422348!16s%2Fg%2F11jp08jm7d!19sChIJadfcLvR1Oy4Rn3Ty-GckXJY?authuser=0&hl=id&rclk=1","Pizza Family","5,0","(4)","","","Pizza","·","Lorong P. Gn.","Tutup","· Buka Sel pukul 08.00","https://lh3.googleusercontent.com/gps-cs-s/APNQkAEx0oUQ_P2Bu6GVUBINSFIY0u4jL2DyGA8fk7wXTjVhQoUckw9QnxTQX9nn0fMcomyNLpDdZ1KWK4mzCT8mgzq_eNUKjTcPG-Ns-qIcA17q7nLt74CQJaBeiFPxTcs7f8AkhYOj=w80-h106-k-no","https://ssl.gstatic.com/local/servicebusiness/default_user.png","""","","","pizza","enak, kue homed""","","","","",""
"https://www.google.com/maps/place/Pancious/data=!4m7!3m6!1s0x2e3b766cd854819d:0x922d27bb44796b2a!8m2!3d-2.9754373!4d104.7666423!16s%2Fg%2F11c2j4904c!19sChIJnYFU2Gx2Oy4RKmt5RLsnLZI?authuser=0&hl=id&rclk=1","Pancious","4,6","(1.148)","·","$$$","Masakan Barat","·","Social Market, Jl. Veteran Kav. A-3 No. 999, 9 Ilir, Ilir Timur II","Buka","· Tutup pukul 22.00","https://lh3.googleusercontent.com/gps-cs-s/APNQkAE81ZsV5MZi6ag0xWeuRtnMq86VgbpM-0GjN5p6CEHgrp4w0wIUQGeX81T6NVVxp16zlumwabGim5R0wBxGXGfPFbbK0x9dR-RLOqLVH3FaF0saZFZ5nq__ADH2cbxzjMgpmko5Ow=w122-h92-k-no","https://ssl.gstatic.com/local/servicebusiness/default_user.png","""kalau ke sini pasti order grilled chicken breast / salmon pesto.""","","","","","","","","",""
"https://www.google.com/maps/place/Rumah+pizza+hommed+Alfatih/data=!4m7!3m6!1s0x2e3b77decd4f4755:0x89edb01629de7129!8m2!3d-2.9338607!4d104.7621521!16s%2Fg%2F11jjtyncv9!19sChIJVUdPzd53Oy4RKXHeKRaw7Yk?authuser=0&hl=id&rclk=1","Rumah pizza hommed Alfatih","5,0","(2)","","","Pizza","·","3Q86+FV2","Tutup","· Buka Sel pukul 10.00","https://lh3.googleusercontent.com/gps-cs-s/APNQkAGj9-8nQrYuj2czUia-ewUuiL1ArFQp_cYLJfwy6akaLR8aQGEPkvLvZh85tXyeFtjSN2wdYkLd8ZcrfIScIrjLwA1AWj7peZQUJBA-6Kl2x58ftVjpmlaLl3NG7fuPvXK6Ycs_=w80-h106-k-no","","Makan di tempat","","","Bawa pulang","Antar tanpa bertemu","","","","·","·"
"https://www.google.com/maps/place/PIZZA+BOX+2/data=!4m7!3m6!1s0x2e3b9fe4d62b53e9:0xaf46f2690fcad407!8m2!3d-3.0025415!4d104.7104076!16s%2Fg%2F11jfcp42kw!19sChIJ6VMr1uSfOy4RB9TKD2nyRq8?authuser=0&hl=id&rclk=1","PIZZA BOX 2","5,0","(4)","","","Pizza","·","XPW6+X5M, Jl. Tj. Bubuk","Segera tutup","· 21.00 · Buka Sel pukul 12.00","https://lh3.googleusercontent.com/gps-cs-s/APNQkAEV0WEhlAGn3kLIU8Tr51056WKxnU48YKUlP4zyfRSJf4jVao2PnuNVAWtGRr2qjdblinrjHRBW3elfLExtPUtwzwpptWzg9H0z14-g_bXUuz7NiwO8lgrTS4La5zgEr16gUF-AHg=w80-h142-k-no","https://ssl.gstatic.com/local/servicebusiness/default_user.png","""Maknyossss dan merakyat.kualitas tidak kalah dgn yg brand""","","","","","","","","",""
"https://www.google.com/maps/place/Pizza+top+gatra/data=!4m7!3m6!1s0x2e3b752dea68dd6b:0x556478b4572dd7ef!8m2!3d-2.940863!4d104.849757!16s%2Fg%2F11lrrpbg4h!19sChIJa91o6i11Oy4R79ctV7R4ZFU?authuser=0&hl=id&rclk=1","Pizza top gatra","","","","","Pizza","·","Jl. Taqwa Mata Merah No.kel","Tutup","· Buka Sel pukul 09.00","https://lh3.googleusercontent.com/gps-cs-s/APNQkAGtUws1tVenXHopstchni5W4sg5AX6RYOvpUE8wQ0dqLL1tc10GmN3NhiLcak_AoU20MkCo7AfT6x0_hF3UjcLv9NUXWUZJ6uBmQwuhrTWJsg_wBKrNNF7WnYVbMV9BEd__z2o=w122-h92-k-no","","Makan di tempat","","","Ambil di tepi jalan","Pesan antar","","","","·","·"
"https://www.google.com/maps/place/Martabak+Pizza+Vivi/data=!4m7!3m6!1s0x2e3b77d622f77f71:0x2de0f5f2c22b8ffd!8m2!3d-2.9946341!4d104.8061869!16s%2Fg%2F11hzqbv_sf!19sChIJcX_3ItZ3Oy4R_Y8rwvL14C0?authuser=0&hl=id&rclk=1","Martabak Pizza Vivi","5,0","(1)","","","Pizza","·","2R44+4FV, Jl. D.I. Panjaitan","Buka","· Tutup pukul 23.00","https://streetviewpixels-pa.googleapis.com/v1/thumbnail?panoid=e3LkPfzFsPGkf3b53K0kxA&cb_client=search.gws-prod.gps&w=80&h=92&yaw=202.21211&pitch=0&thumbfov=100","","Makan di tempat","","","Bawa pulang","Pesan antar","","","","·","·"
"https://www.google.com/maps/place/DIM+SUM+INN/data=!4m7!3m6!1s0x2e3b766d2ff8da81:0x60d33633691251f0!8m2!3d-2.9753171!4d104.7663841!16s%2Fg%2F11hd7djnlz!19sChIJgdr4L212Oy4R8FESaTM202A?authuser=0&hl=id&rclk=1","DIM SUM INN","4,6","(235)","·","Rp 50–75 rb","Dim Sum","·","·","Segera tutup","· 21.00 · Buka Sel pukul 07.00","https://lh3.googleusercontent.com/gps-cs-s/APNQkAHVkbPnft7KV2dczm8xlb-THNjng4IRiVoJ6IYELk_Qkqsmu4VRnTZr1e1jO5tOxFVc349yPGvaMuWlfH6oBZoV0PZj3wkr6u9NGbwHss2M2piiuEJ6PfSbT8fsilyJZPvyl0ji=w80-h106-k-no","https://ssl.gstatic.com/local/servicebusiness/default_user.png","""Pasta dan","","Jl. Veteran No.939 F5","pizza","nya enak juga walaupun kurang gurih.""","https://www.google.com/searchviewer/42?cvd=CLw_EicKJeICIjIgEhkiF9LX29IPEQoNL2cvMTFoZDdkam5sehgBOgMI8A0%3D&hl=id-ID&gl=id&fo_m=MfohQo559jFvMUOzJVpjPL1YMfZ3bInYwBDuMfaXTPp5KXh-&utm_source=tactile&gei=vZ34afObOaGywcsPzpnOqQI&ei=vZ34afObOaGywcsPzpnOqQI&fo_s=OA&opi=79508299&orderType=1&ebb=1&cs=0&foub=mcpp","Pesan online","","",""
"https://www.google.com/maps/place/Martabak+alpukat+Pizza+Nabila/data=!4m7!3m6!1s0x2e3b77e594d7d37b:0xf13a3444340abcb4!8m2!3d-2.9233756!4d104.7826091!16s%2Fg%2F11nrzm994w!19sChIJe9PXlOV3Oy4RtLwKNEQ0OvE?authuser=0&hl=id&rclk=1","Martabak alpukat Pizza Nabila","5,0","(4)","","","Pizza","·","·","Buka","· Tutup pukul 00.00","https://lh3.googleusercontent.com/gps-cs-s/APNQkAF5aPO-gG0P6zryd4hSX5AU1uXUf292HUcMnqhUdZbXcb8tVkaQqd9VSr4BTdWV_NMMYXc3tpNqUD-S7fBuWTgV_0kqkIbCbl5T4tGHp1HWWWSuczogaeVB6XRXq9f4p5P2ERYc=w163-h92-k-no","","Makan di tempat","","Jl. Siaran No.2","Bawa pulang","Antar tanpa bertemu","","","","·","·"
"https://www.google.com/maps/place/The+Arista+Hotel+Palembang/data=!4m10!3m9!1s0x2e3b75e0cafeb8ef:0x1fa0a148089dd2c9!5m2!4m1!1i2!8m2!3d-2.9778309!4d104.746474!16s%2Fg%2F1hdyy4nnd!19sChIJ77j-yuB1Oy4RydKdCEihoB8?authuser=0&hl=id&rclk=1","The Arista Hotel Palembang","4,7","(6.141)","","","Hotel bintang 5","Hotel indah dengan kolam renang & resto","","","","https://lh3.googleusercontent.com/gps-cs-s/APNQkAGlPOuqWfP9gMhW7WwuD2fXksaXgZ7VUhk82H-MwkxZ0EdJ3kobS5yYsvs8Nl7zqrgdKUIt5tWiP22KwVyS5o0taEJXXq57mNGJ8xIq_o1C2GQLDKxrluZzn_BtI2edMOBd9TaCaqK2tDg=w163-h92-k-no","https://ssl.gstatic.com/local/servicebusiness/default_user.png","""","","","Pizza","nya enak.""","","","","",""
"https://www.google.com/maps/place/Amadeus+Pasta/data=!4m7!3m6!1s0x2e3b75d5a226e207:0x269b13632476b1f!8m2!3d-2.960935!4d104.7337124!16s%2Fg%2F11vdwx6k49!19sChIJB-ImotV1Oy4RH2tHMjaxaQI?authuser=0&hl=id&rclk=1","Amadeus Pasta","","","","","Italia","·","Gg. Arwana No.19, RT.2/RW.1","Tutup","· Buka Sel pukul 10.00","https://lh3.googleusercontent.com/gps-cs-s/APNQkAE-YnnF-Tn2wtVRsEc647oXw1NwnYXPaxIZgzK8sqZgnI-YSYTCyY2LRp7ayp7DKEEv_U6o4T3yrjp3H3hImCa3gEOpLgEQoR8zeQDAcSh3XDkUT30VWvu4zt1PXp0l7b3cNNMG0w=w92-h92-k-no","https://www.gstatic.com/local/justifications/menu_item_icon.png","Ada di menu:","","","pizza","","","","","",""
"https://www.google.com/maps/place/Blok+Semanggi/data=!4m7!3m6!1s0x2e3b7595a6538b39:0x18667657ba38c9b6!8m2!3d-2.9653448!4d104.7453164!16s%2Fg%2F11lw3bb62f!19sChIJOYtTppV1Oy4Rtsk4uld2Zhg?authuser=0&hl=id&rclk=1","Blok Semanggi","5,0","(26)","·","Rp 25–50 rb","Restoran","·","Jl. Jend. Sudirman. KM 3.5 No. 563, Sekip Jaya, Kec. Kemuning","Buka","· Tutup pukul 22.00","https://lh3.googleusercontent.com/gps-cs-s/APNQkAHxns7Tog-Ynmfmt44_RK5rEjp2csduyin_LKhgoPW86AiXwplEBhjCxe7nWOPWc4dJE5lsjXjquUG1gnpip1zMFuXwF0-I8fbAKtTnkSP43FiDeheI0MFbydMEEIu-XIFBJAx-RHrALMsp=w80-h142-k-no","https://ssl.gstatic.com/local/servicebusiness/default_user.png","""Lokasinya di belakang kantor, kayak kantin kantor gitu.""","","","","","","","","",""
"https://www.google.com/maps/place/Palembang+Square/data=!4m7!3m6!1s0x2e3b75dd7b663d3f:0xa673f79fd841a344!8m2!3d-2.9765884!4d104.7421305!16s%2Fg%2F1218f65f!19sChIJPz1me911Oy4RRKNB2J_3c6Y?authuser=0&hl=id&rclk=1","Palembang Square","4,5","(33.570)","","","Pusat Perbelanjaan","·","·","Buka","· Tutup pukul 22.00","https://lh3.googleusercontent.com/gps-cs-s/APNQkAEA1B8bIcDgK_vUr367dtlq6_HzU9gdL70pzw1Kz74pkegWWPOFVDSGjA4eCHcWz4Kno7K7g3WC8E8XglTr_aPf0FFEZqeSu6PNFThxzyt7fUnzRCuszxPcEPUE_0P9PPw51TWG=w122-h92-k-no","https://ssl.gstatic.com/local/servicebusiness/default_user.png","""Lokasinya strategis sekali.""","","Jl. Angkatan 45","","","","","","",""
"https://www.google.com/maps/place/Akmal/data=!4m7!3m6!1s0x2e3b9d004ba120a1:0x487a89286e6dc5db!8m2!3d-3.03901!4d104.796797!16s%2Fg%2F11yh6v5w9s!19sChIJoSChSwCdOy4R28VtbiiJekg?authuser=0&hl=id&rclk=1","Akmal","","","","","Pizza","·","XQ6W+9HP, Jl. Tegal Binangun","","","https://streetviewpixels-pa.googleapis.com/v1/thumbnail?panoid=Pei2RJBUI40ClVETXhlRTA&cb_client=search.gws-prod.gps&w=80&h=92&yaw=207.76935&pitch=0&thumbfov=100","","Makan di tempat","","","Bawa pulang","","","","","·",""
"https://www.google.com/maps/place/Palembang+Icon+Mall/data=!4m7!3m6!1s0x2e3b75e6d62d790f:0x4f51deef4db78c49!8m2!3d-2.9781509!4d104.7452056!16s%2Fg%2F11fy9pm6cx!19sChIJD3kt1uZ1Oy4RSYy3Te_eUU8?authuser=0&hl=id&rclk=1","Palembang Icon Mall","4,6","(17.490)","","","Pusat Perbelanjaan","·","·","Buka","· Tutup pukul 22.00","https://lh3.googleusercontent.com/gps-cs-s/APNQkAGerjnBJM3zjylYOkm2fjeXzpxS6tDVJMh1aVTEd2xRR-4T566wQ_PsdTIKnF4X4z5SYmvI0CdpCo562JRNbsDVA9Yr-suYxw1Z8u182FQC1hJhOjBYnPVLUdXrKgKLwq0tX8XrBw=w80-h106-k-no","https://ssl.gstatic.com/local/servicebusiness/default_user.png","""Indoor & outdoor area available.""","","Jl. POM IX","","","","","","",""
"https://www.google.com/maps/place/Banyuasin/data=!4m7!3m6!1s0x2e3b9d002b9ff309:0x3f520f0574556312!8m2!3d-3.0378529!4d104.8375128!16s%2Fg%2F11xp9vsttn!19sChIJCfOfKwCdOy4REmNVdAUPUj8?authuser=0&hl=id&rclk=1","Banyuasin","","","","","Pizza","·","XR6Q+V22","","","https://streetviewpixels-pa.googleapis.com/v1/thumbnail?panoid=JiWnE7ZJgmsyIrcv71MGxA&cb_client=search.gws-prod.gps&w=80&h=92&yaw=228.4738&pitch=0&thumbfov=100","","Makan di tempat","","","Bawa pulang","","","","","·",""
"https://www.google.com/maps/place/Sell+Vandarini/data=!4m7!3m6!1s0x2e3b9fbe7691b95b:0x97aa9795b8070e20!8m2!3d-3.0207083!4d104.6839164!16s%2Fg%2F1pzsq2c98!19sChIJW7mRdr6fOy4RIA4HuJWXqpc?authuser=0&hl=id&rclk=1","Sell Vandarini","","","","","Pizza","·","Pasar PT. Laut Blok A67, JL. Sosial, Karang Anyar, Gandus","","","https://streetviewpixels-pa.googleapis.com/v1/thumbnail?panoid=xSPa2w_RAOvWt4ctQxa0CA&cb_client=search.gws-prod.gps&w=80&h=92&yaw=272.78793&pitch=0&thumbfov=100","","Makan di tempat","","","Bawa pulang","","","","","·",""
"https://www.google.com/maps/place/Martabak+manis+alfukat+pizza+nabila/data=!4m7!3m6!1s0x2e3b7759799318e5:0x84094e074e72b3f5!8m2!3d-2.9185642!4d104.8128757!16s%2Fg%2F11nrznq7d1!19sChIJ5RiTeVl3Oy4R9bNyTgdOCYQ?authuser=0&hl=id&rclk=1","Martabak manis alfukat pizza nabila","","","","","Pizza","·","·","Buka","· Tutup pukul 00.00","https://maps.gstatic.com/tactile/pane/result-no-thumbnail-2x.png","","Makan di tempat","","3RJ7+H5C, Jl. Siaran prumnas","Drive-through","Antar tanpa bertemu","","","","·","·"
"https://www.google.com/maps/place/Pizzeria+Pizza+Palembang/data=!4m7!3m6!1s0x2e3b77233e5da053:0x8055258a0b38e5e7!8m2!3d-2.9756036!4d104.7660342!16s%2Fg%2F11f61ss7v7!19sChIJU6BdPiN3Oy4R5-U4C4olVYA?authuser=0&hl=id&rclk=1","Pizzeria Pizza Palembang","4,6","(76)","","","Pizza","·","Komp. Ruko Pujasera, Jl. Veteran No.939 F5","","","https://lh3.googleusercontent.com/gps-cs-s/APNQkAGl646rL8AhKsTsZqqL2LnfPT5O7zpzKXiJhUICOsq8pE4EI_8mCQFYptxkrDRFSYpx-Y9U8r_Y7onXgYsl-zd1tD0otVItnq6N8gllJAjFYeIQqFII9pm635kNKnH-U9G6UY88=w163-h92-k-no","https://ssl.gstatic.com/local/servicebusiness/default_user.png","""Tipe","","","pizza","yg tipis, crunchy, enak dimakan selagi hangat.""","","","","",""
"https://www.google.com/maps/place/Pizza+Hut+Restoran+-+Palembang+Icon+Mall/data=!4m7!3m6!1s0x2e3b75e72c07839f:0x613b58e79a5a12ce!8m2!3d-2.9790512!4d104.7454746!16s%2Fg%2F11b7qb6gd0!19sChIJn4MHLOd1Oy4RzhJamudYO2E?authuser=0&hl=id&rclk=1","Pizza Hut Restoran - Palembang Icon Mall","4,5","(971)","·","$$","Pizza","·","Jl. POM IX No.1","","","https://lh3.googleusercontent.com/gps-cs-s/APNQkAF4BECmxgyv3BArbvcYMrajxTt2YJGUjCOBn5JZSTgjypEWYXCiXJQwk-MB4t23g4ikeftvuFtv6GrdqaYRscnMTX2ouQZvlEK9pGwDEIcNe99GzA3_FQaeFNZKxUPakREoj2Cr=w163-h92-k-no","https://ssl.gstatic.com/local/servicebusiness/default_user.png","""Menu baru","","","pizza","cheesenya, mantap""","","","","",""
"","","","","","","","","","","","","","","","","","","","","","",""