"hfpxzc href","qBF1Pd","MW4etd","UY7F9","W4Efsd","W4Efsd 2","doJOZc","W4Efsd 3","W4Efsd 4","W4Efsd 5","W4Efsd 6","UsdlK","FQ2IWe src","Jn12ke src","ah5Ghc","W4Efsd 7","ah5Ghc 2","ah5Ghc 3"
"","","","","","","","","","","","","","","","","",""
"","","","","","","","","","","","","","","","","",""
"https://www.google.com/maps/place/PERCETAKAN+INDO+MEDIA/data=!4m7!3m6!1s0x2e3b9df26317e1ad:0xf8617b752e5e9f2b!8m2!3d-3.0044977!4d104.7723269!16s%2Fg%2F11b6dqdcnb!19sChIJreEXY_KdOy4RK59eLnV7Yfg?authuser=0&hl=id&rclk=1","PERCETAKAN INDO MEDIA","4,6","(135)","Layanan cetak digital","·","","·","Jl. Gub H Bastari No.151","Buka 24 jam","·","0823-7660-8934","https://lh3.googleusercontent.com/gps-cs-s/APNQkAHK74WPe4maPDayey61E4YC8TosB4QjgHBGv6rYAqdgK8Ux--QsgU8lFX43idLi2hKw4a_vue1RFfri0A8asi7QdW-aLI4uVF389sfY-WiPqvYkdFirOHNNnVY4nvSHZgxyAJE=w92-h92-k-no","https://ssl.gstatic.com/local/servicebusiness/default_user.png","""Hasil cetakan souvenir custom sangat bagus dan sesuai dengan harapan""","","",""
"https://www.google.com/maps/place/Total+Print+Palembang/data=!4m7!3m6!1s0x2e3b75d29c6ed807:0x3773bd8bbcf0bfb4!8m2!3d-2.9595549!4d104.7399547!16s%2Fg%2F11btrr0zyv!19sChIJB9hunNJ1Oy4RtL_wvIu9czc?authuser=0&hl=id&rclk=1","Total Print Palembang","4,4","(279)","Layanan cetak digital","·","","·","Jl. Jend. Basuki Rachmat No.5676","Tutup","·","0822-7788-0599","https://lh3.googleusercontent.com/gps-cs-s/APNQkAH25CgyTzwHnWjq42YDPIYv2Y04pSvlels7AHD0fVmLGx5p2M2OE9s4dFtXA2b6Pw8TU6vaK1w_ORgf_s5Sj78hk24I8i5Z2XVav9RsIzkgY1mybn3PBVFRJIMS9jOa1pBBFzns=w80-h106-k-no","https://ssl.gstatic.com/local/servicebusiness/default_user.png","""Kualitas","· Buka Sel pukul 08.00","cetak","tidak diragukan lagi."""
"https://www.google.com/maps/place/UC+Print+Percetakan+%26+Digital+Printing+Palembang/data=!4m7!3m6!1s0x2e3b760f34345a6b:0xdaceb1530bd334df!8m2!3d-2.9847252!4d104.7582622!16s%2Fg%2F11c6pmm1bf!19sChIJa1o0NA92Oy4R3zTTC1Oxzto?authuser=0&hl=id&rclk=1","UC Print Percetakan & Digital Printing Palembang","4,6","(95)","Layanan cetak digital","·","","·","Jl. Akbp H. Moh. Amin No.455","Tutup","·","0857-6897-8764","https://lh3.googleusercontent.com/gps-cs-s/APNQkAGlhobJUfRUBkcFO_ZpSpWg9bqXJMfPK--IeMn2SufaFT5a55P8RTiX75L67Dt5rvViEf2eYNnReTTLXXqB5zG6daJ92OSRvxGn-Sity2s7zT4I_VznzZhpsKCD2-4frFShr0U=w122-h92-k-no","https://ssl.gstatic.com/local/servicebusiness/default_user.png","""Recomendasi percetakan murah bagus, tidak diragukan""","· Buka Sel pukul 08.00","",""
"https://www.google.com/maps/place/F18+Digital+Printing/data=!4m7!3m6!1s0x2e3b75dd381d3403:0x2e9fe95273e284e8!8m2!3d-2.9752472!4d104.7413005!16s%2Fg%2F11h1f50k7!19sChIJAzQdON11Oy4R6ITic1Lpny4?authuser=0&hl=id&rclk=1","F18 Digital Printing","4,3","(533)","Printer Digital","·","","·","Jl. Pimpong No.18 Blok F","Segera tutup","·","0811-7857-700","https://lh3.googleusercontent.com/gps-cs-s/APNQkAHyOxOBmh5KoWjRkYyDxfiynYgk8sJzc5PpbJhfozlwBMe_jkPedTWj77xlJ5trOzbkzIKbcE0gwBIKtwd5501ROX0QiGObs1s7sdMg4Bf7Pkc2Zjc9XdjfGPJKNVj_1J2AiGNw=w163-h92-k-no","https://ssl.gstatic.com/local/servicebusiness/default_user.png","""Harganya murah,hasil","· 21.00 · Buka Sel pukul 08.00","printing","nya bagus"""
"https://www.google.com/maps/place/Bandar+Cetak+Digital+Printing+Palembang/data=!4m7!3m6!1s0x2e3b779ae49db673:0xeae5eadf1e62f5e6!8m2!3d-2.9535285!4d104.7546994!16s%2Fg%2F11f7mc_6q7!19sChIJc7ad5Jp3Oy4R5vViHt_q5eo?authuser=0&hl=id&rclk=1","Bandar Cetak Digital Printing Palembang","4,7","(88)","Layanan cetak digital","·","","Sekip Ujung, Jl. Ampibi No.2306","·","Segera tutup","","0852-1234-2014","https://lh3.googleusercontent.com/gps-cs-s/APNQkAF12ufB7whrc5kFfsHo4DZNeshbvAjkaTZIMCdT_E3BTHyQObS4vu0mXt_4bo1kTZ9PC2NQXpKlpGtwZcspw4rUWaGvQYbnRP3ggov31Jw0HsYN8QFyOn947VhH5EwrDZUiS_RR=w80-h106-k-no","https://ssl.gstatic.com/local/servicebusiness/default_user.png","""Terimakasih sudah dibantu cetakan kilatnya.. Mantap 🥰""","· 21.00 · Buka Sel pukul 09.00","",""
"https://www.google.com/maps/place/XPRINT+LARGE+FORMAT+DIGITAL+PRINTING+PALEMBANG/data=!4m7!3m6!1s0x2e3b75fac8344579:0x342f30bcf165c74e!8m2!3d-2.9886698!4d104.7385474!16s%2Fg%2F1hhjlhfrp!19sChIJeUU0yPp1Oy4RTsdl8bwwLzQ?authuser=0&hl=id&rclk=1","XPRINT LARGE FORMAT DIGITAL PRINTING PALEMBANG","4,4","(218)","Toko Percetakan","·","","·","Ruko Mandiri University, Jl. Jaksa Agung R. Soeprapto No.38","Tutup","·","0811-788-875","https://lh3.googleusercontent.com/gps-cs-s/APNQkAEUzn4cCxBZW3pN1r5EomtKc5jJR-nc3Fe3MiOTqHfQtUsPDjDgIthceQP_5jqObiQZYo7-2Vjz8g7zBq-PKwyEfDNcPMQ2LKbKIEeGie8TwuBCP_GoyfT4ok8-xO4kOKZ_Fo4w=w163-h92-k-no","https://ssl.gstatic.com/local/servicebusiness/default_user.png","""Solusi","· Buka Sel pukul 08.00","cetak","semua kalangan dengan harga terjangkau kualitas terjamin"""
"https://www.google.com/maps/place/Ecoprint+Digital+Printing+Palembang/data=!4m7!3m6!1s0x2e3b767715306e6b:0x6e416d06afa8fa99!8m2!3d-2.9680118!4d104.7564099!16s%2Fg%2F1hm4b83gw!19sChIJa24wFXd2Oy4RmfqorwZtQW4?authuser=0&hl=id&rclk=1","Ecoprint Digital Printing Palembang","4,8","(235)","Percetakan Komersial","·","","Jl. Mayor Salim Batubara No.2637 2638","·","Tutup","","(0711) 372025","https://lh3.googleusercontent.com/gps-cs-s/APNQkAEKoCU8qmakx91JcwbZLgYzErgF9tosDfjXt8bzJWHamjs-RO4n8LnXPDEIDpJa61dYjzyCNfvbz5D8uRG2i9gTdd5HGURPgqJK8gAQdeltw9CbhY2bl2Hr3ru0IgBUani2oAmt=w122-h92-k-no","https://ssl.gstatic.com/local/servicebusiness/default_user.png","""Percetakan Ecoprint Digital","· Buka Sel pukul 08.00","Printing","Palembang Good Quality 👍👍"""
"https://www.google.com/maps/place/CTMEDIA,+Percetakan,+Digital+Printing,+Cutting+Sticker+dan+Advertising/data=!4m7!3m6!1s0x2e3b761d93983a2d:0x34acde5f58ac6b6e!8m2!3d-2.9935997!4d104.7870291!16s%2Fg%2F11gh46qf1t!19sChIJLTqYkx12Oy4RbmusWF_erDQ?authuser=0&hl=id&rclk=1","CTMEDIA, Percetakan, Digital Printing, Cutting Sticker dan Advertising","5,0","(156)","Toko Percetakan","·","","Jl. Yudha Muka No.856, RT.016/RW.005","·","Buka 24 jam","","0821-7817-7819","https://lh3.googleusercontent.com/gps-cs-s/APNQkAHkVDoIO9Bmd7KDgsLPaud9MjP2IhK8pw7LA2CKC0rzIBNut9Qk0EdwUNwNrnf9_01Paj0yID62v_m_ZbG95FU58XtYzH1DEgKQjDtx5sO2DQii8FpKFQOsrQmRcoJWjnKxrnw=w122-h92-k-no","https://ssl.gstatic.com/local/servicebusiness/default_user.png","""Rekomen banget","","cetak","banner dinVY media cepat selesai hasilnya bagus"""
"https://www.google.com/maps/place/Awfa/data=!4m7!3m6!1s0x2e3b75e13af84d45:0x1a1970f8df8392ea!8m2!3d-2.9836921!4d104.754754!16s%2Fg%2F1tg2gswt!19sChIJRU34OuF1Oy4R6pKD3_hwGRo?authuser=0&hl=id&rclk=1","Awfa","4,5","(108)","Toko Percetakan","·","","·","Jl. Letkol Iskandar No.316","Buka","·","0897-0000-553","https://lh3.googleusercontent.com/gps-cs-s/APNQkAGmWQ23kLsFkIJDhoIBup8rw0y3DvKBk6E4ZVkZhgiGZ63lGlLmKUT9fxIhZiOt05W9SaOoamh0LB7OGIkI2d7FEcGJ6ynSrMOEQ612wwffy_ZzVNVr_6260PN2s0QXje1zK1bV=w359-h92-k-no","https://ssl.gstatic.com/local/servicebusiness/default_user.png","""Pelayanan ok, hasil bagus""","· Tutup pukul 04.00","",""
"https://www.google.com/maps/place/Studio+Kreasindo/data=!4m7!3m6!1s0x2e3b7679fcf1f595:0x221bf2c91a2eb2a6!8m2!3d-2.9707684!4d104.7534185!16s%2Fg%2F1tcy1f7l!19sChIJlfXx_Hl2Oy4RprIuGsnyGyI?authuser=0&hl=id&rclk=1","Studio Kreasindo","4,6","(553)","Layanan cetak digital","·","","Jl. Mayor Salim Batubara No.2401","·","Tutup","","0812-9999-7879","https://lh3.googleusercontent.com/gps-cs-s/APNQkAF1dVztF-60_OwmyVhSrw1LNhY0QBhtMr30K-hTJ1MD_5gBWZnTuQmBq6ydkyIZIy1xpR4sbS4EyW-3uqUL4Ej-PdoNW3AtoICr25DOW6IhC6XUBjxxNaHd_vspKdfTozI4iwxz=w163-h92-k-no","https://ssl.gstatic.com/local/servicebusiness/default_user.png","""Hasil","· Buka Sel pukul 08.30","print","bagus  harga terjangkau."""
"https://www.google.com/maps/place/Imarah+Printing+Advertising,+Penerbitan+%26+General+Supplier/data=!4m7!3m6!1s0x2e3b75d1768e1b3b:0x7b208dd38ee9495f!8m2!3d-2.953721!4d104.732861!16s%2Fg%2F11jh8f4fnb!19sChIJOxuOdtF1Oy4RX0npjtONIHs?authuser=0&hl=id&rclk=1","Imarah Printing Advertising, Penerbitan & General Supplier","4,7","(453)","Layanan cetak digital","·","","·","Jl. Letnan Murod No.22","Tutup","·","0853-6613-1800","https://lh3.googleusercontent.com/gps-cs-s/APNQkAHxRzqOcXRT5_-kAdK7fooSMYpihfnqeFPoBrGwmTjUoblFsaYYlEHDR6VeBxRciitqFQfigXTwE2Q50IVKGbz-2i7qM53IMg8Y_LPeLiCLjD44l9aNX8QMSJoKRMqmtm1MB0sq4kERTn4c=w80-h106-k-no","https://ssl.gstatic.com/local/servicebusiness/default_user.png","""","· Buka Sel pukul 09.00","Printing","yg cepat, murah, praktis."""
"https://www.google.com/maps/place/MOLEK+PRINTING/data=!4m7!3m6!1s0x2e3b9f3ef5772f9d:0x3764b43de4cc7b58!8m2!3d-2.9972172!4d104.7438757!16s%2Fg%2F11jzhkd98y!19sChIJnS939T6fOy4RWHvM5D20ZDc?authuser=0&hl=id&rclk=1","MOLEK PRINTING","4,5","(109)","Toko Percetakan","·","","Jl. Makrayu No.872","·","Buka 24 jam","","0813-7333-3400","https://lh3.googleusercontent.com/gps-cs-s/APNQkAHStJFFNSwMk6Wfw8TcKTsz8fmNOfgm4xajR09l6VW3m2nAZ11waSr33BVQ3NsTHHtv-mHKIhPeI7D8HbzT87Uobi6ZhRJnL6nwf81SpW6benbT3ABUOUbEJ33bug1VXOmhG9lNpQ=w80-h106-k-no","https://ssl.gstatic.com/local/servicebusiness/default_user.png","""Cetakan bisa ditunggu xpress
Murah, bagus, kualitas terbaik.""","","",""
"https://www.google.com/maps/place/Ecoprint+Digital+Printing/data=!4m7!3m6!1s0x2e3b76060427c25b:0xeeea80620d1a5418!8m2!3d-2.9864178!4d104.758468!16s%2Fg%2F1pzyl1jkk!19sChIJW8InBAZ2Oy4RGFQaDWKA6u4?authuser=0&hl=id&rclk=1","Ecoprint Digital Printing","4,5","(151)","Layanan cetak digital","·","","·","Jl. Kapten Cek Syeh No.184/26","Tutup","·","(0711) 5731424","https://lh3.googleusercontent.com/gps-cs-s/APNQkAGTyay2i1Fn1qESwiaRXLBfkOpUpSSiP-PuzZ0aNQ2AEqmxw6de3xVWwYh2FB07VPD_Kfrhiw7AbFLQW29_6ZfcMCVE5CzxheGUYNUu_U6-bO5WBozo8FDGaHbPQm32ShyiodefUQ=w92-h92-k-no","https://ssl.gstatic.com/local/servicebusiness/default_user.png","""Yang mau","· Buka Sel pukul 08.30","cetak","banner dan lain2 disini pakarnya"""
"https://www.google.com/maps/place/Titip+print+official+palembang/data=!4m7!3m6!1s0x2e3b752d25286dc9:0x41338af2b193fa92!8m2!3d-2.9832704!4d104.7306132!16s%2Fg%2F11vdh23jds!19sChIJyW0oJS11Oy4RkvqTsfKKM0E?authuser=0&hl=id&rclk=1","Titip print official palembang","4,7","(3)","Toko Fotokopi","·","","Jl. Lunjuk Jaya","·","Buka","","0813-6926-4268","https://lh3.googleusercontent.com/gps-cs-s/APNQkAHTfQvRjfWoAMweLdDx4dyQFiesV7gznfXSw1eeSyzHlhk-DI79C4ubIuqX2a97poH3JlVOEZ1J1oWMaMUDhKoO3-WoL7DiGjFBL47Wjd0MpVD2PyRW1BilSLBboS5uV5J3B7JbQR8HEs-Z=w163-h92-k-no","https://ssl.gstatic.com/local/servicebusiness/default_user.png","""Tersedia juga","· Tutup pukul 22.00","cetak","pas foto dan polaroid."""
"https://www.google.com/maps/place/PAYOPRINT+Station+%28Sukarami%29/data=!4m7!3m6!1s0x2e3b7500255b8d11:0x5f7664cdab8752d6!8m2!3d-2.9431153!4d104.7424016!16s%2Fg%2F11yvr7hh13!19sChIJEY1bJQB1Oy4R1lKHq81kdl8?authuser=0&hl=id&rclk=1","PAYOPRINT Station (Sukarami)","5,0","(2)","Toko Percetakan","·","","Jl. Malaka Lorong Mekar IV No.3556, RT.41/RW.06","·","Buka 24 jam","","0815-3293-0863","https://lh3.googleusercontent.com/gps-cs-s/APNQkAEiKl0ZGJrmT58h98OjF_2oRd14yqi74BQCnPqjqeGtwh3-CQ2n0dVGBzRDQxnQ_TT4QugKCYLtqEBab0H3Gv7RQrxM0DmEwy2qg0eLOOnpDPDLX1A66UFBFfXDZ51qK08B08c3j7bpiQNi=w80-h106-k-no","https://ssl.gstatic.com/local/servicebusiness/default_user.png","""FAST respon dan kualitas terbaik""","","",""
"https://www.google.com/maps/place/PALEMBANG+PRINTING/data=!4m7!3m6!1s0x2e3b7469d7930105:0xee1f9d4168770891!8m2!3d-2.9365479!4d104.7238002!16s%2Fg%2F11b76tvxlb!19sChIJBQGT12l0Oy4RkQh3aEGdH-4?authuser=0&hl=id&rclk=1","PALEMBANG PRINTING","4,5","(84)","Layanan cetak digital","·","","Lrg. Mayor Nawawi No.447","·","Tutup","","0813-7976-3989","https://lh3.googleusercontent.com/gps-proxy/ALd4DhGXOS2FN70ZxAU63uaZ1a1fOZp7yX0GlS5QedJba4MD5m7DHCy2Ney0eGmXT6i6dN5ZEM8kP2u-DnAIRj0rTCc8_px3ab5yoeX9pn2Gz3SE9oUzg7euZd_xDibUjH50A6cnRqRuJSlCMqrYih0bkGr-PvwvkjoCNX1ZIFYU_fvuCYEmFiugKDWWzlx8qRvTN_DZwg=w80-h106-k-no","https://ssl.gstatic.com/local/servicebusiness/default_user.png","""Sangat membantu semoga tetap jaya dan makin maju""","· Buka Sel pukul 07.00","",""
"https://www.google.com/maps/place/SINAR+ABADI+%28Copy+Center+-+Stationery+-+Print+Photo+-+Administrative+Service+-+Graphic+Design%29/data=!4m7!3m6!1s0x2e3b77ea2db640f9:0xa8e7f2343c899aa3!8m2!3d-2.9684276!4d104.8122733!16s%2Fg%2F11j0rw8tw5!19sChIJ-UC2Lep3Oy4Ro5qJPDTy56g?authuser=0&hl=id&rclk=1","SINAR ABADI (Copy Center - Stationery - Print Photo - Administrative Service - Graphic Design)","4,2","(20)","Toko Fotokopi","·","","Jl. May Zen","·","Segera tutup","","0822-1731-0581","https://lh3.googleusercontent.com/gps-cs-s/APNQkAH4jmrG2XI8MP4sWtbSbAuB0gafKygNbzi-HSPW_y4dxnStnehyxKFv5qmpRnU0Rt8sxW-MnEXIrqbqJcIc-spVf_ZMoKQgG3b3IInxkZIuz0TEggD3mGPhHxRnU8FxYqG7OnVsuxjj15jD=w80-h92-k-no","https://ssl.gstatic.com/local/servicebusiness/default_user.png","""Ini langganan aku bgtt,fotocopy gambar 4 cuma 1k doang woww""","· 21.00 · Buka Sel pukul 08.00","",""
"https://www.google.com/maps/place/Selaras+Digital+Printing+Palembang/data=!4m7!3m6!1s0x2e3b75c4889ee1f5:0x8afed4516dd4ce88!8m2!3d-2.9707802!4d104.7368752!16s%2Fg%2F113fgyymc!19sChIJ9eGeiMR1Oy4RiM7UbVHU_oo?authuser=0&hl=id&rclk=1","Selaras Digital Printing Palembang","4,6","(27)","Layanan cetak digital","·","","Jl. Angkatan 45 No.21-29 / 952","·","Tutup","","0851-0088-3396","https://lh3.googleusercontent.com/gps-cs-s/APNQkAEw5A421PdF8qCct7OLfytiR3kkLLm4N5yxQAveVVEvMpSC7xviEa3eMQRzpkeeocGlk0VWDTf7IdFOtEnoswsJCWdd5cYDGBEBzsnqH_kE3NJG9lXhzmThqvyKA2ghfCpbmfpjDktSBfae=w122-h92-k-no","","","· Buka Sel pukul 08.00","",""
"https://www.google.com/maps/place/Rief+Print/data=!4m7!3m6!1s0x2e3b75c96ff38e03:0xd347d491fdd75908!8m2!3d-2.9627544!4d104.7313803!16s%2Fg%2F11hbkl3qfv!19sChIJA47zb8l1Oy4RCFnX_ZHUR9M?authuser=0&hl=id&rclk=1","Rief Print","4,7","(31)","Printer Digital","·","","·","Jl. Inspektur Marzuki No.12","Segera tutup","·","0852-6999-2290","https://lh3.googleusercontent.com/gps-cs-s/APNQkAGMYEjcneCo96355V5IwppR1qS7skeQ1Mtfez7XJoB_6xWzgOvJF1_9M1WNZzV3uuJfjEEPohfrbtYOAMkpMYKg3-AVLxWSbGTzRsaxC8j_qy1Ri-47LmukIlgvdPiHPiToYuFa=w163-h92-k-no","https://ssl.gstatic.com/local/servicebusiness/default_user.png","""Pelayanan nya ramah dan cepat, harga nya murah""","· 21.00 · Buka Sel pukul 07.30","",""
"https://www.google.com/maps/place/Receh+Shop18+%28Merchandise+%26+Konveksi+Custom+Palembang-Banyuasin%29/data=!4m7!3m6!1s0x2e3b0bbff0a9a227:0xd0faa9304229c6e1!8m2!3d-2.9409224!4d104.6586008!16s%2Fg%2F11r9w4cf80!19sChIJJ6Kp8L8LOy4R4cYpQjCp-tA?authuser=0&hl=id&rclk=1","Receh Shop18 (Merchandise & Konveksi Custom Palembang-Banyuasin)","5,0","(579)","Toko Percetakan","","","·","","Buka","","0822-8217-4454","https://lh3.googleusercontent.com/gps-cs-s/APNQkAH3gp2Zu1EJf1-S0EoSXCaImb-EI0gPn67lVu4Yo9uNXApm2nISIyRQJDMR0CZQHbZpIw-up1MuM3IepEfvbODTZ0XRM-mXex8w91wlmQBhdZfy3yf4j3GxxjtxXixzN5jomuqi_w=w80-h106-k-no","https://ssl.gstatic.com/local/servicebusiness/default_user.png","""Mau","· Tutup pukul 22.00","cetak","plakat, ganci, lanyard, ID card—semua bisa dikerjain di sini."""
"https://www.google.com/maps/place/LIHAI+STUDIO/data=!4m7!3m6!1s0x2e3b738c45161dcb:0x7d6d73e75f85e75d!8m2!3d-2.913391!4d104.6837925!16s%2Fg%2F11bwm5bsdr!19sChIJyx0WRYxzOy4RXeeFX-dzbX0?authuser=0&hl=id&rclk=1","LIHAI STUDIO","4,8","(118)","Toko Percetakan","·","","Jl. Sultan Mahmud Badaruddin II No.Km 12","·","Tutup","","0896-8009-9008","https://lh3.googleusercontent.com/gps-cs-s/APNQkAEz275oAsVpD128xQ1SgxdE0qvlUnd31_jtgBKCaMfzRQxQyHobneL0OXrNOmorJ-7-10CUVb0aLrGloW_rbCRPgs96meqWpNlE49Hchm4Ui2pOGaqXoDSz02W0QrSXtwxbKjBq=w122-h92-k-no","https://ssl.gstatic.com/local/servicebusiness/default_user.png","""Cetakan hasilnya bagus
Pelayanan jg ramah & cepat""","· Buka Sel pukul 09.00","",""
"https://www.google.com/maps/place/FORTUNET+digital+printing+center/data=!4m7!3m6!1s0x2e3b7608afa3360f:0xc87943755e202e8d!8m2!3d-2.9854553!4d104.7581501!16s%2Fg%2F11f2xym718!19sChIJDzajrwh2Oy4RjS4gXnVDecg?authuser=0&hl=id&rclk=1","FORTUNET digital printing center","4,4","(131)","Toko Percetakan","·","","·","Jl. Akbp H. Moh. Amin","Tutup","·","0812-7915-3335","https://lh3.googleusercontent.com/gps-cs-s/APNQkAFTn6oYUIUJ5zOxe4NWVvGMBvWaQGHBZgAimMFCA8Amh6R-BQSBGfZMRnUhVCViqpe8gv58Lz_ksuQfygkblH-Rfoq-gn6XMl9h4-CeJP0vzTG1_s1IqTSc0HjmeSN7NN3uKH94=w163-h92-k-no","https://ssl.gstatic.com/local/servicebusiness/default_user.png","""","· Buka Sel pukul 09.00","Cetak","murah bisa WA, tanpa harus dp, selesai baru bayar"""
"https://www.google.com/maps/place/SYAMIL+Printing+Shop/data=!4m7!3m6!1s0x2e3b760605f8a3c9:0x179125226c9a3dc7!8m2!3d-2.9865452!4d104.7570633!16s%2Fg%2F11gbkvlq4b!19sChIJyaP4BQZ2Oy4Rxz2abCIlkRc?authuser=0&hl=id&rclk=1","SYAMIL Printing Shop","4,8","(39)","Toko Percetakan","·","","","·","Tutup","","0853-8136-9933","https://lh3.googleusercontent.com/gps-cs-s/APNQkAEQy32zrI17CreGq0yskeMOI6SiMAv1c93bs7f1iBvqFS2SjIaFSxifMHRXdTwGpIrdSZ9ib65XJipR4sX7C5fDgr6Z40123jpUcS4-Gv7jzBh2ea4CliSkGh_clWm5b9noB7bs=w80-h106-k-no","https://ssl.gstatic.com/local/servicebusiness/default_user.png","""Hasil cetakan bagus  Dicetak juga cepat.""","· Buka Sel pukul 10.00","",""
"https://www.google.com/maps/place/Sarana+Usaha+Mandiri+Copy+Center/data=!4m7!3m6!1s0x2e3b75a55cdff06d:0xc1225b9cc6db13bc!8m2!3d-2.9680819!4d104.7153037!16s%2Fg%2F11c6cpm32n!19sChIJbfDfXKV1Oy4RvBPbxpxbIsE?authuser=0&hl=id&rclk=1","Sarana Usaha Mandiri Copy Center","4,7","(198)","Toko Fotokopi","·","","·","Jalan Inspektur Marzuki No.2553 C-D Pakjo Ujung","Segera tutup","·","0821-8509-1771","https://lh3.googleusercontent.com/gps-cs-s/APNQkAEcQ_jQqIpTPm7D28cLGqSVY-GdyXS0T1rC1Fdo4EapMb5qxVf0VanvLtd6O62zIP1-QZD6E6c0_sv_jx3QADfIZl_hvn6CMb9WFZyoqadlvXS8poMau1nSNbKbgRQqMVFCpU8=w122-h92-k-no","https://ssl.gstatic.com/local/servicebusiness/default_user.png","""Hasil Fotocopy,","· 21.00 · Buka Sel pukul 06.30","print",",dan scan nyaa okee banget jernih !"""
"https://www.google.com/maps/place/Free+Print/data=!4m7!3m6!1s0x2e3b75d6f5b5edc1:0xa082b071c8bbe512!8m2!3d-2.9621208!4d104.7473543!16s%2Fg%2F1pzp_rp0q!19sChIJwe219dZ1Oy4REuW7yHGwgqA?authuser=0&hl=id&rclk=1","Free Print","4,8","(36)","Toko Percetakan","·","","·","2PQW+5W5, Jl. Rw. Jaya","Tutup","·","0819-1880-0293","https://lh3.googleusercontent.com/gps-cs-s/APNQkAESVBcH5gWpxNcthOi4x1FFoRzgN97QcBq28GQX52-RxFJ0qPcsGS_BVT7kHtcr-ukCpBCx7UNf89EZbOXnd2D-h0p_NOSzdOBUJzZinD3FsCfYcMLc2RfhVOzTZ12M76QTnEQ2=w163-h92-k-no","","Pesan antar","· Buka Sel pukul 08.00","",""
"https://www.google.com/maps/place/Percetakan+RH+Grafika+palembang/data=!4m7!3m6!1s0x2e3b760604fcac81:0x641326879ada1be0!8m2!3d-2.9864943!4d104.757252!16s%2Fg%2F11c2pfzj2l!19sChIJgaz8BAZ2Oy4R4BvamocmE2Q?authuser=0&hl=id&rclk=1","Percetakan RH Grafika palembang","4,9","(45)","Toko Percetakan","·","","Jl. Kapten Cek Syeh","·","Tutup","","0821-7559-8687","https://lh3.googleusercontent.com/gps-cs-s/APNQkAE2zOYx2Fwu5gN1mb20REIildxbIbOH1yHsGWz43_TJzEPKP_iTYI20c4wjbWN_p0nbbbVFI2Afhqdc7Gr8A15xIb-rloOm0g4G0_Pppnnf_h2xeKE8vSeaexZJ4UhHPQl3JNmm=w150-h92-k-no","https://ssl.gstatic.com/local/servicebusiness/default_user.png","""Recommended tempat","· Buka Sel pukul 09.00","cetak","buku Yasin, kartu nama, stempel, Baner di sini.."""
"https://www.google.com/maps/place/sticker+palembang+mosa+stiker/data=!4m7!3m6!1s0x2e3b73e6b418baa1:0xc973ac2bfb43b9f!8m2!3d-2.9178581!4d104.7480414!16s%2Fg%2F11jnpnqrx3!19sChIJoboYtOZzOy4Rnzu0v8I6lww?authuser=0&hl=id&rclk=1","sticker palembang mosa stiker","5,0","(344)","Toko Percetakan","·","","Jl. TPA Sukawinatan","·","Buka 24 jam","","0812-2100-0340","https://lh3.googleusercontent.com/gps-cs-s/APNQkAFFurJzCLemd1bkA-YriURcyWOdcTlnCE4NFbThJBTL2z0C2djw43WKIYqy2WLIuN0KwBASLc5LciLqLNJ9z8bo1jgQS95i2FKN4kP8Wk3gHiWkjoeyboSnQhffZq-wLn1NkWwgZA=w92-h92-k-no","https://ssl.gstatic.com/local/servicebusiness/default_user.png","""","","Cetak print","sticker, bagus keren sangat rekomen"""
"https://www.google.com/maps/place/Galaxy+Cetak+Digital+dan+Offset/data=!4m7!3m6!1s0x2e3b759bde2626df:0xa1760bace4025273!8m2!3d-2.9452596!4d104.7455018!16s%2Fg%2F11gmdkhk41!19sChIJ3yYm3pt1Oy4Rc1IC5KwLdqE?authuser=0&hl=id&rclk=1","Galaxy Cetak Digital dan Offset","4,2","(19)","Toko Percetakan","·","","Ruko galaxy, Jl. S. Prawiro","·","Buka","","0812-7133-1371","https://lh3.googleusercontent.com/gps-cs-s/APNQkAFqmu9aHrza371uDK3_ltyBxAHsEpjferNm_HfSB8S89_17GE3xxBuPSMd-GXt6cKFRX4avFCuNqt69EG6HSyR-WTXLGR_CFrLSYGhuDME_3T89tKssEi5YOtXf68QdO7-nLPyObQ=w80-h106-k-no","https://ssl.gstatic.com/local/servicebusiness/default_user.png","""Cepet bagus mantap ...
Apo lagi kk Dian mirip nian Samo Kakak nyo""","· Tutup Sel pukul 05.00","",""
"https://www.google.com/maps/place/CV+Camarafi+Sablon+Palembang/data=!4m7!3m6!1s0x2e3b74ec34ca4d11:0x53e198d0892d4d15!8m2!3d-2.9421787!4d104.6908552!16s%2Fg%2F11cssyd64c!19sChIJEU3KNOx0Oy4RFU0tidCY4VM?authuser=0&hl=id&rclk=1","CV Camarafi Sablon Palembang","5,0","(92)","Toko Sablon","·","","Jl. Kana 4 No.116","·","Buka 24 jam","","0813-6869-6262","https://lh3.googleusercontent.com/gps-cs-s/APNQkAE_GjJ50w5fETeun9Lv98WotCLorRyAurO7qNbRNe56nebzNK8BR4P7-2rt24xSKtaglX_tuqAh93Sl0Cu-BHpP3E-TBc5wEtVpZtvUz63UFhVEthGaObpf0LVK7fBXBAjjpW8U=w80-h167-k-no","https://ssl.gstatic.com/local/servicebusiness/default_user.png","""solusiiii dadakan & good quality""","","",""
"https://www.google.com/maps/place/PRINT.CO+%28print,+fotocopy+%26+stationery%29+terdekat+%26+terpagi/data=!4m7!3m6!1s0x2e3b7737b60f578d:0x13a69eff2f663fdd!8m2!3d-2.9673797!4d104.763538!16s%2Fg%2F11gmcxh5ky!19sChIJjVcPtjd3Oy4R3T9mL_-ephM?authuser=0&hl=id&rclk=1","PRINT.CO (print, fotocopy & stationery) terdekat & terpagi","5,0","(100)","Toko Percetakan","·","","Jl. Bangau No.168","·","Tutup","","0895-1687-1000","https://lh3.googleusercontent.com/gps-cs-s/APNQkAE5_YYSRvMvM7ZLXSJ3l5o45Ap35nmBTpVDGgXWNL0v-R9QiAP8Q6gkBA8mYDKkbtt1TNF-xO8EWqk1FLtXp7sHgvxs7TPieVTWgF6-dLNMdmGkFNKEzjznOBiGKGzbf7REdgE=w204-h92-k-no","https://ssl.gstatic.com/local/servicebusiness/default_user.png","""recommended 🙏🏻 kalau mau ngeprint hi quality ke sini aja ✅""","· Buka Sel pukul 06.00","",""
"https://www.google.com/maps/place/Grafindo+Digital+Printing+Palembang/data=!4m7!3m6!1s0x2e3b767c18a8d0eb:0x18ddd5b5545d0b!8m2!3d-2.9603784!4d104.7583118!16s%2Fg%2F11c6rfrxyh!19sChIJ69CoGHx2Oy4RC11UtdXdGAA?authuser=0&hl=id&rclk=1","Grafindo Digital Printing Palembang","4,1","(28)","Toko Percetakan","·","","No.03, Sebelah atk, Sinar Bali, Jl. Mayor Salim Batubara","·","Tutup","","(0711) 5630697","https://lh3.googleusercontent.com/gps-cs-s/APNQkAG1GKNcBN1czmJ4_jTSoHZt4ojCOo10usKNI0mIgld-oxu4Wg-Mm_7a-2k_d_0etU6e8OPw1id2VX-InaDg4XuoJaTw-RmMLPw-Er_At26DHzN4hhGoZ7yfsbEvpH34LAgDu04csA=w80-h106-k-no","https://ssl.gstatic.com/local/servicebusiness/default_user.png","""","· Buka Sel pukul 09.00","Cetak","banner nya cepat dan harga murah dibanding percetakan lain."""
"https://www.google.com/maps/place/Alpha+digital+printing+plus/data=!4m7!3m6!1s0x2e3b769a29b2f557:0xd05ca77ca7eecfb0!8m2!3d-2.9424354!4d104.761462!16s%2Fg%2F11cjk414tv!19sChIJV_WyKZp2Oy4RsM_up3ynXNA?authuser=0&hl=id&rclk=1","Alpha digital printing plus","4,7","(35)","Perancang Grafis","·","","Jl. Sirna raga no.275 rt 16 rw 03 kelurahan 8 ilir.kec IT II palembang 30134, Palembang","·","Tutup","","0821-8162-1421","https://lh3.googleusercontent.com/gps-cs-s/APNQkAHlNpSX-pBGCJ7HwdaMENRD_vZTKvVe-CPaO7oU5ndM_FGApee17iW1f-rez449hmDjEIHw5MJYm0s941cOxepRgTEOM89DjHCy9ZGyVqI5fLXZXwHWH8GUWZ-3rrVaQV2X2zHQ=w122-h92-k-no","https://ssl.gstatic.com/local/servicebusiness/default_user.png","""Bagus percetakannnya""","· Buka Sel pukul 09.00","",""
"https://www.google.com/maps/place/Zoeya+Print+Fotocopy+Center+%26+ATK/data=!4m7!3m6!1s0x2e3b75f278e2599d:0x865be124f26bc0dd!8m2!3d-2.9813916!4d104.7321923!16s%2Fg%2F11srqqrg4k!19sChIJnVniePJ1Oy4R3cBr8iThW4Y?authuser=0&hl=id&rclk=1","Zoeya Print Fotocopy Center & ATK","4,8","(164)","Toko Fotokopi","·","","Gerbang Belakang Polsri, Jl. Sungai Sahang Ujung No.11 C","·","Tutup","","0852-1161-0200","https://lh3.googleusercontent.com/gps-cs-s/APNQkAE71OexG5KgOzNmrXqaKci4B9hlbIpgd7etq7bqQ2F7PkHvGD3Pwss_sSYTQ_qdY1VZhX_-_gwClfhmJP7A0Vxb0AU1wBSxTqsM7FrnZ4uJydlObsp8CFMTvRl80oM070vjP-_S=w92-h92-k-no","https://ssl.gstatic.com/local/servicebusiness/default_user.png","""Tempat","· Buka Sel pukul 06.00","print","dekat rumah paling murah, admin ramah & gercep, mantap 👍🏽👍🏽"""
"https://www.google.com/maps/place/Agit+Print+Shop+%28A0,+A1,+A2,+A3,+A4%29/data=!4m7!3m6!1s0x2e3b75ed826f3297:0x140c0acde3f4928!8m2!3d-2.9860044!4d104.7315729!16s%2Fg%2F11b7c8pz16!19sChIJlzJvgu11Oy4RKEk_3qzAQAE?authuser=0&hl=id&rclk=1","Agit Print Shop (A0, A1, A2, A3, A4)","4,8","(26)","Printer Digital","·","","Jl. Lunjuk Jaya No.2","·","Tutup","","0812-7334-630","https://lh3.googleusercontent.com/gps-cs-s/APNQkAEJWRoM6NqN7BBWRW6xYGKANVHxYwuWq-HI-A2M2wDRszvBZ1hktniXg5GXo8snEVAo1c7qBK0cxt05I_u8-lRIiz5AZPH1xvVnfzKB_so1OrdDk7q1xTkrBCJzBr5GtZf9O4ZR70S_dFUJ=w122-h92-k-no","","Layanan di tempat","· Buka Sel pukul 07.00","Janji temu online",""
"https://www.google.com/maps/place/Global+Printer+palembang/data=!4m7!3m6!1s0x2e3b742a402859c7:0x11190da11b8b8a4d!8m2!3d-2.9536042!4d104.7506593!16s%2Fg%2F11cm72xmvn!19sChIJx1koQCp0Oy4RTYqLG6ENGRE?authuser=0&hl=id&rclk=1","Global Printer palembang","4,7","(186)","Jasa Reparasi Printer","·","","·","No.68 Rt.16 Rw.05 No.68 Kel, Jl. Sersan Sani","Tutup","·","0813-7387-6513","https://lh3.googleusercontent.com/gps-cs-s/APNQkAHcCmZawB_Vt_NHh91IoWzibMZMFntqj5E6WazuZe5dHaEUoXLX4yaw50RW6zMRrdp5Myg50qAr-aU2TVaoqfjI9k6Lcd28pi3V_QlyGoQoDVc1HOecIfumtgfAoKmpapQyf2fcZw=w163-h92-k-no","https://ssl.gstatic.com/local/servicebusiness/default_user.png","""Jual","· Buka Sel pukul 09.00","printer","epson preloved dgn harga terjangkau"""
"https://www.google.com/maps/place/PERCETAKAN+ROYAL+PRINTING/data=!4m7!3m6!1s0x2e3b7605da3b46bd:0xb210f53e0be58132!8m2!3d-2.986978!4d104.7601479!16s%2Fg%2F11c7stgrs6!19sChIJvUY72gV2Oy4RMoHlCz71ELI?authuser=0&hl=id&rclk=1","PERCETAKAN ROYAL PRINTING","3,9","(47)","Toko Percetakan","·","","2Q76+633, Jl. Jend. Sudirman","·","Tutup","","0813-5555-1644","https://lh3.googleusercontent.com/gps-cs-s/APNQkAGxoUDarJbaX8Jbr3pjopWg28upmqqhh9bbokwEyo_Rsg_yvdgiNRmhxfjrUOOJtwfslt8rJykmPJU8rYnSvCeM4dIB5MUBdUq6EUdLeWrUChPSsf6iOivOw9ZCTZGh3wmoPGFTpA=w123-h92-k-no","https://ssl.gstatic.com/local/servicebusiness/default_user.png","""","· Buka Sel pukul 08.00","Cetak","apapun selalu disini, fast respon dan pesanan cepat selesai"""
"https://www.google.com/maps/place/Halma+Grafika,+Digital+Printing,+Palembang/data=!4m7!3m6!1s0x2e3b9e18aeae8309:0xd26ce6ee5b0bd1c1!8m2!3d-3.0015988!4d104.7291191!16s%2Fg%2F11f03p1n38!19sChIJCYOurhieOy4RwdELW-7mbNI?authuser=0&hl=id&rclk=1","Halma Grafika, Digital Printing, Palembang","4,9","(13)","Percetakan Komersial","·","","Jl. Sultan M. Mansyur No.334","·","Tutup","","0811-7877-722","https://lh3.googleusercontent.com/gps-cs-s/APNQkAGfgVibL0p61rUElcmQEEA0SPcSyhe7nsMglX4SDeAT5_XNSPv3yPd0QyqiTpYVRQ_Nl_2YADcIw90X2TncSqqSSpqlH-Xrvk1pj0FK1aCZNXyN6VUgRE5eNV28FEnYNh0-TnI=w122-h92-k-no","","","· Buka Sel pukul 08.00","",""
"https://www.google.com/maps/place/Boenk+M+Sticker+Palembang/data=!4m7!3m6!1s0x2e3b752a22f0a265:0x2fe47cf34eaae3a0!8m2!3d-2.9411876!4d104.7737223!16s%2Fg%2F11rfpymd13!19sChIJZaLwIip1Oy4RoOOqTvN85C8?authuser=0&hl=id&rclk=1","Boenk M Sticker Palembang","4,7","(15)","Toko Percetakan","·","","·","Jl. Sapta Marga","Buka","·","0822-8016-7345","https://lh3.googleusercontent.com/gps-cs-s/APNQkAGz0ELZH_V3xQTQryp0BwJM0RGZ93BOhdeEeLJd8noLMIj1rEajgK6DxFGhbkGoCzw4T1BsD4jxhbyves9b_CT0UN-4WnaSoa4YW68a3jfqdHSj8Wdb4XZ-LoGXR6Bg5EHszz3rbA=w80-h106-k-no","https://ssl.gstatic.com/local/servicebusiness/default_user.png","""Recommended pokoknya , mantull""","· Tutup pukul 22.00","",""
"https://www.google.com/maps/place/ICANET+KOMPUTER+PALEMBANG/data=!4m7!3m6!1s0x2e3b76c66518a4ff:0xa91a3bc1c15a4014!8m2!3d-2.9294711!4d104.7804443!16s%2Fg%2F11ggsfwbvr!19sChIJ_6QYZcZ2Oy4RFEBawcE7Gqk?authuser=0&hl=id&rclk=1","ICANET KOMPUTER PALEMBANG","5,0","(11)","Layanan cetak digital","·","","Jl. Musi Raya Barat Simpang Camat No.301","·","Segera tutup","","0831-8314-8831","https://lh3.googleusercontent.com/gps-cs-s/APNQkAE-fqXHBWoLAeJQsNQJMrVTijq0WqxsUjuIunaBXCBjx0k5KZt5Q3dgwtjmxYX9ztJVcGJVfc15nO6KGhNJ9osLSpd68jSHWhPK5byOSeUV7huAe5kw6kVhlPhqIrdWCoobvTI=w80-h106-k-no","https://ssl.gstatic.com/local/servicebusiness/default_user.png","""Mahalllllll semua""","· 21.00 · Buka Sel pukul 10.00","",""
"https://www.google.com/maps/place/DE%60PRINTING/data=!4m7!3m6!1s0x2e3b774464afdc61:0xd5ff208a15089a07!8m2!3d-2.9596989!4d104.7923697!16s%2Fg%2F11t2t1z1ff!19sChIJYdyvZER3Oy4RB5oIFYog_9U?authuser=0&hl=id&rclk=1","DE`PRINTING","4,0","(4)","Layanan cetak digital","·","","·","Jl. H. Abdul Rozak No.20","Buka 24 jam","·","0821-7676-1901","https://lh3.googleusercontent.com/gps-cs-s/APNQkAHsOoTtmWFGKPlNG1-Fas3UpJRIv9je_f5aidMhOdB7iW2bhDoj2X_wv-6N0DctGy9syrW7eVyPAc3cSuDJdgioCkOOOyqEbBQMh_5trwppEom0xGvP5Xxjo_BF4WS2bT2B22Q=w80-h106-k-no","https://ssl.gstatic.com/local/servicebusiness/default_user.png","""Bagus pelayanannya""","","",""
"https://www.google.com/maps/place/PERCETAKAN+SRI+PUTRA/data=!4m7!3m6!1s0x2e3b760f3684cfbd:0xd6858a218cf3709a!8m2!3d-2.9866544!4d104.7583502!16s%2Fg%2F11fzv0nx46!19sChIJvc-ENg92Oy4RmnDzjCGKhdY?authuser=0&hl=id&rclk=1","PERCETAKAN SRI PUTRA","4,6","(23)","Toko Percetakan","·","","·","Jl.kapten cek syeh no.193 A3 Rw.03 Rt.05","Segera tutup","·","0896-3575-5700","https://lh3.googleusercontent.com/gps-cs-s/APNQkAFX33JjeZ3xgITcAJuIXmZF2CgigeuTkLKRQlQbDScNRGdPyufNXcIt53LYnKOk3n8Y5fdfasM9zBiTURJwI8DteP9sv2pfP-jBja0xcaYdFCoOlpU3Q3yrrfQc7nUxp4pjSJRlgA=w80-h106-k-no","https://ssl.gstatic.com/local/servicebusiness/default_user.png","""Percetakan dan digital","· 21.00 · Buka Sel pukul 09.30","printing","palembang"""
"https://www.google.com/maps/place/MARSEN+PRINT+%26+FOTOCOPY+CENTER/data=!4m7!3m6!1s0x2e3b75066c64aeb7:0xd9a3f191275af7d3!8m2!3d-2.9899171!4d104.735531!16s%2Fg%2F11ff5jwzjc!19sChIJt65kbAZ1Oy4R0_daJ5Hxo9k?authuser=0&hl=id&rclk=1","MARSEN PRINT & FOTOCOPY CENTER","4,2","(37)","Toko Percetakan","·","","Jl. Jaksa Agung R. Soeprapto No.329","·","Tutup","","0858-3232-9707","https://lh3.googleusercontent.com/gps-cs-s/APNQkAFdHBBNyjR88q6fd_Ln1k9fvnhgbPbYujIp1G2gX2ip03lGTOslKCzvKEgnRHn9LztSsRh6znhVizIRVhK_VcNKAnyItzd5jHOyPLNBhcSCWrokh6AO4Lh2tII1sm7rwUN2u_M1=w122-h92-k-no","https://ssl.gstatic.com/local/servicebusiness/default_user.png","""best price in town!!""","· Buka Sel pukul 07.00","",""
"https://www.google.com/maps/place/Rehobot+Emas+Makmur/data=!4m7!3m6!1s0x2e3b76f25117ecfd:0x412fcd916ad1f36e!8m2!3d-2.9489787!4d104.7788513!16s%2Fg%2F11b7q0h2dl!19sChIJ_ewXUfJ2Oy4RbvPRapHNL0E?authuser=0&hl=id&rclk=1","Rehobot Emas Makmur","4,6","(367)","Toko Percetakan","·","","Jl. H. Abdul Rozak No.09","","Tutup","","","https://lh3.googleusercontent.com/gps-cs-s/APNQkAH3W0QvGS6tldaAvpatx-jrinGzvvA3zgBprvZjrcGCPwy0Zt37wyNjAg_7wkKhN6XQ319zw6q75_oO_mrj2NXWYcYC37lB-iNcMUOUJv-sRtvqbvn-ajiE5kPHnnz4d98pQH0=w163-h92-k-no","https://ssl.gstatic.com/local/servicebusiness/default_user.png","""Pelayanan nya sangat baik sekalih,biaya","· Buka Sel pukul 08.30","print","murah, mantap"""
"https://www.google.com/maps/place/Jaya+Sampurna+Grafika/data=!4m7!3m6!1s0x2e3b7608b99e60dd:0x243333724035fe9!8m2!3d-2.9852054!4d104.7571648!16s%2Fg%2F11f3mbdr30!19sChIJ3WCeuQh2Oy4R6V8DJDczQwI?authuser=0&hl=id&rclk=1","Jaya Sampurna Grafika","4,8","(43)","Toko Percetakan","·","","·","Jl. Akbp H. Moh. Amin No.14","Tutup","·","0821-8123-4235","https://lh3.googleusercontent.com/gps-cs-s/APNQkAEAxBNlpI7untt5-1mkqtKtDL49oDOvld0vh44qIUc6x1hRYJZTyTmdHUi5RFiZQ4GRMvzNH_GeaS6tuzof3PLO7oLvm6jHQbiStpkBFmSFNlWISLPUZnA1nOGRKhu2aj3E-CJf=w80-h106-k-no","https://ssl.gstatic.com/local/servicebusiness/default_user.png","""Salah satu tempat","· Buka Sel pukul 08.00","cetak","d palembang"""
"https://www.google.com/maps/place/AP+PRINTING/data=!4m7!3m6!1s0x2e3b77d3f556af47:0x93539a2ca79bee00!8m2!3d-2.9599508!4d104.7569861!16s%2Fg%2F11ghs7q11h!19sChIJR69W9dN3Oy4RAO6bpyyaU5M?authuser=0&hl=id&rclk=1","AP PRINTING","5,0","(1)","Toko Percetakan","·","","Jl. Rw. Jaya 1 No.Kelurahan","·","Buka 24 jam","","0853-8000-7267","https://streetviewpixels-pa.googleapis.com/v1/thumbnail?panoid=-PGiUhwXDgdm0RuEG3_fXA&cb_client=search.gws-prod.gps&w=80&h=92&yaw=199.39874&pitch=0&thumbfov=100","","Pesan antar","","",""
"https://www.google.com/maps/place/Diva+Print/data=!4m7!3m6!1s0x2e3b758b7caac643:0xcc65cab647f5cb3b!8m2!3d-2.9915335!4d104.7265958!16s%2Fg%2F1hm57k9rf!19sChIJQ8aqfIt1Oy4RO8v1R7bKZcw?authuser=0&hl=id&rclk=1","Diva Print","4,2","(13)","Toko Fotokopi","·","","·","Jl. Demang Lebar Daun No.40","","","","https://lh3.googleusercontent.com/gps-proxy/ALd4DhHnw7lDymt66gnJG8RvJk6jTUBFdeLk0IpniOw0KinnEGfSUJm-9nP--8L2pny75pOmRaWArqNwAhWqQwWKs6hk6cDUtajJWhavkYJcTO6N0ClisTMK8UVsDwFpBv65_3HB68McFo7Llfkhy9Yc3I5UhjjWE-WSwEhJiNQZNES4pk12vYGCUbYd7ddZJc5olN-qxso=w122-h92-k-no","https://ssl.gstatic.com/local/servicebusiness/default_user.png","""Pelayanan oke, estimasi selesai sesuai""","","",""
"https://www.google.com/maps/place/Ghifari+Printer/data=!4m7!3m6!1s0x2e3b9e008890c5e1:0x8f1af4d705d5091f!8m2!3d-2.9970203!4d104.7526484!16s%2Fg%2F11hbvtq32q!19sChIJ4cWQiACeOy4RHwnVBdf0Go8?authuser=0&hl=id&rclk=1","Ghifari Printer","4,9","(222)","Jasa Reparasi Printer","·","","·","Lorong Karang Waru","Tutup","·","0812-2592-2279","https://lh3.googleusercontent.com/gps-cs-s/APNQkAFe0WeN75ghGPPpJ8kIaVTUi1VQkCVtJieYH7rAbuN8P24jRL3bDt4pla0P1HlWO75drhy6cwmQCWYT_BlTiE6XQBn5QB39FzYmNP34C1J2A9nro4MJQ4kkOfKnOB7KtCKXohtGf026dkdZ=w80-h106-k-no","https://ssl.gstatic.com/local/servicebusiness/default_user.png","""Rekomendasi banget tempat service","· Buka Sel pukul 07.30","print","/beli,pekerjaannya cepat"""
"https://www.google.com/maps/place/PRINT+%26+FOTOCOPY+PERCETAKAN+Metal+Net+DAFTAR+ONLINE+SEKOLAH%2FNPWP%2FKIS%2FKIA%2FKIP%2FBPJS%2FKK+DLL%28+PRINT,+SCAN,INTERNET,ATK+DLL+%29/data=!4m7!3m6!1s0x2e3b9d47c4cd1399:0x7d890a79ae08d6c9!8m2!3d-2.9988556!4d104.7770139!16s%2Fg%2F11b6d0kg9p!19sChIJmRPNxEedOy4RydYIrnkKiX0?authuser=0&hl=id&rclk=1","PRINT & FOTOCOPY PERCETAKAN Metal Net DAFTAR ONLINE SEKOLAH/NPWP/KIS/KIA/KIP/BPJS/KK DLL( PRINT, SCAN,INTERNET,ATK DLL )","4,9","(8)","Penyedia Layanan Internet","·","","Jl. Silaberanti No.27, RT.35","·","Buka 24 jam","","0812-8221-4361","https://lh3.googleusercontent.com/gps-cs-s/APNQkAHMgqxa81lRwJe8RINAy1KCethAwx84QcAVaxxd7pfGITttRz-plJN5HUJY0TNfHd35SbEEZHEjfftE13mQFM_LN18U0W75KnRAhMPE9aRKQJciS7vUgznzHBeKdzh5Fd3AAd_5Xw=w80-h101-k-no","","Layanan di tempat","","Janji temu online",""
"https://www.google.com/maps/place/Pusat+Penjualan+Mesin+Fotocopy+Digital+Kyocera+Palembang+Raya/data=!4m7!3m6!1s0x2e3b75500078426f:0xd66e5c3e496eaba!8m2!3d-2.9621025!4d104.7186295!16s%2Fg%2F11sbps0y8q!19sChIJb0J4AFB1Oy4RuuqW5MPlZg0?authuser=0&hl=id&rclk=1","Pusat Penjualan Mesin Fotocopy Digital Kyocera Palembang Raya","5,0","(10)","Printer Digital","·","","Jl. Inspektur Marzuki Lrg. Damai 3 No.58","·","Buka","","0851-0088-9597","https://lh3.googleusercontent.com/gps-cs-s/APNQkAFOYe6jvouh3Fh5K1ijGL8Q1O4xgWcR5SOtbIBNj2cnKlrVI82vi7lAHe1Er8UO0KBXKiKo558KPU2apLyny9uzVjpfHNFXe8NjZZpoVBOfRZQHtl4dNqo_vxDfPyI1qrOkm48=w80-h98-k-no","https://ssl.gstatic.com/local/servicebusiness/default_user.png","""Pilihan printernya banyak, harga sesuai dengan bonus2 yg ditawarkan""","· Tutup pukul 00.00","",""
"https://www.google.com/maps/place/On+Print/data=!4m7!3m6!1s0x2e3b7507a717917b:0x4f9b4ffdfe2f1f15!8m2!3d-2.9452384!4d104.7456507!16s%2Fg%2F11h0hjj5tw!19sChIJe5EXpwd1Oy4RFR8v_v1Pm08?authuser=0&hl=id&rclk=1","On Print","5,0","(6)","Toko Percetakan","·","","Jln. S. Prawiro Lebong Siarang","·","Segera tutup","","0895-3833-23198","https://lh3.googleusercontent.com/gps-cs-s/APNQkAHECsSLiTqRVikMJaPlnvxGp_MErpAkgqjjRWyw6ILKcsuW9E1C1WB75ajfZrsqJS4ECmsQNTH_3tyhASBeQUGL4Ou1oohxdz24OyAfmFcq-brUMVhEV-LdeirJty-Y-NH5H6oQWA=w122-h92-k-no","","","· 21.00 · Buka Sel pukul 08.00","",""
"https://www.google.com/maps/place/Elizabeth%27s+Printing/data=!4m7!3m6!1s0x2e3b777c7c3b9315:0x5e456c46cb86e582!8m2!3d-2.9847778!4d104.7575309!16s%2Fg%2F11nnvqmfh2!19sChIJFZM7fHx3Oy4RguWGy0ZsRV4?authuser=0&hl=id&rclk=1","Elizabeth's Printing","5,0","(26)","Toko Percetakan","","","·","","Tutup","","0812-5056-089","https://lh3.googleusercontent.com/gps-cs-s/APNQkAGtet85FQJDgQyUfpP5geHVMn1eevsNq7OIg-J_XsXdjmTdtr14K32hqDHBj8mkxh8p3UwwMyD6IwPT16YE3AYutr5tK0afAA7X9cBUUnbWAo8YfosOohlo9Dk2g0WHCdIaLDo=w122-h92-k-no","https://ssl.gstatic.com/local/servicebusiness/default_user.png","""Terimakasih barangnya sudah sampai sesuai dengan pesanan 😊""","· Buka Sel pukul 08.30","",""
"https://www.google.com/maps/place/JAMAJAMA+PROJECT/data=!4m7!3m6!1s0x2e3b9d7da3e9119b:0x34c9ee9db6af4667!8m2!3d-2.9966331!4d104.8072263!16s%2Fg%2F11g6bg2t0x!19sChIJmxHpo32dOy4RZ0avtp3uyTQ?authuser=0&hl=id&rclk=1","JAMAJAMA PROJECT","5,0","(1.214)","Layanan cetak digital","·","","·","Lorong Jama Jama","Tutup","·","0815-8500-0058","https://lh3.googleusercontent.com/gps-cs-s/APNQkAH9Nv66TuB8xytD9_8Txfnx3nRhCdLCroxlZgJiSQWczEVcLi39h9zyWO3XC4S-CDqNscW2T5m4xn4acRyQXNtb60EltKu5I8zrTdotPm7saegHfoaWlZ7DxD-aZTSOr2AGwrNm=w92-h92-k-no","https://ssl.gstatic.com/local/servicebusiness/default_user.png","""Tempat","· Buka Sel pukul 08.00","cetak","banner dan ragam desain trusted dan gercep"""
"https://www.google.com/maps/place/Azizah+Printing+Palembang/data=!4m7!3m6!1s0x2e3b77d2432d3685:0xef5ac38c7f072437!8m2!3d-2.9874539!4d104.7583693!16s%2Fg%2F11kbm_22b3!19sChIJhTYtQ9J3Oy4RNyQHf4zDWu8?authuser=0&hl=id&rclk=1","Azizah Printing Palembang","4,2","(16)","Toko Percetakan","·","","Jl. Faqih Jalaluddin No.224","·","Tutup","","0821-3000-1663","https://lh3.googleusercontent.com/gps-cs-s/APNQkAGgO5GU6P0FPyOOq37MwtO7t4yrQN9Ry5f7LmRia-yQFwmnk7Q_yu74LyGPp9ME7YYMlKRYSE9HSt8wSVJkRdz_KLSjJpJJ1z4H8eqDb0pGC6YQ-CWxBYDDWgtJBcZw-v-PIUrbXJUpwjuI=w80-h106-k-no","https://ssl.gstatic.com/local/servicebusiness/default_user.png","""Murah.. cepat.. kualitas terbaik.. bisa d tunggu
Pegawai ramah
Oke mantap""","· Buka Sel pukul 07.30","",""
"https://www.google.com/maps/place/Style+Studio+%26+Bridal/data=!4m7!3m6!1s0x2e3b7608def6e651:0xfc5587ead29161ce!8m2!3d-2.9838!4d104.7566679!16s%2Fg%2F11b76jm_40!19sChIJUeb23gh2Oy4RzmGR0uqHVfw?authuser=0&hl=id&rclk=1","Style Studio & Bridal","4,7","(358)","Percetakan Komersial","·","","·","Jl. Letkol Iskandar No.191","Tutup","·","0822-4640-8800","https://lh3.googleusercontent.com/gps-cs-s/APNQkAGxr6b3k8bCcayz71PIjnJKqzpSjoV0lF7RARoTUbqIXWNWsIxA0zT__hct0pfjKPokJdYi7vsff2ZGZ0v8HVkvW2pGOwFILtTubATs7gcZciutH5Owwz2w_V5sW0iJFrTdjvE2=w163-h92-k-no","https://ssl.gstatic.com/local/servicebusiness/default_user.png","""Cuci","· Buka Sel pukul 09.00","cetak","maupun spanduk cepat selesai dan murah"""
"https://www.google.com/maps/place/3kata+printing+%26+advertising/data=!4m7!3m6!1s0x2e3b77b4a2a24387:0xc314592422169644!8m2!3d-2.9472445!4d104.7615696!16s%2Fg%2F11q951xkyt!19sChIJh0OiorR3Oy4RRJYWIiRZFMM?authuser=0&hl=id&rclk=1","3kata printing & advertising","4,8","(21)","Percetakan Komersial","·","","Jl. Seduduk Putih","·","Tutup","","0896-1165-0745","https://lh3.googleusercontent.com/gps-cs-s/APNQkAFBS_wjaHcKby8gILtM5y6XK2LtGOPiIxpO9GMkWVdBUqeotW3QYHQQYkM7QKyle8_jhgN9GR9iSUlgI_UFUPEKE_uQB7rkEPhJkf1Oq7pLYCAwJ6F8cGlNCAmzu0xxdTGx9dnP=w199-h92-k-no","https://ssl.gstatic.com/local/servicebusiness/default_user.png","""murah, pengerjaan tepat waktu dan sesuai permintaan... 👍""","· Buka Sel pukul 09.00","",""
"https://www.google.com/maps/place/OK+PRINT/data=!4m7!3m6!1s0x2e3b7523c5eb95cb:0x9457b0bfca32f77!8m2!3d-2.9443521!4d104.7440178!16s%2Fg%2F11nwb8f3mh!19sChIJy5XrxSN1Oy4Rdy-j_At7RQk?authuser=0&hl=id&rclk=1","OK PRINT","4,6","(34)","Toko Alat Tulis Kantor","·","","·","Jl. H. Sanusi","Tutup","·","0821-8163-6080","https://lh3.googleusercontent.com/gps-cs-s/APNQkAG1zlJmi2j-02ISZxBcH0VusF2awx2iDG_Hf2Er2ZP1gQAkKoMkUfjHCECTXc0DgNhPJEBFG2pEsG7TEvhI3WoGjEvfSiRQcrg_76DZ2I4XhhP1fbDKLvPjTAZm-u8ABbYDc2zr=w122-h92-k-no","https://ssl.gstatic.com/local/servicebusiness/default_user.png","""nyaman, hemat dan murah, sangat rekomendasi","· Buka Sel pukul 08.00","print","disini ya"""
"https://www.google.com/maps/place/Topik+print/data=!4m7!3m6!1s0x2e3b9f6f972bfd75:0x738e0ae6737b44f6!8m2!3d-2.9621736!4d104.7474023!16s%2Fg%2F11qq30d2bz!19sChIJdf0rl2-fOy4R9kR7c-YKjnM?authuser=0&hl=id&rclk=1","Topik print","5,0","(308)","Jasa Reparasi Printer","·","","·","Jl. Rw. Jaya No.704","Tutup","·","0896-1841-4050","https://lh3.googleusercontent.com/gps-cs-s/APNQkAE2j4jGsnQTUmw-9fLgKb5CpKO7P8wz7jL-1hBnjc8WCkYVl5DdIe1P29h_4x0J80wqdlQhV8vU2LUSrXRR9jnraqlOJEzkAvYiccbbxHp1iOhBooU9YaQ3ikydRItV7EmOvFB7=w80-h142-k-no","https://ssl.gstatic.com/local/servicebusiness/default_user.png","""Tempat servis","· Buka Sel pukul 07.00","printer","terbaik, harga terjangkau, kakak nya super ramah."""
"https://www.google.com/maps/place/NCAJAYA+FOTOCOPY+%26+PRINT+CENTER/data=!4m7!3m6!1s0x2e3b9d89898f61d7:0x9070df5097354d98!8m2!3d-2.9968994!4d104.7814455!16s%2Fg%2F11f32hfk89!19sChIJ12GPiYmdOy4RmE01l1DfcJA?authuser=0&hl=id&rclk=1","NCAJAYA FOTOCOPY & PRINT CENTER","4,0","(30)","Toko Fotokopi","·","","Jl. KH. Balqi","·","Segera tutup","","0853-6688-5717","https://lh3.googleusercontent.com/gps-cs-s/APNQkAHlJHwQCsBAlI-mrLUgXqrKphMZsxJCIdSNAHhShC-4Uy7JTjNQwk3crT5FjSHDznmJ77zuKwHTG7oIVV6oOpybRUlBMIsM71AnUpZeKkrGcUAqKC_p61VgVHP5zDWucTxgbi8=w80-h173-k-no","https://ssl.gstatic.com/local/servicebusiness/default_user.png","""Baru nemu tempat FC dan","· 21.00 · Buka Sel pukul 07.00","print","paling murah se-Banten."""
"https://www.google.com/maps/place/Jasa+Print+Ridho/data=!4m7!3m6!1s0x2e3b776e63d75f9f:0xb01c1c3a5cbc58d5!8m2!3d-2.9552047!4d104.7567404!16s%2Fg%2F11mz3f1vrb!19sChIJn1_XY253Oy4R1Vi8XDocHLA?authuser=0&hl=id&rclk=1","Jasa Print Ridho","5,0","(11)","Jasa Ketik","·","","Jl. Bali No.1883, RT.29","·","Tutup","","0895-3982-04851","https://lh3.googleusercontent.com/gps-cs-s/APNQkAEQ9mIu6WHtKB3VafVssVGWKp5Icc-fE2rIhO0PI2c1ZoOsP6xPv6agi5g035GSYNF-muTP2vU9vJojknjUtGTjzgm8csV5FxksgdPbAqWz2yVeWCyM0SFjyRnY0byL0Y02YnP6NGCvaDg=w122-h92-k-no","https://ssl.gstatic.com/local/servicebusiness/default_user.png","""Hasil printnya sangat memuaskan, masnya ramah""","· Buka Sel pukul 07.00","",""
"https://www.google.com/maps/place/Palembang+Grafika+Media/data=!4m7!3m6!1s0x2e69f7a855555555:0xa47187fdcaabe4ae!8m2!3d-2.960027!4d104.7396266!16s%2Fg%2F11c30xz1s3!19sChIJVVVVVaj3aS4RruSryv2HcaQ?authuser=0&hl=id&rclk=1","Palembang Grafika Media","4,6","(9)","Layanan cetak digital","·","","·","Jl. Basuki Rahmat No. 12 BC Simpang Polda, lantai 1","","","(0711) 320500","https://streetviewpixels-pa.googleapis.com/v1/thumbnail?panoid=gt7InZv4hkHbvp01_hlD-A&cb_client=search.gws-prod.gps&w=80&h=92&yaw=139.39917&pitch=0&thumbfov=100","","","","",""
"https://www.google.com/maps/place/PERCETAKAN+SALSABILA+PRINTING/data=!4m7!3m6!1s0x2e3b760597653993:0x76077cdfc3875bb5!8m2!3d-2.9870292!4d104.7601369!16s%2Fg%2F11g8lgbdrw!19sChIJkzlllwV2Oy4RtVuHw998B3Y?authuser=0&hl=id&rclk=1","PERCETAKAN SALSABILA PRINTING","3,8","(32)","Toko Percetakan","·","","·","Jl. Jend. Sudirman No.40","Tutup","·","0853-8471-7366","https://lh3.googleusercontent.com/gps-cs-s/APNQkAE-Ye-5TXLnvLkyistVa9YJ1gs9lIgaygvqJ2eaOLH77JzmwY2SXj5dkcJnKNI0mhm50OC-SpY19xjAkVrKGkecxqlcyUd7zr-wqflsA2J1sOsYbmIC3Tg51JhIKcsyyL8QAx4M=w80-h106-k-no","https://ssl.gstatic.com/local/servicebusiness/default_user.png","""Pelayanan ramah, hasil cetakan nggak pernah zonk.""","· Buka Sel pukul 09.00","",""
"https://www.google.com/maps/place/Bintang+Media/data=!4m7!3m6!1s0x2e3b746463cf3259:0xa727bad59701fc6e!8m2!3d-2.9311847!4d104.712241!16s%2Fg%2F11byl4xqbl!19sChIJWTLPY2R0Oy4RbvwBl9W6J6c?authuser=0&hl=id&rclk=1","Bintang Media","4,6","(35)","Toko Percetakan","·","","Blok B No 19 Komplek Taman Bukit Reflesia Jalan HBR Motik Karya Baru Alang Alang Lebar Kota Palembang Sumatera Selatan ID 30961, Jl. HBR Motik","·","Tutup","","0812-8637-9191","https://lh3.googleusercontent.com/gps-cs-s/APNQkAEaE2bTsGpTbPahIKIx3u7oykXlAilvIcwb5wZk8dZazV83K60180RwF1UJbM-3vYb6DGHiBrJQEjcD1jKHfJXd45dqv1avhkhy1NsI4NV4-8onVxKSosWaNN7jM4vsuDbcX3Il=w163-h92-k-no","https://ssl.gstatic.com/local/servicebusiness/default_user.png","""Percetakan yg berada d tengah kota.. Sangat strategis""","· Buka Sel pukul 08.00","",""
"https://www.google.com/maps/place/Digital+Printing+Smile+Print/data=!4m7!3m6!1s0x2e3b75de96c9a937:0xbde322ff60d47e7!8m2!3d-2.973123!4d104.7472616!16s%2Fg%2F11bc7s2bst!19sChIJN6nJlt51Oy4R50cN9i8y3gs?authuser=0&hl=id&rclk=1","Digital Printing Smile Print","5,0","(2)","Toko Percetakan","·","","Jl. Papera No.2225","","","","(0711) 7011790","https://streetviewpixels-pa.googleapis.com/v1/thumbnail?panoid=KaMpC8W_kv9YyRqa5clcoA&cb_client=search.gws-prod.gps&w=80&h=92&yaw=132.21132&pitch=0&thumbfov=100","","","","",""
"https://www.google.com/maps/place/Cetak+Online+Palembang/data=!4m7!3m6!1s0x2e3b77f88f3d6023:0x8243b9fa4f43443!8m2!3d-2.939982!4d104.7976122!16s%2Fg%2F11h0lj_zj5!19sChIJI2A9j_h3Oy4RQzT0pJ87JAg?authuser=0&hl=id&rclk=1","Cetak Online Palembang","4,8","(12)","Percetakan Komersial","·","","Jl. Kencana IX No.22","·","Tutup","","0857-5830-0344","https://lh3.googleusercontent.com/gps-cs-s/APNQkAEQUtw-1ZmTbBdlaar1Xw3ew9ia95mL88V3igaT7GMYOW8puoFJRjcHREQajfVAfmlffozmF3p5bkVOvtcYp0x9ZDpzBTj5jZQvPRGJPPYoHU9SfO2PEckqfvYTosc11aWPmcBZ7g=w92-h92-k-no","https://ssl.gstatic.com/local/servicebusiness/default_user.png","""Fast respon,
Hasil oke
Harga bersahabat""","· Buka Sel pukul 09.00","",""
"https://www.google.com/maps/place/Bonafide+Printing+and+Advertising/data=!4m7!3m6!1s0x54504524a08869f:0xa2e76835c585ec45!8m2!3d-2.981234!4d104.720581!16s%2Fg%2F11b7fhn4f7!19sChIJn4YISlIERQURReyFxTVo56I?authuser=0&hl=id&rclk=1","Bonafide Printing and Advertising","4,8","(62)","Biro Iklan","·","","Jl. Kancil Putih No.30","·","Tutup","","0812-2224-3333","https://lh3.googleusercontent.com/gps-cs-s/APNQkAFPSrvJ_U0pdvtxMOxhvvc2ByQ-mXv9L6jvfaTQIBQNpzeWONVS4QMUlcF7uAjKJ6o9tanUUz1taB6uHqyqZ3ZjXAQMIiWfSnQG1MIJLi8qtjZIGxNGcmlSu84JHN-8MFCn0nI=w163-h92-k-no","https://ssl.gstatic.com/local/servicebusiness/default_user.png","""Mesin CNC ada, cutting laser ada.""","· Buka Sel pukul 09.00","",""
"https://www.google.com/maps/place/JASA+PRINT+SKRIPSI+BOLAK+BALIK+A5%26B5/data=!4m7!3m6!1s0x2e3b9fbbf7087863:0xdefa44e2574615a!8m2!3d-3.0129115!4d104.7371911!16s%2Fg%2F11p3nlwnc4!19sChIJY3gI97ufOy4RWmF0JU6k7w0?authuser=0&hl=id&rclk=1","JASA PRINT SKRIPSI BOLAK BALIK A5&B5","5,0","(1)","Toko Percetakan","·","","Perumahan kota modern sriwijaya No, Jl. Kadir Tkr No.02 A3","·","Buka 24 jam","","0821-7720-0221","https://lh3.googleusercontent.com/gps-cs-s/APNQkAFb7HfdjKbwMSRa1WE-aqM0iX08dmM9LrrOVMmSRAu9NHkFQDZMlZDlAyx2HumoSHqIcRxLDy6VB3Bde_hCAe1S_N5X4O9nf63GwIvKRzHfMdPY1GtRz78U8XQZUrkqjAqPWMED=w80-h113-k-no","","Pesan antar","","",""
"https://www.google.com/maps/place/PRINTMATE+PALEMBANG/data=!4m7!3m6!1s0x2e3b75b59b0308b7:0x6c625dc1bcf90190!8m2!3d-2.9602154!4d104.7278691!16s%2Fg%2F11gbz0b9w2!19sChIJtwgDm7V1Oy4RkAH5vMFdYmw?authuser=0&hl=id&rclk=1","PRINTMATE PALEMBANG","4,6","(15)","Kantor Perusahaan","·","","·","Jl. Sei Talo No.867","Tutup","·","(0711) 5716643","https://lh3.googleusercontent.com/gps-cs-s/APNQkAExM2Lspn2RXpmWfYXtsnKSHkoTlnF0qRmv0xsnaA_mRw7qBz2kMvj2QEUwAVtbz3GNdw3xNxqGXEI8uk6Iu4ZvVWMfyMlg6c5Z2LEO32ltl1iZtJpZf0mkz7r0spwoNpfmPyx82F6e77sk=w204-h92-k-no","https://ssl.gstatic.com/local/servicebusiness/default_user.png","""Supplier Digital","· Buka Sel pukul 09.00","Printing",", hrga bersahabat & Karyawan yg ramah2, sukses 👍"""
"https://www.google.com/maps/place/Masaga+Print+%26+Stationery/data=!4m7!3m6!1s0x2e3b743d66da367b:0x46636fa289f2fdb7!8m2!3d-2.9381391!4d104.7386451!16s%2Fg%2F11gh48ktky!19sChIJezbaZj10Oy4Rt_3yiaJvY0Y?authuser=0&hl=id&rclk=1","Masaga Print & Stationery","4,4","(35)","Toko Alat Tulis Kantor","·","","·","Jl. R.A. Abusamah","Segera tutup","·","0812-7103-0600","https://lh3.googleusercontent.com/gps-cs-s/APNQkAGX7zz6mKOWkUemBflMubYOc0c-biBecOAZYs10tN55K1t_pOOmeRG5PrY5tEhT7a4ah7FpCgQQIksaAXMC8xvGLD9W3tpYiNhK8PsaOTUpOLSZfIY8f1vcga4wgTZe895OF5QV=w163-h92-k-no","https://ssl.gstatic.com/local/servicebusiness/default_user.png","""Pelayanan yang baik, harga","· 21.00 · Buka Sel pukul 06.30","print","dan fc murah, bagus pokoknya"""
"https://www.google.com/maps/place/Rizki+Print/data=!4m7!3m6!1s0x2e3b7676fe73d791:0xc27593ac984b03c6!8m2!3d-2.9691739!4d104.7553439!16s%2Fg%2F11b76j6zc4!19sChIJkddz_nZ2Oy4RxgNLmKyTdcI?authuser=0&hl=id&rclk=1","Rizki Print","4,4","(42)","Toko Percetakan","·","","·","Jl. Mayor Salim Batubara No.2701","Tutup","·","0812-7822-6172","https://lh3.googleusercontent.com/gps-proxy/ALd4DhG6_CyF3I3uiuBDBhYwlF8Cc6GwEbZBCju41zxH3uvzoWX6JlQIHAedo8zPTIqH_0aENMI4dzV8pOqQ4awoFQYRKt4x-0f9NS-YK8pUNISq0cPPWnlUHxT9CLlqtaOnlvOWRjIVIx4wIYlG88nE-oc79yBX_3A0AVZDt3DsQcsrvKh8u4HDGtUF_KBYo-L2FIWEeg=w122-h92-k-no","https://ssl.gstatic.com/local/servicebusiness/default_user.png","""tempat","· Buka Sel pukul 08.00","print","banner paling rekomen 👍🏻"""
"https://www.google.com/maps/place/RAJA+CETAK+Palembang/data=!4m7!3m6!1s0x2e3b767642ebd449:0x1bd8f230966acdaa!8m2!3d-2.9695353!4d104.7549826!16s%2Fg%2F11b7ck57g5!19sChIJSdTrQnZ2Oy4Rqs1qljDy2Bs?authuser=0&hl=id&rclk=1","RAJA CETAK Palembang","5,0","(12)","Toko Percetakan","·","","Jalan Mayor Salim Batubara Sekip Jaya Ilir Timur I","·","Tutup","","0853-3333-0353","https://lh3.googleusercontent.com/gps-proxy/ALd4DhGpX7SjVK5ecWaH_qntfZduyujYNL1CXK46U7c7UpU66Jk38isTnpkQkaxiT_ZToBhYfoctqf-xidr0ycLUJ-jbMTR6a_bv5pg9KyITy2s_Cs6hQYFMOx7dxsPMoS3T39JIfp8ao9BbKLMniJELPSJU4aAQNQAsH_FUBkHDES31h2W6_4PPTqZyr3zldH61Sb8aaw=w122-h92-k-no","https://ssl.gstatic.com/local/servicebusiness/default_user.png","""👉Fast respon pemilik Oꖉ2I-𖫥ꕃ29-𖫥OO""","· Buka Sel pukul 08.30","",""
"https://www.google.com/maps/place/STMJ+Digital+Printing/data=!4m7!3m6!1s0x2e3b767656f583f3:0xfa94edd91f9faa92!8m2!3d-2.9874338!4d104.764479!16s%2Fg%2F11gbksjrvl!19sChIJ84P1VnZ2Oy4RkqqfH9ntlPo?authuser=0&hl=id&rclk=1","STMJ Digital Printing","4,7","(19)","Layanan cetak digital","·","","·","Jl. Sayangan No.736","Tutup","·","0812-7122-5904","https://lh3.googleusercontent.com/gps-cs-s/APNQkAEMCtOWB-d9SgIukkBkm9lNM-Y8LaOgNokqoeWgMkSP5SSkkSlpb2_1XmQSXxs1obwgtrPFEwrRxFvV3F5RQJrRC88FSGUwBOsjWYfpn-PM2CO53CMtXUC6z742jh8xnQO3qVzb=w164-h92-k-no","https://ssl.gstatic.com/local/servicebusiness/default_user.png","""Alhamdulillah pelayanan baik""","· Buka Sel pukul 08.00","",""
"https://www.google.com/maps/place/12+printing/data=!4m7!3m6!1s0x2e3b739fd30b5fc7:0x1445e607cf309f7b!8m2!3d-2.9131087!4d104.6892611!16s%2Fg%2F11hf3979h7!19sChIJx18L059zOy4Re58wzwfmRRQ?authuser=0&hl=id&rclk=1","12 printing","4,4","(16)","Toko Percetakan","·","","Jl. Gotong Royong","·","Tutup","","0821-1138-8812","https://lh3.googleusercontent.com/gps-cs-s/APNQkAHUCU4bmqcIGBD4gr7Km9chMlbGZZTqCmeMzLxUMuagY8zUkt_R_SF4NTTMn1kdzbow_CdWriDAzwBBD5Cw61n6W4u1Z1irhlqp-muZINxmhDEJF8-gVACvTRElawepNHisX342fw=w80-h106-k-no","https://ssl.gstatic.com/local/servicebusiness/default_user.png","""Strategis, pelayanan baik, hasil memuaskan""","· Buka Sel pukul 09.00","",""
"https://www.google.com/maps/place/PikuPiku+Print+%26+Game/data=!4m7!3m6!1s0x2e3b767a2bc98581:0x1c71ca3fb110134d!8m2!3d-2.9643167!4d104.7581159!16s%2Fg%2F11b77dj0gk!19sChIJgYXJK3p2Oy4RTRMQsT_KcRw?authuser=0&hl=id&rclk=1","PikuPiku Print & Game","4,3","(23)","Warnet","·","","·","Depan SDN 156, Jl. Mayor Salim Batubara No.676","Buka","","","https://lh3.googleusercontent.com/gps-proxy/ALd4DhFkv1jjGt9J2BRay2-nEdvwDg_n2wYIS5vLDsTGMdDlqYVdm_v-Umu6o9xRNY-imzG1Ed3QHdGFrAeETBlvgNxwokNIlVgunJke-2vIK6e48VCx6aOq7T-bBOosCa-Q4TNUVy3Ia3xbOYBmGSxCenliQPC2T3yJJWM7rlX_fUM1PLzAxkMQxzGdKwcW80A6KticPWI=w122-h92-k-no","https://ssl.gstatic.com/local/servicebusiness/default_user.png","""yg jaga malem baik, tinggi.""","· Tutup pukul 22.00","",""
"https://www.google.com/maps/place/Cetak+Desain+Palembang/data=!4m7!3m6!1s0x2e3b75ebb2394507:0xa883e3f7dce65b68!8m2!3d-2.9461022!4d104.6865428!16s%2Fg%2F11tc2t0lzm!19sChIJB0U5sut1Oy4RaFvm3Pfjg6g?authuser=0&hl=id&rclk=1","Cetak Desain Palembang","5,0","(1)","Industri Percetakan","·","","Komplek PPI Blok E7 no.5","·","Tutup","","0882-8612-2327","https://lh3.googleusercontent.com/gps-cs-s/APNQkAFtxCXDxHthCb0Gf-vqYkWdC9h7xurNlzegkfeJ1nIfbv2mvftBUKXGLeJHk7japnLSavloT4B8NLhe7HqjW4xB_rY4ty3E6B1zW8hvk3cpNlhMgYceBxsfpgQDVMaV1kZbD2qbYQ=w122-h92-k-no","","","· Buka Sel pukul 09.00","",""
"https://www.google.com/maps/place/PUSAKA+MEDIA+PALEMBANG/data=!4m7!3m6!1s0x2e3b7702fd91d23b:0xb43cf4d9b53c0ddc!8m2!3d-2.9305304!4d104.7829541!16s%2Fg%2F11sx8_wdr5!19sChIJO9KR_QJ3Oy4R3A08tdn0PLQ?authuser=0&hl=id&rclk=1","PUSAKA MEDIA PALEMBANG","5,0","(14)","Produsen","·","","Jl. Musi Raya Timur No.23","·","Tutup","","0896-2700-1200","https://lh3.googleusercontent.com/gps-cs-s/APNQkAESW70Nunbp6Z3VsdLRRDI_nvi8D6am85yO5GxxIQuhMAYA8ef4WZ2r24gE0xRSmOs7HD_ryLUgoE2vvCFJWpTtqRxgrneUhjWdbXsS2oqzMrpAkOLG4wYcKXvTx88h4Oyqh8Gs9g=w80-h142-k-no","https://ssl.gstatic.com/local/servicebusiness/default_user.png","""Masukin jam 12 siang, jam 5 dah beres, owner asik.. recomend dah pokonya""","· Buka Sel pukul 08.40","",""
"https://www.google.com/maps/place/Media+World+Sukses+Palembang/data=!4m7!3m6!1s0x2e3b773409066e8f:0x7b2f639650ce6c2f!8m2!3d-2.9693201!4d104.7550825!16s%2Fg%2F11pwxw28qq!19sChIJj24GCTR3Oy4RL2zOUJZjL3s?authuser=0&hl=id&rclk=1","Media World Sukses Palembang","4,9","(11)","Layanan cetak digital","·","","2705, Jl. Mayor Salim Batubara No.2580","","Tutup","","","https://lh3.googleusercontent.com/gps-cs-s/APNQkAFq_PjdfrbfEg_uBLr9u8Pqj4eyPHCT3TJUlqtYIugLjLmCBA0kup13cGSBjEHF3fuscoeYfqL93ieTIuKCOPhQ2Iuw254EZMwAUQQmBMquwdJHr6b6IeFrYkEwuOxjzUBE3tU8=w80-h106-k-no","https://ssl.gstatic.com/local/servicebusiness/default_user.png","""Solusi Mesin","· Buka Sel pukul 08.00","Printing","di Palembang 👍"""
"https://www.google.com/maps/place/Gracia+Jaya+Printing+%26+Advertising/data=!4m7!3m6!1s0x2e3b7674aed67f33:0x31e30e6a5bf92b3f!8m2!3d-2.9699553!4d104.7543711!16s%2Fg%2F11b769bhp6!19sChIJM3_WrnR2Oy4RPyv5W2oO4zE?authuser=0&hl=id&rclk=1","Gracia Jaya Printing & Advertising","4,2","(27)","Toko Percetakan","·","","·","No.6658H, Jl. Mayor Salim Batubara","Tutup","·","(0711) 369774","https://lh3.googleusercontent.com/gps-proxy/ALd4DhEDfQ45hf3OVjcZ0Ag1v2tODT6PBcRDMKUyCQb_hRJL_zjNjmoGgXQie2mrgpVH49yzwn6oBz-d9mYrXC02aEH899w34BuWZbNAfTYomAOUT-rTszG-JOIv7K_N7RNrlAFxSGolMWAsVJ_Rxr8T2KYnZQm07GUeVKVaxNXfbdAFHAio0wduvuO10qMw7yeSlYP-AM0=w122-h92-k-no","","Pesan antar","· Buka Sel pukul 09.00","",""
"https://www.google.com/maps/place/DIMAS+Printing/data=!4m7!3m6!1s0x2e3b7608ba865279:0x6f537c69590320b2!8m2!3d-2.984683!4d104.7578499!16s%2Fg%2F1pzt_wdnb!19sChIJeVKGugh2Oy4RsiADWWl8U28?authuser=0&hl=id&rclk=1","DIMAS Printing","4,5","(16)","Toko Percetakan","·","","·","Jl. Akbp H. Moh. Amin No.45B","Tutup","·","0812-7323-5460","https://lh3.googleusercontent.com/gps-cs-s/APNQkAExAHav-2cCHLlNCsZUmGKIjQWb4PoSWUT-3QN4YfBbg0rjBLTvivnp9IyAaic55htrrjgAePKZnW-Lrj5Kdj1C_ETwtkAhPhQfNgdcaMJ_MpS0_5aN1om90OKYgfHcsYA6s7Oz=w80-h130-k-no","","Pesan antar","· Buka Sel pukul 09.00","",""
"https://www.google.com/maps/place/PERCETAKAN+DIGITAL+EC+PRINT/data=!4m7!3m6!1s0x2e3b77003aa423fb:0x1024fe20a02da6b0!8m2!3d-2.986761!4d104.7581856!16s%2Fg%2F11y9c_05yb!19sChIJ-yOkOgB3Oy4RsKYtoCD-JBA?authuser=0&hl=id&rclk=1","PERCETAKAN DIGITAL EC PRINT","5,0","(8)","Toko Percetakan","·","","Jl. Faqih Jalaluddin No.16","·","Tutup","","(0711) 310575","https://lh3.googleusercontent.com/gps-cs-s/APNQkAFBG24wnqT0-IeYlp4FvjKPhO1AOj_DNFnwxg70h29ZnJ1eX332XNQNeB4lSnkfELSI7hSgjFqMiniDdTuPNwcAemhlL1tI4oaO59XiuWeQix8Oh6AuoFQHa8jl22j-vZAMIWbb=w122-h92-k-no","https://ssl.gstatic.com/local/servicebusiness/default_user.png","""Hasil","· Buka Sel pukul 08.00","cetak","Terang dan sesuai."""
"https://www.google.com/maps/place/Print+Fotocopi+GPR/data=!4m7!3m6!1s0x2e3b75feadd857ff:0x14f47269e022e4a1!8m2!3d-2.9680307!4d104.6944468!16s%2Fg%2F11t851xrj0!19sChIJ_1fYrf51Oy4RoeQi4Gly9BQ?authuser=0&hl=id&rclk=1","Print Fotocopi GPR","4,5","(2)","Printer Digital","·","","Perumahan Grand Permai Residance","·","Segera tutup","","0821-8167-1344","https://lh3.googleusercontent.com/gps-cs-s/APNQkAF6Iu_7PtlrAOE5UjiajX6sCLMho3XPm5mUaRa04yltv8c1fwXe2n-BQY5S4GVbNCOqx7AEkIYUyVI2bisVNJiSg-YKdrC3UG7Mg2EKLUFNy8ptRHlR0r8LzKVmzjolL8l3re05G9F3XRMF=w176-h92-k-no","https://ssl.gstatic.com/local/servicebusiness/default_user.png","""hasilnya memuaskan banget...""","· 21.00 · Buka Sel pukul 06.00","",""